ISO-10303-21;
HEADER;
FILE_DESCRIPTION(('Open CASCADE Model'),'2;1');
FILE_NAME('Open CASCADE Shape Model','2026-10-01T11:32:11',('Author'),(
    'Open CASCADE'),'Open CASCADE STEP processor 7.9','Open CASCADE 7.9'
  ,'Unknown');
FILE_SCHEMA(('AUTOMOTIVE_DESIGN { 1 0 10303 214 1 1 1 1 }'));
ENDSEC;
DATA;
#1 = APPLICATION_PROTOCOL_DEFINITION('international standard',
  'automotive_design',2000,#2);
#2 = APPLICATION_CONTEXT(
  'core data for automotive mechanical design processes');
#3 = SHAPE_DEFINITION_REPRESENTATION(#4,#10);
#4 = PRODUCT_DEFINITION_SHAPE('','',#5);
#5 = PRODUCT_DEFINITION('design','',#6,#9);
#6 = PRODUCT_DEFINITION_FORMATION('','',#7);
#7 = PRODUCT('C-DRV-08_Scatter_shield_chain_guard',
  'C-DRV-08_Scatter_shield_chain_guard','',(#8));
#8 = PRODUCT_CONTEXT('',#2,'mechanical');
#9 = PRODUCT_DEFINITION_CONTEXT('part definition',#2,'design');
#10 = ADVANCED_BREP_SHAPE_REPRESENTATION('',(#11,#15),#7377);
#11 = AXIS2_PLACEMENT_3D('',#12,#13,#14);
#12 = CARTESIAN_POINT('',(0.,0.,0.));
#13 = DIRECTION('',(0.,0.,1.));
#14 = DIRECTION('',(1.,0.,-0.));
#15 = MANIFOLD_SOLID_BREP('',#16);
#16 = CLOSED_SHELL('',(#17,#137,#213,#1500,#1549,#2604,#2631,#2658,#2685
    ,#2712,#2739,#2766,#2793,#2820,#2847,#2874,#2901,#2928,#2955,#2982,
    #3009,#3036,#3063,#3090,#3117,#3144,#3171,#3198,#3225,#3252,#3279,
    #3306,#3333,#3360,#3387,#3414,#3441,#3468,#3495,#3522,#3549,#3576,
    #3603,#3630,#3657,#3684,#3711,#3738,#3745,#3800,#3850,#3905,#3955,
    #5160,#6135,#6182,#6209,#6236,#6263,#6290,#6317,#6344,#6371,#6398,
    #6425,#6452,#6479,#6506,#6533,#6560,#6587,#6614,#6641,#6668,#6695,
    #6722,#6749,#6776,#6803,#6830,#6857,#6884,#6911,#6938,#6965,#6992,
    #7019,#7046,#7073,#7100,#7127,#7154,#7181,#7208,#7235,#7262,#7289,
    #7316,#7343,#7370));
#17 = ADVANCED_FACE('',(#18),#32,.F.);
#18 = FACE_BOUND('',#19,.F.);
#19 = EDGE_LOOP('',(#20,#55,#83,#111));
#20 = ORIENTED_EDGE('',*,*,#21,.F.);
#21 = EDGE_CURVE('',#22,#24,#26,.T.);
#22 = VERTEX_POINT('',#23);
#23 = CARTESIAN_POINT('',(-17.71015564237,89.077510736023,9.));
#24 = VERTEX_POINT('',#25);
#25 = CARTESIAN_POINT('',(-17.71015564237,89.077510736023,-15.));
#26 = SURFACE_CURVE('',#27,(#31,#43),.PCURVE_S1.);
#27 = LINE('',#28,#29);
#28 = CARTESIAN_POINT('',(-17.71015564237,89.077510736023,9.));
#29 = VECTOR('',#30,1.);
#30 = DIRECTION('',(0.,0.,-1.));
#31 = PCURVE('',#32,#37);
#32 = PLANE('',#33);
#33 = AXIS2_PLACEMENT_3D('',#34,#35,#36);
#34 = CARTESIAN_POINT('',(-17.71015564237,89.077510736023,-15.));
#35 = DIRECTION('',(0.251019298048,-0.967982082483,0.));
#36 = DIRECTION('',(-0.967982082483,-0.251019298048,0.));
#37 = DEFINITIONAL_REPRESENTATION('',(#38),#42);
#38 = LINE('',#39,#40);
#39 = CARTESIAN_POINT('',(3.43896318527E-15,-24.));
#40 = VECTOR('',#41,1.);
#41 = DIRECTION('',(-0.,1.));
#42 = ( GEOMETRIC_REPRESENTATION_CONTEXT(2) 
PARAMETRIC_REPRESENTATION_CONTEXT() REPRESENTATION_CONTEXT('2D SPACE',''
  ) );
#43 = PCURVE('',#44,#49);
#44 = PLANE('',#45);
#45 = AXIS2_PLACEMENT_3D('',#46,#47,#48);
#46 = CARTESIAN_POINT('',(237.74532036587,139.86649442473,-15.));
#47 = DIRECTION('',(0.195000685553,-0.980803105946,0.));
#48 = DIRECTION('',(-0.980803105946,-0.195000685553,0.));
#49 = DEFINITIONAL_REPRESENTATION('',(#50),#54);
#50 = LINE('',#51,#52);
#51 = CARTESIAN_POINT('',(260.45541093771,-24.));
#52 = VECTOR('',#53,1.);
#53 = DIRECTION('',(-0.,1.));
#54 = ( GEOMETRIC_REPRESENTATION_CONTEXT(2) 
PARAMETRIC_REPRESENTATION_CONTEXT() REPRESENTATION_CONTEXT('2D SPACE',''
  ) );
#55 = ORIENTED_EDGE('',*,*,#56,.T.);
#56 = EDGE_CURVE('',#22,#57,#59,.T.);
#57 = VERTEX_POINT('',#58);
#58 = CARTESIAN_POINT('',(-27.81019854674,86.458344817573,9.));
#59 = SURFACE_CURVE('',#60,(#64,#71),.PCURVE_S1.);
#60 = LINE('',#61,#62);
#61 = CARTESIAN_POINT('',(-17.71015564237,89.077510736023,9.));
#62 = VECTOR('',#63,1.);
#63 = DIRECTION('',(-0.967982082483,-0.251019298048,0.));
#64 = PCURVE('',#32,#65);
#65 = DEFINITIONAL_REPRESENTATION('',(#66),#70);
#66 = LINE('',#67,#68);
#67 = CARTESIAN_POINT('',(0.,-24.));
#68 = VECTOR('',#69,1.);
#69 = DIRECTION('',(1.,0.));
#70 = ( GEOMETRIC_REPRESENTATION_CONTEXT(2) 
PARAMETRIC_REPRESENTATION_CONTEXT() REPRESENTATION_CONTEXT('2D SPACE',''
  ) );
#71 = PCURVE('',#72,#77);
#72 = PLANE('',#73);
#73 = AXIS2_PLACEMENT_3D('',#74,#75,#76);
#74 = CARTESIAN_POINT('',(96.845045168294,35.319497490699,9.));
#75 = DIRECTION('',(0.,0.,1.));
#76 = DIRECTION('',(1.,0.,-0.));
#77 = DEFINITIONAL_REPRESENTATION('',(#78),#82);
#78 = LINE('',#79,#80);
#79 = CARTESIAN_POINT('',(-114.5552008106,53.758013245324));
#80 = VECTOR('',#81,1.);
#81 = DIRECTION('',(-0.967982082483,-0.251019298048));
#82 = ( GEOMETRIC_REPRESENTATION_CONTEXT(2) 
PARAMETRIC_REPRESENTATION_CONTEXT() REPRESENTATION_CONTEXT('2D SPACE',''
  ) );
#83 = ORIENTED_EDGE('',*,*,#84,.F.);
#84 = EDGE_CURVE('',#85,#57,#87,.T.);
#85 = VERTEX_POINT('',#86);
#86 = CARTESIAN_POINT('',(-27.81019854674,86.458344817573,-15.));
#87 = SURFACE_CURVE('',#88,(#92,#99),.PCURVE_S1.);
#88 = LINE('',#89,#90);
#89 = CARTESIAN_POINT('',(-27.81019854674,86.458344817573,-15.));
#90 = VECTOR('',#91,1.);
#91 = DIRECTION('',(0.,0.,1.));
#92 = PCURVE('',#32,#93);
#93 = DEFINITIONAL_REPRESENTATION('',(#94),#98);
#94 = LINE('',#95,#96);
#95 = CARTESIAN_POINT('',(10.434121754052,0.));
#96 = VECTOR('',#97,1.);
#97 = DIRECTION('',(0.,-1.));
#98 = ( GEOMETRIC_REPRESENTATION_CONTEXT(2) 
PARAMETRIC_REPRESENTATION_CONTEXT() REPRESENTATION_CONTEXT('2D SPACE',''
  ) );
#99 = PCURVE('',#100,#105);
#100 = PLANE('',#101);
#101 = AXIS2_PLACEMENT_3D('',#102,#103,#104);
#102 = CARTESIAN_POINT('',(-27.81019854674,86.458344817573,-15.));
#103 = DIRECTION('',(0.360387315019,-0.932802756843,0.));
#104 = DIRECTION('',(-0.932802756843,-0.360387315019,0.));
#105 = DEFINITIONAL_REPRESENTATION('',(#106),#110);
#106 = LINE('',#107,#108);
#107 = CARTESIAN_POINT('',(0.,0.));
#108 = VECTOR('',#109,1.);
#109 = DIRECTION('',(0.,-1.));
#110 = ( GEOMETRIC_REPRESENTATION_CONTEXT(2) 
PARAMETRIC_REPRESENTATION_CONTEXT() REPRESENTATION_CONTEXT('2D SPACE',''
  ) );
#111 = ORIENTED_EDGE('',*,*,#112,.F.);
#112 = EDGE_CURVE('',#24,#85,#113,.T.);
#113 = SURFACE_CURVE('',#114,(#118,#125),.PCURVE_S1.);
#114 = LINE('',#115,#116);
#115 = CARTESIAN_POINT('',(-17.71015564237,89.077510736023,-15.));
#116 = VECTOR('',#117,1.);
#117 = DIRECTION('',(-0.967982082483,-0.251019298048,0.));
#118 = PCURVE('',#32,#119);
#119 = DEFINITIONAL_REPRESENTATION('',(#120),#124);
#120 = LINE('',#121,#122);
#121 = CARTESIAN_POINT('',(0.,0.));
#122 = VECTOR('',#123,1.);
#123 = DIRECTION('',(1.,0.));
#124 = ( GEOMETRIC_REPRESENTATION_CONTEXT(2) 
PARAMETRIC_REPRESENTATION_CONTEXT() REPRESENTATION_CONTEXT('2D SPACE',''
  ) );
#125 = PCURVE('',#126,#131);
#126 = PLANE('',#127);
#127 = AXIS2_PLACEMENT_3D('',#128,#129,#130);
#128 = CARTESIAN_POINT('',(96.845045168294,35.319497490699,-15.));
#129 = DIRECTION('',(0.,0.,1.));
#130 = DIRECTION('',(1.,0.,-0.));
#131 = DEFINITIONAL_REPRESENTATION('',(#132),#136);
#132 = LINE('',#133,#134);
#133 = CARTESIAN_POINT('',(-114.5552008106,53.758013245324));
#134 = VECTOR('',#135,1.);
#135 = DIRECTION('',(-0.967982082483,-0.251019298048));
#136 = ( GEOMETRIC_REPRESENTATION_CONTEXT(2) 
PARAMETRIC_REPRESENTATION_CONTEXT() REPRESENTATION_CONTEXT('2D SPACE',''
  ) );
#137 = ADVANCED_FACE('',(#138),#44,.F.);
#138 = FACE_BOUND('',#139,.F.);
#139 = EDGE_LOOP('',(#140,#170,#191,#192));
#140 = ORIENTED_EDGE('',*,*,#141,.F.);
#141 = EDGE_CURVE('',#142,#144,#146,.T.);
#142 = VERTEX_POINT('',#143);
#143 = CARTESIAN_POINT('',(237.74532036587,139.86649442473,9.));
#144 = VERTEX_POINT('',#145);
#145 = CARTESIAN_POINT('',(237.74532036587,139.86649442473,-15.));
#146 = SURFACE_CURVE('',#147,(#151,#158),.PCURVE_S1.);
#147 = LINE('',#148,#149);
#148 = CARTESIAN_POINT('',(237.74532036587,139.86649442473,9.));
#149 = VECTOR('',#150,1.);
#150 = DIRECTION('',(0.,0.,-1.));
#151 = PCURVE('',#44,#152);
#152 = DEFINITIONAL_REPRESENTATION('',(#153),#157);
#153 = LINE('',#154,#155);
#154 = CARTESIAN_POINT('',(0.,-24.));
#155 = VECTOR('',#156,1.);
#156 = DIRECTION('',(-0.,1.));
#157 = ( GEOMETRIC_REPRESENTATION_CONTEXT(2) 
PARAMETRIC_REPRESENTATION_CONTEXT() REPRESENTATION_CONTEXT('2D SPACE',''
  ) );
#158 = PCURVE('',#159,#164);
#159 = PLANE('',#160);
#160 = AXIS2_PLACEMENT_3D('',#161,#162,#163);
#161 = CARTESIAN_POINT('',(247.91430942324,140.83566354402,-15.));
#162 = DIRECTION('',(9.487641775705E-02,-0.99548905838,0.));
#163 = DIRECTION('',(-0.99548905838,-9.487641775705E-02,0.));
#164 = DEFINITIONAL_REPRESENTATION('',(#165),#169);
#165 = LINE('',#166,#167);
#166 = CARTESIAN_POINT('',(10.215068635633,-24.));
#167 = VECTOR('',#168,1.);
#168 = DIRECTION('',(-0.,1.));
#169 = ( GEOMETRIC_REPRESENTATION_CONTEXT(2) 
PARAMETRIC_REPRESENTATION_CONTEXT() REPRESENTATION_CONTEXT('2D SPACE',''
  ) );
#170 = ORIENTED_EDGE('',*,*,#171,.T.);
#171 = EDGE_CURVE('',#142,#22,#172,.T.);
#172 = SURFACE_CURVE('',#173,(#177,#184),.PCURVE_S1.);
#173 = LINE('',#174,#175);
#174 = CARTESIAN_POINT('',(237.74532036587,139.86649442473,9.));
#175 = VECTOR('',#176,1.);
#176 = DIRECTION('',(-0.980803105946,-0.195000685553,0.));
#177 = PCURVE('',#44,#178);
#178 = DEFINITIONAL_REPRESENTATION('',(#179),#183);
#179 = LINE('',#180,#181);
#180 = CARTESIAN_POINT('',(0.,-24.));
#181 = VECTOR('',#182,1.);
#182 = DIRECTION('',(1.,0.));
#183 = ( GEOMETRIC_REPRESENTATION_CONTEXT(2) 
PARAMETRIC_REPRESENTATION_CONTEXT() REPRESENTATION_CONTEXT('2D SPACE',''
  ) );
#184 = PCURVE('',#72,#185);
#185 = DEFINITIONAL_REPRESENTATION('',(#186),#190);
#186 = LINE('',#187,#188);
#187 = CARTESIAN_POINT('',(140.90027519757,104.54699693403));
#188 = VECTOR('',#189,1.);
#189 = DIRECTION('',(-0.980803105946,-0.195000685553));
#190 = ( GEOMETRIC_REPRESENTATION_CONTEXT(2) 
PARAMETRIC_REPRESENTATION_CONTEXT() REPRESENTATION_CONTEXT('2D SPACE',''
  ) );
#191 = ORIENTED_EDGE('',*,*,#21,.T.);
#192 = ORIENTED_EDGE('',*,*,#193,.F.);
#193 = EDGE_CURVE('',#144,#24,#194,.T.);
#194 = SURFACE_CURVE('',#195,(#199,#206),.PCURVE_S1.);
#195 = LINE('',#196,#197);
#196 = CARTESIAN_POINT('',(237.74532036587,139.86649442473,-15.));
#197 = VECTOR('',#198,1.);
#198 = DIRECTION('',(-0.980803105946,-0.195000685553,0.));
#199 = PCURVE('',#44,#200);
#200 = DEFINITIONAL_REPRESENTATION('',(#201),#205);
#201 = LINE('',#202,#203);
#202 = CARTESIAN_POINT('',(0.,0.));
#203 = VECTOR('',#204,1.);
#204 = DIRECTION('',(1.,0.));
#205 = ( GEOMETRIC_REPRESENTATION_CONTEXT(2) 
PARAMETRIC_REPRESENTATION_CONTEXT() REPRESENTATION_CONTEXT('2D SPACE',''
  ) );
#206 = PCURVE('',#126,#207);
#207 = DEFINITIONAL_REPRESENTATION('',(#208),#212);
#208 = LINE('',#209,#210);
#209 = CARTESIAN_POINT('',(140.90027519757,104.54699693403));
#210 = VECTOR('',#211,1.);
#211 = DIRECTION('',(-0.980803105946,-0.195000685553));
#212 = ( GEOMETRIC_REPRESENTATION_CONTEXT(2) 
PARAMETRIC_REPRESENTATION_CONTEXT() REPRESENTATION_CONTEXT('2D SPACE',''
  ) );
#213 = ADVANCED_FACE('',(#214,#1438,#1469),#72,.T.);
#214 = FACE_BOUND('',#215,.T.);
#215 = EDGE_LOOP('',(#216,#217,#240,#268,#296,#324,#352,#380,#408,#436,
    #464,#492,#520,#548,#576,#604,#632,#660,#688,#716,#744,#772,#800,
    #828,#856,#884,#912,#940,#968,#996,#1024,#1052,#1080,#1108,#1136,
    #1164,#1192,#1220,#1248,#1276,#1304,#1332,#1360,#1388,#1416,#1437));
#216 = ORIENTED_EDGE('',*,*,#56,.T.);
#217 = ORIENTED_EDGE('',*,*,#218,.T.);
#218 = EDGE_CURVE('',#57,#219,#221,.T.);
#219 = VERTEX_POINT('',#220);
#220 = CARTESIAN_POINT('',(-37.54317608415,82.698019694051,9.));
#221 = SURFACE_CURVE('',#222,(#226,#233),.PCURVE_S1.);
#222 = LINE('',#223,#224);
#223 = CARTESIAN_POINT('',(-27.81019854674,86.458344817573,9.));
#224 = VECTOR('',#225,1.);
#225 = DIRECTION('',(-0.932802756843,-0.360387315019,0.));
#226 = PCURVE('',#72,#227);
#227 = DEFINITIONAL_REPRESENTATION('',(#228),#232);
#228 = LINE('',#229,#230);
#229 = CARTESIAN_POINT('',(-124.655243715,51.138847326874));
#230 = VECTOR('',#231,1.);
#231 = DIRECTION('',(-0.932802756843,-0.360387315019));
#232 = ( GEOMETRIC_REPRESENTATION_CONTEXT(2) 
PARAMETRIC_REPRESENTATION_CONTEXT() REPRESENTATION_CONTEXT('2D SPACE',''
  ) );
#233 = PCURVE('',#100,#234);
#234 = DEFINITIONAL_REPRESENTATION('',(#235),#239);
#235 = LINE('',#236,#237);
#236 = CARTESIAN_POINT('',(0.,-24.));
#237 = VECTOR('',#238,1.);
#238 = DIRECTION('',(1.,0.));
#239 = ( GEOMETRIC_REPRESENTATION_CONTEXT(2) 
PARAMETRIC_REPRESENTATION_CONTEXT() REPRESENTATION_CONTEXT('2D SPACE',''
  ) );
#240 = ORIENTED_EDGE('',*,*,#241,.T.);
#241 = EDGE_CURVE('',#219,#242,#244,.T.);
#242 = VERTEX_POINT('',#243);
#243 = CARTESIAN_POINT('',(-46.78062318935,77.84616770156,9.));
#244 = SURFACE_CURVE('',#245,(#249,#256),.PCURVE_S1.);
#245 = LINE('',#246,#247);
#246 = CARTESIAN_POINT('',(-37.54317608415,82.698019694051,9.));
#247 = VECTOR('',#248,1.);
#248 = DIRECTION('',(-0.885311416039,-0.464998598527,0.));
#249 = PCURVE('',#72,#250);
#250 = DEFINITIONAL_REPRESENTATION('',(#251),#255);
#251 = LINE('',#252,#253);
#252 = CARTESIAN_POINT('',(-134.3882212524,47.378522203353));
#253 = VECTOR('',#254,1.);
#254 = DIRECTION('',(-0.885311416039,-0.464998598527));
#255 = ( GEOMETRIC_REPRESENTATION_CONTEXT(2) 
PARAMETRIC_REPRESENTATION_CONTEXT() REPRESENTATION_CONTEXT('2D SPACE',''
  ) );
#256 = PCURVE('',#257,#262);
#257 = PLANE('',#258);
#258 = AXIS2_PLACEMENT_3D('',#259,#260,#261);
#259 = CARTESIAN_POINT('',(-37.54317608415,82.698019694051,-15.));
#260 = DIRECTION('',(0.464998598527,-0.885311416039,0.));
#261 = DIRECTION('',(-0.885311416039,-0.464998598527,0.));
#262 = DEFINITIONAL_REPRESENTATION('',(#263),#267);
#263 = LINE('',#264,#265);
#264 = CARTESIAN_POINT('',(0.,-24.));
#265 = VECTOR('',#266,1.);
#266 = DIRECTION('',(1.,0.));
#267 = ( GEOMETRIC_REPRESENTATION_CONTEXT(2) 
PARAMETRIC_REPRESENTATION_CONTEXT() REPRESENTATION_CONTEXT('2D SPACE',''
  ) );
#268 = ORIENTED_EDGE('',*,*,#269,.T.);
#269 = EDGE_CURVE('',#242,#270,#272,.T.);
#270 = VERTEX_POINT('',#271);
#271 = CARTESIAN_POINT('',(-55.40061527752,71.966828182681,9.));
#272 = SURFACE_CURVE('',#273,(#277,#284),.PCURVE_S1.);
#273 = LINE('',#274,#275);
#274 = CARTESIAN_POINT('',(-46.78062318935,77.84616770156,9.));
#275 = VECTOR('',#276,1.);
#276 = DIRECTION('',(-0.826134895812,-0.563472389672,0.));
#277 = PCURVE('',#72,#278);
#278 = DEFINITIONAL_REPRESENTATION('',(#279),#283);
#279 = LINE('',#280,#281);
#280 = CARTESIAN_POINT('',(-143.6256683576,42.526670210861));
#281 = VECTOR('',#282,1.);
#282 = DIRECTION('',(-0.826134895812,-0.563472389672));
#283 = ( GEOMETRIC_REPRESENTATION_CONTEXT(2) 
PARAMETRIC_REPRESENTATION_CONTEXT() REPRESENTATION_CONTEXT('2D SPACE',''
  ) );
#284 = PCURVE('',#285,#290);
#285 = PLANE('',#286);
#286 = AXIS2_PLACEMENT_3D('',#287,#288,#289);
#287 = CARTESIAN_POINT('',(-46.78062318935,77.84616770156,-15.));
#288 = DIRECTION('',(0.563472389672,-0.826134895812,0.));
#289 = DIRECTION('',(-0.826134895812,-0.563472389672,0.));
#290 = DEFINITIONAL_REPRESENTATION('',(#291),#295);
#291 = LINE('',#292,#293);
#292 = CARTESIAN_POINT('',(0.,-24.));
#293 = VECTOR('',#294,1.);
#294 = DIRECTION('',(1.,0.));
#295 = ( GEOMETRIC_REPRESENTATION_CONTEXT(2) 
PARAMETRIC_REPRESENTATION_CONTEXT() REPRESENTATION_CONTEXT('2D SPACE',''
  ) );
#296 = ORIENTED_EDGE('',*,*,#297,.T.);
#297 = EDGE_CURVE('',#270,#298,#300,.T.);
#298 = VERTEX_POINT('',#299);
#299 = CARTESIAN_POINT('',(-63.28937752056,65.137602234519,9.));
#300 = SURFACE_CURVE('',#301,(#305,#312),.PCURVE_S1.);
#301 = LINE('',#302,#303);
#302 = CARTESIAN_POINT('',(-55.40061527752,71.966828182681,9.));
#303 = VECTOR('',#304,1.);
#304 = DIRECTION('',(-0.756054263981,-0.654508937996,0.));
#305 = PCURVE('',#72,#306);
#306 = DEFINITIONAL_REPRESENTATION('',(#307),#311);
#307 = LINE('',#308,#309);
#308 = CARTESIAN_POINT('',(-152.2456604458,36.647330691982));
#309 = VECTOR('',#310,1.);
#310 = DIRECTION('',(-0.756054263981,-0.654508937996));
#311 = ( GEOMETRIC_REPRESENTATION_CONTEXT(2) 
PARAMETRIC_REPRESENTATION_CONTEXT() REPRESENTATION_CONTEXT('2D SPACE',''
  ) );
#312 = PCURVE('',#313,#318);
#313 = PLANE('',#314);
#314 = AXIS2_PLACEMENT_3D('',#315,#316,#317);
#315 = CARTESIAN_POINT('',(-55.40061527752,71.966828182681,-15.));
#316 = DIRECTION('',(0.654508937996,-0.756054263981,0.));
#317 = DIRECTION('',(-0.756054263981,-0.654508937996,0.));
#318 = DEFINITIONAL_REPRESENTATION('',(#319),#323);
#319 = LINE('',#320,#321);
#320 = CARTESIAN_POINT('',(0.,-24.));
#321 = VECTOR('',#322,1.);
#322 = DIRECTION('',(1.,0.));
#323 = ( GEOMETRIC_REPRESENTATION_CONTEXT(2) 
PARAMETRIC_REPRESENTATION_CONTEXT() REPRESENTATION_CONTEXT('2D SPACE',''
  ) );
#324 = ORIENTED_EDGE('',*,*,#325,.T.);
#325 = EDGE_CURVE('',#298,#326,#328,.T.);
#326 = VERTEX_POINT('',#327);
#327 = CARTESIAN_POINT('',(-70.34278655516,57.448628455849,9.));
#328 = SURFACE_CURVE('',#329,(#333,#340),.PCURVE_S1.);
#329 = LINE('',#330,#331);
#330 = CARTESIAN_POINT('',(-63.28937752056,65.137602234519,9.));
#331 = VECTOR('',#332,1.);
#332 = DIRECTION('',(-0.675994511168,-0.736906656824,0.));
#333 = PCURVE('',#72,#334);
#334 = DEFINITIONAL_REPRESENTATION('',(#335),#339);
#335 = LINE('',#336,#337);
#336 = CARTESIAN_POINT('',(-160.1344226888,29.81810474382));
#337 = VECTOR('',#338,1.);
#338 = DIRECTION('',(-0.675994511168,-0.736906656824));
#339 = ( GEOMETRIC_REPRESENTATION_CONTEXT(2) 
PARAMETRIC_REPRESENTATION_CONTEXT() REPRESENTATION_CONTEXT('2D SPACE',''
  ) );
#340 = PCURVE('',#341,#346);
#341 = PLANE('',#342);
#342 = AXIS2_PLACEMENT_3D('',#343,#344,#345);
#343 = CARTESIAN_POINT('',(-63.28937752056,65.137602234519,-15.));
#344 = DIRECTION('',(0.736906656824,-0.675994511168,0.));
#345 = DIRECTION('',(-0.675994511168,-0.736906656824,0.));
#346 = DEFINITIONAL_REPRESENTATION('',(#347),#351);
#347 = LINE('',#348,#349);
#348 = CARTESIAN_POINT('',(0.,-24.));
#349 = VECTOR('',#350,1.);
#350 = DIRECTION('',(1.,0.));
#351 = ( GEOMETRIC_REPRESENTATION_CONTEXT(2) 
PARAMETRIC_REPRESENTATION_CONTEXT() REPRESENTATION_CONTEXT('2D SPACE',''
  ) );
#352 = ORIENTED_EDGE('',*,*,#353,.T.);
#353 = EDGE_CURVE('',#326,#354,#356,.T.);
#354 = VERTEX_POINT('',#355);
#355 = CARTESIAN_POINT('',(-76.46774480161,49.00139321243,9.));
#356 = SURFACE_CURVE('',#357,(#361,#368),.PCURVE_S1.);
#357 = LINE('',#358,#359);
#358 = CARTESIAN_POINT('',(-70.34278655516,57.448628455849,9.));
#359 = VECTOR('',#360,1.);
#360 = DIRECTION('',(-0.587012341893,-0.809577982942,0.));
#361 = PCURVE('',#72,#362);
#362 = DEFINITIONAL_REPRESENTATION('',(#363),#367);
#363 = LINE('',#364,#365);
#364 = CARTESIAN_POINT('',(-167.1878317234,22.12913096515));
#365 = VECTOR('',#366,1.);
#366 = DIRECTION('',(-0.587012341893,-0.809577982942));
#367 = ( GEOMETRIC_REPRESENTATION_CONTEXT(2) 
PARAMETRIC_REPRESENTATION_CONTEXT() REPRESENTATION_CONTEXT('2D SPACE',''
  ) );
#368 = PCURVE('',#369,#374);
#369 = PLANE('',#370);
#370 = AXIS2_PLACEMENT_3D('',#371,#372,#373);
#371 = CARTESIAN_POINT('',(-70.34278655516,57.448628455849,-15.));
#372 = DIRECTION('',(0.809577982942,-0.587012341893,0.));
#373 = DIRECTION('',(-0.587012341893,-0.809577982942,0.));
#374 = DEFINITIONAL_REPRESENTATION('',(#375),#379);
#375 = LINE('',#376,#377);
#376 = CARTESIAN_POINT('',(0.,-24.));
#377 = VECTOR('',#378,1.);
#378 = DIRECTION('',(1.,0.));
#379 = ( GEOMETRIC_REPRESENTATION_CONTEXT(2) 
PARAMETRIC_REPRESENTATION_CONTEXT() REPRESENTATION_CONTEXT('2D SPACE',''
  ) );
#380 = ORIENTED_EDGE('',*,*,#381,.T.);
#381 = EDGE_CURVE('',#354,#382,#384,.T.);
#382 = VERTEX_POINT('',#383);
#383 = CARTESIAN_POINT('',(-81.58340925397,39.907391123733,9.));
#384 = SURFACE_CURVE('',#385,(#389,#396),.PCURVE_S1.);
#385 = LINE('',#386,#387);
#386 = CARTESIAN_POINT('',(-76.46774480161,49.00139321243,9.));
#387 = VECTOR('',#388,1.);
#388 = DIRECTION('',(-0.490282227191,-0.87156373129,0.));
#389 = PCURVE('',#72,#390);
#390 = DEFINITIONAL_REPRESENTATION('',(#391),#395);
#391 = LINE('',#392,#393);
#392 = CARTESIAN_POINT('',(-173.3127899699,13.681895721732));
#393 = VECTOR('',#394,1.);
#394 = DIRECTION('',(-0.490282227191,-0.87156373129));
#395 = ( GEOMETRIC_REPRESENTATION_CONTEXT(2) 
PARAMETRIC_REPRESENTATION_CONTEXT() REPRESENTATION_CONTEXT('2D SPACE',''
  ) );
#396 = PCURVE('',#397,#402);
#397 = PLANE('',#398);
#398 = AXIS2_PLACEMENT_3D('',#399,#400,#401);
#399 = CARTESIAN_POINT('',(-76.46774480161,49.00139321243,-15.));
#400 = DIRECTION('',(0.87156373129,-0.490282227191,0.));
#401 = DIRECTION('',(-0.490282227191,-0.87156373129,0.));
#402 = DEFINITIONAL_REPRESENTATION('',(#403),#407);
#403 = LINE('',#404,#405);
#404 = CARTESIAN_POINT('',(0.,-24.));
#405 = VECTOR('',#406,1.);
#406 = DIRECTION('',(1.,0.));
#407 = ( GEOMETRIC_REPRESENTATION_CONTEXT(2) 
PARAMETRIC_REPRESENTATION_CONTEXT() REPRESENTATION_CONTEXT('2D SPACE',''
  ) );
#408 = ORIENTED_EDGE('',*,*,#409,.T.);
#409 = EDGE_CURVE('',#382,#410,#412,.T.);
#410 = VERTEX_POINT('',#411);
#411 = CARTESIAN_POINT('',(-85.62225852269,30.286653451243,9.));
#412 = SURFACE_CURVE('',#413,(#417,#424),.PCURVE_S1.);
#413 = LINE('',#414,#415);
#414 = CARTESIAN_POINT('',(-81.58340925397,39.907391123733,9.));
#415 = VECTOR('',#416,1.);
#416 = DIRECTION('',(-0.387080902823,-0.922045755193,0.));
#417 = PCURVE('',#72,#418);
#418 = DEFINITIONAL_REPRESENTATION('',(#419),#423);
#419 = LINE('',#420,#421);
#420 = CARTESIAN_POINT('',(-178.4284544222,4.587893633034));
#421 = VECTOR('',#422,1.);
#422 = DIRECTION('',(-0.387080902823,-0.922045755193));
#423 = ( GEOMETRIC_REPRESENTATION_CONTEXT(2) 
PARAMETRIC_REPRESENTATION_CONTEXT() REPRESENTATION_CONTEXT('2D SPACE',''
  ) );
#424 = PCURVE('',#425,#430);
#425 = PLANE('',#426);
#426 = AXIS2_PLACEMENT_3D('',#427,#428,#429);
#427 = CARTESIAN_POINT('',(-81.58340925397,39.907391123733,-15.));
#428 = DIRECTION('',(0.922045755193,-0.387080902823,0.));
#429 = DIRECTION('',(-0.387080902823,-0.922045755193,0.));
#430 = DEFINITIONAL_REPRESENTATION('',(#431),#435);
#431 = LINE('',#432,#433);
#432 = CARTESIAN_POINT('',(0.,-24.));
#433 = VECTOR('',#434,1.);
#434 = DIRECTION('',(1.,0.));
#435 = ( GEOMETRIC_REPRESENTATION_CONTEXT(2) 
PARAMETRIC_REPRESENTATION_CONTEXT() REPRESENTATION_CONTEXT('2D SPACE',''
  ) );
#436 = ORIENTED_EDGE('',*,*,#437,.T.);
#437 = EDGE_CURVE('',#410,#438,#440,.T.);
#438 = VERTEX_POINT('',#439);
#439 = CARTESIAN_POINT('',(-88.53098404595,20.266163812073,9.));
#440 = SURFACE_CURVE('',#441,(#445,#452),.PCURVE_S1.);
#441 = LINE('',#442,#443);
#442 = CARTESIAN_POINT('',(-85.62225852269,30.286653451243,9.));
#443 = VECTOR('',#444,1.);
#444 = DIRECTION('',(-0.278770517713,-0.960357745038,0.));
#445 = PCURVE('',#72,#446);
#446 = DEFINITIONAL_REPRESENTATION('',(#447),#451);
#447 = LINE('',#448,#449);
#448 = CARTESIAN_POINT('',(-182.4673036909,-5.032844039456));
#449 = VECTOR('',#450,1.);
#450 = DIRECTION('',(-0.278770517713,-0.960357745038));
#451 = ( GEOMETRIC_REPRESENTATION_CONTEXT(2) 
PARAMETRIC_REPRESENTATION_CONTEXT() REPRESENTATION_CONTEXT('2D SPACE',''
  ) );
#452 = PCURVE('',#453,#458);
#453 = PLANE('',#454);
#454 = AXIS2_PLACEMENT_3D('',#455,#456,#457);
#455 = CARTESIAN_POINT('',(-85.62225852269,30.286653451243,-15.));
#456 = DIRECTION('',(0.960357745038,-0.278770517713,0.));
#457 = DIRECTION('',(-0.278770517713,-0.960357745038,0.));
#458 = DEFINITIONAL_REPRESENTATION('',(#459),#463);
#459 = LINE('',#460,#461);
#460 = CARTESIAN_POINT('',(0.,-24.));
#461 = VECTOR('',#462,1.);
#462 = DIRECTION('',(1.,0.));
#463 = ( GEOMETRIC_REPRESENTATION_CONTEXT(2) 
PARAMETRIC_REPRESENTATION_CONTEXT() REPRESENTATION_CONTEXT('2D SPACE',''
  ) );
#464 = ORIENTED_EDGE('',*,*,#465,.T.);
#465 = EDGE_CURVE('',#438,#466,#468,.T.);
#466 = VERTEX_POINT('',#467);
#467 = CARTESIAN_POINT('',(-90.27119370656,9.978182128793,9.));
#468 = SURFACE_CURVE('',#469,(#473,#480),.PCURVE_S1.);
#469 = LINE('',#470,#471);
#470 = CARTESIAN_POINT('',(-88.53098404595,20.266163812073,9.));
#471 = VECTOR('',#472,1.);
#472 = DIRECTION('',(-0.166780655011,-0.985994022859,0.));
#473 = PCURVE('',#72,#474);
#474 = DEFINITIONAL_REPRESENTATION('',(#475),#479);
#475 = LINE('',#476,#477);
#476 = CARTESIAN_POINT('',(-185.3760292142,-15.05333367862));
#477 = VECTOR('',#478,1.);
#478 = DIRECTION('',(-0.166780655011,-0.985994022859));
#479 = ( GEOMETRIC_REPRESENTATION_CONTEXT(2) 
PARAMETRIC_REPRESENTATION_CONTEXT() REPRESENTATION_CONTEXT('2D SPACE',''
  ) );
#480 = PCURVE('',#481,#486);
#481 = PLANE('',#482);
#482 = AXIS2_PLACEMENT_3D('',#483,#484,#485);
#483 = CARTESIAN_POINT('',(-88.53098404595,20.266163812073,-15.));
#484 = DIRECTION('',(0.985994022859,-0.166780655011,0.));
#485 = DIRECTION('',(-0.166780655011,-0.985994022859,0.));
#486 = DEFINITIONAL_REPRESENTATION('',(#487),#491);
#487 = LINE('',#488,#489);
#488 = CARTESIAN_POINT('',(0.,-24.));
#489 = VECTOR('',#490,1.);
#490 = DIRECTION('',(1.,0.));
#491 = ( GEOMETRIC_REPRESENTATION_CONTEXT(2) 
PARAMETRIC_REPRESENTATION_CONTEXT() REPRESENTATION_CONTEXT('2D SPACE',''
  ) );
#492 = ORIENTED_EDGE('',*,*,#493,.T.);
#493 = EDGE_CURVE('',#466,#494,#496,.T.);
#494 = VERTEX_POINT('',#495);
#495 = CARTESIAN_POINT('',(-90.81991856754,-0.441501062423,9.));
#496 = SURFACE_CURVE('',#497,(#501,#508),.PCURVE_S1.);
#497 = LINE('',#498,#499);
#498 = CARTESIAN_POINT('',(-90.27119370656,9.978182128793,9.));
#499 = VECTOR('',#500,1.);
#500 = DIRECTION('',(-5.258946310134E-02,-0.998616216757,0.));
#501 = PCURVE('',#72,#502);
#502 = DEFINITIONAL_REPRESENTATION('',(#503),#507);
#503 = LINE('',#504,#505);
#504 = CARTESIAN_POINT('',(-187.1162388748,-25.3413153619));
#505 = VECTOR('',#506,1.);
#506 = DIRECTION('',(-5.258946310134E-02,-0.998616216757));
#507 = ( GEOMETRIC_REPRESENTATION_CONTEXT(2) 
PARAMETRIC_REPRESENTATION_CONTEXT() REPRESENTATION_CONTEXT('2D SPACE',''
  ) );
#508 = PCURVE('',#509,#514);
#509 = PLANE('',#510);
#510 = AXIS2_PLACEMENT_3D('',#511,#512,#513);
#511 = CARTESIAN_POINT('',(-90.27119370656,9.978182128793,-15.));
#512 = DIRECTION('',(0.998616216757,-5.258946310134E-02,0.));
#513 = DIRECTION('',(-5.258946310134E-02,-0.998616216757,0.));
#514 = DEFINITIONAL_REPRESENTATION('',(#515),#519);
#515 = LINE('',#516,#517);
#516 = CARTESIAN_POINT('',(0.,-24.));
#517 = VECTOR('',#518,1.);
#518 = DIRECTION('',(1.,0.));
#519 = ( GEOMETRIC_REPRESENTATION_CONTEXT(2) 
PARAMETRIC_REPRESENTATION_CONTEXT() REPRESENTATION_CONTEXT('2D SPACE',''
  ) );
#520 = ORIENTED_EDGE('',*,*,#521,.T.);
#521 = EDGE_CURVE('',#494,#522,#524,.T.);
#522 = VERTEX_POINT('',#523);
#523 = CARTESIAN_POINT('',(-90.16991603794,-10.85535690403,9.));
#524 = SURFACE_CURVE('',#525,(#529,#536),.PCURVE_S1.);
#525 = LINE('',#526,#527);
#526 = CARTESIAN_POINT('',(-90.81991856754,-0.441501062423,9.));
#527 = VECTOR('',#528,1.);
#528 = DIRECTION('',(6.229585440192E-02,-0.99805772705,0.));
#529 = PCURVE('',#72,#530);
#530 = DEFINITIONAL_REPRESENTATION('',(#531),#535);
#531 = LINE('',#532,#533);
#532 = CARTESIAN_POINT('',(-187.6649637358,-35.76099855312));
#533 = VECTOR('',#534,1.);
#534 = DIRECTION('',(6.229585440192E-02,-0.99805772705));
#535 = ( GEOMETRIC_REPRESENTATION_CONTEXT(2) 
PARAMETRIC_REPRESENTATION_CONTEXT() REPRESENTATION_CONTEXT('2D SPACE',''
  ) );
#536 = PCURVE('',#537,#542);
#537 = PLANE('',#538);
#538 = AXIS2_PLACEMENT_3D('',#539,#540,#541);
#539 = CARTESIAN_POINT('',(-90.81991856754,-0.441501062423,-15.));
#540 = DIRECTION('',(0.99805772705,6.229585440192E-02,-0.));
#541 = DIRECTION('',(6.229585440192E-02,-0.99805772705,0.));
#542 = DEFINITIONAL_REPRESENTATION('',(#543),#547);
#543 = LINE('',#544,#545);
#544 = CARTESIAN_POINT('',(0.,-24.));
#545 = VECTOR('',#546,1.);
#546 = DIRECTION('',(1.,0.));
#547 = ( GEOMETRIC_REPRESENTATION_CONTEXT(2) 
PARAMETRIC_REPRESENTATION_CONTEXT() REPRESENTATION_CONTEXT('2D SPACE',''
  ) );
#548 = ORIENTED_EDGE('',*,*,#549,.T.);
#549 = EDGE_CURVE('',#522,#550,#552,.T.);
#550 = VERTEX_POINT('',#551);
#551 = CARTESIAN_POINT('',(-88.3297654674,-21.12593345338,9.));
#552 = SURFACE_CURVE('',#553,(#557,#564),.PCURVE_S1.);
#553 = LINE('',#554,#555);
#554 = CARTESIAN_POINT('',(-90.16991603794,-10.85535690403,9.));
#555 = VECTOR('',#556,1.);
#556 = DIRECTION('',(0.176358932157,-0.984325925214,0.));
#557 = PCURVE('',#72,#558);
#558 = DEFINITIONAL_REPRESENTATION('',(#559),#563);
#559 = LINE('',#560,#561);
#560 = CARTESIAN_POINT('',(-187.0149612062,-46.17485439473));
#561 = VECTOR('',#562,1.);
#562 = DIRECTION('',(0.176358932157,-0.984325925214));
#563 = ( GEOMETRIC_REPRESENTATION_CONTEXT(2) 
PARAMETRIC_REPRESENTATION_CONTEXT() REPRESENTATION_CONTEXT('2D SPACE',''
  ) );
#564 = PCURVE('',#565,#570);
#565 = PLANE('',#566);
#566 = AXIS2_PLACEMENT_3D('',#567,#568,#569);
#567 = CARTESIAN_POINT('',(-90.16991603794,-10.85535690403,-15.));
#568 = DIRECTION('',(0.984325925214,0.176358932157,-0.));
#569 = DIRECTION('',(0.176358932157,-0.984325925214,0.));
#570 = DEFINITIONAL_REPRESENTATION('',(#571),#575);
#571 = LINE('',#572,#573);
#572 = CARTESIAN_POINT('',(0.,-24.));
#573 = VECTOR('',#574,1.);
#574 = DIRECTION('',(1.,0.));
#575 = ( GEOMETRIC_REPRESENTATION_CONTEXT(2) 
PARAMETRIC_REPRESENTATION_CONTEXT() REPRESENTATION_CONTEXT('2D SPACE',''
  ) );
#576 = ORIENTED_EDGE('',*,*,#577,.T.);
#577 = EDGE_CURVE('',#550,#578,#580,.T.);
#578 = VERTEX_POINT('',#579);
#579 = CARTESIAN_POINT('',(-85.32375490778,-31.11766990376,9.));
#580 = SURFACE_CURVE('',#581,(#585,#592),.PCURVE_S1.);
#581 = LINE('',#582,#583);
#582 = CARTESIAN_POINT('',(-88.3297654674,-21.12593345338,9.));
#583 = VECTOR('',#584,1.);
#584 = DIRECTION('',(0.288094257521,-0.957602056589,0.));
#585 = PCURVE('',#72,#586);
#586 = DEFINITIONAL_REPRESENTATION('',(#587),#591);
#587 = LINE('',#588,#589);
#588 = CARTESIAN_POINT('',(-185.1748106356,-56.44543094408));
#589 = VECTOR('',#590,1.);
#590 = DIRECTION('',(0.288094257521,-0.957602056589));
#591 = ( GEOMETRIC_REPRESENTATION_CONTEXT(2) 
PARAMETRIC_REPRESENTATION_CONTEXT() REPRESENTATION_CONTEXT('2D SPACE',''
  ) );
#592 = PCURVE('',#593,#598);
#593 = PLANE('',#594);
#594 = AXIS2_PLACEMENT_3D('',#595,#596,#597);
#595 = CARTESIAN_POINT('',(-88.3297654674,-21.12593345338,-15.));
#596 = DIRECTION('',(0.957602056589,0.288094257521,-0.));
#597 = DIRECTION('',(0.288094257521,-0.957602056589,0.));
#598 = DEFINITIONAL_REPRESENTATION('',(#599),#603);
#599 = LINE('',#600,#601);
#600 = CARTESIAN_POINT('',(0.,-24.));
#601 = VECTOR('',#602,1.);
#602 = DIRECTION('',(1.,0.));
#603 = ( GEOMETRIC_REPRESENTATION_CONTEXT(2) 
PARAMETRIC_REPRESENTATION_CONTEXT() REPRESENTATION_CONTEXT('2D SPACE',''
  ) );
#604 = ORIENTED_EDGE('',*,*,#605,.T.);
#605 = EDGE_CURVE('',#578,#606,#608,.T.);
#606 = VERTEX_POINT('',#607);
#607 = CARTESIAN_POINT('',(-81.19156053641,-40.69868584444,9.));
#608 = SURFACE_CURVE('',#609,(#613,#620),.PCURVE_S1.);
#609 = LINE('',#610,#611);
#610 = CARTESIAN_POINT('',(-85.32375490778,-31.11766990376,9.));
#611 = VECTOR('',#612,1.);
#612 = DIRECTION('',(0.396027041736,-0.918238848129,0.));
#613 = PCURVE('',#72,#614);
#614 = DEFINITIONAL_REPRESENTATION('',(#615),#619);
#615 = LINE('',#616,#617);
#616 = CARTESIAN_POINT('',(-182.168800076,-66.43716739446));
#617 = VECTOR('',#618,1.);
#618 = DIRECTION('',(0.396027041736,-0.918238848129));
#619 = ( GEOMETRIC_REPRESENTATION_CONTEXT(2) 
PARAMETRIC_REPRESENTATION_CONTEXT() REPRESENTATION_CONTEXT('2D SPACE',''
  ) );
#620 = PCURVE('',#621,#626);
#621 = PLANE('',#622);
#622 = AXIS2_PLACEMENT_3D('',#623,#624,#625);
#623 = CARTESIAN_POINT('',(-85.32375490778,-31.11766990376,-15.));
#624 = DIRECTION('',(0.918238848129,0.396027041736,-0.));
#625 = DIRECTION('',(0.396027041736,-0.918238848129,0.));
#626 = DEFINITIONAL_REPRESENTATION('',(#627),#631);
#627 = LINE('',#628,#629);
#628 = CARTESIAN_POINT('',(0.,-24.));
#629 = VECTOR('',#630,1.);
#630 = DIRECTION('',(1.,0.));
#631 = ( GEOMETRIC_REPRESENTATION_CONTEXT(2) 
PARAMETRIC_REPRESENTATION_CONTEXT() REPRESENTATION_CONTEXT('2D SPACE',''
  ) );
#632 = ORIENTED_EDGE('',*,*,#633,.T.);
#633 = EDGE_CURVE('',#606,#634,#636,.T.);
#634 = VERTEX_POINT('',#635);
#635 = CARTESIAN_POINT('',(-75.98772297229,-49.74252194339,9.));
#636 = SURFACE_CURVE('',#637,(#641,#648),.PCURVE_S1.);
#637 = LINE('',#638,#639);
#638 = CARTESIAN_POINT('',(-81.19156053641,-40.69868584444,9.));
#639 = VECTOR('',#640,1.);
#640 = DIRECTION('',(0.498732685585,-0.86675585278,0.));
#641 = PCURVE('',#72,#642);
#642 = DEFINITIONAL_REPRESENTATION('',(#643),#647);
#643 = LINE('',#644,#645);
#644 = CARTESIAN_POINT('',(-178.0366057047,-76.01818333514));
#645 = VECTOR('',#646,1.);
#646 = DIRECTION('',(0.498732685585,-0.86675585278));
#647 = ( GEOMETRIC_REPRESENTATION_CONTEXT(2) 
PARAMETRIC_REPRESENTATION_CONTEXT() REPRESENTATION_CONTEXT('2D SPACE',''
  ) );
#648 = PCURVE('',#649,#654);
#649 = PLANE('',#650);
#650 = AXIS2_PLACEMENT_3D('',#651,#652,#653);
#651 = CARTESIAN_POINT('',(-81.19156053641,-40.69868584444,-15.));
#652 = DIRECTION('',(0.86675585278,0.498732685585,-0.));
#653 = DIRECTION('',(0.498732685585,-0.86675585278,0.));
#654 = DEFINITIONAL_REPRESENTATION('',(#655),#659);
#655 = LINE('',#656,#657);
#656 = CARTESIAN_POINT('',(0.,-24.));
#657 = VECTOR('',#658,1.);
#658 = DIRECTION('',(1.,0.));
#659 = ( GEOMETRIC_REPRESENTATION_CONTEXT(2) 
PARAMETRIC_REPRESENTATION_CONTEXT() REPRESENTATION_CONTEXT('2D SPACE',''
  ) );
#660 = ORIENTED_EDGE('',*,*,#661,.T.);
#661 = EDGE_CURVE('',#634,#662,#664,.T.);
#662 = VERTEX_POINT('',#663);
#663 = CARTESIAN_POINT('',(-69.78092739729,-58.12980907741,9.));
#664 = SURFACE_CURVE('',#665,(#669,#676),.PCURVE_S1.);
#665 = LINE('',#666,#667);
#666 = CARTESIAN_POINT('',(-75.98772297229,-49.74252194339,9.));
#667 = VECTOR('',#668,1.);
#668 = DIRECTION('',(0.594855582607,-0.803832591925,0.));
#669 = PCURVE('',#72,#670);
#670 = DEFINITIONAL_REPRESENTATION('',(#671),#675);
#671 = LINE('',#672,#673);
#672 = CARTESIAN_POINT('',(-172.8327681405,-85.06201943409));
#673 = VECTOR('',#674,1.);
#674 = DIRECTION('',(0.594855582607,-0.803832591925));
#675 = ( GEOMETRIC_REPRESENTATION_CONTEXT(2) 
PARAMETRIC_REPRESENTATION_CONTEXT() REPRESENTATION_CONTEXT('2D SPACE',''
  ) );
#676 = PCURVE('',#677,#682);
#677 = PLANE('',#678);
#678 = AXIS2_PLACEMENT_3D('',#679,#680,#681);
#679 = CARTESIAN_POINT('',(-75.98772297229,-49.74252194339,-15.));
#680 = DIRECTION('',(0.803832591925,0.594855582607,-0.));
#681 = DIRECTION('',(0.594855582607,-0.803832591925,0.));
#682 = DEFINITIONAL_REPRESENTATION('',(#683),#687);
#683 = LINE('',#684,#685);
#684 = CARTESIAN_POINT('',(0.,-24.));
#685 = VECTOR('',#686,1.);
#686 = DIRECTION('',(1.,0.));
#687 = ( GEOMETRIC_REPRESENTATION_CONTEXT(2) 
PARAMETRIC_REPRESENTATION_CONTEXT() REPRESENTATION_CONTEXT('2D SPACE',''
  ) );
#688 = ORIENTED_EDGE('',*,*,#689,.T.);
#689 = EDGE_CURVE('',#662,#690,#692,.T.);
#690 = VERTEX_POINT('',#691);
#691 = CARTESIAN_POINT('',(-62.653096984,-65.74984387902,9.));
#692 = SURFACE_CURVE('',#693,(#697,#704),.PCURVE_S1.);
#693 = LINE('',#694,#695);
#694 = CARTESIAN_POINT('',(-69.78092739729,-58.12980907741,9.));
#695 = VECTOR('',#696,1.);
#696 = DIRECTION('',(0.683127011674,-0.730299586417,0.));
#697 = PCURVE('',#72,#698);
#698 = DEFINITIONAL_REPRESENTATION('',(#699),#703);
#699 = LINE('',#700,#701);
#700 = CARTESIAN_POINT('',(-166.6259725655,-93.44930656811));
#701 = VECTOR('',#702,1.);
#702 = DIRECTION('',(0.683127011674,-0.730299586417));
#703 = ( GEOMETRIC_REPRESENTATION_CONTEXT(2) 
PARAMETRIC_REPRESENTATION_CONTEXT() REPRESENTATION_CONTEXT('2D SPACE',''
  ) );
#704 = PCURVE('',#705,#710);
#705 = PLANE('',#706);
#706 = AXIS2_PLACEMENT_3D('',#707,#708,#709);
#707 = CARTESIAN_POINT('',(-69.78092739729,-58.12980907741,-15.));
#708 = DIRECTION('',(0.730299586417,0.683127011674,-0.));
#709 = DIRECTION('',(0.683127011674,-0.730299586417,0.));
#710 = DEFINITIONAL_REPRESENTATION('',(#711),#715);
#711 = LINE('',#712,#713);
#712 = CARTESIAN_POINT('',(0.,-24.));
#713 = VECTOR('',#714,1.);
#714 = DIRECTION('',(1.,0.));
#715 = ( GEOMETRIC_REPRESENTATION_CONTEXT(2) 
PARAMETRIC_REPRESENTATION_CONTEXT() REPRESENTATION_CONTEXT('2D SPACE',''
  ) );
#716 = ORIENTED_EDGE('',*,*,#717,.T.);
#717 = EDGE_CURVE('',#690,#718,#720,.T.);
#718 = VERTEX_POINT('',#719);
#719 = CARTESIAN_POINT('',(-54.69831159603,-72.50204990444,9.));
#720 = SURFACE_CURVE('',#721,(#725,#732),.PCURVE_S1.);
#721 = LINE('',#722,#723);
#722 = CARTESIAN_POINT('',(-62.653096984,-65.74984387902,9.));
#723 = VECTOR('',#724,1.);
#724 = DIRECTION('',(0.762381882776,-0.647127394579,0.));
#725 = PCURVE('',#72,#726);
#726 = DEFINITIONAL_REPRESENTATION('',(#727),#731);
#727 = LINE('',#728,#729);
#728 = CARTESIAN_POINT('',(-159.4981421522,-101.0693413697));
#729 = VECTOR('',#730,1.);
#730 = DIRECTION('',(0.762381882776,-0.647127394579));
#731 = ( GEOMETRIC_REPRESENTATION_CONTEXT(2) 
PARAMETRIC_REPRESENTATION_CONTEXT() REPRESENTATION_CONTEXT('2D SPACE',''
  ) );
#732 = PCURVE('',#733,#738);
#733 = PLANE('',#734);
#734 = AXIS2_PLACEMENT_3D('',#735,#736,#737);
#735 = CARTESIAN_POINT('',(-62.653096984,-65.74984387902,-15.));
#736 = DIRECTION('',(0.647127394579,0.762381882776,-0.));
#737 = DIRECTION('',(0.762381882776,-0.647127394579,0.));
#738 = DEFINITIONAL_REPRESENTATION('',(#739),#743);
#739 = LINE('',#740,#741);
#740 = CARTESIAN_POINT('',(0.,-24.));
#741 = VECTOR('',#742,1.);
#742 = DIRECTION('',(1.,0.));
#743 = ( GEOMETRIC_REPRESENTATION_CONTEXT(2) 
PARAMETRIC_REPRESENTATION_CONTEXT() REPRESENTATION_CONTEXT('2D SPACE',''
  ) );
#744 = ORIENTED_EDGE('',*,*,#745,.T.);
#745 = EDGE_CURVE('',#718,#746,#748,.T.);
#746 = VERTEX_POINT('',#747);
#747 = CARTESIAN_POINT('',(-46.02156603277,-78.29730513686,9.));
#748 = SURFACE_CURVE('',#749,(#753,#760),.PCURVE_S1.);
#749 = LINE('',#750,#751);
#750 = CARTESIAN_POINT('',(-54.69831159603,-72.50204990444,9.));
#751 = VECTOR('',#752,1.);
#752 = DIRECTION('',(0.831574114984,-0.555413801853,0.));
#753 = PCURVE('',#72,#754);
#754 = DEFINITIONAL_REPRESENTATION('',(#755),#759);
#755 = LINE('',#756,#757);
#756 = CARTESIAN_POINT('',(-151.5433567643,-107.8215473951));
#757 = VECTOR('',#758,1.);
#758 = DIRECTION('',(0.831574114984,-0.555413801853));
#759 = ( GEOMETRIC_REPRESENTATION_CONTEXT(2) 
PARAMETRIC_REPRESENTATION_CONTEXT() REPRESENTATION_CONTEXT('2D SPACE',''
  ) );
#760 = PCURVE('',#761,#766);
#761 = PLANE('',#762);
#762 = AXIS2_PLACEMENT_3D('',#763,#764,#765);
#763 = CARTESIAN_POINT('',(-54.69831159603,-72.50204990444,-15.));
#764 = DIRECTION('',(0.555413801853,0.831574114984,-0.));
#765 = DIRECTION('',(0.831574114984,-0.555413801853,0.));
#766 = DEFINITIONAL_REPRESENTATION('',(#767),#771);
#767 = LINE('',#768,#769);
#768 = CARTESIAN_POINT('',(0.,-24.));
#769 = VECTOR('',#770,1.);
#770 = DIRECTION('',(1.,0.));
#771 = ( GEOMETRIC_REPRESENTATION_CONTEXT(2) 
PARAMETRIC_REPRESENTATION_CONTEXT() REPRESENTATION_CONTEXT('2D SPACE',''
  ) );
#772 = ORIENTED_EDGE('',*,*,#773,.T.);
#773 = EDGE_CURVE('',#746,#774,#776,.T.);
#774 = VERTEX_POINT('',#775);
#775 = CARTESIAN_POINT('',(-36.73738420849,-83.05911830329,9.));
#776 = SURFACE_CURVE('',#777,(#781,#788),.PCURVE_S1.);
#777 = LINE('',#778,#779);
#778 = CARTESIAN_POINT('',(-46.02156603277,-78.29730513686,9.));
#779 = VECTOR('',#780,1.);
#780 = DIRECTION('',(0.889790443616,-0.456369331189,0.));
#781 = PCURVE('',#72,#782);
#782 = DEFINITIONAL_REPRESENTATION('',(#783),#787);
#783 = LINE('',#784,#785);
#784 = CARTESIAN_POINT('',(-142.866611201,-113.6168026275));
#785 = VECTOR('',#786,1.);
#786 = DIRECTION('',(0.889790443616,-0.456369331189));
#787 = ( GEOMETRIC_REPRESENTATION_CONTEXT(2) 
PARAMETRIC_REPRESENTATION_CONTEXT() REPRESENTATION_CONTEXT('2D SPACE',''
  ) );
#788 = PCURVE('',#789,#794);
#789 = PLANE('',#790);
#790 = AXIS2_PLACEMENT_3D('',#791,#792,#793);
#791 = CARTESIAN_POINT('',(-46.02156603277,-78.29730513686,-15.));
#792 = DIRECTION('',(0.456369331189,0.889790443616,-0.));
#793 = DIRECTION('',(0.889790443616,-0.456369331189,0.));
#794 = DEFINITIONAL_REPRESENTATION('',(#795),#799);
#795 = LINE('',#796,#797);
#796 = CARTESIAN_POINT('',(0.,-24.));
#797 = VECTOR('',#798,1.);
#798 = DIRECTION('',(1.,0.));
#799 = ( GEOMETRIC_REPRESENTATION_CONTEXT(2) 
PARAMETRIC_REPRESENTATION_CONTEXT() REPRESENTATION_CONTEXT('2D SPACE',''
  ) );
#800 = ORIENTED_EDGE('',*,*,#801,.T.);
#801 = EDGE_CURVE('',#774,#802,#804,.T.);
#802 = VERTEX_POINT('',#803);
#803 = CARTESIAN_POINT('',(-26.96830755713,-86.72463847896,9.));
#804 = SURFACE_CURVE('',#805,(#809,#816),.PCURVE_S1.);
#805 = LINE('',#806,#807);
#806 = CARTESIAN_POINT('',(-36.73738420849,-83.05911830329,9.));
#807 = VECTOR('',#808,1.);
#808 = DIRECTION('',(0.936262474373,-0.351301265413,0.));
#809 = PCURVE('',#72,#810);
#810 = DEFINITIONAL_REPRESENTATION('',(#811),#815);
#811 = LINE('',#812,#813);
#812 = CARTESIAN_POINT('',(-133.5824293767,-118.3786157939));
#813 = VECTOR('',#814,1.);
#814 = DIRECTION('',(0.936262474373,-0.351301265413));
#815 = ( GEOMETRIC_REPRESENTATION_CONTEXT(2) 
PARAMETRIC_REPRESENTATION_CONTEXT() REPRESENTATION_CONTEXT('2D SPACE',''
  ) );
#816 = PCURVE('',#817,#822);
#817 = PLANE('',#818);
#818 = AXIS2_PLACEMENT_3D('',#819,#820,#821);
#819 = CARTESIAN_POINT('',(-36.73738420849,-83.05911830329,-15.));
#820 = DIRECTION('',(0.351301265413,0.936262474373,-0.));
#821 = DIRECTION('',(0.936262474373,-0.351301265413,0.));
#822 = DEFINITIONAL_REPRESENTATION('',(#823),#827);
#823 = LINE('',#824,#825);
#824 = CARTESIAN_POINT('',(0.,-24.));
#825 = VECTOR('',#826,1.);
#826 = DIRECTION('',(1.,0.));
#827 = ( GEOMETRIC_REPRESENTATION_CONTEXT(2) 
PARAMETRIC_REPRESENTATION_CONTEXT() REPRESENTATION_CONTEXT('2D SPACE',''
  ) );
#828 = ORIENTED_EDGE('',*,*,#829,.T.);
#829 = EDGE_CURVE('',#802,#830,#832,.T.);
#830 = VERTEX_POINT('',#831);
#831 = CARTESIAN_POINT('',(-16.84327761428,-89.24548465335,9.));
#832 = SURFACE_CURVE('',#833,(#837,#844),.PCURVE_S1.);
#833 = LINE('',#834,#835);
#834 = CARTESIAN_POINT('',(-26.96830755713,-86.72463847896,9.));
#835 = VECTOR('',#836,1.);
#836 = DIRECTION('',(0.970376825334,-0.241596392471,0.));
#837 = PCURVE('',#72,#838);
#838 = DEFINITIONAL_REPRESENTATION('',(#839),#843);
#839 = LINE('',#840,#841);
#840 = CARTESIAN_POINT('',(-123.8133527254,-122.0441359696));
#841 = VECTOR('',#842,1.);
#842 = DIRECTION('',(0.970376825334,-0.241596392471));
#843 = ( GEOMETRIC_REPRESENTATION_CONTEXT(2) 
PARAMETRIC_REPRESENTATION_CONTEXT() REPRESENTATION_CONTEXT('2D SPACE',''
  ) );
#844 = PCURVE('',#845,#850);
#845 = PLANE('',#846);
#846 = AXIS2_PLACEMENT_3D('',#847,#848,#849);
#847 = CARTESIAN_POINT('',(-26.96830755713,-86.72463847896,-15.));
#848 = DIRECTION('',(0.241596392471,0.970376825334,-0.));
#849 = DIRECTION('',(0.970376825334,-0.241596392471,0.));
#850 = DEFINITIONAL_REPRESENTATION('',(#851),#855);
#851 = LINE('',#852,#853);
#852 = CARTESIAN_POINT('',(0.,-24.));
#853 = VECTOR('',#854,1.);
#854 = DIRECTION('',(1.,0.));
#855 = ( GEOMETRIC_REPRESENTATION_CONTEXT(2) 
PARAMETRIC_REPRESENTATION_CONTEXT() REPRESENTATION_CONTEXT('2D SPACE',''
  ) );
#856 = ORIENTED_EDGE('',*,*,#857,.T.);
#857 = EDGE_CURVE('',#830,#858,#860,.T.);
#858 = VERTEX_POINT('',#859);
#859 = CARTESIAN_POINT('',(-6.495934124572,-90.58838430865,9.));
#860 = SURFACE_CURVE('',#861,(#865,#872),.PCURVE_S1.);
#861 = LINE('',#862,#863);
#862 = CARTESIAN_POINT('',(-16.84327761428,-89.24548465335,9.));
#863 = VECTOR('',#864,1.);
#864 = DIRECTION('',(0.99168322295,-0.128702701287,0.));
#865 = PCURVE('',#72,#866);
#866 = DEFINITIONAL_REPRESENTATION('',(#867),#871);
#867 = LINE('',#868,#869);
#868 = CARTESIAN_POINT('',(-113.6883227825,-124.564982144));
#869 = VECTOR('',#870,1.);
#870 = DIRECTION('',(0.99168322295,-0.128702701287));
#871 = ( GEOMETRIC_REPRESENTATION_CONTEXT(2) 
PARAMETRIC_REPRESENTATION_CONTEXT() REPRESENTATION_CONTEXT('2D SPACE',''
  ) );
#872 = PCURVE('',#873,#878);
#873 = PLANE('',#874);
#874 = AXIS2_PLACEMENT_3D('',#875,#876,#877);
#875 = CARTESIAN_POINT('',(-16.84327761428,-89.24548465335,-15.));
#876 = DIRECTION('',(0.128702701287,0.99168322295,-0.));
#877 = DIRECTION('',(0.99168322295,-0.128702701287,0.));
#878 = DEFINITIONAL_REPRESENTATION('',(#879),#883);
#879 = LINE('',#880,#881);
#880 = CARTESIAN_POINT('',(0.,-24.));
#881 = VECTOR('',#882,1.);
#882 = DIRECTION('',(1.,0.));
#883 = ( GEOMETRIC_REPRESENTATION_CONTEXT(2) 
PARAMETRIC_REPRESENTATION_CONTEXT() REPRESENTATION_CONTEXT('2D SPACE',''
  ) );
#884 = ORIENTED_EDGE('',*,*,#885,.T.);
#885 = EDGE_CURVE('',#858,#886,#888,.T.);
#886 = VERTEX_POINT('',#887);
#887 = CARTESIAN_POINT('',(3.93714886244,-90.73561258204,9.));
#888 = SURFACE_CURVE('',#889,(#893,#900),.PCURVE_S1.);
#889 = LINE('',#890,#891);
#890 = CARTESIAN_POINT('',(-6.495934124572,-90.58838430865,9.));
#891 = VECTOR('',#892,1.);
#892 = DIRECTION('',(0.999900445187,-1.411026982979E-02,0.));
#893 = PCURVE('',#72,#894);
#894 = DEFINITIONAL_REPRESENTATION('',(#895),#899);
#895 = LINE('',#896,#897);
#896 = CARTESIAN_POINT('',(-103.3409792928,-125.9078817993));
#897 = VECTOR('',#898,1.);
#898 = DIRECTION('',(0.999900445187,-1.411026982979E-02));
#899 = ( GEOMETRIC_REPRESENTATION_CONTEXT(2) 
PARAMETRIC_REPRESENTATION_CONTEXT() REPRESENTATION_CONTEXT('2D SPACE',''
  ) );
#900 = PCURVE('',#901,#906);
#901 = PLANE('',#902);
#902 = AXIS2_PLACEMENT_3D('',#903,#904,#905);
#903 = CARTESIAN_POINT('',(-6.495934124572,-90.58838430865,-15.));
#904 = DIRECTION('',(1.411026982979E-02,0.999900445187,-0.));
#905 = DIRECTION('',(0.999900445187,-1.411026982979E-02,0.));
#906 = DEFINITIONAL_REPRESENTATION('',(#907),#911);
#907 = LINE('',#908,#909);
#908 = CARTESIAN_POINT('',(0.,-24.));
#909 = VECTOR('',#910,1.);
#910 = DIRECTION('',(1.,0.));
#911 = ( GEOMETRIC_REPRESENTATION_CONTEXT(2) 
PARAMETRIC_REPRESENTATION_CONTEXT() REPRESENTATION_CONTEXT('2D SPACE',''
  ) );
#912 = ORIENTED_EDGE('',*,*,#913,.T.);
#913 = EDGE_CURVE('',#886,#914,#916,.T.);
#914 = VERTEX_POINT('',#915);
#915 = CARTESIAN_POINT('',(14.318265626,-89.68522621517,9.));
#916 = SURFACE_CURVE('',#917,(#921,#928),.PCURVE_S1.);
#917 = LINE('',#918,#919);
#918 = CARTESIAN_POINT('',(3.93714886244,-90.73561258204,9.));
#919 = VECTOR('',#920,1.);
#920 = DIRECTION('',(0.994920033354,0.100668402346,0.));
#921 = PCURVE('',#72,#922);
#922 = DEFINITIONAL_REPRESENTATION('',(#923),#927);
#923 = LINE('',#924,#925);
#924 = CARTESIAN_POINT('',(-92.90789630585,-126.0551100727));
#925 = VECTOR('',#926,1.);
#926 = DIRECTION('',(0.994920033354,0.100668402346));
#927 = ( GEOMETRIC_REPRESENTATION_CONTEXT(2) 
PARAMETRIC_REPRESENTATION_CONTEXT() REPRESENTATION_CONTEXT('2D SPACE',''
  ) );
#928 = PCURVE('',#929,#934);
#929 = PLANE('',#930);
#930 = AXIS2_PLACEMENT_3D('',#931,#932,#933);
#931 = CARTESIAN_POINT('',(3.93714886244,-90.73561258204,-15.));
#932 = DIRECTION('',(-0.100668402346,0.994920033354,0.));
#933 = DIRECTION('',(0.994920033354,0.100668402346,0.));
#934 = DEFINITIONAL_REPRESENTATION('',(#935),#939);
#935 = LINE('',#936,#937);
#936 = CARTESIAN_POINT('',(0.,-24.));
#937 = VECTOR('',#938,1.);
#938 = DIRECTION('',(1.,0.));
#939 = ( GEOMETRIC_REPRESENTATION_CONTEXT(2) 
PARAMETRIC_REPRESENTATION_CONTEXT() REPRESENTATION_CONTEXT('2D SPACE',''
  ) );
#940 = ORIENTED_EDGE('',*,*,#941,.T.);
#941 = EDGE_CURVE('',#914,#942,#944,.T.);
#942 = VERTEX_POINT('',#943);
#943 = CARTESIAN_POINT('',(24.510396344844,-87.45108920317,9.));
#944 = SURFACE_CURVE('',#945,(#949,#956),.PCURVE_S1.);
#945 = LINE('',#946,#947);
#946 = CARTESIAN_POINT('',(14.318265626,-89.68522621517,9.));
#947 = VECTOR('',#948,1.);
#948 = DIRECTION('',(0.976807723648,0.214118357506,0.));
#949 = PCURVE('',#72,#950);
#950 = DEFINITIONAL_REPRESENTATION('',(#951),#955);
#951 = LINE('',#952,#953);
#952 = CARTESIAN_POINT('',(-82.52677954229,-125.0047237058));
#953 = VECTOR('',#954,1.);
#954 = DIRECTION('',(0.976807723648,0.214118357506));
#955 = ( GEOMETRIC_REPRESENTATION_CONTEXT(2) 
PARAMETRIC_REPRESENTATION_CONTEXT() REPRESENTATION_CONTEXT('2D SPACE',''
  ) );
#956 = PCURVE('',#957,#962);
#957 = PLANE('',#958);
#958 = AXIS2_PLACEMENT_3D('',#959,#960,#961);
#959 = CARTESIAN_POINT('',(14.318265626,-89.68522621517,-15.));
#960 = DIRECTION('',(-0.214118357506,0.976807723648,0.));
#961 = DIRECTION('',(0.976807723648,0.214118357506,0.));
#962 = DEFINITIONAL_REPRESENTATION('',(#963),#967);
#963 = LINE('',#964,#965);
#964 = CARTESIAN_POINT('',(0.,-24.));
#965 = VECTOR('',#966,1.);
#966 = DIRECTION('',(1.,0.));
#967 = ( GEOMETRIC_REPRESENTATION_CONTEXT(2) 
PARAMETRIC_REPRESENTATION_CONTEXT() REPRESENTATION_CONTEXT('2D SPACE',''
  ) );
#968 = ORIENTED_EDGE('',*,*,#969,.T.);
#969 = EDGE_CURVE('',#942,#970,#972,.T.);
#970 = VERTEX_POINT('',#971);
#971 = CARTESIAN_POINT('',(34.379015614702,-84.06268980449,9.));
#972 = SURFACE_CURVE('',#973,(#977,#984),.PCURVE_S1.);
#973 = LINE('',#974,#975);
#974 = CARTESIAN_POINT('',(24.510396344844,-87.45108920317,9.));
#975 = VECTOR('',#976,1.);
#976 = DIRECTION('',(0.945802579506,0.32474217558,0.));
#977 = PCURVE('',#72,#978);
#978 = DEFINITIONAL_REPRESENTATION('',(#979),#983);
#979 = LINE('',#980,#981);
#980 = CARTESIAN_POINT('',(-72.33464882345,-122.7705866938));
#981 = VECTOR('',#982,1.);
#982 = DIRECTION('',(0.945802579506,0.32474217558));
#983 = ( GEOMETRIC_REPRESENTATION_CONTEXT(2) 
PARAMETRIC_REPRESENTATION_CONTEXT() REPRESENTATION_CONTEXT('2D SPACE',''
  ) );
#984 = PCURVE('',#985,#990);
#985 = PLANE('',#986);
#986 = AXIS2_PLACEMENT_3D('',#987,#988,#989);
#987 = CARTESIAN_POINT('',(24.510396344844,-87.45108920317,-15.));
#988 = DIRECTION('',(-0.32474217558,0.945802579506,0.));
#989 = DIRECTION('',(0.945802579506,0.32474217558,0.));
#990 = DEFINITIONAL_REPRESENTATION('',(#991),#995);
#991 = LINE('',#992,#993);
#992 = CARTESIAN_POINT('',(0.,-24.));
#993 = VECTOR('',#994,1.);
#994 = DIRECTION('',(1.,0.));
#995 = ( GEOMETRIC_REPRESENTATION_CONTEXT(2) 
PARAMETRIC_REPRESENTATION_CONTEXT() REPRESENTATION_CONTEXT('2D SPACE',''
  ) );
#996 = ORIENTED_EDGE('',*,*,#997,.T.);
#997 = EDGE_CURVE('',#970,#998,#1000,.T.);
#998 = VERTEX_POINT('',#999);
#999 = CARTESIAN_POINT('',(43.793868042125,-79.5647513269,9.));
#1000 = SURFACE_CURVE('',#1001,(#1005,#1012),.PCURVE_S1.);
#1001 = LINE('',#1002,#1003);
#1002 = CARTESIAN_POINT('',(34.379015614702,-84.06268980449,9.));
#1003 = VECTOR('',#1004,1.);
#1004 = DIRECTION('',(0.902313836214,0.431079738536,0.));
#1005 = PCURVE('',#72,#1006);
#1006 = DEFINITIONAL_REPRESENTATION('',(#1007),#1011);
#1007 = LINE('',#1008,#1009);
#1008 = CARTESIAN_POINT('',(-62.46602955359,-119.3821872951));
#1009 = VECTOR('',#1010,1.);
#1010 = DIRECTION('',(0.902313836214,0.431079738536));
#1011 = ( GEOMETRIC_REPRESENTATION_CONTEXT(2) 
PARAMETRIC_REPRESENTATION_CONTEXT() REPRESENTATION_CONTEXT('2D SPACE',''
  ) );
#1012 = PCURVE('',#1013,#1018);
#1013 = PLANE('',#1014);
#1014 = AXIS2_PLACEMENT_3D('',#1015,#1016,#1017);
#1015 = CARTESIAN_POINT('',(34.379015614702,-84.06268980449,-15.));
#1016 = DIRECTION('',(-0.431079738536,0.902313836214,0.));
#1017 = DIRECTION('',(0.902313836214,0.431079738536,0.));
#1018 = DEFINITIONAL_REPRESENTATION('',(#1019),#1023);
#1019 = LINE('',#1020,#1021);
#1020 = CARTESIAN_POINT('',(0.,-24.));
#1021 = VECTOR('',#1022,1.);
#1022 = DIRECTION('',(1.,0.));
#1023 = ( GEOMETRIC_REPRESENTATION_CONTEXT(2) 
PARAMETRIC_REPRESENTATION_CONTEXT() REPRESENTATION_CONTEXT('2D SPACE',''
  ) );
#1024 = ORIENTED_EDGE('',*,*,#1025,.T.);
#1025 = EDGE_CURVE('',#998,#1026,#1028,.T.);
#1026 = VERTEX_POINT('',#1027);
#1027 = CARTESIAN_POINT('',(271.96876039992,46.026807243886,9.));
#1028 = SURFACE_CURVE('',#1029,(#1033,#1040),.PCURVE_S1.);
#1029 = LINE('',#1030,#1031);
#1030 = CARTESIAN_POINT('',(43.793868042125,-79.5647513269,9.));
#1031 = VECTOR('',#1032,1.);
#1032 = DIRECTION('',(0.876061248013,0.482199844183,0.));
#1033 = PCURVE('',#72,#1034);
#1034 = DEFINITIONAL_REPRESENTATION('',(#1035),#1039);
#1035 = LINE('',#1036,#1037);
#1036 = CARTESIAN_POINT('',(-53.05117712616,-114.8842488176));
#1037 = VECTOR('',#1038,1.);
#1038 = DIRECTION('',(0.876061248013,0.482199844183));
#1039 = ( GEOMETRIC_REPRESENTATION_CONTEXT(2) 
PARAMETRIC_REPRESENTATION_CONTEXT() REPRESENTATION_CONTEXT('2D SPACE',''
  ) );
#1040 = PCURVE('',#1041,#1046);
#1041 = PLANE('',#1042);
#1042 = AXIS2_PLACEMENT_3D('',#1043,#1044,#1045);
#1043 = CARTESIAN_POINT('',(43.793868042125,-79.5647513269,-15.));
#1044 = DIRECTION('',(-0.482199844183,0.876061248013,0.));
#1045 = DIRECTION('',(0.876061248013,0.482199844183,0.));
#1046 = DEFINITIONAL_REPRESENTATION('',(#1047),#1051);
#1047 = LINE('',#1048,#1049);
#1048 = CARTESIAN_POINT('',(0.,-24.));
#1049 = VECTOR('',#1050,1.);
#1050 = DIRECTION('',(1.,0.));
#1051 = ( GEOMETRIC_REPRESENTATION_CONTEXT(2) 
PARAMETRIC_REPRESENTATION_CONTEXT() REPRESENTATION_CONTEXT('2D SPACE',''
  ) );
#1052 = ORIENTED_EDGE('',*,*,#1053,.T.);
#1053 = EDGE_CURVE('',#1026,#1054,#1056,.T.);
#1054 = VERTEX_POINT('',#1055);
#1055 = CARTESIAN_POINT('',(280.37414364915,51.831732709755,9.));
#1056 = SURFACE_CURVE('',#1057,(#1061,#1068),.PCURVE_S1.);
#1057 = LINE('',#1058,#1059);
#1058 = CARTESIAN_POINT('',(271.96876039992,46.026807243886,9.));
#1059 = VECTOR('',#1060,1.);
#1060 = DIRECTION('',(0.822841583257,0.568270823519,0.));
#1061 = PCURVE('',#72,#1062);
#1062 = DEFINITIONAL_REPRESENTATION('',(#1063),#1067);
#1063 = LINE('',#1064,#1065);
#1064 = CARTESIAN_POINT('',(175.12371523162,10.707309753188));
#1065 = VECTOR('',#1066,1.);
#1066 = DIRECTION('',(0.822841583257,0.568270823519));
#1067 = ( GEOMETRIC_REPRESENTATION_CONTEXT(2) 
PARAMETRIC_REPRESENTATION_CONTEXT() REPRESENTATION_CONTEXT('2D SPACE',''
  ) );
#1068 = PCURVE('',#1069,#1074);
#1069 = PLANE('',#1070);
#1070 = AXIS2_PLACEMENT_3D('',#1071,#1072,#1073);
#1071 = CARTESIAN_POINT('',(271.96876039992,46.026807243886,-15.));
#1072 = DIRECTION('',(-0.568270823519,0.822841583257,0.));
#1073 = DIRECTION('',(0.822841583257,0.568270823519,0.));
#1074 = DEFINITIONAL_REPRESENTATION('',(#1075),#1079);
#1075 = LINE('',#1076,#1077);
#1076 = CARTESIAN_POINT('',(0.,-24.));
#1077 = VECTOR('',#1078,1.);
#1078 = DIRECTION('',(1.,0.));
#1079 = ( GEOMETRIC_REPRESENTATION_CONTEXT(2) 
PARAMETRIC_REPRESENTATION_CONTEXT() REPRESENTATION_CONTEXT('2D SPACE',''
  ) );
#1080 = ORIENTED_EDGE('',*,*,#1081,.T.);
#1081 = EDGE_CURVE('',#1054,#1082,#1084,.T.);
#1082 = VERTEX_POINT('',#1083);
#1083 = CARTESIAN_POINT('',(287.44046335417,59.208368328864,9.));
#1084 = SURFACE_CURVE('',#1085,(#1089,#1096),.PCURVE_S1.);
#1085 = LINE('',#1086,#1087);
#1086 = CARTESIAN_POINT('',(280.37414364915,51.831732709755,9.));
#1087 = VECTOR('',#1088,1.);
#1088 = DIRECTION('',(0.691754500834,0.722132751353,0.));
#1089 = PCURVE('',#72,#1090);
#1090 = DEFINITIONAL_REPRESENTATION('',(#1091),#1095);
#1091 = LINE('',#1092,#1093);
#1092 = CARTESIAN_POINT('',(183.52909848085,16.512235219057));
#1093 = VECTOR('',#1094,1.);
#1094 = DIRECTION('',(0.691754500834,0.722132751353));
#1095 = ( GEOMETRIC_REPRESENTATION_CONTEXT(2) 
PARAMETRIC_REPRESENTATION_CONTEXT() REPRESENTATION_CONTEXT('2D SPACE',''
  ) );
#1096 = PCURVE('',#1097,#1102);
#1097 = PLANE('',#1098);
#1098 = AXIS2_PLACEMENT_3D('',#1099,#1100,#1101);
#1099 = CARTESIAN_POINT('',(280.37414364915,51.831732709755,-15.));
#1100 = DIRECTION('',(-0.722132751353,0.691754500834,0.));
#1101 = DIRECTION('',(0.691754500834,0.722132751353,0.));
#1102 = DEFINITIONAL_REPRESENTATION('',(#1103),#1107);
#1103 = LINE('',#1104,#1105);
#1104 = CARTESIAN_POINT('',(0.,-24.));
#1105 = VECTOR('',#1106,1.);
#1106 = DIRECTION('',(1.,0.));
#1107 = ( GEOMETRIC_REPRESENTATION_CONTEXT(2) 
PARAMETRIC_REPRESENTATION_CONTEXT() REPRESENTATION_CONTEXT('2D SPACE',''
  ) );
#1108 = ORIENTED_EDGE('',*,*,#1109,.T.);
#1109 = EDGE_CURVE('',#1082,#1110,#1112,.T.);
#1110 = VERTEX_POINT('',#1111);
#1111 = CARTESIAN_POINT('',(292.87900865773,67.855324568591,9.));
#1112 = SURFACE_CURVE('',#1113,(#1117,#1124),.PCURVE_S1.);
#1113 = LINE('',#1114,#1115);
#1114 = CARTESIAN_POINT('',(287.44046335417,59.208368328864,9.));
#1115 = VECTOR('',#1116,1.);
#1116 = DIRECTION('',(0.532404186164,0.84649027316,0.));
#1117 = PCURVE('',#72,#1118);
#1118 = DEFINITIONAL_REPRESENTATION('',(#1119),#1123);
#1119 = LINE('',#1120,#1121);
#1120 = CARTESIAN_POINT('',(190.59541818587,23.888870838165));
#1121 = VECTOR('',#1122,1.);
#1122 = DIRECTION('',(0.532404186164,0.84649027316));
#1123 = ( GEOMETRIC_REPRESENTATION_CONTEXT(2) 
PARAMETRIC_REPRESENTATION_CONTEXT() REPRESENTATION_CONTEXT('2D SPACE',''
  ) );
#1124 = PCURVE('',#1125,#1130);
#1125 = PLANE('',#1126);
#1126 = AXIS2_PLACEMENT_3D('',#1127,#1128,#1129);
#1127 = CARTESIAN_POINT('',(287.44046335417,59.208368328864,-15.));
#1128 = DIRECTION('',(-0.84649027316,0.532404186164,0.));
#1129 = DIRECTION('',(0.532404186164,0.84649027316,0.));
#1130 = DEFINITIONAL_REPRESENTATION('',(#1131),#1135);
#1131 = LINE('',#1132,#1133);
#1132 = CARTESIAN_POINT('',(0.,-24.));
#1133 = VECTOR('',#1134,1.);
#1134 = DIRECTION('',(1.,0.));
#1135 = ( GEOMETRIC_REPRESENTATION_CONTEXT(2) 
PARAMETRIC_REPRESENTATION_CONTEXT() REPRESENTATION_CONTEXT('2D SPACE',''
  ) );
#1136 = ORIENTED_EDGE('',*,*,#1137,.T.);
#1137 = EDGE_CURVE('',#1110,#1138,#1140,.T.);
#1138 = VERTEX_POINT('',#1139);
#1139 = CARTESIAN_POINT('',(296.46757519571,77.419310005281,9.));
#1140 = SURFACE_CURVE('',#1141,(#1145,#1152),.PCURVE_S1.);
#1141 = LINE('',#1142,#1143);
#1142 = CARTESIAN_POINT('',(292.87900865773,67.855324568591,9.));
#1143 = VECTOR('',#1144,1.);
#1144 = DIRECTION('',(0.351301265413,0.936262474373,0.));
#1145 = PCURVE('',#72,#1146);
#1146 = DEFINITIONAL_REPRESENTATION('',(#1147),#1151);
#1147 = LINE('',#1148,#1149);
#1148 = CARTESIAN_POINT('',(196.03396348944,32.535827077893));
#1149 = VECTOR('',#1150,1.);
#1150 = DIRECTION('',(0.351301265413,0.936262474373));
#1151 = ( GEOMETRIC_REPRESENTATION_CONTEXT(2) 
PARAMETRIC_REPRESENTATION_CONTEXT() REPRESENTATION_CONTEXT('2D SPACE',''
  ) );
#1152 = PCURVE('',#1153,#1158);
#1153 = PLANE('',#1154);
#1154 = AXIS2_PLACEMENT_3D('',#1155,#1156,#1157);
#1155 = CARTESIAN_POINT('',(292.87900865773,67.855324568591,-15.));
#1156 = DIRECTION('',(-0.936262474373,0.351301265413,0.));
#1157 = DIRECTION('',(0.351301265413,0.936262474373,0.));
#1158 = DEFINITIONAL_REPRESENTATION('',(#1159),#1163);
#1159 = LINE('',#1160,#1161);
#1160 = CARTESIAN_POINT('',(0.,-24.));
#1161 = VECTOR('',#1162,1.);
#1162 = DIRECTION('',(1.,0.));
#1163 = ( GEOMETRIC_REPRESENTATION_CONTEXT(2) 
PARAMETRIC_REPRESENTATION_CONTEXT() REPRESENTATION_CONTEXT('2D SPACE',''
  ) );
#1164 = ORIENTED_EDGE('',*,*,#1165,.T.);
#1165 = EDGE_CURVE('',#1138,#1166,#1168,.T.);
#1166 = VERTEX_POINT('',#1167);
#1167 = CARTESIAN_POINT('',(298.05954377101,87.50956586358,9.));
#1168 = SURFACE_CURVE('',#1169,(#1173,#1180),.PCURVE_S1.);
#1169 = LINE('',#1170,#1171);
#1170 = CARTESIAN_POINT('',(296.46757519571,77.419310005281,9.));
#1171 = VECTOR('',#1172,1.);
#1172 = DIRECTION('',(0.155845117844,0.987781503797,0.));
#1173 = PCURVE('',#72,#1174);
#1174 = DEFINITIONAL_REPRESENTATION('',(#1175),#1179);
#1175 = LINE('',#1176,#1177);
#1176 = CARTESIAN_POINT('',(199.62253002742,42.099812514582));
#1177 = VECTOR('',#1178,1.);
#1178 = DIRECTION('',(0.155845117844,0.987781503797));
#1179 = ( GEOMETRIC_REPRESENTATION_CONTEXT(2) 
PARAMETRIC_REPRESENTATION_CONTEXT() REPRESENTATION_CONTEXT('2D SPACE',''
  ) );
#1180 = PCURVE('',#1181,#1186);
#1181 = PLANE('',#1182);
#1182 = AXIS2_PLACEMENT_3D('',#1183,#1184,#1185);
#1183 = CARTESIAN_POINT('',(296.46757519571,77.419310005281,-15.));
#1184 = DIRECTION('',(-0.987781503797,0.155845117844,0.));
#1185 = DIRECTION('',(0.155845117844,0.987781503797,0.));
#1186 = DEFINITIONAL_REPRESENTATION('',(#1187),#1191);
#1187 = LINE('',#1188,#1189);
#1188 = CARTESIAN_POINT('',(0.,-24.));
#1189 = VECTOR('',#1190,1.);
#1190 = DIRECTION('',(1.,0.));
#1191 = ( GEOMETRIC_REPRESENTATION_CONTEXT(2) 
PARAMETRIC_REPRESENTATION_CONTEXT() REPRESENTATION_CONTEXT('2D SPACE',''
  ) );
#1192 = ORIENTED_EDGE('',*,*,#1193,.T.);
#1193 = EDGE_CURVE('',#1166,#1194,#1196,.T.);
#1194 = VERTEX_POINT('',#1195);
#1195 = CARTESIAN_POINT('',(297.58987082047,97.713831371211,9.));
#1196 = SURFACE_CURVE('',#1197,(#1201,#1208),.PCURVE_S1.);
#1197 = LINE('',#1198,#1199);
#1198 = CARTESIAN_POINT('',(298.05954377101,87.50956586358,9.));
#1199 = VECTOR('',#1200,1.);
#1200 = DIRECTION('',(-4.597844295438E-02,0.998942432167,0.));
#1201 = PCURVE('',#72,#1202);
#1202 = DEFINITIONAL_REPRESENTATION('',(#1203),#1207);
#1203 = LINE('',#1204,#1205);
#1204 = CARTESIAN_POINT('',(201.21449860272,52.190068372882));
#1205 = VECTOR('',#1206,1.);
#1206 = DIRECTION('',(-4.597844295438E-02,0.998942432167));
#1207 = ( GEOMETRIC_REPRESENTATION_CONTEXT(2) 
PARAMETRIC_REPRESENTATION_CONTEXT() REPRESENTATION_CONTEXT('2D SPACE',''
  ) );
#1208 = PCURVE('',#1209,#1214);
#1209 = PLANE('',#1210);
#1210 = AXIS2_PLACEMENT_3D('',#1211,#1212,#1213);
#1211 = CARTESIAN_POINT('',(298.05954377101,87.50956586358,-15.));
#1212 = DIRECTION('',(-0.998942432167,-4.597844295438E-02,0.));
#1213 = DIRECTION('',(-4.597844295438E-02,0.998942432167,0.));
#1214 = DEFINITIONAL_REPRESENTATION('',(#1215),#1219);
#1215 = LINE('',#1216,#1217);
#1216 = CARTESIAN_POINT('',(0.,-24.));
#1217 = VECTOR('',#1218,1.);
#1218 = DIRECTION('',(1.,0.));
#1219 = ( GEOMETRIC_REPRESENTATION_CONTEXT(2) 
PARAMETRIC_REPRESENTATION_CONTEXT() REPRESENTATION_CONTEXT('2D SPACE',''
  ) );
#1220 = ORIENTED_EDGE('',*,*,#1221,.T.);
#1221 = EDGE_CURVE('',#1194,#1222,#1224,.T.);
#1222 = VERTEX_POINT('',#1223);
#1223 = CARTESIAN_POINT('',(295.07774592026,107.61518762762,9.));
#1224 = SURFACE_CURVE('',#1225,(#1229,#1236),.PCURVE_S1.);
#1225 = LINE('',#1226,#1227);
#1226 = CARTESIAN_POINT('',(297.58987082047,97.713831371211,9.));
#1227 = VECTOR('',#1228,1.);
#1228 = DIRECTION('',(-0.245923447979,0.969289253904,0.));
#1229 = PCURVE('',#72,#1230);
#1230 = DEFINITIONAL_REPRESENTATION('',(#1231),#1235);
#1231 = LINE('',#1232,#1233);
#1232 = CARTESIAN_POINT('',(200.74482565218,62.394333880512));
#1233 = VECTOR('',#1234,1.);
#1234 = DIRECTION('',(-0.245923447979,0.969289253904));
#1235 = ( GEOMETRIC_REPRESENTATION_CONTEXT(2) 
PARAMETRIC_REPRESENTATION_CONTEXT() REPRESENTATION_CONTEXT('2D SPACE',''
  ) );
#1236 = PCURVE('',#1237,#1242);
#1237 = PLANE('',#1238);
#1238 = AXIS2_PLACEMENT_3D('',#1239,#1240,#1241);
#1239 = CARTESIAN_POINT('',(297.58987082047,97.713831371211,-15.));
#1240 = DIRECTION('',(-0.969289253904,-0.245923447979,0.));
#1241 = DIRECTION('',(-0.245923447979,0.969289253904,0.));
#1242 = DEFINITIONAL_REPRESENTATION('',(#1243),#1247);
#1243 = LINE('',#1244,#1245);
#1244 = CARTESIAN_POINT('',(0.,-24.));
#1245 = VECTOR('',#1246,1.);
#1246 = DIRECTION('',(1.,0.));
#1247 = ( GEOMETRIC_REPRESENTATION_CONTEXT(2) 
PARAMETRIC_REPRESENTATION_CONTEXT() REPRESENTATION_CONTEXT('2D SPACE',''
  ) );
#1248 = ORIENTED_EDGE('',*,*,#1249,.T.);
#1249 = EDGE_CURVE('',#1222,#1250,#1252,.T.);
#1250 = VERTEX_POINT('',#1251);
#1251 = CARTESIAN_POINT('',(290.62580775128,116.80909179127,9.));
#1252 = SURFACE_CURVE('',#1253,(#1257,#1264),.PCURVE_S1.);
#1253 = LINE('',#1254,#1255);
#1254 = CARTESIAN_POINT('',(295.07774592026,107.61518762762,9.));
#1255 = VECTOR('',#1256,1.);
#1256 = DIRECTION('',(-0.435820680974,0.900033518285,0.));
#1257 = PCURVE('',#72,#1258);
#1258 = DEFINITIONAL_REPRESENTATION('',(#1259),#1263);
#1259 = LINE('',#1260,#1261);
#1260 = CARTESIAN_POINT('',(198.23270075196,72.295690136926));
#1261 = VECTOR('',#1262,1.);
#1262 = DIRECTION('',(-0.435820680974,0.900033518285));
#1263 = ( GEOMETRIC_REPRESENTATION_CONTEXT(2) 
PARAMETRIC_REPRESENTATION_CONTEXT() REPRESENTATION_CONTEXT('2D SPACE',''
  ) );
#1264 = PCURVE('',#1265,#1270);
#1265 = PLANE('',#1266);
#1266 = AXIS2_PLACEMENT_3D('',#1267,#1268,#1269);
#1267 = CARTESIAN_POINT('',(295.07774592026,107.61518762762,-15.));
#1268 = DIRECTION('',(-0.900033518285,-0.435820680974,0.));
#1269 = DIRECTION('',(-0.435820680974,0.900033518285,0.));
#1270 = DEFINITIONAL_REPRESENTATION('',(#1271),#1275);
#1271 = LINE('',#1272,#1273);
#1272 = CARTESIAN_POINT('',(0.,-24.));
#1273 = VECTOR('',#1274,1.);
#1274 = DIRECTION('',(1.,0.));
#1275 = ( GEOMETRIC_REPRESENTATION_CONTEXT(2) 
PARAMETRIC_REPRESENTATION_CONTEXT() REPRESENTATION_CONTEXT('2D SPACE',''
  ) );
#1276 = ORIENTED_EDGE('',*,*,#1277,.T.);
#1277 = EDGE_CURVE('',#1250,#1278,#1280,.T.);
#1278 = VERTEX_POINT('',#1279);
#1279 = CARTESIAN_POINT('',(284.4159505582,124.91990561432,9.));
#1280 = SURFACE_CURVE('',#1281,(#1285,#1292),.PCURVE_S1.);
#1281 = LINE('',#1282,#1283);
#1282 = CARTESIAN_POINT('',(290.62580775128,116.80909179127,9.));
#1283 = VECTOR('',#1284,1.);
#1284 = DIRECTION('',(-0.60791145068,0.794004828784,0.));
#1285 = PCURVE('',#72,#1286);
#1286 = DEFINITIONAL_REPRESENTATION('',(#1287),#1291);
#1287 = LINE('',#1288,#1289);
#1288 = CARTESIAN_POINT('',(193.78076258299,81.489594300572));
#1289 = VECTOR('',#1290,1.);
#1290 = DIRECTION('',(-0.60791145068,0.794004828784));
#1291 = ( GEOMETRIC_REPRESENTATION_CONTEXT(2) 
PARAMETRIC_REPRESENTATION_CONTEXT() REPRESENTATION_CONTEXT('2D SPACE',''
  ) );
#1292 = PCURVE('',#1293,#1298);
#1293 = PLANE('',#1294);
#1294 = AXIS2_PLACEMENT_3D('',#1295,#1296,#1297);
#1295 = CARTESIAN_POINT('',(290.62580775128,116.80909179127,-15.));
#1296 = DIRECTION('',(-0.794004828784,-0.60791145068,0.));
#1297 = DIRECTION('',(-0.60791145068,0.794004828784,0.));
#1298 = DEFINITIONAL_REPRESENTATION('',(#1299),#1303);
#1299 = LINE('',#1300,#1301);
#1300 = CARTESIAN_POINT('',(0.,-24.));
#1301 = VECTOR('',#1302,1.);
#1302 = DIRECTION('',(1.,0.));
#1303 = ( GEOMETRIC_REPRESENTATION_CONTEXT(2) 
PARAMETRIC_REPRESENTATION_CONTEXT() REPRESENTATION_CONTEXT('2D SPACE',''
  ) );
#1304 = ORIENTED_EDGE('',*,*,#1305,.T.);
#1305 = EDGE_CURVE('',#1278,#1306,#1308,.T.);
#1306 = VERTEX_POINT('',#1307);
#1307 = CARTESIAN_POINT('',(276.70189243876,131.61624301327,9.));
#1308 = SURFACE_CURVE('',#1309,(#1313,#1320),.PCURVE_S1.);
#1309 = LINE('',#1310,#1311);
#1310 = CARTESIAN_POINT('',(284.4159505582,124.91990561432,9.));
#1311 = VECTOR('',#1312,1.);
#1312 = DIRECTION('',(-0.755164590136,0.655535233076,0.));
#1313 = PCURVE('',#72,#1314);
#1314 = DEFINITIONAL_REPRESENTATION('',(#1315),#1319);
#1315 = LINE('',#1316,#1317);
#1316 = CARTESIAN_POINT('',(187.57090538991,89.600408123624));
#1317 = VECTOR('',#1318,1.);
#1318 = DIRECTION('',(-0.755164590136,0.655535233076));
#1319 = ( GEOMETRIC_REPRESENTATION_CONTEXT(2) 
PARAMETRIC_REPRESENTATION_CONTEXT() REPRESENTATION_CONTEXT('2D SPACE',''
  ) );
#1320 = PCURVE('',#1321,#1326);
#1321 = PLANE('',#1322);
#1322 = AXIS2_PLACEMENT_3D('',#1323,#1324,#1325);
#1323 = CARTESIAN_POINT('',(284.4159505582,124.91990561432,-15.));
#1324 = DIRECTION('',(-0.655535233076,-0.755164590136,0.));
#1325 = DIRECTION('',(-0.755164590136,0.655535233076,0.));
#1326 = DEFINITIONAL_REPRESENTATION('',(#1327),#1331);
#1327 = LINE('',#1328,#1329);
#1328 = CARTESIAN_POINT('',(0.,-24.));
#1329 = VECTOR('',#1330,1.);
#1330 = DIRECTION('',(1.,0.));
#1331 = ( GEOMETRIC_REPRESENTATION_CONTEXT(2) 
PARAMETRIC_REPRESENTATION_CONTEXT() REPRESENTATION_CONTEXT('2D SPACE',''
  ) );
#1332 = ORIENTED_EDGE('',*,*,#1333,.T.);
#1333 = EDGE_CURVE('',#1306,#1334,#1336,.T.);
#1334 = VERTEX_POINT('',#1335);
#1335 = CARTESIAN_POINT('',(267.7988091033,136.62450961485,9.));
#1336 = SURFACE_CURVE('',#1337,(#1341,#1348),.PCURVE_S1.);
#1337 = LINE('',#1338,#1339);
#1338 = CARTESIAN_POINT('',(276.70189243876,131.61624301327,9.));
#1339 = VECTOR('',#1340,1.);
#1340 = DIRECTION('',(-0.87156373129,0.490282227191,0.));
#1341 = PCURVE('',#72,#1342);
#1342 = DEFINITIONAL_REPRESENTATION('',(#1343),#1347);
#1343 = LINE('',#1344,#1345);
#1344 = CARTESIAN_POINT('',(179.85684727046,96.296745522572));
#1345 = VECTOR('',#1346,1.);
#1346 = DIRECTION('',(-0.87156373129,0.490282227191));
#1347 = ( GEOMETRIC_REPRESENTATION_CONTEXT(2) 
PARAMETRIC_REPRESENTATION_CONTEXT() REPRESENTATION_CONTEXT('2D SPACE',''
  ) );
#1348 = PCURVE('',#1349,#1354);
#1349 = PLANE('',#1350);
#1350 = AXIS2_PLACEMENT_3D('',#1351,#1352,#1353);
#1351 = CARTESIAN_POINT('',(276.70189243876,131.61624301327,-15.));
#1352 = DIRECTION('',(-0.490282227191,-0.87156373129,0.));
#1353 = DIRECTION('',(-0.87156373129,0.490282227191,0.));
#1354 = DEFINITIONAL_REPRESENTATION('',(#1355),#1359);
#1355 = LINE('',#1356,#1357);
#1356 = CARTESIAN_POINT('',(0.,-24.));
#1357 = VECTOR('',#1358,1.);
#1358 = DIRECTION('',(1.,0.));
#1359 = ( GEOMETRIC_REPRESENTATION_CONTEXT(2) 
PARAMETRIC_REPRESENTATION_CONTEXT() REPRESENTATION_CONTEXT('2D SPACE',''
  ) );
#1360 = ORIENTED_EDGE('',*,*,#1361,.T.);
#1361 = EDGE_CURVE('',#1334,#1362,#1364,.T.);
#1362 = VERTEX_POINT('',#1363);
#1363 = CARTESIAN_POINT('',(258.07045664118,139.74008108785,9.));
#1364 = SURFACE_CURVE('',#1365,(#1369,#1376),.PCURVE_S1.);
#1365 = LINE('',#1366,#1367);
#1366 = CARTESIAN_POINT('',(267.7988091033,136.62450961485,9.));
#1367 = VECTOR('',#1368,1.);
#1368 = DIRECTION('',(-0.952353117647,0.304997605413,0.));
#1369 = PCURVE('',#72,#1370);
#1370 = DEFINITIONAL_REPRESENTATION('',(#1371),#1375);
#1371 = LINE('',#1372,#1373);
#1372 = CARTESIAN_POINT('',(170.95376393501,101.30501212416));
#1373 = VECTOR('',#1374,1.);
#1374 = DIRECTION('',(-0.952353117647,0.304997605413));
#1375 = ( GEOMETRIC_REPRESENTATION_CONTEXT(2) 
PARAMETRIC_REPRESENTATION_CONTEXT() REPRESENTATION_CONTEXT('2D SPACE',''
  ) );
#1376 = PCURVE('',#1377,#1382);
#1377 = PLANE('',#1378);
#1378 = AXIS2_PLACEMENT_3D('',#1379,#1380,#1381);
#1379 = CARTESIAN_POINT('',(267.7988091033,136.62450961485,-15.));
#1380 = DIRECTION('',(-0.304997605413,-0.952353117647,0.));
#1381 = DIRECTION('',(-0.952353117647,0.304997605413,0.));
#1382 = DEFINITIONAL_REPRESENTATION('',(#1383),#1387);
#1383 = LINE('',#1384,#1385);
#1384 = CARTESIAN_POINT('',(0.,-24.));
#1385 = VECTOR('',#1386,1.);
#1386 = DIRECTION('',(1.,0.));
#1387 = ( GEOMETRIC_REPRESENTATION_CONTEXT(2) 
PARAMETRIC_REPRESENTATION_CONTEXT() REPRESENTATION_CONTEXT('2D SPACE',''
  ) );
#1388 = ORIENTED_EDGE('',*,*,#1389,.T.);
#1389 = EDGE_CURVE('',#1362,#1390,#1392,.T.);
#1390 = VERTEX_POINT('',#1391);
#1391 = CARTESIAN_POINT('',(247.91430942324,140.83566354402,9.));
#1392 = SURFACE_CURVE('',#1393,(#1397,#1404),.PCURVE_S1.);
#1393 = LINE('',#1394,#1395);
#1394 = CARTESIAN_POINT('',(258.07045664118,139.74008108785,9.));
#1395 = VECTOR('',#1396,1.);
#1396 = DIRECTION('',(-0.994231911718,0.107251600087,0.));
#1397 = PCURVE('',#72,#1398);
#1398 = DEFINITIONAL_REPRESENTATION('',(#1399),#1403);
#1399 = LINE('',#1400,#1401);
#1400 = CARTESIAN_POINT('',(161.22541147288,104.42058359716));
#1401 = VECTOR('',#1402,1.);
#1402 = DIRECTION('',(-0.994231911718,0.107251600087));
#1403 = ( GEOMETRIC_REPRESENTATION_CONTEXT(2) 
PARAMETRIC_REPRESENTATION_CONTEXT() REPRESENTATION_CONTEXT('2D SPACE',''
  ) );
#1404 = PCURVE('',#1405,#1410);
#1405 = PLANE('',#1406);
#1406 = AXIS2_PLACEMENT_3D('',#1407,#1408,#1409);
#1407 = CARTESIAN_POINT('',(258.07045664118,139.74008108785,-15.));
#1408 = DIRECTION('',(-0.107251600087,-0.994231911718,0.));
#1409 = DIRECTION('',(-0.994231911718,0.107251600087,0.));
#1410 = DEFINITIONAL_REPRESENTATION('',(#1411),#1415);
#1411 = LINE('',#1412,#1413);
#1412 = CARTESIAN_POINT('',(0.,-24.));
#1413 = VECTOR('',#1414,1.);
#1414 = DIRECTION('',(1.,0.));
#1415 = ( GEOMETRIC_REPRESENTATION_CONTEXT(2) 
PARAMETRIC_REPRESENTATION_CONTEXT() REPRESENTATION_CONTEXT('2D SPACE',''
  ) );
#1416 = ORIENTED_EDGE('',*,*,#1417,.T.);
#1417 = EDGE_CURVE('',#1390,#142,#1418,.T.);
#1418 = SURFACE_CURVE('',#1419,(#1423,#1430),.PCURVE_S1.);
#1419 = LINE('',#1420,#1421);
#1420 = CARTESIAN_POINT('',(247.91430942324,140.83566354402,9.));
#1421 = VECTOR('',#1422,1.);
#1422 = DIRECTION('',(-0.99548905838,-9.487641775705E-02,0.));
#1423 = PCURVE('',#72,#1424);
#1424 = DEFINITIONAL_REPRESENTATION('',(#1425),#1429);
#1425 = LINE('',#1426,#1427);
#1426 = CARTESIAN_POINT('',(151.06926425494,105.51616605333));
#1427 = VECTOR('',#1428,1.);
#1428 = DIRECTION('',(-0.99548905838,-9.487641775705E-02));
#1429 = ( GEOMETRIC_REPRESENTATION_CONTEXT(2) 
PARAMETRIC_REPRESENTATION_CONTEXT() REPRESENTATION_CONTEXT('2D SPACE',''
  ) );
#1430 = PCURVE('',#159,#1431);
#1431 = DEFINITIONAL_REPRESENTATION('',(#1432),#1436);
#1432 = LINE('',#1433,#1434);
#1433 = CARTESIAN_POINT('',(0.,-24.));
#1434 = VECTOR('',#1435,1.);
#1435 = DIRECTION('',(1.,0.));
#1436 = ( GEOMETRIC_REPRESENTATION_CONTEXT(2) 
PARAMETRIC_REPRESENTATION_CONTEXT() REPRESENTATION_CONTEXT('2D SPACE',''
  ) );
#1437 = ORIENTED_EDGE('',*,*,#171,.T.);
#1438 = FACE_BOUND('',#1439,.T.);
#1439 = EDGE_LOOP('',(#1440));
#1440 = ORIENTED_EDGE('',*,*,#1441,.F.);
#1441 = EDGE_CURVE('',#1442,#1442,#1444,.T.);
#1442 = VERTEX_POINT('',#1443);
#1443 = CARTESIAN_POINT('',(35.,-8.572527594031E-15,9.));
#1444 = SURFACE_CURVE('',#1445,(#1450,#1457),.PCURVE_S1.);
#1445 = CIRCLE('',#1446,35.);
#1446 = AXIS2_PLACEMENT_3D('',#1447,#1448,#1449);
#1447 = CARTESIAN_POINT('',(0.,0.,9.));
#1448 = DIRECTION('',(0.,0.,1.));
#1449 = DIRECTION('',(1.,0.,-0.));
#1450 = PCURVE('',#72,#1451);
#1451 = DEFINITIONAL_REPRESENTATION('',(#1452),#1456);
#1452 = CIRCLE('',#1453,35.);
#1453 = AXIS2_PLACEMENT_2D('',#1454,#1455);
#1454 = CARTESIAN_POINT('',(-96.84504516829,-35.31949749069));
#1455 = DIRECTION('',(1.,0.));
#1456 = ( GEOMETRIC_REPRESENTATION_CONTEXT(2) 
PARAMETRIC_REPRESENTATION_CONTEXT() REPRESENTATION_CONTEXT('2D SPACE',''
  ) );
#1457 = PCURVE('',#1458,#1463);
#1458 = CYLINDRICAL_SURFACE('',#1459,35.);
#1459 = AXIS2_PLACEMENT_3D('',#1460,#1461,#1462);
#1460 = CARTESIAN_POINT('',(0.,0.,-30.));
#1461 = DIRECTION('',(0.,0.,1.));
#1462 = DIRECTION('',(1.,0.,-0.));
#1463 = DEFINITIONAL_REPRESENTATION('',(#1464),#1468);
#1464 = LINE('',#1465,#1466);
#1465 = CARTESIAN_POINT('',(0.,39.));
#1466 = VECTOR('',#1467,1.);
#1467 = DIRECTION('',(1.,0.));
#1468 = ( GEOMETRIC_REPRESENTATION_CONTEXT(2) 
PARAMETRIC_REPRESENTATION_CONTEXT() REPRESENTATION_CONTEXT('2D SPACE',''
  ) );
#1469 = FACE_BOUND('',#1470,.T.);
#1470 = EDGE_LOOP('',(#1471));
#1471 = ORIENTED_EDGE('',*,*,#1472,.F.);
#1472 = EDGE_CURVE('',#1473,#1473,#1475,.T.);
#1473 = VERTEX_POINT('',#1474);
#1474 = CARTESIAN_POINT('',(276.6,90.3,9.));
#1475 = SURFACE_CURVE('',#1476,(#1481,#1488),.PCURVE_S1.);
#1476 = CIRCLE('',#1477,29.);
#1477 = AXIS2_PLACEMENT_3D('',#1478,#1479,#1480);
#1478 = CARTESIAN_POINT('',(247.6,90.3,9.));
#1479 = DIRECTION('',(0.,0.,1.));
#1480 = DIRECTION('',(1.,0.,-0.));
#1481 = PCURVE('',#72,#1482);
#1482 = DEFINITIONAL_REPRESENTATION('',(#1483),#1487);
#1483 = CIRCLE('',#1484,29.);
#1484 = AXIS2_PLACEMENT_2D('',#1485,#1486);
#1485 = CARTESIAN_POINT('',(150.7549548317,54.980502509301));
#1486 = DIRECTION('',(1.,0.));
#1487 = ( GEOMETRIC_REPRESENTATION_CONTEXT(2) 
PARAMETRIC_REPRESENTATION_CONTEXT() REPRESENTATION_CONTEXT('2D SPACE',''
  ) );
#1488 = PCURVE('',#1489,#1494);
#1489 = CYLINDRICAL_SURFACE('',#1490,29.);
#1490 = AXIS2_PLACEMENT_3D('',#1491,#1492,#1493);
#1491 = CARTESIAN_POINT('',(247.6,90.3,-30.));
#1492 = DIRECTION('',(0.,0.,1.));
#1493 = DIRECTION('',(1.,0.,-0.));
#1494 = DEFINITIONAL_REPRESENTATION('',(#1495),#1499);
#1495 = LINE('',#1496,#1497);
#1496 = CARTESIAN_POINT('',(0.,39.));
#1497 = VECTOR('',#1498,1.);
#1498 = DIRECTION('',(1.,0.));
#1499 = ( GEOMETRIC_REPRESENTATION_CONTEXT(2) 
PARAMETRIC_REPRESENTATION_CONTEXT() REPRESENTATION_CONTEXT('2D SPACE',''
  ) );
#1500 = ADVANCED_FACE('',(#1501),#100,.F.);
#1501 = FACE_BOUND('',#1502,.F.);
#1502 = EDGE_LOOP('',(#1503,#1504,#1505,#1528));
#1503 = ORIENTED_EDGE('',*,*,#84,.T.);
#1504 = ORIENTED_EDGE('',*,*,#218,.T.);
#1505 = ORIENTED_EDGE('',*,*,#1506,.F.);
#1506 = EDGE_CURVE('',#1507,#219,#1509,.T.);
#1507 = VERTEX_POINT('',#1508);
#1508 = CARTESIAN_POINT('',(-37.54317608415,82.698019694051,-15.));
#1509 = SURFACE_CURVE('',#1510,(#1514,#1521),.PCURVE_S1.);
#1510 = LINE('',#1511,#1512);
#1511 = CARTESIAN_POINT('',(-37.54317608415,82.698019694051,-15.));
#1512 = VECTOR('',#1513,1.);
#1513 = DIRECTION('',(0.,0.,1.));
#1514 = PCURVE('',#100,#1515);
#1515 = DEFINITIONAL_REPRESENTATION('',(#1516),#1520);
#1516 = LINE('',#1517,#1518);
#1517 = CARTESIAN_POINT('',(10.434121754052,0.));
#1518 = VECTOR('',#1519,1.);
#1519 = DIRECTION('',(0.,-1.));
#1520 = ( GEOMETRIC_REPRESENTATION_CONTEXT(2) 
PARAMETRIC_REPRESENTATION_CONTEXT() REPRESENTATION_CONTEXT('2D SPACE',''
  ) );
#1521 = PCURVE('',#257,#1522);
#1522 = DEFINITIONAL_REPRESENTATION('',(#1523),#1527);
#1523 = LINE('',#1524,#1525);
#1524 = CARTESIAN_POINT('',(0.,0.));
#1525 = VECTOR('',#1526,1.);
#1526 = DIRECTION('',(0.,-1.));
#1527 = ( GEOMETRIC_REPRESENTATION_CONTEXT(2) 
PARAMETRIC_REPRESENTATION_CONTEXT() REPRESENTATION_CONTEXT('2D SPACE',''
  ) );
#1528 = ORIENTED_EDGE('',*,*,#1529,.F.);
#1529 = EDGE_CURVE('',#85,#1507,#1530,.T.);
#1530 = SURFACE_CURVE('',#1531,(#1535,#1542),.PCURVE_S1.);
#1531 = LINE('',#1532,#1533);
#1532 = CARTESIAN_POINT('',(-27.81019854674,86.458344817573,-15.));
#1533 = VECTOR('',#1534,1.);
#1534 = DIRECTION('',(-0.932802756843,-0.360387315019,0.));
#1535 = PCURVE('',#100,#1536);
#1536 = DEFINITIONAL_REPRESENTATION('',(#1537),#1541);
#1537 = LINE('',#1538,#1539);
#1538 = CARTESIAN_POINT('',(0.,0.));
#1539 = VECTOR('',#1540,1.);
#1540 = DIRECTION('',(1.,0.));
#1541 = ( GEOMETRIC_REPRESENTATION_CONTEXT(2) 
PARAMETRIC_REPRESENTATION_CONTEXT() REPRESENTATION_CONTEXT('2D SPACE',''
  ) );
#1542 = PCURVE('',#126,#1543);
#1543 = DEFINITIONAL_REPRESENTATION('',(#1544),#1548);
#1544 = LINE('',#1545,#1546);
#1545 = CARTESIAN_POINT('',(-124.655243715,51.138847326874));
#1546 = VECTOR('',#1547,1.);
#1547 = DIRECTION('',(-0.932802756843,-0.360387315019));
#1548 = ( GEOMETRIC_REPRESENTATION_CONTEXT(2) 
PARAMETRIC_REPRESENTATION_CONTEXT() REPRESENTATION_CONTEXT('2D SPACE',''
  ) );
#1549 = ADVANCED_FACE('',(#1550,#2542,#2573),#126,.F.);
#1550 = FACE_BOUND('',#1551,.F.);
#1551 = EDGE_LOOP('',(#1552,#1553,#1554,#1577,#1600,#1623,#1646,#1669,
    #1692,#1715,#1738,#1761,#1784,#1807,#1830,#1853,#1876,#1899,#1922,
    #1945,#1968,#1991,#2014,#2037,#2060,#2083,#2106,#2129,#2152,#2175,
    #2198,#2221,#2244,#2267,#2290,#2313,#2336,#2359,#2382,#2405,#2428,
    #2451,#2474,#2497,#2520,#2541));
#1552 = ORIENTED_EDGE('',*,*,#112,.T.);
#1553 = ORIENTED_EDGE('',*,*,#1529,.T.);
#1554 = ORIENTED_EDGE('',*,*,#1555,.T.);
#1555 = EDGE_CURVE('',#1507,#1556,#1558,.T.);
#1556 = VERTEX_POINT('',#1557);
#1557 = CARTESIAN_POINT('',(-46.78062318935,77.84616770156,-15.));
#1558 = SURFACE_CURVE('',#1559,(#1563,#1570),.PCURVE_S1.);
#1559 = LINE('',#1560,#1561);
#1560 = CARTESIAN_POINT('',(-37.54317608415,82.698019694051,-15.));
#1561 = VECTOR('',#1562,1.);
#1562 = DIRECTION('',(-0.885311416039,-0.464998598527,0.));
#1563 = PCURVE('',#126,#1564);
#1564 = DEFINITIONAL_REPRESENTATION('',(#1565),#1569);
#1565 = LINE('',#1566,#1567);
#1566 = CARTESIAN_POINT('',(-134.3882212524,47.378522203353));
#1567 = VECTOR('',#1568,1.);
#1568 = DIRECTION('',(-0.885311416039,-0.464998598527));
#1569 = ( GEOMETRIC_REPRESENTATION_CONTEXT(2) 
PARAMETRIC_REPRESENTATION_CONTEXT() REPRESENTATION_CONTEXT('2D SPACE',''
  ) );
#1570 = PCURVE('',#257,#1571);
#1571 = DEFINITIONAL_REPRESENTATION('',(#1572),#1576);
#1572 = LINE('',#1573,#1574);
#1573 = CARTESIAN_POINT('',(0.,0.));
#1574 = VECTOR('',#1575,1.);
#1575 = DIRECTION('',(1.,0.));
#1576 = ( GEOMETRIC_REPRESENTATION_CONTEXT(2) 
PARAMETRIC_REPRESENTATION_CONTEXT() REPRESENTATION_CONTEXT('2D SPACE',''
  ) );
#1577 = ORIENTED_EDGE('',*,*,#1578,.T.);
#1578 = EDGE_CURVE('',#1556,#1579,#1581,.T.);
#1579 = VERTEX_POINT('',#1580);
#1580 = CARTESIAN_POINT('',(-55.40061527752,71.966828182681,-15.));
#1581 = SURFACE_CURVE('',#1582,(#1586,#1593),.PCURVE_S1.);
#1582 = LINE('',#1583,#1584);
#1583 = CARTESIAN_POINT('',(-46.78062318935,77.84616770156,-15.));
#1584 = VECTOR('',#1585,1.);
#1585 = DIRECTION('',(-0.826134895812,-0.563472389672,0.));
#1586 = PCURVE('',#126,#1587);
#1587 = DEFINITIONAL_REPRESENTATION('',(#1588),#1592);
#1588 = LINE('',#1589,#1590);
#1589 = CARTESIAN_POINT('',(-143.6256683576,42.526670210861));
#1590 = VECTOR('',#1591,1.);
#1591 = DIRECTION('',(-0.826134895812,-0.563472389672));
#1592 = ( GEOMETRIC_REPRESENTATION_CONTEXT(2) 
PARAMETRIC_REPRESENTATION_CONTEXT() REPRESENTATION_CONTEXT('2D SPACE',''
  ) );
#1593 = PCURVE('',#285,#1594);
#1594 = DEFINITIONAL_REPRESENTATION('',(#1595),#1599);
#1595 = LINE('',#1596,#1597);
#1596 = CARTESIAN_POINT('',(0.,0.));
#1597 = VECTOR('',#1598,1.);
#1598 = DIRECTION('',(1.,0.));
#1599 = ( GEOMETRIC_REPRESENTATION_CONTEXT(2) 
PARAMETRIC_REPRESENTATION_CONTEXT() REPRESENTATION_CONTEXT('2D SPACE',''
  ) );
#1600 = ORIENTED_EDGE('',*,*,#1601,.T.);
#1601 = EDGE_CURVE('',#1579,#1602,#1604,.T.);
#1602 = VERTEX_POINT('',#1603);
#1603 = CARTESIAN_POINT('',(-63.28937752056,65.137602234519,-15.));
#1604 = SURFACE_CURVE('',#1605,(#1609,#1616),.PCURVE_S1.);
#1605 = LINE('',#1606,#1607);
#1606 = CARTESIAN_POINT('',(-55.40061527752,71.966828182681,-15.));
#1607 = VECTOR('',#1608,1.);
#1608 = DIRECTION('',(-0.756054263981,-0.654508937996,0.));
#1609 = PCURVE('',#126,#1610);
#1610 = DEFINITIONAL_REPRESENTATION('',(#1611),#1615);
#1611 = LINE('',#1612,#1613);
#1612 = CARTESIAN_POINT('',(-152.2456604458,36.647330691982));
#1613 = VECTOR('',#1614,1.);
#1614 = DIRECTION('',(-0.756054263981,-0.654508937996));
#1615 = ( GEOMETRIC_REPRESENTATION_CONTEXT(2) 
PARAMETRIC_REPRESENTATION_CONTEXT() REPRESENTATION_CONTEXT('2D SPACE',''
  ) );
#1616 = PCURVE('',#313,#1617);
#1617 = DEFINITIONAL_REPRESENTATION('',(#1618),#1622);
#1618 = LINE('',#1619,#1620);
#1619 = CARTESIAN_POINT('',(0.,0.));
#1620 = VECTOR('',#1621,1.);
#1621 = DIRECTION('',(1.,0.));
#1622 = ( GEOMETRIC_REPRESENTATION_CONTEXT(2) 
PARAMETRIC_REPRESENTATION_CONTEXT() REPRESENTATION_CONTEXT('2D SPACE',''
  ) );
#1623 = ORIENTED_EDGE('',*,*,#1624,.T.);
#1624 = EDGE_CURVE('',#1602,#1625,#1627,.T.);
#1625 = VERTEX_POINT('',#1626);
#1626 = CARTESIAN_POINT('',(-70.34278655516,57.448628455849,-15.));
#1627 = SURFACE_CURVE('',#1628,(#1632,#1639),.PCURVE_S1.);
#1628 = LINE('',#1629,#1630);
#1629 = CARTESIAN_POINT('',(-63.28937752056,65.137602234519,-15.));
#1630 = VECTOR('',#1631,1.);
#1631 = DIRECTION('',(-0.675994511168,-0.736906656824,0.));
#1632 = PCURVE('',#126,#1633);
#1633 = DEFINITIONAL_REPRESENTATION('',(#1634),#1638);
#1634 = LINE('',#1635,#1636);
#1635 = CARTESIAN_POINT('',(-160.1344226888,29.81810474382));
#1636 = VECTOR('',#1637,1.);
#1637 = DIRECTION('',(-0.675994511168,-0.736906656824));
#1638 = ( GEOMETRIC_REPRESENTATION_CONTEXT(2) 
PARAMETRIC_REPRESENTATION_CONTEXT() REPRESENTATION_CONTEXT('2D SPACE',''
  ) );
#1639 = PCURVE('',#341,#1640);
#1640 = DEFINITIONAL_REPRESENTATION('',(#1641),#1645);
#1641 = LINE('',#1642,#1643);
#1642 = CARTESIAN_POINT('',(0.,0.));
#1643 = VECTOR('',#1644,1.);
#1644 = DIRECTION('',(1.,0.));
#1645 = ( GEOMETRIC_REPRESENTATION_CONTEXT(2) 
PARAMETRIC_REPRESENTATION_CONTEXT() REPRESENTATION_CONTEXT('2D SPACE',''
  ) );
#1646 = ORIENTED_EDGE('',*,*,#1647,.T.);
#1647 = EDGE_CURVE('',#1625,#1648,#1650,.T.);
#1648 = VERTEX_POINT('',#1649);
#1649 = CARTESIAN_POINT('',(-76.46774480161,49.00139321243,-15.));
#1650 = SURFACE_CURVE('',#1651,(#1655,#1662),.PCURVE_S1.);
#1651 = LINE('',#1652,#1653);
#1652 = CARTESIAN_POINT('',(-70.34278655516,57.448628455849,-15.));
#1653 = VECTOR('',#1654,1.);
#1654 = DIRECTION('',(-0.587012341893,-0.809577982942,0.));
#1655 = PCURVE('',#126,#1656);
#1656 = DEFINITIONAL_REPRESENTATION('',(#1657),#1661);
#1657 = LINE('',#1658,#1659);
#1658 = CARTESIAN_POINT('',(-167.1878317234,22.12913096515));
#1659 = VECTOR('',#1660,1.);
#1660 = DIRECTION('',(-0.587012341893,-0.809577982942));
#1661 = ( GEOMETRIC_REPRESENTATION_CONTEXT(2) 
PARAMETRIC_REPRESENTATION_CONTEXT() REPRESENTATION_CONTEXT('2D SPACE',''
  ) );
#1662 = PCURVE('',#369,#1663);
#1663 = DEFINITIONAL_REPRESENTATION('',(#1664),#1668);
#1664 = LINE('',#1665,#1666);
#1665 = CARTESIAN_POINT('',(0.,0.));
#1666 = VECTOR('',#1667,1.);
#1667 = DIRECTION('',(1.,0.));
#1668 = ( GEOMETRIC_REPRESENTATION_CONTEXT(2) 
PARAMETRIC_REPRESENTATION_CONTEXT() REPRESENTATION_CONTEXT('2D SPACE',''
  ) );
#1669 = ORIENTED_EDGE('',*,*,#1670,.T.);
#1670 = EDGE_CURVE('',#1648,#1671,#1673,.T.);
#1671 = VERTEX_POINT('',#1672);
#1672 = CARTESIAN_POINT('',(-81.58340925397,39.907391123733,-15.));
#1673 = SURFACE_CURVE('',#1674,(#1678,#1685),.PCURVE_S1.);
#1674 = LINE('',#1675,#1676);
#1675 = CARTESIAN_POINT('',(-76.46774480161,49.00139321243,-15.));
#1676 = VECTOR('',#1677,1.);
#1677 = DIRECTION('',(-0.490282227191,-0.87156373129,0.));
#1678 = PCURVE('',#126,#1679);
#1679 = DEFINITIONAL_REPRESENTATION('',(#1680),#1684);
#1680 = LINE('',#1681,#1682);
#1681 = CARTESIAN_POINT('',(-173.3127899699,13.681895721732));
#1682 = VECTOR('',#1683,1.);
#1683 = DIRECTION('',(-0.490282227191,-0.87156373129));
#1684 = ( GEOMETRIC_REPRESENTATION_CONTEXT(2) 
PARAMETRIC_REPRESENTATION_CONTEXT() REPRESENTATION_CONTEXT('2D SPACE',''
  ) );
#1685 = PCURVE('',#397,#1686);
#1686 = DEFINITIONAL_REPRESENTATION('',(#1687),#1691);
#1687 = LINE('',#1688,#1689);
#1688 = CARTESIAN_POINT('',(0.,0.));
#1689 = VECTOR('',#1690,1.);
#1690 = DIRECTION('',(1.,0.));
#1691 = ( GEOMETRIC_REPRESENTATION_CONTEXT(2) 
PARAMETRIC_REPRESENTATION_CONTEXT() REPRESENTATION_CONTEXT('2D SPACE',''
  ) );
#1692 = ORIENTED_EDGE('',*,*,#1693,.T.);
#1693 = EDGE_CURVE('',#1671,#1694,#1696,.T.);
#1694 = VERTEX_POINT('',#1695);
#1695 = CARTESIAN_POINT('',(-85.62225852269,30.286653451243,-15.));
#1696 = SURFACE_CURVE('',#1697,(#1701,#1708),.PCURVE_S1.);
#1697 = LINE('',#1698,#1699);
#1698 = CARTESIAN_POINT('',(-81.58340925397,39.907391123733,-15.));
#1699 = VECTOR('',#1700,1.);
#1700 = DIRECTION('',(-0.387080902823,-0.922045755193,0.));
#1701 = PCURVE('',#126,#1702);
#1702 = DEFINITIONAL_REPRESENTATION('',(#1703),#1707);
#1703 = LINE('',#1704,#1705);
#1704 = CARTESIAN_POINT('',(-178.4284544222,4.587893633034));
#1705 = VECTOR('',#1706,1.);
#1706 = DIRECTION('',(-0.387080902823,-0.922045755193));
#1707 = ( GEOMETRIC_REPRESENTATION_CONTEXT(2) 
PARAMETRIC_REPRESENTATION_CONTEXT() REPRESENTATION_CONTEXT('2D SPACE',''
  ) );
#1708 = PCURVE('',#425,#1709);
#1709 = DEFINITIONAL_REPRESENTATION('',(#1710),#1714);
#1710 = LINE('',#1711,#1712);
#1711 = CARTESIAN_POINT('',(0.,0.));
#1712 = VECTOR('',#1713,1.);
#1713 = DIRECTION('',(1.,0.));
#1714 = ( GEOMETRIC_REPRESENTATION_CONTEXT(2) 
PARAMETRIC_REPRESENTATION_CONTEXT() REPRESENTATION_CONTEXT('2D SPACE',''
  ) );
#1715 = ORIENTED_EDGE('',*,*,#1716,.T.);
#1716 = EDGE_CURVE('',#1694,#1717,#1719,.T.);
#1717 = VERTEX_POINT('',#1718);
#1718 = CARTESIAN_POINT('',(-88.53098404595,20.266163812073,-15.));
#1719 = SURFACE_CURVE('',#1720,(#1724,#1731),.PCURVE_S1.);
#1720 = LINE('',#1721,#1722);
#1721 = CARTESIAN_POINT('',(-85.62225852269,30.286653451243,-15.));
#1722 = VECTOR('',#1723,1.);
#1723 = DIRECTION('',(-0.278770517713,-0.960357745038,0.));
#1724 = PCURVE('',#126,#1725);
#1725 = DEFINITIONAL_REPRESENTATION('',(#1726),#1730);
#1726 = LINE('',#1727,#1728);
#1727 = CARTESIAN_POINT('',(-182.4673036909,-5.032844039456));
#1728 = VECTOR('',#1729,1.);
#1729 = DIRECTION('',(-0.278770517713,-0.960357745038));
#1730 = ( GEOMETRIC_REPRESENTATION_CONTEXT(2) 
PARAMETRIC_REPRESENTATION_CONTEXT() REPRESENTATION_CONTEXT('2D SPACE',''
  ) );
#1731 = PCURVE('',#453,#1732);
#1732 = DEFINITIONAL_REPRESENTATION('',(#1733),#1737);
#1733 = LINE('',#1734,#1735);
#1734 = CARTESIAN_POINT('',(0.,0.));
#1735 = VECTOR('',#1736,1.);
#1736 = DIRECTION('',(1.,0.));
#1737 = ( GEOMETRIC_REPRESENTATION_CONTEXT(2) 
PARAMETRIC_REPRESENTATION_CONTEXT() REPRESENTATION_CONTEXT('2D SPACE',''
  ) );
#1738 = ORIENTED_EDGE('',*,*,#1739,.T.);
#1739 = EDGE_CURVE('',#1717,#1740,#1742,.T.);
#1740 = VERTEX_POINT('',#1741);
#1741 = CARTESIAN_POINT('',(-90.27119370656,9.978182128793,-15.));
#1742 = SURFACE_CURVE('',#1743,(#1747,#1754),.PCURVE_S1.);
#1743 = LINE('',#1744,#1745);
#1744 = CARTESIAN_POINT('',(-88.53098404595,20.266163812073,-15.));
#1745 = VECTOR('',#1746,1.);
#1746 = DIRECTION('',(-0.166780655011,-0.985994022859,0.));
#1747 = PCURVE('',#126,#1748);
#1748 = DEFINITIONAL_REPRESENTATION('',(#1749),#1753);
#1749 = LINE('',#1750,#1751);
#1750 = CARTESIAN_POINT('',(-185.3760292142,-15.05333367862));
#1751 = VECTOR('',#1752,1.);
#1752 = DIRECTION('',(-0.166780655011,-0.985994022859));
#1753 = ( GEOMETRIC_REPRESENTATION_CONTEXT(2) 
PARAMETRIC_REPRESENTATION_CONTEXT() REPRESENTATION_CONTEXT('2D SPACE',''
  ) );
#1754 = PCURVE('',#481,#1755);
#1755 = DEFINITIONAL_REPRESENTATION('',(#1756),#1760);
#1756 = LINE('',#1757,#1758);
#1757 = CARTESIAN_POINT('',(0.,0.));
#1758 = VECTOR('',#1759,1.);
#1759 = DIRECTION('',(1.,0.));
#1760 = ( GEOMETRIC_REPRESENTATION_CONTEXT(2) 
PARAMETRIC_REPRESENTATION_CONTEXT() REPRESENTATION_CONTEXT('2D SPACE',''
  ) );
#1761 = ORIENTED_EDGE('',*,*,#1762,.T.);
#1762 = EDGE_CURVE('',#1740,#1763,#1765,.T.);
#1763 = VERTEX_POINT('',#1764);
#1764 = CARTESIAN_POINT('',(-90.81991856754,-0.441501062423,-15.));
#1765 = SURFACE_CURVE('',#1766,(#1770,#1777),.PCURVE_S1.);
#1766 = LINE('',#1767,#1768);
#1767 = CARTESIAN_POINT('',(-90.27119370656,9.978182128793,-15.));
#1768 = VECTOR('',#1769,1.);
#1769 = DIRECTION('',(-5.258946310134E-02,-0.998616216757,0.));
#1770 = PCURVE('',#126,#1771);
#1771 = DEFINITIONAL_REPRESENTATION('',(#1772),#1776);
#1772 = LINE('',#1773,#1774);
#1773 = CARTESIAN_POINT('',(-187.1162388748,-25.3413153619));
#1774 = VECTOR('',#1775,1.);
#1775 = DIRECTION('',(-5.258946310134E-02,-0.998616216757));
#1776 = ( GEOMETRIC_REPRESENTATION_CONTEXT(2) 
PARAMETRIC_REPRESENTATION_CONTEXT() REPRESENTATION_CONTEXT('2D SPACE',''
  ) );
#1777 = PCURVE('',#509,#1778);
#1778 = DEFINITIONAL_REPRESENTATION('',(#1779),#1783);
#1779 = LINE('',#1780,#1781);
#1780 = CARTESIAN_POINT('',(0.,0.));
#1781 = VECTOR('',#1782,1.);
#1782 = DIRECTION('',(1.,0.));
#1783 = ( GEOMETRIC_REPRESENTATION_CONTEXT(2) 
PARAMETRIC_REPRESENTATION_CONTEXT() REPRESENTATION_CONTEXT('2D SPACE',''
  ) );
#1784 = ORIENTED_EDGE('',*,*,#1785,.T.);
#1785 = EDGE_CURVE('',#1763,#1786,#1788,.T.);
#1786 = VERTEX_POINT('',#1787);
#1787 = CARTESIAN_POINT('',(-90.16991603794,-10.85535690403,-15.));
#1788 = SURFACE_CURVE('',#1789,(#1793,#1800),.PCURVE_S1.);
#1789 = LINE('',#1790,#1791);
#1790 = CARTESIAN_POINT('',(-90.81991856754,-0.441501062423,-15.));
#1791 = VECTOR('',#1792,1.);
#1792 = DIRECTION('',(6.229585440192E-02,-0.99805772705,0.));
#1793 = PCURVE('',#126,#1794);
#1794 = DEFINITIONAL_REPRESENTATION('',(#1795),#1799);
#1795 = LINE('',#1796,#1797);
#1796 = CARTESIAN_POINT('',(-187.6649637358,-35.76099855312));
#1797 = VECTOR('',#1798,1.);
#1798 = DIRECTION('',(6.229585440192E-02,-0.99805772705));
#1799 = ( GEOMETRIC_REPRESENTATION_CONTEXT(2) 
PARAMETRIC_REPRESENTATION_CONTEXT() REPRESENTATION_CONTEXT('2D SPACE',''
  ) );
#1800 = PCURVE('',#537,#1801);
#1801 = DEFINITIONAL_REPRESENTATION('',(#1802),#1806);
#1802 = LINE('',#1803,#1804);
#1803 = CARTESIAN_POINT('',(0.,0.));
#1804 = VECTOR('',#1805,1.);
#1805 = DIRECTION('',(1.,0.));
#1806 = ( GEOMETRIC_REPRESENTATION_CONTEXT(2) 
PARAMETRIC_REPRESENTATION_CONTEXT() REPRESENTATION_CONTEXT('2D SPACE',''
  ) );
#1807 = ORIENTED_EDGE('',*,*,#1808,.T.);
#1808 = EDGE_CURVE('',#1786,#1809,#1811,.T.);
#1809 = VERTEX_POINT('',#1810);
#1810 = CARTESIAN_POINT('',(-88.3297654674,-21.12593345338,-15.));
#1811 = SURFACE_CURVE('',#1812,(#1816,#1823),.PCURVE_S1.);
#1812 = LINE('',#1813,#1814);
#1813 = CARTESIAN_POINT('',(-90.16991603794,-10.85535690403,-15.));
#1814 = VECTOR('',#1815,1.);
#1815 = DIRECTION('',(0.176358932157,-0.984325925214,0.));
#1816 = PCURVE('',#126,#1817);
#1817 = DEFINITIONAL_REPRESENTATION('',(#1818),#1822);
#1818 = LINE('',#1819,#1820);
#1819 = CARTESIAN_POINT('',(-187.0149612062,-46.17485439473));
#1820 = VECTOR('',#1821,1.);
#1821 = DIRECTION('',(0.176358932157,-0.984325925214));
#1822 = ( GEOMETRIC_REPRESENTATION_CONTEXT(2) 
PARAMETRIC_REPRESENTATION_CONTEXT() REPRESENTATION_CONTEXT('2D SPACE',''
  ) );
#1823 = PCURVE('',#565,#1824);
#1824 = DEFINITIONAL_REPRESENTATION('',(#1825),#1829);
#1825 = LINE('',#1826,#1827);
#1826 = CARTESIAN_POINT('',(0.,0.));
#1827 = VECTOR('',#1828,1.);
#1828 = DIRECTION('',(1.,0.));
#1829 = ( GEOMETRIC_REPRESENTATION_CONTEXT(2) 
PARAMETRIC_REPRESENTATION_CONTEXT() REPRESENTATION_CONTEXT('2D SPACE',''
  ) );
#1830 = ORIENTED_EDGE('',*,*,#1831,.T.);
#1831 = EDGE_CURVE('',#1809,#1832,#1834,.T.);
#1832 = VERTEX_POINT('',#1833);
#1833 = CARTESIAN_POINT('',(-85.32375490778,-31.11766990376,-15.));
#1834 = SURFACE_CURVE('',#1835,(#1839,#1846),.PCURVE_S1.);
#1835 = LINE('',#1836,#1837);
#1836 = CARTESIAN_POINT('',(-88.3297654674,-21.12593345338,-15.));
#1837 = VECTOR('',#1838,1.);
#1838 = DIRECTION('',(0.288094257521,-0.957602056589,0.));
#1839 = PCURVE('',#126,#1840);
#1840 = DEFINITIONAL_REPRESENTATION('',(#1841),#1845);
#1841 = LINE('',#1842,#1843);
#1842 = CARTESIAN_POINT('',(-185.1748106356,-56.44543094408));
#1843 = VECTOR('',#1844,1.);
#1844 = DIRECTION('',(0.288094257521,-0.957602056589));
#1845 = ( GEOMETRIC_REPRESENTATION_CONTEXT(2) 
PARAMETRIC_REPRESENTATION_CONTEXT() REPRESENTATION_CONTEXT('2D SPACE',''
  ) );
#1846 = PCURVE('',#593,#1847);
#1847 = DEFINITIONAL_REPRESENTATION('',(#1848),#1852);
#1848 = LINE('',#1849,#1850);
#1849 = CARTESIAN_POINT('',(0.,0.));
#1850 = VECTOR('',#1851,1.);
#1851 = DIRECTION('',(1.,0.));
#1852 = ( GEOMETRIC_REPRESENTATION_CONTEXT(2) 
PARAMETRIC_REPRESENTATION_CONTEXT() REPRESENTATION_CONTEXT('2D SPACE',''
  ) );
#1853 = ORIENTED_EDGE('',*,*,#1854,.T.);
#1854 = EDGE_CURVE('',#1832,#1855,#1857,.T.);
#1855 = VERTEX_POINT('',#1856);
#1856 = CARTESIAN_POINT('',(-81.19156053641,-40.69868584444,-15.));
#1857 = SURFACE_CURVE('',#1858,(#1862,#1869),.PCURVE_S1.);
#1858 = LINE('',#1859,#1860);
#1859 = CARTESIAN_POINT('',(-85.32375490778,-31.11766990376,-15.));
#1860 = VECTOR('',#1861,1.);
#1861 = DIRECTION('',(0.396027041736,-0.918238848129,0.));
#1862 = PCURVE('',#126,#1863);
#1863 = DEFINITIONAL_REPRESENTATION('',(#1864),#1868);
#1864 = LINE('',#1865,#1866);
#1865 = CARTESIAN_POINT('',(-182.168800076,-66.43716739446));
#1866 = VECTOR('',#1867,1.);
#1867 = DIRECTION('',(0.396027041736,-0.918238848129));
#1868 = ( GEOMETRIC_REPRESENTATION_CONTEXT(2) 
PARAMETRIC_REPRESENTATION_CONTEXT() REPRESENTATION_CONTEXT('2D SPACE',''
  ) );
#1869 = PCURVE('',#621,#1870);
#1870 = DEFINITIONAL_REPRESENTATION('',(#1871),#1875);
#1871 = LINE('',#1872,#1873);
#1872 = CARTESIAN_POINT('',(0.,0.));
#1873 = VECTOR('',#1874,1.);
#1874 = DIRECTION('',(1.,0.));
#1875 = ( GEOMETRIC_REPRESENTATION_CONTEXT(2) 
PARAMETRIC_REPRESENTATION_CONTEXT() REPRESENTATION_CONTEXT('2D SPACE',''
  ) );
#1876 = ORIENTED_EDGE('',*,*,#1877,.T.);
#1877 = EDGE_CURVE('',#1855,#1878,#1880,.T.);
#1878 = VERTEX_POINT('',#1879);
#1879 = CARTESIAN_POINT('',(-75.98772297229,-49.74252194339,-15.));
#1880 = SURFACE_CURVE('',#1881,(#1885,#1892),.PCURVE_S1.);
#1881 = LINE('',#1882,#1883);
#1882 = CARTESIAN_POINT('',(-81.19156053641,-40.69868584444,-15.));
#1883 = VECTOR('',#1884,1.);
#1884 = DIRECTION('',(0.498732685585,-0.86675585278,0.));
#1885 = PCURVE('',#126,#1886);
#1886 = DEFINITIONAL_REPRESENTATION('',(#1887),#1891);
#1887 = LINE('',#1888,#1889);
#1888 = CARTESIAN_POINT('',(-178.0366057047,-76.01818333514));
#1889 = VECTOR('',#1890,1.);
#1890 = DIRECTION('',(0.498732685585,-0.86675585278));
#1891 = ( GEOMETRIC_REPRESENTATION_CONTEXT(2) 
PARAMETRIC_REPRESENTATION_CONTEXT() REPRESENTATION_CONTEXT('2D SPACE',''
  ) );
#1892 = PCURVE('',#649,#1893);
#1893 = DEFINITIONAL_REPRESENTATION('',(#1894),#1898);
#1894 = LINE('',#1895,#1896);
#1895 = CARTESIAN_POINT('',(0.,0.));
#1896 = VECTOR('',#1897,1.);
#1897 = DIRECTION('',(1.,0.));
#1898 = ( GEOMETRIC_REPRESENTATION_CONTEXT(2) 
PARAMETRIC_REPRESENTATION_CONTEXT() REPRESENTATION_CONTEXT('2D SPACE',''
  ) );
#1899 = ORIENTED_EDGE('',*,*,#1900,.T.);
#1900 = EDGE_CURVE('',#1878,#1901,#1903,.T.);
#1901 = VERTEX_POINT('',#1902);
#1902 = CARTESIAN_POINT('',(-69.78092739729,-58.12980907741,-15.));
#1903 = SURFACE_CURVE('',#1904,(#1908,#1915),.PCURVE_S1.);
#1904 = LINE('',#1905,#1906);
#1905 = CARTESIAN_POINT('',(-75.98772297229,-49.74252194339,-15.));
#1906 = VECTOR('',#1907,1.);
#1907 = DIRECTION('',(0.594855582607,-0.803832591925,0.));
#1908 = PCURVE('',#126,#1909);
#1909 = DEFINITIONAL_REPRESENTATION('',(#1910),#1914);
#1910 = LINE('',#1911,#1912);
#1911 = CARTESIAN_POINT('',(-172.8327681405,-85.06201943409));
#1912 = VECTOR('',#1913,1.);
#1913 = DIRECTION('',(0.594855582607,-0.803832591925));
#1914 = ( GEOMETRIC_REPRESENTATION_CONTEXT(2) 
PARAMETRIC_REPRESENTATION_CONTEXT() REPRESENTATION_CONTEXT('2D SPACE',''
  ) );
#1915 = PCURVE('',#677,#1916);
#1916 = DEFINITIONAL_REPRESENTATION('',(#1917),#1921);
#1917 = LINE('',#1918,#1919);
#1918 = CARTESIAN_POINT('',(0.,0.));
#1919 = VECTOR('',#1920,1.);
#1920 = DIRECTION('',(1.,0.));
#1921 = ( GEOMETRIC_REPRESENTATION_CONTEXT(2) 
PARAMETRIC_REPRESENTATION_CONTEXT() REPRESENTATION_CONTEXT('2D SPACE',''
  ) );
#1922 = ORIENTED_EDGE('',*,*,#1923,.T.);
#1923 = EDGE_CURVE('',#1901,#1924,#1926,.T.);
#1924 = VERTEX_POINT('',#1925);
#1925 = CARTESIAN_POINT('',(-62.653096984,-65.74984387902,-15.));
#1926 = SURFACE_CURVE('',#1927,(#1931,#1938),.PCURVE_S1.);
#1927 = LINE('',#1928,#1929);
#1928 = CARTESIAN_POINT('',(-69.78092739729,-58.12980907741,-15.));
#1929 = VECTOR('',#1930,1.);
#1930 = DIRECTION('',(0.683127011674,-0.730299586417,0.));
#1931 = PCURVE('',#126,#1932);
#1932 = DEFINITIONAL_REPRESENTATION('',(#1933),#1937);
#1933 = LINE('',#1934,#1935);
#1934 = CARTESIAN_POINT('',(-166.6259725655,-93.44930656811));
#1935 = VECTOR('',#1936,1.);
#1936 = DIRECTION('',(0.683127011674,-0.730299586417));
#1937 = ( GEOMETRIC_REPRESENTATION_CONTEXT(2) 
PARAMETRIC_REPRESENTATION_CONTEXT() REPRESENTATION_CONTEXT('2D SPACE',''
  ) );
#1938 = PCURVE('',#705,#1939);
#1939 = DEFINITIONAL_REPRESENTATION('',(#1940),#1944);
#1940 = LINE('',#1941,#1942);
#1941 = CARTESIAN_POINT('',(0.,0.));
#1942 = VECTOR('',#1943,1.);
#1943 = DIRECTION('',(1.,0.));
#1944 = ( GEOMETRIC_REPRESENTATION_CONTEXT(2) 
PARAMETRIC_REPRESENTATION_CONTEXT() REPRESENTATION_CONTEXT('2D SPACE',''
  ) );
#1945 = ORIENTED_EDGE('',*,*,#1946,.T.);
#1946 = EDGE_CURVE('',#1924,#1947,#1949,.T.);
#1947 = VERTEX_POINT('',#1948);
#1948 = CARTESIAN_POINT('',(-54.69831159603,-72.50204990444,-15.));
#1949 = SURFACE_CURVE('',#1950,(#1954,#1961),.PCURVE_S1.);
#1950 = LINE('',#1951,#1952);
#1951 = CARTESIAN_POINT('',(-62.653096984,-65.74984387902,-15.));
#1952 = VECTOR('',#1953,1.);
#1953 = DIRECTION('',(0.762381882776,-0.647127394579,0.));
#1954 = PCURVE('',#126,#1955);
#1955 = DEFINITIONAL_REPRESENTATION('',(#1956),#1960);
#1956 = LINE('',#1957,#1958);
#1957 = CARTESIAN_POINT('',(-159.4981421522,-101.0693413697));
#1958 = VECTOR('',#1959,1.);
#1959 = DIRECTION('',(0.762381882776,-0.647127394579));
#1960 = ( GEOMETRIC_REPRESENTATION_CONTEXT(2) 
PARAMETRIC_REPRESENTATION_CONTEXT() REPRESENTATION_CONTEXT('2D SPACE',''
  ) );
#1961 = PCURVE('',#733,#1962);
#1962 = DEFINITIONAL_REPRESENTATION('',(#1963),#1967);
#1963 = LINE('',#1964,#1965);
#1964 = CARTESIAN_POINT('',(0.,0.));
#1965 = VECTOR('',#1966,1.);
#1966 = DIRECTION('',(1.,0.));
#1967 = ( GEOMETRIC_REPRESENTATION_CONTEXT(2) 
PARAMETRIC_REPRESENTATION_CONTEXT() REPRESENTATION_CONTEXT('2D SPACE',''
  ) );
#1968 = ORIENTED_EDGE('',*,*,#1969,.T.);
#1969 = EDGE_CURVE('',#1947,#1970,#1972,.T.);
#1970 = VERTEX_POINT('',#1971);
#1971 = CARTESIAN_POINT('',(-46.02156603277,-78.29730513686,-15.));
#1972 = SURFACE_CURVE('',#1973,(#1977,#1984),.PCURVE_S1.);
#1973 = LINE('',#1974,#1975);
#1974 = CARTESIAN_POINT('',(-54.69831159603,-72.50204990444,-15.));
#1975 = VECTOR('',#1976,1.);
#1976 = DIRECTION('',(0.831574114984,-0.555413801853,0.));
#1977 = PCURVE('',#126,#1978);
#1978 = DEFINITIONAL_REPRESENTATION('',(#1979),#1983);
#1979 = LINE('',#1980,#1981);
#1980 = CARTESIAN_POINT('',(-151.5433567643,-107.8215473951));
#1981 = VECTOR('',#1982,1.);
#1982 = DIRECTION('',(0.831574114984,-0.555413801853));
#1983 = ( GEOMETRIC_REPRESENTATION_CONTEXT(2) 
PARAMETRIC_REPRESENTATION_CONTEXT() REPRESENTATION_CONTEXT('2D SPACE',''
  ) );
#1984 = PCURVE('',#761,#1985);
#1985 = DEFINITIONAL_REPRESENTATION('',(#1986),#1990);
#1986 = LINE('',#1987,#1988);
#1987 = CARTESIAN_POINT('',(0.,0.));
#1988 = VECTOR('',#1989,1.);
#1989 = DIRECTION('',(1.,0.));
#1990 = ( GEOMETRIC_REPRESENTATION_CONTEXT(2) 
PARAMETRIC_REPRESENTATION_CONTEXT() REPRESENTATION_CONTEXT('2D SPACE',''
  ) );
#1991 = ORIENTED_EDGE('',*,*,#1992,.T.);
#1992 = EDGE_CURVE('',#1970,#1993,#1995,.T.);
#1993 = VERTEX_POINT('',#1994);
#1994 = CARTESIAN_POINT('',(-36.73738420849,-83.05911830329,-15.));
#1995 = SURFACE_CURVE('',#1996,(#2000,#2007),.PCURVE_S1.);
#1996 = LINE('',#1997,#1998);
#1997 = CARTESIAN_POINT('',(-46.02156603277,-78.29730513686,-15.));
#1998 = VECTOR('',#1999,1.);
#1999 = DIRECTION('',(0.889790443616,-0.456369331189,0.));
#2000 = PCURVE('',#126,#2001);
#2001 = DEFINITIONAL_REPRESENTATION('',(#2002),#2006);
#2002 = LINE('',#2003,#2004);
#2003 = CARTESIAN_POINT('',(-142.866611201,-113.6168026275));
#2004 = VECTOR('',#2005,1.);
#2005 = DIRECTION('',(0.889790443616,-0.456369331189));
#2006 = ( GEOMETRIC_REPRESENTATION_CONTEXT(2) 
PARAMETRIC_REPRESENTATION_CONTEXT() REPRESENTATION_CONTEXT('2D SPACE',''
  ) );
#2007 = PCURVE('',#789,#2008);
#2008 = DEFINITIONAL_REPRESENTATION('',(#2009),#2013);
#2009 = LINE('',#2010,#2011);
#2010 = CARTESIAN_POINT('',(0.,0.));
#2011 = VECTOR('',#2012,1.);
#2012 = DIRECTION('',(1.,0.));
#2013 = ( GEOMETRIC_REPRESENTATION_CONTEXT(2) 
PARAMETRIC_REPRESENTATION_CONTEXT() REPRESENTATION_CONTEXT('2D SPACE',''
  ) );
#2014 = ORIENTED_EDGE('',*,*,#2015,.T.);
#2015 = EDGE_CURVE('',#1993,#2016,#2018,.T.);
#2016 = VERTEX_POINT('',#2017);
#2017 = CARTESIAN_POINT('',(-26.96830755713,-86.72463847896,-15.));
#2018 = SURFACE_CURVE('',#2019,(#2023,#2030),.PCURVE_S1.);
#2019 = LINE('',#2020,#2021);
#2020 = CARTESIAN_POINT('',(-36.73738420849,-83.05911830329,-15.));
#2021 = VECTOR('',#2022,1.);
#2022 = DIRECTION('',(0.936262474373,-0.351301265413,0.));
#2023 = PCURVE('',#126,#2024);
#2024 = DEFINITIONAL_REPRESENTATION('',(#2025),#2029);
#2025 = LINE('',#2026,#2027);
#2026 = CARTESIAN_POINT('',(-133.5824293767,-118.3786157939));
#2027 = VECTOR('',#2028,1.);
#2028 = DIRECTION('',(0.936262474373,-0.351301265413));
#2029 = ( GEOMETRIC_REPRESENTATION_CONTEXT(2) 
PARAMETRIC_REPRESENTATION_CONTEXT() REPRESENTATION_CONTEXT('2D SPACE',''
  ) );
#2030 = PCURVE('',#817,#2031);
#2031 = DEFINITIONAL_REPRESENTATION('',(#2032),#2036);
#2032 = LINE('',#2033,#2034);
#2033 = CARTESIAN_POINT('',(0.,0.));
#2034 = VECTOR('',#2035,1.);
#2035 = DIRECTION('',(1.,0.));
#2036 = ( GEOMETRIC_REPRESENTATION_CONTEXT(2) 
PARAMETRIC_REPRESENTATION_CONTEXT() REPRESENTATION_CONTEXT('2D SPACE',''
  ) );
#2037 = ORIENTED_EDGE('',*,*,#2038,.T.);
#2038 = EDGE_CURVE('',#2016,#2039,#2041,.T.);
#2039 = VERTEX_POINT('',#2040);
#2040 = CARTESIAN_POINT('',(-16.84327761428,-89.24548465335,-15.));
#2041 = SURFACE_CURVE('',#2042,(#2046,#2053),.PCURVE_S1.);
#2042 = LINE('',#2043,#2044);
#2043 = CARTESIAN_POINT('',(-26.96830755713,-86.72463847896,-15.));
#2044 = VECTOR('',#2045,1.);
#2045 = DIRECTION('',(0.970376825334,-0.241596392471,0.));
#2046 = PCURVE('',#126,#2047);
#2047 = DEFINITIONAL_REPRESENTATION('',(#2048),#2052);
#2048 = LINE('',#2049,#2050);
#2049 = CARTESIAN_POINT('',(-123.8133527254,-122.0441359696));
#2050 = VECTOR('',#2051,1.);
#2051 = DIRECTION('',(0.970376825334,-0.241596392471));
#2052 = ( GEOMETRIC_REPRESENTATION_CONTEXT(2) 
PARAMETRIC_REPRESENTATION_CONTEXT() REPRESENTATION_CONTEXT('2D SPACE',''
  ) );
#2053 = PCURVE('',#845,#2054);
#2054 = DEFINITIONAL_REPRESENTATION('',(#2055),#2059);
#2055 = LINE('',#2056,#2057);
#2056 = CARTESIAN_POINT('',(0.,0.));
#2057 = VECTOR('',#2058,1.);
#2058 = DIRECTION('',(1.,0.));
#2059 = ( GEOMETRIC_REPRESENTATION_CONTEXT(2) 
PARAMETRIC_REPRESENTATION_CONTEXT() REPRESENTATION_CONTEXT('2D SPACE',''
  ) );
#2060 = ORIENTED_EDGE('',*,*,#2061,.T.);
#2061 = EDGE_CURVE('',#2039,#2062,#2064,.T.);
#2062 = VERTEX_POINT('',#2063);
#2063 = CARTESIAN_POINT('',(-6.495934124572,-90.58838430865,-15.));
#2064 = SURFACE_CURVE('',#2065,(#2069,#2076),.PCURVE_S1.);
#2065 = LINE('',#2066,#2067);
#2066 = CARTESIAN_POINT('',(-16.84327761428,-89.24548465335,-15.));
#2067 = VECTOR('',#2068,1.);
#2068 = DIRECTION('',(0.99168322295,-0.128702701287,0.));
#2069 = PCURVE('',#126,#2070);
#2070 = DEFINITIONAL_REPRESENTATION('',(#2071),#2075);
#2071 = LINE('',#2072,#2073);
#2072 = CARTESIAN_POINT('',(-113.6883227825,-124.564982144));
#2073 = VECTOR('',#2074,1.);
#2074 = DIRECTION('',(0.99168322295,-0.128702701287));
#2075 = ( GEOMETRIC_REPRESENTATION_CONTEXT(2) 
PARAMETRIC_REPRESENTATION_CONTEXT() REPRESENTATION_CONTEXT('2D SPACE',''
  ) );
#2076 = PCURVE('',#873,#2077);
#2077 = DEFINITIONAL_REPRESENTATION('',(#2078),#2082);
#2078 = LINE('',#2079,#2080);
#2079 = CARTESIAN_POINT('',(0.,0.));
#2080 = VECTOR('',#2081,1.);
#2081 = DIRECTION('',(1.,0.));
#2082 = ( GEOMETRIC_REPRESENTATION_CONTEXT(2) 
PARAMETRIC_REPRESENTATION_CONTEXT() REPRESENTATION_CONTEXT('2D SPACE',''
  ) );
#2083 = ORIENTED_EDGE('',*,*,#2084,.T.);
#2084 = EDGE_CURVE('',#2062,#2085,#2087,.T.);
#2085 = VERTEX_POINT('',#2086);
#2086 = CARTESIAN_POINT('',(3.93714886244,-90.73561258204,-15.));
#2087 = SURFACE_CURVE('',#2088,(#2092,#2099),.PCURVE_S1.);
#2088 = LINE('',#2089,#2090);
#2089 = CARTESIAN_POINT('',(-6.495934124572,-90.58838430865,-15.));
#2090 = VECTOR('',#2091,1.);
#2091 = DIRECTION('',(0.999900445187,-1.411026982979E-02,0.));
#2092 = PCURVE('',#126,#2093);
#2093 = DEFINITIONAL_REPRESENTATION('',(#2094),#2098);
#2094 = LINE('',#2095,#2096);
#2095 = CARTESIAN_POINT('',(-103.3409792928,-125.9078817993));
#2096 = VECTOR('',#2097,1.);
#2097 = DIRECTION('',(0.999900445187,-1.411026982979E-02));
#2098 = ( GEOMETRIC_REPRESENTATION_CONTEXT(2) 
PARAMETRIC_REPRESENTATION_CONTEXT() REPRESENTATION_CONTEXT('2D SPACE',''
  ) );
#2099 = PCURVE('',#901,#2100);
#2100 = DEFINITIONAL_REPRESENTATION('',(#2101),#2105);
#2101 = LINE('',#2102,#2103);
#2102 = CARTESIAN_POINT('',(0.,0.));
#2103 = VECTOR('',#2104,1.);
#2104 = DIRECTION('',(1.,0.));
#2105 = ( GEOMETRIC_REPRESENTATION_CONTEXT(2) 
PARAMETRIC_REPRESENTATION_CONTEXT() REPRESENTATION_CONTEXT('2D SPACE',''
  ) );
#2106 = ORIENTED_EDGE('',*,*,#2107,.T.);
#2107 = EDGE_CURVE('',#2085,#2108,#2110,.T.);
#2108 = VERTEX_POINT('',#2109);
#2109 = CARTESIAN_POINT('',(14.318265626,-89.68522621517,-15.));
#2110 = SURFACE_CURVE('',#2111,(#2115,#2122),.PCURVE_S1.);
#2111 = LINE('',#2112,#2113);
#2112 = CARTESIAN_POINT('',(3.93714886244,-90.73561258204,-15.));
#2113 = VECTOR('',#2114,1.);
#2114 = DIRECTION('',(0.994920033354,0.100668402346,0.));
#2115 = PCURVE('',#126,#2116);
#2116 = DEFINITIONAL_REPRESENTATION('',(#2117),#2121);
#2117 = LINE('',#2118,#2119);
#2118 = CARTESIAN_POINT('',(-92.90789630585,-126.0551100727));
#2119 = VECTOR('',#2120,1.);
#2120 = DIRECTION('',(0.994920033354,0.100668402346));
#2121 = ( GEOMETRIC_REPRESENTATION_CONTEXT(2) 
PARAMETRIC_REPRESENTATION_CONTEXT() REPRESENTATION_CONTEXT('2D SPACE',''
  ) );
#2122 = PCURVE('',#929,#2123);
#2123 = DEFINITIONAL_REPRESENTATION('',(#2124),#2128);
#2124 = LINE('',#2125,#2126);
#2125 = CARTESIAN_POINT('',(0.,0.));
#2126 = VECTOR('',#2127,1.);
#2127 = DIRECTION('',(1.,0.));
#2128 = ( GEOMETRIC_REPRESENTATION_CONTEXT(2) 
PARAMETRIC_REPRESENTATION_CONTEXT() REPRESENTATION_CONTEXT('2D SPACE',''
  ) );
#2129 = ORIENTED_EDGE('',*,*,#2130,.T.);
#2130 = EDGE_CURVE('',#2108,#2131,#2133,.T.);
#2131 = VERTEX_POINT('',#2132);
#2132 = CARTESIAN_POINT('',(24.510396344844,-87.45108920317,-15.));
#2133 = SURFACE_CURVE('',#2134,(#2138,#2145),.PCURVE_S1.);
#2134 = LINE('',#2135,#2136);
#2135 = CARTESIAN_POINT('',(14.318265626,-89.68522621517,-15.));
#2136 = VECTOR('',#2137,1.);
#2137 = DIRECTION('',(0.976807723648,0.214118357506,0.));
#2138 = PCURVE('',#126,#2139);
#2139 = DEFINITIONAL_REPRESENTATION('',(#2140),#2144);
#2140 = LINE('',#2141,#2142);
#2141 = CARTESIAN_POINT('',(-82.52677954229,-125.0047237058));
#2142 = VECTOR('',#2143,1.);
#2143 = DIRECTION('',(0.976807723648,0.214118357506));
#2144 = ( GEOMETRIC_REPRESENTATION_CONTEXT(2) 
PARAMETRIC_REPRESENTATION_CONTEXT() REPRESENTATION_CONTEXT('2D SPACE',''
  ) );
#2145 = PCURVE('',#957,#2146);
#2146 = DEFINITIONAL_REPRESENTATION('',(#2147),#2151);
#2147 = LINE('',#2148,#2149);
#2148 = CARTESIAN_POINT('',(0.,0.));
#2149 = VECTOR('',#2150,1.);
#2150 = DIRECTION('',(1.,0.));
#2151 = ( GEOMETRIC_REPRESENTATION_CONTEXT(2) 
PARAMETRIC_REPRESENTATION_CONTEXT() REPRESENTATION_CONTEXT('2D SPACE',''
  ) );
#2152 = ORIENTED_EDGE('',*,*,#2153,.T.);
#2153 = EDGE_CURVE('',#2131,#2154,#2156,.T.);
#2154 = VERTEX_POINT('',#2155);
#2155 = CARTESIAN_POINT('',(34.379015614702,-84.06268980449,-15.));
#2156 = SURFACE_CURVE('',#2157,(#2161,#2168),.PCURVE_S1.);
#2157 = LINE('',#2158,#2159);
#2158 = CARTESIAN_POINT('',(24.510396344844,-87.45108920317,-15.));
#2159 = VECTOR('',#2160,1.);
#2160 = DIRECTION('',(0.945802579506,0.32474217558,0.));
#2161 = PCURVE('',#126,#2162);
#2162 = DEFINITIONAL_REPRESENTATION('',(#2163),#2167);
#2163 = LINE('',#2164,#2165);
#2164 = CARTESIAN_POINT('',(-72.33464882345,-122.7705866938));
#2165 = VECTOR('',#2166,1.);
#2166 = DIRECTION('',(0.945802579506,0.32474217558));
#2167 = ( GEOMETRIC_REPRESENTATION_CONTEXT(2) 
PARAMETRIC_REPRESENTATION_CONTEXT() REPRESENTATION_CONTEXT('2D SPACE',''
  ) );
#2168 = PCURVE('',#985,#2169);
#2169 = DEFINITIONAL_REPRESENTATION('',(#2170),#2174);
#2170 = LINE('',#2171,#2172);
#2171 = CARTESIAN_POINT('',(0.,0.));
#2172 = VECTOR('',#2173,1.);
#2173 = DIRECTION('',(1.,0.));
#2174 = ( GEOMETRIC_REPRESENTATION_CONTEXT(2) 
PARAMETRIC_REPRESENTATION_CONTEXT() REPRESENTATION_CONTEXT('2D SPACE',''
  ) );
#2175 = ORIENTED_EDGE('',*,*,#2176,.T.);
#2176 = EDGE_CURVE('',#2154,#2177,#2179,.T.);
#2177 = VERTEX_POINT('',#2178);
#2178 = CARTESIAN_POINT('',(43.793868042125,-79.5647513269,-15.));
#2179 = SURFACE_CURVE('',#2180,(#2184,#2191),.PCURVE_S1.);
#2180 = LINE('',#2181,#2182);
#2181 = CARTESIAN_POINT('',(34.379015614702,-84.06268980449,-15.));
#2182 = VECTOR('',#2183,1.);
#2183 = DIRECTION('',(0.902313836214,0.431079738536,0.));
#2184 = PCURVE('',#126,#2185);
#2185 = DEFINITIONAL_REPRESENTATION('',(#2186),#2190);
#2186 = LINE('',#2187,#2188);
#2187 = CARTESIAN_POINT('',(-62.46602955359,-119.3821872951));
#2188 = VECTOR('',#2189,1.);
#2189 = DIRECTION('',(0.902313836214,0.431079738536));
#2190 = ( GEOMETRIC_REPRESENTATION_CONTEXT(2) 
PARAMETRIC_REPRESENTATION_CONTEXT() REPRESENTATION_CONTEXT('2D SPACE',''
  ) );
#2191 = PCURVE('',#1013,#2192);
#2192 = DEFINITIONAL_REPRESENTATION('',(#2193),#2197);
#2193 = LINE('',#2194,#2195);
#2194 = CARTESIAN_POINT('',(0.,0.));
#2195 = VECTOR('',#2196,1.);
#2196 = DIRECTION('',(1.,0.));
#2197 = ( GEOMETRIC_REPRESENTATION_CONTEXT(2) 
PARAMETRIC_REPRESENTATION_CONTEXT() REPRESENTATION_CONTEXT('2D SPACE',''
  ) );
#2198 = ORIENTED_EDGE('',*,*,#2199,.T.);
#2199 = EDGE_CURVE('',#2177,#2200,#2202,.T.);
#2200 = VERTEX_POINT('',#2201);
#2201 = CARTESIAN_POINT('',(271.96876039992,46.026807243886,-15.));
#2202 = SURFACE_CURVE('',#2203,(#2207,#2214),.PCURVE_S1.);
#2203 = LINE('',#2204,#2205);
#2204 = CARTESIAN_POINT('',(43.793868042125,-79.5647513269,-15.));
#2205 = VECTOR('',#2206,1.);
#2206 = DIRECTION('',(0.876061248013,0.482199844183,0.));
#2207 = PCURVE('',#126,#2208);
#2208 = DEFINITIONAL_REPRESENTATION('',(#2209),#2213);
#2209 = LINE('',#2210,#2211);
#2210 = CARTESIAN_POINT('',(-53.05117712616,-114.8842488176));
#2211 = VECTOR('',#2212,1.);
#2212 = DIRECTION('',(0.876061248013,0.482199844183));
#2213 = ( GEOMETRIC_REPRESENTATION_CONTEXT(2) 
PARAMETRIC_REPRESENTATION_CONTEXT() REPRESENTATION_CONTEXT('2D SPACE',''
  ) );
#2214 = PCURVE('',#1041,#2215);
#2215 = DEFINITIONAL_REPRESENTATION('',(#2216),#2220);
#2216 = LINE('',#2217,#2218);
#2217 = CARTESIAN_POINT('',(0.,0.));
#2218 = VECTOR('',#2219,1.);
#2219 = DIRECTION('',(1.,0.));
#2220 = ( GEOMETRIC_REPRESENTATION_CONTEXT(2) 
PARAMETRIC_REPRESENTATION_CONTEXT() REPRESENTATION_CONTEXT('2D SPACE',''
  ) );
#2221 = ORIENTED_EDGE('',*,*,#2222,.T.);
#2222 = EDGE_CURVE('',#2200,#2223,#2225,.T.);
#2223 = VERTEX_POINT('',#2224);
#2224 = CARTESIAN_POINT('',(280.37414364915,51.831732709755,-15.));
#2225 = SURFACE_CURVE('',#2226,(#2230,#2237),.PCURVE_S1.);
#2226 = LINE('',#2227,#2228);
#2227 = CARTESIAN_POINT('',(271.96876039992,46.026807243886,-15.));
#2228 = VECTOR('',#2229,1.);
#2229 = DIRECTION('',(0.822841583257,0.568270823519,0.));
#2230 = PCURVE('',#126,#2231);
#2231 = DEFINITIONAL_REPRESENTATION('',(#2232),#2236);
#2232 = LINE('',#2233,#2234);
#2233 = CARTESIAN_POINT('',(175.12371523162,10.707309753188));
#2234 = VECTOR('',#2235,1.);
#2235 = DIRECTION('',(0.822841583257,0.568270823519));
#2236 = ( GEOMETRIC_REPRESENTATION_CONTEXT(2) 
PARAMETRIC_REPRESENTATION_CONTEXT() REPRESENTATION_CONTEXT('2D SPACE',''
  ) );
#2237 = PCURVE('',#1069,#2238);
#2238 = DEFINITIONAL_REPRESENTATION('',(#2239),#2243);
#2239 = LINE('',#2240,#2241);
#2240 = CARTESIAN_POINT('',(0.,0.));
#2241 = VECTOR('',#2242,1.);
#2242 = DIRECTION('',(1.,0.));
#2243 = ( GEOMETRIC_REPRESENTATION_CONTEXT(2) 
PARAMETRIC_REPRESENTATION_CONTEXT() REPRESENTATION_CONTEXT('2D SPACE',''
  ) );
#2244 = ORIENTED_EDGE('',*,*,#2245,.T.);
#2245 = EDGE_CURVE('',#2223,#2246,#2248,.T.);
#2246 = VERTEX_POINT('',#2247);
#2247 = CARTESIAN_POINT('',(287.44046335417,59.208368328864,-15.));
#2248 = SURFACE_CURVE('',#2249,(#2253,#2260),.PCURVE_S1.);
#2249 = LINE('',#2250,#2251);
#2250 = CARTESIAN_POINT('',(280.37414364915,51.831732709755,-15.));
#2251 = VECTOR('',#2252,1.);
#2252 = DIRECTION('',(0.691754500834,0.722132751353,0.));
#2253 = PCURVE('',#126,#2254);
#2254 = DEFINITIONAL_REPRESENTATION('',(#2255),#2259);
#2255 = LINE('',#2256,#2257);
#2256 = CARTESIAN_POINT('',(183.52909848085,16.512235219057));
#2257 = VECTOR('',#2258,1.);
#2258 = DIRECTION('',(0.691754500834,0.722132751353));
#2259 = ( GEOMETRIC_REPRESENTATION_CONTEXT(2) 
PARAMETRIC_REPRESENTATION_CONTEXT() REPRESENTATION_CONTEXT('2D SPACE',''
  ) );
#2260 = PCURVE('',#1097,#2261);
#2261 = DEFINITIONAL_REPRESENTATION('',(#2262),#2266);
#2262 = LINE('',#2263,#2264);
#2263 = CARTESIAN_POINT('',(0.,0.));
#2264 = VECTOR('',#2265,1.);
#2265 = DIRECTION('',(1.,0.));
#2266 = ( GEOMETRIC_REPRESENTATION_CONTEXT(2) 
PARAMETRIC_REPRESENTATION_CONTEXT() REPRESENTATION_CONTEXT('2D SPACE',''
  ) );
#2267 = ORIENTED_EDGE('',*,*,#2268,.T.);
#2268 = EDGE_CURVE('',#2246,#2269,#2271,.T.);
#2269 = VERTEX_POINT('',#2270);
#2270 = CARTESIAN_POINT('',(292.87900865773,67.855324568591,-15.));
#2271 = SURFACE_CURVE('',#2272,(#2276,#2283),.PCURVE_S1.);
#2272 = LINE('',#2273,#2274);
#2273 = CARTESIAN_POINT('',(287.44046335417,59.208368328864,-15.));
#2274 = VECTOR('',#2275,1.);
#2275 = DIRECTION('',(0.532404186164,0.84649027316,0.));
#2276 = PCURVE('',#126,#2277);
#2277 = DEFINITIONAL_REPRESENTATION('',(#2278),#2282);
#2278 = LINE('',#2279,#2280);
#2279 = CARTESIAN_POINT('',(190.59541818587,23.888870838165));
#2280 = VECTOR('',#2281,1.);
#2281 = DIRECTION('',(0.532404186164,0.84649027316));
#2282 = ( GEOMETRIC_REPRESENTATION_CONTEXT(2) 
PARAMETRIC_REPRESENTATION_CONTEXT() REPRESENTATION_CONTEXT('2D SPACE',''
  ) );
#2283 = PCURVE('',#1125,#2284);
#2284 = DEFINITIONAL_REPRESENTATION('',(#2285),#2289);
#2285 = LINE('',#2286,#2287);
#2286 = CARTESIAN_POINT('',(0.,0.));
#2287 = VECTOR('',#2288,1.);
#2288 = DIRECTION('',(1.,0.));
#2289 = ( GEOMETRIC_REPRESENTATION_CONTEXT(2) 
PARAMETRIC_REPRESENTATION_CONTEXT() REPRESENTATION_CONTEXT('2D SPACE',''
  ) );
#2290 = ORIENTED_EDGE('',*,*,#2291,.T.);
#2291 = EDGE_CURVE('',#2269,#2292,#2294,.T.);
#2292 = VERTEX_POINT('',#2293);
#2293 = CARTESIAN_POINT('',(296.46757519571,77.419310005281,-15.));
#2294 = SURFACE_CURVE('',#2295,(#2299,#2306),.PCURVE_S1.);
#2295 = LINE('',#2296,#2297);
#2296 = CARTESIAN_POINT('',(292.87900865773,67.855324568591,-15.));
#2297 = VECTOR('',#2298,1.);
#2298 = DIRECTION('',(0.351301265413,0.936262474373,0.));
#2299 = PCURVE('',#126,#2300);
#2300 = DEFINITIONAL_REPRESENTATION('',(#2301),#2305);
#2301 = LINE('',#2302,#2303);
#2302 = CARTESIAN_POINT('',(196.03396348944,32.535827077893));
#2303 = VECTOR('',#2304,1.);
#2304 = DIRECTION('',(0.351301265413,0.936262474373));
#2305 = ( GEOMETRIC_REPRESENTATION_CONTEXT(2) 
PARAMETRIC_REPRESENTATION_CONTEXT() REPRESENTATION_CONTEXT('2D SPACE',''
  ) );
#2306 = PCURVE('',#1153,#2307);
#2307 = DEFINITIONAL_REPRESENTATION('',(#2308),#2312);
#2308 = LINE('',#2309,#2310);
#2309 = CARTESIAN_POINT('',(0.,0.));
#2310 = VECTOR('',#2311,1.);
#2311 = DIRECTION('',(1.,0.));
#2312 = ( GEOMETRIC_REPRESENTATION_CONTEXT(2) 
PARAMETRIC_REPRESENTATION_CONTEXT() REPRESENTATION_CONTEXT('2D SPACE',''
  ) );
#2313 = ORIENTED_EDGE('',*,*,#2314,.T.);
#2314 = EDGE_CURVE('',#2292,#2315,#2317,.T.);
#2315 = VERTEX_POINT('',#2316);
#2316 = CARTESIAN_POINT('',(298.05954377101,87.50956586358,-15.));
#2317 = SURFACE_CURVE('',#2318,(#2322,#2329),.PCURVE_S1.);
#2318 = LINE('',#2319,#2320);
#2319 = CARTESIAN_POINT('',(296.46757519571,77.419310005281,-15.));
#2320 = VECTOR('',#2321,1.);
#2321 = DIRECTION('',(0.155845117844,0.987781503797,0.));
#2322 = PCURVE('',#126,#2323);
#2323 = DEFINITIONAL_REPRESENTATION('',(#2324),#2328);
#2324 = LINE('',#2325,#2326);
#2325 = CARTESIAN_POINT('',(199.62253002742,42.099812514582));
#2326 = VECTOR('',#2327,1.);
#2327 = DIRECTION('',(0.155845117844,0.987781503797));
#2328 = ( GEOMETRIC_REPRESENTATION_CONTEXT(2) 
PARAMETRIC_REPRESENTATION_CONTEXT() REPRESENTATION_CONTEXT('2D SPACE',''
  ) );
#2329 = PCURVE('',#1181,#2330);
#2330 = DEFINITIONAL_REPRESENTATION('',(#2331),#2335);
#2331 = LINE('',#2332,#2333);
#2332 = CARTESIAN_POINT('',(0.,0.));
#2333 = VECTOR('',#2334,1.);
#2334 = DIRECTION('',(1.,0.));
#2335 = ( GEOMETRIC_REPRESENTATION_CONTEXT(2) 
PARAMETRIC_REPRESENTATION_CONTEXT() REPRESENTATION_CONTEXT('2D SPACE',''
  ) );
#2336 = ORIENTED_EDGE('',*,*,#2337,.T.);
#2337 = EDGE_CURVE('',#2315,#2338,#2340,.T.);
#2338 = VERTEX_POINT('',#2339);
#2339 = CARTESIAN_POINT('',(297.58987082047,97.713831371211,-15.));
#2340 = SURFACE_CURVE('',#2341,(#2345,#2352),.PCURVE_S1.);
#2341 = LINE('',#2342,#2343);
#2342 = CARTESIAN_POINT('',(298.05954377101,87.50956586358,-15.));
#2343 = VECTOR('',#2344,1.);
#2344 = DIRECTION('',(-4.597844295438E-02,0.998942432167,0.));
#2345 = PCURVE('',#126,#2346);
#2346 = DEFINITIONAL_REPRESENTATION('',(#2347),#2351);
#2347 = LINE('',#2348,#2349);
#2348 = CARTESIAN_POINT('',(201.21449860272,52.190068372882));
#2349 = VECTOR('',#2350,1.);
#2350 = DIRECTION('',(-4.597844295438E-02,0.998942432167));
#2351 = ( GEOMETRIC_REPRESENTATION_CONTEXT(2) 
PARAMETRIC_REPRESENTATION_CONTEXT() REPRESENTATION_CONTEXT('2D SPACE',''
  ) );
#2352 = PCURVE('',#1209,#2353);
#2353 = DEFINITIONAL_REPRESENTATION('',(#2354),#2358);
#2354 = LINE('',#2355,#2356);
#2355 = CARTESIAN_POINT('',(0.,0.));
#2356 = VECTOR('',#2357,1.);
#2357 = DIRECTION('',(1.,0.));
#2358 = ( GEOMETRIC_REPRESENTATION_CONTEXT(2) 
PARAMETRIC_REPRESENTATION_CONTEXT() REPRESENTATION_CONTEXT('2D SPACE',''
  ) );
#2359 = ORIENTED_EDGE('',*,*,#2360,.T.);
#2360 = EDGE_CURVE('',#2338,#2361,#2363,.T.);
#2361 = VERTEX_POINT('',#2362);
#2362 = CARTESIAN_POINT('',(295.07774592026,107.61518762762,-15.));
#2363 = SURFACE_CURVE('',#2364,(#2368,#2375),.PCURVE_S1.);
#2364 = LINE('',#2365,#2366);
#2365 = CARTESIAN_POINT('',(297.58987082047,97.713831371211,-15.));
#2366 = VECTOR('',#2367,1.);
#2367 = DIRECTION('',(-0.245923447979,0.969289253904,0.));
#2368 = PCURVE('',#126,#2369);
#2369 = DEFINITIONAL_REPRESENTATION('',(#2370),#2374);
#2370 = LINE('',#2371,#2372);
#2371 = CARTESIAN_POINT('',(200.74482565218,62.394333880512));
#2372 = VECTOR('',#2373,1.);
#2373 = DIRECTION('',(-0.245923447979,0.969289253904));
#2374 = ( GEOMETRIC_REPRESENTATION_CONTEXT(2) 
PARAMETRIC_REPRESENTATION_CONTEXT() REPRESENTATION_CONTEXT('2D SPACE',''
  ) );
#2375 = PCURVE('',#1237,#2376);
#2376 = DEFINITIONAL_REPRESENTATION('',(#2377),#2381);
#2377 = LINE('',#2378,#2379);
#2378 = CARTESIAN_POINT('',(0.,0.));
#2379 = VECTOR('',#2380,1.);
#2380 = DIRECTION('',(1.,0.));
#2381 = ( GEOMETRIC_REPRESENTATION_CONTEXT(2) 
PARAMETRIC_REPRESENTATION_CONTEXT() REPRESENTATION_CONTEXT('2D SPACE',''
  ) );
#2382 = ORIENTED_EDGE('',*,*,#2383,.T.);
#2383 = EDGE_CURVE('',#2361,#2384,#2386,.T.);
#2384 = VERTEX_POINT('',#2385);
#2385 = CARTESIAN_POINT('',(290.62580775128,116.80909179127,-15.));
#2386 = SURFACE_CURVE('',#2387,(#2391,#2398),.PCURVE_S1.);
#2387 = LINE('',#2388,#2389);
#2388 = CARTESIAN_POINT('',(295.07774592026,107.61518762762,-15.));
#2389 = VECTOR('',#2390,1.);
#2390 = DIRECTION('',(-0.435820680974,0.900033518285,0.));
#2391 = PCURVE('',#126,#2392);
#2392 = DEFINITIONAL_REPRESENTATION('',(#2393),#2397);
#2393 = LINE('',#2394,#2395);
#2394 = CARTESIAN_POINT('',(198.23270075196,72.295690136926));
#2395 = VECTOR('',#2396,1.);
#2396 = DIRECTION('',(-0.435820680974,0.900033518285));
#2397 = ( GEOMETRIC_REPRESENTATION_CONTEXT(2) 
PARAMETRIC_REPRESENTATION_CONTEXT() REPRESENTATION_CONTEXT('2D SPACE',''
  ) );
#2398 = PCURVE('',#1265,#2399);
#2399 = DEFINITIONAL_REPRESENTATION('',(#2400),#2404);
#2400 = LINE('',#2401,#2402);
#2401 = CARTESIAN_POINT('',(0.,0.));
#2402 = VECTOR('',#2403,1.);
#2403 = DIRECTION('',(1.,0.));
#2404 = ( GEOMETRIC_REPRESENTATION_CONTEXT(2) 
PARAMETRIC_REPRESENTATION_CONTEXT() REPRESENTATION_CONTEXT('2D SPACE',''
  ) );
#2405 = ORIENTED_EDGE('',*,*,#2406,.T.);
#2406 = EDGE_CURVE('',#2384,#2407,#2409,.T.);
#2407 = VERTEX_POINT('',#2408);
#2408 = CARTESIAN_POINT('',(284.4159505582,124.91990561432,-15.));
#2409 = SURFACE_CURVE('',#2410,(#2414,#2421),.PCURVE_S1.);
#2410 = LINE('',#2411,#2412);
#2411 = CARTESIAN_POINT('',(290.62580775128,116.80909179127,-15.));
#2412 = VECTOR('',#2413,1.);
#2413 = DIRECTION('',(-0.60791145068,0.794004828784,0.));
#2414 = PCURVE('',#126,#2415);
#2415 = DEFINITIONAL_REPRESENTATION('',(#2416),#2420);
#2416 = LINE('',#2417,#2418);
#2417 = CARTESIAN_POINT('',(193.78076258299,81.489594300572));
#2418 = VECTOR('',#2419,1.);
#2419 = DIRECTION('',(-0.60791145068,0.794004828784));
#2420 = ( GEOMETRIC_REPRESENTATION_CONTEXT(2) 
PARAMETRIC_REPRESENTATION_CONTEXT() REPRESENTATION_CONTEXT('2D SPACE',''
  ) );
#2421 = PCURVE('',#1293,#2422);
#2422 = DEFINITIONAL_REPRESENTATION('',(#2423),#2427);
#2423 = LINE('',#2424,#2425);
#2424 = CARTESIAN_POINT('',(0.,0.));
#2425 = VECTOR('',#2426,1.);
#2426 = DIRECTION('',(1.,0.));
#2427 = ( GEOMETRIC_REPRESENTATION_CONTEXT(2) 
PARAMETRIC_REPRESENTATION_CONTEXT() REPRESENTATION_CONTEXT('2D SPACE',''
  ) );
#2428 = ORIENTED_EDGE('',*,*,#2429,.T.);
#2429 = EDGE_CURVE('',#2407,#2430,#2432,.T.);
#2430 = VERTEX_POINT('',#2431);
#2431 = CARTESIAN_POINT('',(276.70189243876,131.61624301327,-15.));
#2432 = SURFACE_CURVE('',#2433,(#2437,#2444),.PCURVE_S1.);
#2433 = LINE('',#2434,#2435);
#2434 = CARTESIAN_POINT('',(284.4159505582,124.91990561432,-15.));
#2435 = VECTOR('',#2436,1.);
#2436 = DIRECTION('',(-0.755164590136,0.655535233076,0.));
#2437 = PCURVE('',#126,#2438);
#2438 = DEFINITIONAL_REPRESENTATION('',(#2439),#2443);
#2439 = LINE('',#2440,#2441);
#2440 = CARTESIAN_POINT('',(187.57090538991,89.600408123624));
#2441 = VECTOR('',#2442,1.);
#2442 = DIRECTION('',(-0.755164590136,0.655535233076));
#2443 = ( GEOMETRIC_REPRESENTATION_CONTEXT(2) 
PARAMETRIC_REPRESENTATION_CONTEXT() REPRESENTATION_CONTEXT('2D SPACE',''
  ) );
#2444 = PCURVE('',#1321,#2445);
#2445 = DEFINITIONAL_REPRESENTATION('',(#2446),#2450);
#2446 = LINE('',#2447,#2448);
#2447 = CARTESIAN_POINT('',(0.,0.));
#2448 = VECTOR('',#2449,1.);
#2449 = DIRECTION('',(1.,0.));
#2450 = ( GEOMETRIC_REPRESENTATION_CONTEXT(2) 
PARAMETRIC_REPRESENTATION_CONTEXT() REPRESENTATION_CONTEXT('2D SPACE',''
  ) );
#2451 = ORIENTED_EDGE('',*,*,#2452,.T.);
#2452 = EDGE_CURVE('',#2430,#2453,#2455,.T.);
#2453 = VERTEX_POINT('',#2454);
#2454 = CARTESIAN_POINT('',(267.7988091033,136.62450961485,-15.));
#2455 = SURFACE_CURVE('',#2456,(#2460,#2467),.PCURVE_S1.);
#2456 = LINE('',#2457,#2458);
#2457 = CARTESIAN_POINT('',(276.70189243876,131.61624301327,-15.));
#2458 = VECTOR('',#2459,1.);
#2459 = DIRECTION('',(-0.87156373129,0.490282227191,0.));
#2460 = PCURVE('',#126,#2461);
#2461 = DEFINITIONAL_REPRESENTATION('',(#2462),#2466);
#2462 = LINE('',#2463,#2464);
#2463 = CARTESIAN_POINT('',(179.85684727046,96.296745522572));
#2464 = VECTOR('',#2465,1.);
#2465 = DIRECTION('',(-0.87156373129,0.490282227191));
#2466 = ( GEOMETRIC_REPRESENTATION_CONTEXT(2) 
PARAMETRIC_REPRESENTATION_CONTEXT() REPRESENTATION_CONTEXT('2D SPACE',''
  ) );
#2467 = PCURVE('',#1349,#2468);
#2468 = DEFINITIONAL_REPRESENTATION('',(#2469),#2473);
#2469 = LINE('',#2470,#2471);
#2470 = CARTESIAN_POINT('',(0.,0.));
#2471 = VECTOR('',#2472,1.);
#2472 = DIRECTION('',(1.,0.));
#2473 = ( GEOMETRIC_REPRESENTATION_CONTEXT(2) 
PARAMETRIC_REPRESENTATION_CONTEXT() REPRESENTATION_CONTEXT('2D SPACE',''
  ) );
#2474 = ORIENTED_EDGE('',*,*,#2475,.T.);
#2475 = EDGE_CURVE('',#2453,#2476,#2478,.T.);
#2476 = VERTEX_POINT('',#2477);
#2477 = CARTESIAN_POINT('',(258.07045664118,139.74008108785,-15.));
#2478 = SURFACE_CURVE('',#2479,(#2483,#2490),.PCURVE_S1.);
#2479 = LINE('',#2480,#2481);
#2480 = CARTESIAN_POINT('',(267.7988091033,136.62450961485,-15.));
#2481 = VECTOR('',#2482,1.);
#2482 = DIRECTION('',(-0.952353117647,0.304997605413,0.));
#2483 = PCURVE('',#126,#2484);
#2484 = DEFINITIONAL_REPRESENTATION('',(#2485),#2489);
#2485 = LINE('',#2486,#2487);
#2486 = CARTESIAN_POINT('',(170.95376393501,101.30501212416));
#2487 = VECTOR('',#2488,1.);
#2488 = DIRECTION('',(-0.952353117647,0.304997605413));
#2489 = ( GEOMETRIC_REPRESENTATION_CONTEXT(2) 
PARAMETRIC_REPRESENTATION_CONTEXT() REPRESENTATION_CONTEXT('2D SPACE',''
  ) );
#2490 = PCURVE('',#1377,#2491);
#2491 = DEFINITIONAL_REPRESENTATION('',(#2492),#2496);
#2492 = LINE('',#2493,#2494);
#2493 = CARTESIAN_POINT('',(0.,0.));
#2494 = VECTOR('',#2495,1.);
#2495 = DIRECTION('',(1.,0.));
#2496 = ( GEOMETRIC_REPRESENTATION_CONTEXT(2) 
PARAMETRIC_REPRESENTATION_CONTEXT() REPRESENTATION_CONTEXT('2D SPACE',''
  ) );
#2497 = ORIENTED_EDGE('',*,*,#2498,.T.);
#2498 = EDGE_CURVE('',#2476,#2499,#2501,.T.);
#2499 = VERTEX_POINT('',#2500);
#2500 = CARTESIAN_POINT('',(247.91430942324,140.83566354402,-15.));
#2501 = SURFACE_CURVE('',#2502,(#2506,#2513),.PCURVE_S1.);
#2502 = LINE('',#2503,#2504);
#2503 = CARTESIAN_POINT('',(258.07045664118,139.74008108785,-15.));
#2504 = VECTOR('',#2505,1.);
#2505 = DIRECTION('',(-0.994231911718,0.107251600087,0.));
#2506 = PCURVE('',#126,#2507);
#2507 = DEFINITIONAL_REPRESENTATION('',(#2508),#2512);
#2508 = LINE('',#2509,#2510);
#2509 = CARTESIAN_POINT('',(161.22541147288,104.42058359716));
#2510 = VECTOR('',#2511,1.);
#2511 = DIRECTION('',(-0.994231911718,0.107251600087));
#2512 = ( GEOMETRIC_REPRESENTATION_CONTEXT(2) 
PARAMETRIC_REPRESENTATION_CONTEXT() REPRESENTATION_CONTEXT('2D SPACE',''
  ) );
#2513 = PCURVE('',#1405,#2514);
#2514 = DEFINITIONAL_REPRESENTATION('',(#2515),#2519);
#2515 = LINE('',#2516,#2517);
#2516 = CARTESIAN_POINT('',(0.,0.));
#2517 = VECTOR('',#2518,1.);
#2518 = DIRECTION('',(1.,0.));
#2519 = ( GEOMETRIC_REPRESENTATION_CONTEXT(2) 
PARAMETRIC_REPRESENTATION_CONTEXT() REPRESENTATION_CONTEXT('2D SPACE',''
  ) );
#2520 = ORIENTED_EDGE('',*,*,#2521,.T.);
#2521 = EDGE_CURVE('',#2499,#144,#2522,.T.);
#2522 = SURFACE_CURVE('',#2523,(#2527,#2534),.PCURVE_S1.);
#2523 = LINE('',#2524,#2525);
#2524 = CARTESIAN_POINT('',(247.91430942324,140.83566354402,-15.));
#2525 = VECTOR('',#2526,1.);
#2526 = DIRECTION('',(-0.99548905838,-9.487641775705E-02,0.));
#2527 = PCURVE('',#126,#2528);
#2528 = DEFINITIONAL_REPRESENTATION('',(#2529),#2533);
#2529 = LINE('',#2530,#2531);
#2530 = CARTESIAN_POINT('',(151.06926425494,105.51616605333));
#2531 = VECTOR('',#2532,1.);
#2532 = DIRECTION('',(-0.99548905838,-9.487641775705E-02));
#2533 = ( GEOMETRIC_REPRESENTATION_CONTEXT(2) 
PARAMETRIC_REPRESENTATION_CONTEXT() REPRESENTATION_CONTEXT('2D SPACE',''
  ) );
#2534 = PCURVE('',#159,#2535);
#2535 = DEFINITIONAL_REPRESENTATION('',(#2536),#2540);
#2536 = LINE('',#2537,#2538);
#2537 = CARTESIAN_POINT('',(0.,0.));
#2538 = VECTOR('',#2539,1.);
#2539 = DIRECTION('',(1.,0.));
#2540 = ( GEOMETRIC_REPRESENTATION_CONTEXT(2) 
PARAMETRIC_REPRESENTATION_CONTEXT() REPRESENTATION_CONTEXT('2D SPACE',''
  ) );
#2541 = ORIENTED_EDGE('',*,*,#193,.T.);
#2542 = FACE_BOUND('',#2543,.F.);
#2543 = EDGE_LOOP('',(#2544));
#2544 = ORIENTED_EDGE('',*,*,#2545,.F.);
#2545 = EDGE_CURVE('',#2546,#2546,#2548,.T.);
#2546 = VERTEX_POINT('',#2547);
#2547 = CARTESIAN_POINT('',(35.,-8.572527594031E-15,-15.));
#2548 = SURFACE_CURVE('',#2549,(#2554,#2561),.PCURVE_S1.);
#2549 = CIRCLE('',#2550,35.);
#2550 = AXIS2_PLACEMENT_3D('',#2551,#2552,#2553);
#2551 = CARTESIAN_POINT('',(0.,0.,-15.));
#2552 = DIRECTION('',(0.,0.,1.));
#2553 = DIRECTION('',(1.,0.,-0.));
#2554 = PCURVE('',#126,#2555);
#2555 = DEFINITIONAL_REPRESENTATION('',(#2556),#2560);
#2556 = CIRCLE('',#2557,35.);
#2557 = AXIS2_PLACEMENT_2D('',#2558,#2559);
#2558 = CARTESIAN_POINT('',(-96.84504516829,-35.31949749069));
#2559 = DIRECTION('',(1.,0.));
#2560 = ( GEOMETRIC_REPRESENTATION_CONTEXT(2) 
PARAMETRIC_REPRESENTATION_CONTEXT() REPRESENTATION_CONTEXT('2D SPACE',''
  ) );
#2561 = PCURVE('',#2562,#2567);
#2562 = CYLINDRICAL_SURFACE('',#2563,35.);
#2563 = AXIS2_PLACEMENT_3D('',#2564,#2565,#2566);
#2564 = CARTESIAN_POINT('',(0.,0.,-30.));
#2565 = DIRECTION('',(0.,0.,1.));
#2566 = DIRECTION('',(1.,0.,-0.));
#2567 = DEFINITIONAL_REPRESENTATION('',(#2568),#2572);
#2568 = LINE('',#2569,#2570);
#2569 = CARTESIAN_POINT('',(0.,15.));
#2570 = VECTOR('',#2571,1.);
#2571 = DIRECTION('',(1.,0.));
#2572 = ( GEOMETRIC_REPRESENTATION_CONTEXT(2) 
PARAMETRIC_REPRESENTATION_CONTEXT() REPRESENTATION_CONTEXT('2D SPACE',''
  ) );
#2573 = FACE_BOUND('',#2574,.F.);
#2574 = EDGE_LOOP('',(#2575));
#2575 = ORIENTED_EDGE('',*,*,#2576,.F.);
#2576 = EDGE_CURVE('',#2577,#2577,#2579,.T.);
#2577 = VERTEX_POINT('',#2578);
#2578 = CARTESIAN_POINT('',(276.6,90.3,-15.));
#2579 = SURFACE_CURVE('',#2580,(#2585,#2592),.PCURVE_S1.);
#2580 = CIRCLE('',#2581,29.);
#2581 = AXIS2_PLACEMENT_3D('',#2582,#2583,#2584);
#2582 = CARTESIAN_POINT('',(247.6,90.3,-15.));
#2583 = DIRECTION('',(0.,0.,1.));
#2584 = DIRECTION('',(1.,0.,-0.));
#2585 = PCURVE('',#126,#2586);
#2586 = DEFINITIONAL_REPRESENTATION('',(#2587),#2591);
#2587 = CIRCLE('',#2588,29.);
#2588 = AXIS2_PLACEMENT_2D('',#2589,#2590);
#2589 = CARTESIAN_POINT('',(150.7549548317,54.980502509301));
#2590 = DIRECTION('',(1.,0.));
#2591 = ( GEOMETRIC_REPRESENTATION_CONTEXT(2) 
PARAMETRIC_REPRESENTATION_CONTEXT() REPRESENTATION_CONTEXT('2D SPACE',''
  ) );
#2592 = PCURVE('',#2593,#2598);
#2593 = CYLINDRICAL_SURFACE('',#2594,29.);
#2594 = AXIS2_PLACEMENT_3D('',#2595,#2596,#2597);
#2595 = CARTESIAN_POINT('',(247.6,90.3,-30.));
#2596 = DIRECTION('',(0.,0.,1.));
#2597 = DIRECTION('',(1.,0.,-0.));
#2598 = DEFINITIONAL_REPRESENTATION('',(#2599),#2603);
#2599 = LINE('',#2600,#2601);
#2600 = CARTESIAN_POINT('',(0.,15.));
#2601 = VECTOR('',#2602,1.);
#2602 = DIRECTION('',(1.,0.));
#2603 = ( GEOMETRIC_REPRESENTATION_CONTEXT(2) 
PARAMETRIC_REPRESENTATION_CONTEXT() REPRESENTATION_CONTEXT('2D SPACE',''
  ) );
#2604 = ADVANCED_FACE('',(#2605),#159,.F.);
#2605 = FACE_BOUND('',#2606,.F.);
#2606 = EDGE_LOOP('',(#2607,#2628,#2629,#2630));
#2607 = ORIENTED_EDGE('',*,*,#2608,.F.);
#2608 = EDGE_CURVE('',#1390,#2499,#2609,.T.);
#2609 = SURFACE_CURVE('',#2610,(#2614,#2621),.PCURVE_S1.);
#2610 = LINE('',#2611,#2612);
#2611 = CARTESIAN_POINT('',(247.91430942324,140.83566354402,9.));
#2612 = VECTOR('',#2613,1.);
#2613 = DIRECTION('',(0.,0.,-1.));
#2614 = PCURVE('',#159,#2615);
#2615 = DEFINITIONAL_REPRESENTATION('',(#2616),#2620);
#2616 = LINE('',#2617,#2618);
#2617 = CARTESIAN_POINT('',(0.,-24.));
#2618 = VECTOR('',#2619,1.);
#2619 = DIRECTION('',(-0.,1.));
#2620 = ( GEOMETRIC_REPRESENTATION_CONTEXT(2) 
PARAMETRIC_REPRESENTATION_CONTEXT() REPRESENTATION_CONTEXT('2D SPACE',''
  ) );
#2621 = PCURVE('',#1405,#2622);
#2622 = DEFINITIONAL_REPRESENTATION('',(#2623),#2627);
#2623 = LINE('',#2624,#2625);
#2624 = CARTESIAN_POINT('',(10.215068635633,-24.));
#2625 = VECTOR('',#2626,1.);
#2626 = DIRECTION('',(0.,1.));
#2627 = ( GEOMETRIC_REPRESENTATION_CONTEXT(2) 
PARAMETRIC_REPRESENTATION_CONTEXT() REPRESENTATION_CONTEXT('2D SPACE',''
  ) );
#2628 = ORIENTED_EDGE('',*,*,#1417,.T.);
#2629 = ORIENTED_EDGE('',*,*,#141,.T.);
#2630 = ORIENTED_EDGE('',*,*,#2521,.F.);
#2631 = ADVANCED_FACE('',(#2632),#257,.F.);
#2632 = FACE_BOUND('',#2633,.F.);
#2633 = EDGE_LOOP('',(#2634,#2635,#2636,#2657));
#2634 = ORIENTED_EDGE('',*,*,#1506,.T.);
#2635 = ORIENTED_EDGE('',*,*,#241,.T.);
#2636 = ORIENTED_EDGE('',*,*,#2637,.F.);
#2637 = EDGE_CURVE('',#1556,#242,#2638,.T.);
#2638 = SURFACE_CURVE('',#2639,(#2643,#2650),.PCURVE_S1.);
#2639 = LINE('',#2640,#2641);
#2640 = CARTESIAN_POINT('',(-46.78062318935,77.84616770156,-15.));
#2641 = VECTOR('',#2642,1.);
#2642 = DIRECTION('',(0.,0.,1.));
#2643 = PCURVE('',#257,#2644);
#2644 = DEFINITIONAL_REPRESENTATION('',(#2645),#2649);
#2645 = LINE('',#2646,#2647);
#2646 = CARTESIAN_POINT('',(10.434121754052,0.));
#2647 = VECTOR('',#2648,1.);
#2648 = DIRECTION('',(0.,-1.));
#2649 = ( GEOMETRIC_REPRESENTATION_CONTEXT(2) 
PARAMETRIC_REPRESENTATION_CONTEXT() REPRESENTATION_CONTEXT('2D SPACE',''
  ) );
#2650 = PCURVE('',#285,#2651);
#2651 = DEFINITIONAL_REPRESENTATION('',(#2652),#2656);
#2652 = LINE('',#2653,#2654);
#2653 = CARTESIAN_POINT('',(0.,0.));
#2654 = VECTOR('',#2655,1.);
#2655 = DIRECTION('',(0.,-1.));
#2656 = ( GEOMETRIC_REPRESENTATION_CONTEXT(2) 
PARAMETRIC_REPRESENTATION_CONTEXT() REPRESENTATION_CONTEXT('2D SPACE',''
  ) );
#2657 = ORIENTED_EDGE('',*,*,#1555,.F.);
#2658 = ADVANCED_FACE('',(#2659),#1405,.F.);
#2659 = FACE_BOUND('',#2660,.F.);
#2660 = EDGE_LOOP('',(#2661,#2682,#2683,#2684));
#2661 = ORIENTED_EDGE('',*,*,#2662,.F.);
#2662 = EDGE_CURVE('',#1362,#2476,#2663,.T.);
#2663 = SURFACE_CURVE('',#2664,(#2668,#2675),.PCURVE_S1.);
#2664 = LINE('',#2665,#2666);
#2665 = CARTESIAN_POINT('',(258.07045664118,139.74008108785,9.));
#2666 = VECTOR('',#2667,1.);
#2667 = DIRECTION('',(0.,0.,-1.));
#2668 = PCURVE('',#1405,#2669);
#2669 = DEFINITIONAL_REPRESENTATION('',(#2670),#2674);
#2670 = LINE('',#2671,#2672);
#2671 = CARTESIAN_POINT('',(0.,-24.));
#2672 = VECTOR('',#2673,1.);
#2673 = DIRECTION('',(0.,1.));
#2674 = ( GEOMETRIC_REPRESENTATION_CONTEXT(2) 
PARAMETRIC_REPRESENTATION_CONTEXT() REPRESENTATION_CONTEXT('2D SPACE',''
  ) );
#2675 = PCURVE('',#1377,#2676);
#2676 = DEFINITIONAL_REPRESENTATION('',(#2677),#2681);
#2677 = LINE('',#2678,#2679);
#2678 = CARTESIAN_POINT('',(10.215068635633,-24.));
#2679 = VECTOR('',#2680,1.);
#2680 = DIRECTION('',(0.,1.));
#2681 = ( GEOMETRIC_REPRESENTATION_CONTEXT(2) 
PARAMETRIC_REPRESENTATION_CONTEXT() REPRESENTATION_CONTEXT('2D SPACE',''
  ) );
#2682 = ORIENTED_EDGE('',*,*,#1389,.T.);
#2683 = ORIENTED_EDGE('',*,*,#2608,.T.);
#2684 = ORIENTED_EDGE('',*,*,#2498,.F.);
#2685 = ADVANCED_FACE('',(#2686),#285,.F.);
#2686 = FACE_BOUND('',#2687,.F.);
#2687 = EDGE_LOOP('',(#2688,#2689,#2690,#2711));
#2688 = ORIENTED_EDGE('',*,*,#2637,.T.);
#2689 = ORIENTED_EDGE('',*,*,#269,.T.);
#2690 = ORIENTED_EDGE('',*,*,#2691,.F.);
#2691 = EDGE_CURVE('',#1579,#270,#2692,.T.);
#2692 = SURFACE_CURVE('',#2693,(#2697,#2704),.PCURVE_S1.);
#2693 = LINE('',#2694,#2695);
#2694 = CARTESIAN_POINT('',(-55.40061527752,71.966828182681,-15.));
#2695 = VECTOR('',#2696,1.);
#2696 = DIRECTION('',(0.,0.,1.));
#2697 = PCURVE('',#285,#2698);
#2698 = DEFINITIONAL_REPRESENTATION('',(#2699),#2703);
#2699 = LINE('',#2700,#2701);
#2700 = CARTESIAN_POINT('',(10.434121754052,0.));
#2701 = VECTOR('',#2702,1.);
#2702 = DIRECTION('',(0.,-1.));
#2703 = ( GEOMETRIC_REPRESENTATION_CONTEXT(2) 
PARAMETRIC_REPRESENTATION_CONTEXT() REPRESENTATION_CONTEXT('2D SPACE',''
  ) );
#2704 = PCURVE('',#313,#2705);
#2705 = DEFINITIONAL_REPRESENTATION('',(#2706),#2710);
#2706 = LINE('',#2707,#2708);
#2707 = CARTESIAN_POINT('',(0.,0.));
#2708 = VECTOR('',#2709,1.);
#2709 = DIRECTION('',(0.,-1.));
#2710 = ( GEOMETRIC_REPRESENTATION_CONTEXT(2) 
PARAMETRIC_REPRESENTATION_CONTEXT() REPRESENTATION_CONTEXT('2D SPACE',''
  ) );
#2711 = ORIENTED_EDGE('',*,*,#1578,.F.);
#2712 = ADVANCED_FACE('',(#2713),#1377,.F.);
#2713 = FACE_BOUND('',#2714,.F.);
#2714 = EDGE_LOOP('',(#2715,#2736,#2737,#2738));
#2715 = ORIENTED_EDGE('',*,*,#2716,.F.);
#2716 = EDGE_CURVE('',#1334,#2453,#2717,.T.);
#2717 = SURFACE_CURVE('',#2718,(#2722,#2729),.PCURVE_S1.);
#2718 = LINE('',#2719,#2720);
#2719 = CARTESIAN_POINT('',(267.7988091033,136.62450961485,9.));
#2720 = VECTOR('',#2721,1.);
#2721 = DIRECTION('',(0.,0.,-1.));
#2722 = PCURVE('',#1377,#2723);
#2723 = DEFINITIONAL_REPRESENTATION('',(#2724),#2728);
#2724 = LINE('',#2725,#2726);
#2725 = CARTESIAN_POINT('',(0.,-24.));
#2726 = VECTOR('',#2727,1.);
#2727 = DIRECTION('',(0.,1.));
#2728 = ( GEOMETRIC_REPRESENTATION_CONTEXT(2) 
PARAMETRIC_REPRESENTATION_CONTEXT() REPRESENTATION_CONTEXT('2D SPACE',''
  ) );
#2729 = PCURVE('',#1349,#2730);
#2730 = DEFINITIONAL_REPRESENTATION('',(#2731),#2735);
#2731 = LINE('',#2732,#2733);
#2732 = CARTESIAN_POINT('',(10.215068635633,-24.));
#2733 = VECTOR('',#2734,1.);
#2734 = DIRECTION('',(0.,1.));
#2735 = ( GEOMETRIC_REPRESENTATION_CONTEXT(2) 
PARAMETRIC_REPRESENTATION_CONTEXT() REPRESENTATION_CONTEXT('2D SPACE',''
  ) );
#2736 = ORIENTED_EDGE('',*,*,#1361,.T.);
#2737 = ORIENTED_EDGE('',*,*,#2662,.T.);
#2738 = ORIENTED_EDGE('',*,*,#2475,.F.);
#2739 = ADVANCED_FACE('',(#2740),#313,.F.);
#2740 = FACE_BOUND('',#2741,.F.);
#2741 = EDGE_LOOP('',(#2742,#2743,#2744,#2765));
#2742 = ORIENTED_EDGE('',*,*,#2691,.T.);
#2743 = ORIENTED_EDGE('',*,*,#297,.T.);
#2744 = ORIENTED_EDGE('',*,*,#2745,.F.);
#2745 = EDGE_CURVE('',#1602,#298,#2746,.T.);
#2746 = SURFACE_CURVE('',#2747,(#2751,#2758),.PCURVE_S1.);
#2747 = LINE('',#2748,#2749);
#2748 = CARTESIAN_POINT('',(-63.28937752056,65.137602234519,-15.));
#2749 = VECTOR('',#2750,1.);
#2750 = DIRECTION('',(0.,0.,1.));
#2751 = PCURVE('',#313,#2752);
#2752 = DEFINITIONAL_REPRESENTATION('',(#2753),#2757);
#2753 = LINE('',#2754,#2755);
#2754 = CARTESIAN_POINT('',(10.434121754052,0.));
#2755 = VECTOR('',#2756,1.);
#2756 = DIRECTION('',(0.,-1.));
#2757 = ( GEOMETRIC_REPRESENTATION_CONTEXT(2) 
PARAMETRIC_REPRESENTATION_CONTEXT() REPRESENTATION_CONTEXT('2D SPACE',''
  ) );
#2758 = PCURVE('',#341,#2759);
#2759 = DEFINITIONAL_REPRESENTATION('',(#2760),#2764);
#2760 = LINE('',#2761,#2762);
#2761 = CARTESIAN_POINT('',(0.,0.));
#2762 = VECTOR('',#2763,1.);
#2763 = DIRECTION('',(0.,-1.));
#2764 = ( GEOMETRIC_REPRESENTATION_CONTEXT(2) 
PARAMETRIC_REPRESENTATION_CONTEXT() REPRESENTATION_CONTEXT('2D SPACE',''
  ) );
#2765 = ORIENTED_EDGE('',*,*,#1601,.F.);
#2766 = ADVANCED_FACE('',(#2767),#1349,.F.);
#2767 = FACE_BOUND('',#2768,.F.);
#2768 = EDGE_LOOP('',(#2769,#2790,#2791,#2792));
#2769 = ORIENTED_EDGE('',*,*,#2770,.F.);
#2770 = EDGE_CURVE('',#1306,#2430,#2771,.T.);
#2771 = SURFACE_CURVE('',#2772,(#2776,#2783),.PCURVE_S1.);
#2772 = LINE('',#2773,#2774);
#2773 = CARTESIAN_POINT('',(276.70189243876,131.61624301327,9.));
#2774 = VECTOR('',#2775,1.);
#2775 = DIRECTION('',(0.,0.,-1.));
#2776 = PCURVE('',#1349,#2777);
#2777 = DEFINITIONAL_REPRESENTATION('',(#2778),#2782);
#2778 = LINE('',#2779,#2780);
#2779 = CARTESIAN_POINT('',(0.,-24.));
#2780 = VECTOR('',#2781,1.);
#2781 = DIRECTION('',(0.,1.));
#2782 = ( GEOMETRIC_REPRESENTATION_CONTEXT(2) 
PARAMETRIC_REPRESENTATION_CONTEXT() REPRESENTATION_CONTEXT('2D SPACE',''
  ) );
#2783 = PCURVE('',#1321,#2784);
#2784 = DEFINITIONAL_REPRESENTATION('',(#2785),#2789);
#2785 = LINE('',#2786,#2787);
#2786 = CARTESIAN_POINT('',(10.215068635633,-24.));
#2787 = VECTOR('',#2788,1.);
#2788 = DIRECTION('',(0.,1.));
#2789 = ( GEOMETRIC_REPRESENTATION_CONTEXT(2) 
PARAMETRIC_REPRESENTATION_CONTEXT() REPRESENTATION_CONTEXT('2D SPACE',''
  ) );
#2790 = ORIENTED_EDGE('',*,*,#1333,.T.);
#2791 = ORIENTED_EDGE('',*,*,#2716,.T.);
#2792 = ORIENTED_EDGE('',*,*,#2452,.F.);
#2793 = ADVANCED_FACE('',(#2794),#341,.F.);
#2794 = FACE_BOUND('',#2795,.F.);
#2795 = EDGE_LOOP('',(#2796,#2797,#2798,#2819));
#2796 = ORIENTED_EDGE('',*,*,#2745,.T.);
#2797 = ORIENTED_EDGE('',*,*,#325,.T.);
#2798 = ORIENTED_EDGE('',*,*,#2799,.F.);
#2799 = EDGE_CURVE('',#1625,#326,#2800,.T.);
#2800 = SURFACE_CURVE('',#2801,(#2805,#2812),.PCURVE_S1.);
#2801 = LINE('',#2802,#2803);
#2802 = CARTESIAN_POINT('',(-70.34278655516,57.448628455849,-15.));
#2803 = VECTOR('',#2804,1.);
#2804 = DIRECTION('',(0.,0.,1.));
#2805 = PCURVE('',#341,#2806);
#2806 = DEFINITIONAL_REPRESENTATION('',(#2807),#2811);
#2807 = LINE('',#2808,#2809);
#2808 = CARTESIAN_POINT('',(10.434121754052,0.));
#2809 = VECTOR('',#2810,1.);
#2810 = DIRECTION('',(0.,-1.));
#2811 = ( GEOMETRIC_REPRESENTATION_CONTEXT(2) 
PARAMETRIC_REPRESENTATION_CONTEXT() REPRESENTATION_CONTEXT('2D SPACE',''
  ) );
#2812 = PCURVE('',#369,#2813);
#2813 = DEFINITIONAL_REPRESENTATION('',(#2814),#2818);
#2814 = LINE('',#2815,#2816);
#2815 = CARTESIAN_POINT('',(0.,0.));
#2816 = VECTOR('',#2817,1.);
#2817 = DIRECTION('',(0.,-1.));
#2818 = ( GEOMETRIC_REPRESENTATION_CONTEXT(2) 
PARAMETRIC_REPRESENTATION_CONTEXT() REPRESENTATION_CONTEXT('2D SPACE',''
  ) );
#2819 = ORIENTED_EDGE('',*,*,#1624,.F.);
#2820 = ADVANCED_FACE('',(#2821),#1321,.F.);
#2821 = FACE_BOUND('',#2822,.F.);
#2822 = EDGE_LOOP('',(#2823,#2844,#2845,#2846));
#2823 = ORIENTED_EDGE('',*,*,#2824,.F.);
#2824 = EDGE_CURVE('',#1278,#2407,#2825,.T.);
#2825 = SURFACE_CURVE('',#2826,(#2830,#2837),.PCURVE_S1.);
#2826 = LINE('',#2827,#2828);
#2827 = CARTESIAN_POINT('',(284.4159505582,124.91990561432,9.));
#2828 = VECTOR('',#2829,1.);
#2829 = DIRECTION('',(0.,0.,-1.));
#2830 = PCURVE('',#1321,#2831);
#2831 = DEFINITIONAL_REPRESENTATION('',(#2832),#2836);
#2832 = LINE('',#2833,#2834);
#2833 = CARTESIAN_POINT('',(0.,-24.));
#2834 = VECTOR('',#2835,1.);
#2835 = DIRECTION('',(0.,1.));
#2836 = ( GEOMETRIC_REPRESENTATION_CONTEXT(2) 
PARAMETRIC_REPRESENTATION_CONTEXT() REPRESENTATION_CONTEXT('2D SPACE',''
  ) );
#2837 = PCURVE('',#1293,#2838);
#2838 = DEFINITIONAL_REPRESENTATION('',(#2839),#2843);
#2839 = LINE('',#2840,#2841);
#2840 = CARTESIAN_POINT('',(10.215068635633,-24.));
#2841 = VECTOR('',#2842,1.);
#2842 = DIRECTION('',(0.,1.));
#2843 = ( GEOMETRIC_REPRESENTATION_CONTEXT(2) 
PARAMETRIC_REPRESENTATION_CONTEXT() REPRESENTATION_CONTEXT('2D SPACE',''
  ) );
#2844 = ORIENTED_EDGE('',*,*,#1305,.T.);
#2845 = ORIENTED_EDGE('',*,*,#2770,.T.);
#2846 = ORIENTED_EDGE('',*,*,#2429,.F.);
#2847 = ADVANCED_FACE('',(#2848),#369,.F.);
#2848 = FACE_BOUND('',#2849,.F.);
#2849 = EDGE_LOOP('',(#2850,#2851,#2852,#2873));
#2850 = ORIENTED_EDGE('',*,*,#2799,.T.);
#2851 = ORIENTED_EDGE('',*,*,#353,.T.);
#2852 = ORIENTED_EDGE('',*,*,#2853,.F.);
#2853 = EDGE_CURVE('',#1648,#354,#2854,.T.);
#2854 = SURFACE_CURVE('',#2855,(#2859,#2866),.PCURVE_S1.);
#2855 = LINE('',#2856,#2857);
#2856 = CARTESIAN_POINT('',(-76.46774480161,49.00139321243,-15.));
#2857 = VECTOR('',#2858,1.);
#2858 = DIRECTION('',(0.,0.,1.));
#2859 = PCURVE('',#369,#2860);
#2860 = DEFINITIONAL_REPRESENTATION('',(#2861),#2865);
#2861 = LINE('',#2862,#2863);
#2862 = CARTESIAN_POINT('',(10.434121754052,0.));
#2863 = VECTOR('',#2864,1.);
#2864 = DIRECTION('',(0.,-1.));
#2865 = ( GEOMETRIC_REPRESENTATION_CONTEXT(2) 
PARAMETRIC_REPRESENTATION_CONTEXT() REPRESENTATION_CONTEXT('2D SPACE',''
  ) );
#2866 = PCURVE('',#397,#2867);
#2867 = DEFINITIONAL_REPRESENTATION('',(#2868),#2872);
#2868 = LINE('',#2869,#2870);
#2869 = CARTESIAN_POINT('',(0.,0.));
#2870 = VECTOR('',#2871,1.);
#2871 = DIRECTION('',(0.,-1.));
#2872 = ( GEOMETRIC_REPRESENTATION_CONTEXT(2) 
PARAMETRIC_REPRESENTATION_CONTEXT() REPRESENTATION_CONTEXT('2D SPACE',''
  ) );
#2873 = ORIENTED_EDGE('',*,*,#1647,.F.);
#2874 = ADVANCED_FACE('',(#2875),#1293,.F.);
#2875 = FACE_BOUND('',#2876,.F.);
#2876 = EDGE_LOOP('',(#2877,#2898,#2899,#2900));
#2877 = ORIENTED_EDGE('',*,*,#2878,.F.);
#2878 = EDGE_CURVE('',#1250,#2384,#2879,.T.);
#2879 = SURFACE_CURVE('',#2880,(#2884,#2891),.PCURVE_S1.);
#2880 = LINE('',#2881,#2882);
#2881 = CARTESIAN_POINT('',(290.62580775128,116.80909179127,9.));
#2882 = VECTOR('',#2883,1.);
#2883 = DIRECTION('',(0.,0.,-1.));
#2884 = PCURVE('',#1293,#2885);
#2885 = DEFINITIONAL_REPRESENTATION('',(#2886),#2890);
#2886 = LINE('',#2887,#2888);
#2887 = CARTESIAN_POINT('',(0.,-24.));
#2888 = VECTOR('',#2889,1.);
#2889 = DIRECTION('',(0.,1.));
#2890 = ( GEOMETRIC_REPRESENTATION_CONTEXT(2) 
PARAMETRIC_REPRESENTATION_CONTEXT() REPRESENTATION_CONTEXT('2D SPACE',''
  ) );
#2891 = PCURVE('',#1265,#2892);
#2892 = DEFINITIONAL_REPRESENTATION('',(#2893),#2897);
#2893 = LINE('',#2894,#2895);
#2894 = CARTESIAN_POINT('',(10.215068635633,-24.));
#2895 = VECTOR('',#2896,1.);
#2896 = DIRECTION('',(0.,1.));
#2897 = ( GEOMETRIC_REPRESENTATION_CONTEXT(2) 
PARAMETRIC_REPRESENTATION_CONTEXT() REPRESENTATION_CONTEXT('2D SPACE',''
  ) );
#2898 = ORIENTED_EDGE('',*,*,#1277,.T.);
#2899 = ORIENTED_EDGE('',*,*,#2824,.T.);
#2900 = ORIENTED_EDGE('',*,*,#2406,.F.);
#2901 = ADVANCED_FACE('',(#2902),#397,.F.);
#2902 = FACE_BOUND('',#2903,.F.);
#2903 = EDGE_LOOP('',(#2904,#2905,#2906,#2927));
#2904 = ORIENTED_EDGE('',*,*,#2853,.T.);
#2905 = ORIENTED_EDGE('',*,*,#381,.T.);
#2906 = ORIENTED_EDGE('',*,*,#2907,.F.);
#2907 = EDGE_CURVE('',#1671,#382,#2908,.T.);
#2908 = SURFACE_CURVE('',#2909,(#2913,#2920),.PCURVE_S1.);
#2909 = LINE('',#2910,#2911);
#2910 = CARTESIAN_POINT('',(-81.58340925397,39.907391123733,-15.));
#2911 = VECTOR('',#2912,1.);
#2912 = DIRECTION('',(0.,0.,1.));
#2913 = PCURVE('',#397,#2914);
#2914 = DEFINITIONAL_REPRESENTATION('',(#2915),#2919);
#2915 = LINE('',#2916,#2917);
#2916 = CARTESIAN_POINT('',(10.434121754052,0.));
#2917 = VECTOR('',#2918,1.);
#2918 = DIRECTION('',(0.,-1.));
#2919 = ( GEOMETRIC_REPRESENTATION_CONTEXT(2) 
PARAMETRIC_REPRESENTATION_CONTEXT() REPRESENTATION_CONTEXT('2D SPACE',''
  ) );
#2920 = PCURVE('',#425,#2921);
#2921 = DEFINITIONAL_REPRESENTATION('',(#2922),#2926);
#2922 = LINE('',#2923,#2924);
#2923 = CARTESIAN_POINT('',(0.,0.));
#2924 = VECTOR('',#2925,1.);
#2925 = DIRECTION('',(0.,-1.));
#2926 = ( GEOMETRIC_REPRESENTATION_CONTEXT(2) 
PARAMETRIC_REPRESENTATION_CONTEXT() REPRESENTATION_CONTEXT('2D SPACE',''
  ) );
#2927 = ORIENTED_EDGE('',*,*,#1670,.F.);
#2928 = ADVANCED_FACE('',(#2929),#1265,.F.);
#2929 = FACE_BOUND('',#2930,.F.);
#2930 = EDGE_LOOP('',(#2931,#2952,#2953,#2954));
#2931 = ORIENTED_EDGE('',*,*,#2932,.F.);
#2932 = EDGE_CURVE('',#1222,#2361,#2933,.T.);
#2933 = SURFACE_CURVE('',#2934,(#2938,#2945),.PCURVE_S1.);
#2934 = LINE('',#2935,#2936);
#2935 = CARTESIAN_POINT('',(295.07774592026,107.61518762762,9.));
#2936 = VECTOR('',#2937,1.);
#2937 = DIRECTION('',(0.,0.,-1.));
#2938 = PCURVE('',#1265,#2939);
#2939 = DEFINITIONAL_REPRESENTATION('',(#2940),#2944);
#2940 = LINE('',#2941,#2942);
#2941 = CARTESIAN_POINT('',(0.,-24.));
#2942 = VECTOR('',#2943,1.);
#2943 = DIRECTION('',(0.,1.));
#2944 = ( GEOMETRIC_REPRESENTATION_CONTEXT(2) 
PARAMETRIC_REPRESENTATION_CONTEXT() REPRESENTATION_CONTEXT('2D SPACE',''
  ) );
#2945 = PCURVE('',#1237,#2946);
#2946 = DEFINITIONAL_REPRESENTATION('',(#2947),#2951);
#2947 = LINE('',#2948,#2949);
#2948 = CARTESIAN_POINT('',(10.215068635633,-24.));
#2949 = VECTOR('',#2950,1.);
#2950 = DIRECTION('',(0.,1.));
#2951 = ( GEOMETRIC_REPRESENTATION_CONTEXT(2) 
PARAMETRIC_REPRESENTATION_CONTEXT() REPRESENTATION_CONTEXT('2D SPACE',''
  ) );
#2952 = ORIENTED_EDGE('',*,*,#1249,.T.);
#2953 = ORIENTED_EDGE('',*,*,#2878,.T.);
#2954 = ORIENTED_EDGE('',*,*,#2383,.F.);
#2955 = ADVANCED_FACE('',(#2956),#425,.F.);
#2956 = FACE_BOUND('',#2957,.F.);
#2957 = EDGE_LOOP('',(#2958,#2959,#2960,#2981));
#2958 = ORIENTED_EDGE('',*,*,#2907,.T.);
#2959 = ORIENTED_EDGE('',*,*,#409,.T.);
#2960 = ORIENTED_EDGE('',*,*,#2961,.F.);
#2961 = EDGE_CURVE('',#1694,#410,#2962,.T.);
#2962 = SURFACE_CURVE('',#2963,(#2967,#2974),.PCURVE_S1.);
#2963 = LINE('',#2964,#2965);
#2964 = CARTESIAN_POINT('',(-85.62225852269,30.286653451243,-15.));
#2965 = VECTOR('',#2966,1.);
#2966 = DIRECTION('',(0.,0.,1.));
#2967 = PCURVE('',#425,#2968);
#2968 = DEFINITIONAL_REPRESENTATION('',(#2969),#2973);
#2969 = LINE('',#2970,#2971);
#2970 = CARTESIAN_POINT('',(10.434121754052,0.));
#2971 = VECTOR('',#2972,1.);
#2972 = DIRECTION('',(0.,-1.));
#2973 = ( GEOMETRIC_REPRESENTATION_CONTEXT(2) 
PARAMETRIC_REPRESENTATION_CONTEXT() REPRESENTATION_CONTEXT('2D SPACE',''
  ) );
#2974 = PCURVE('',#453,#2975);
#2975 = DEFINITIONAL_REPRESENTATION('',(#2976),#2980);
#2976 = LINE('',#2977,#2978);
#2977 = CARTESIAN_POINT('',(3.411876097337E-15,0.));
#2978 = VECTOR('',#2979,1.);
#2979 = DIRECTION('',(0.,-1.));
#2980 = ( GEOMETRIC_REPRESENTATION_CONTEXT(2) 
PARAMETRIC_REPRESENTATION_CONTEXT() REPRESENTATION_CONTEXT('2D SPACE',''
  ) );
#2981 = ORIENTED_EDGE('',*,*,#1693,.F.);
#2982 = ADVANCED_FACE('',(#2983),#1237,.F.);
#2983 = FACE_BOUND('',#2984,.F.);
#2984 = EDGE_LOOP('',(#2985,#3006,#3007,#3008));
#2985 = ORIENTED_EDGE('',*,*,#2986,.F.);
#2986 = EDGE_CURVE('',#1194,#2338,#2987,.T.);
#2987 = SURFACE_CURVE('',#2988,(#2992,#2999),.PCURVE_S1.);
#2988 = LINE('',#2989,#2990);
#2989 = CARTESIAN_POINT('',(297.58987082047,97.713831371211,9.));
#2990 = VECTOR('',#2991,1.);
#2991 = DIRECTION('',(0.,0.,-1.));
#2992 = PCURVE('',#1237,#2993);
#2993 = DEFINITIONAL_REPRESENTATION('',(#2994),#2998);
#2994 = LINE('',#2995,#2996);
#2995 = CARTESIAN_POINT('',(0.,-24.));
#2996 = VECTOR('',#2997,1.);
#2997 = DIRECTION('',(0.,1.));
#2998 = ( GEOMETRIC_REPRESENTATION_CONTEXT(2) 
PARAMETRIC_REPRESENTATION_CONTEXT() REPRESENTATION_CONTEXT('2D SPACE',''
  ) );
#2999 = PCURVE('',#1209,#3000);
#3000 = DEFINITIONAL_REPRESENTATION('',(#3001),#3005);
#3001 = LINE('',#3002,#3003);
#3002 = CARTESIAN_POINT('',(10.215068635633,-24.));
#3003 = VECTOR('',#3004,1.);
#3004 = DIRECTION('',(0.,1.));
#3005 = ( GEOMETRIC_REPRESENTATION_CONTEXT(2) 
PARAMETRIC_REPRESENTATION_CONTEXT() REPRESENTATION_CONTEXT('2D SPACE',''
  ) );
#3006 = ORIENTED_EDGE('',*,*,#1221,.T.);
#3007 = ORIENTED_EDGE('',*,*,#2932,.T.);
#3008 = ORIENTED_EDGE('',*,*,#2360,.F.);
#3009 = ADVANCED_FACE('',(#3010),#453,.F.);
#3010 = FACE_BOUND('',#3011,.F.);
#3011 = EDGE_LOOP('',(#3012,#3013,#3014,#3035));
#3012 = ORIENTED_EDGE('',*,*,#2961,.T.);
#3013 = ORIENTED_EDGE('',*,*,#437,.T.);
#3014 = ORIENTED_EDGE('',*,*,#3015,.F.);
#3015 = EDGE_CURVE('',#1717,#438,#3016,.T.);
#3016 = SURFACE_CURVE('',#3017,(#3021,#3028),.PCURVE_S1.);
#3017 = LINE('',#3018,#3019);
#3018 = CARTESIAN_POINT('',(-88.53098404595,20.266163812073,-15.));
#3019 = VECTOR('',#3020,1.);
#3020 = DIRECTION('',(0.,0.,1.));
#3021 = PCURVE('',#453,#3022);
#3022 = DEFINITIONAL_REPRESENTATION('',(#3023),#3027);
#3023 = LINE('',#3024,#3025);
#3024 = CARTESIAN_POINT('',(10.434121754052,0.));
#3025 = VECTOR('',#3026,1.);
#3026 = DIRECTION('',(0.,-1.));
#3027 = ( GEOMETRIC_REPRESENTATION_CONTEXT(2) 
PARAMETRIC_REPRESENTATION_CONTEXT() REPRESENTATION_CONTEXT('2D SPACE',''
  ) );
#3028 = PCURVE('',#481,#3029);
#3029 = DEFINITIONAL_REPRESENTATION('',(#3030),#3034);
#3030 = LINE('',#3031,#3032);
#3031 = CARTESIAN_POINT('',(0.,0.));
#3032 = VECTOR('',#3033,1.);
#3033 = DIRECTION('',(0.,-1.));
#3034 = ( GEOMETRIC_REPRESENTATION_CONTEXT(2) 
PARAMETRIC_REPRESENTATION_CONTEXT() REPRESENTATION_CONTEXT('2D SPACE',''
  ) );
#3035 = ORIENTED_EDGE('',*,*,#1716,.F.);
#3036 = ADVANCED_FACE('',(#3037),#1209,.F.);
#3037 = FACE_BOUND('',#3038,.F.);
#3038 = EDGE_LOOP('',(#3039,#3060,#3061,#3062));
#3039 = ORIENTED_EDGE('',*,*,#3040,.F.);
#3040 = EDGE_CURVE('',#1166,#2315,#3041,.T.);
#3041 = SURFACE_CURVE('',#3042,(#3046,#3053),.PCURVE_S1.);
#3042 = LINE('',#3043,#3044);
#3043 = CARTESIAN_POINT('',(298.05954377101,87.50956586358,9.));
#3044 = VECTOR('',#3045,1.);
#3045 = DIRECTION('',(0.,0.,-1.));
#3046 = PCURVE('',#1209,#3047);
#3047 = DEFINITIONAL_REPRESENTATION('',(#3048),#3052);
#3048 = LINE('',#3049,#3050);
#3049 = CARTESIAN_POINT('',(0.,-24.));
#3050 = VECTOR('',#3051,1.);
#3051 = DIRECTION('',(0.,1.));
#3052 = ( GEOMETRIC_REPRESENTATION_CONTEXT(2) 
PARAMETRIC_REPRESENTATION_CONTEXT() REPRESENTATION_CONTEXT('2D SPACE',''
  ) );
#3053 = PCURVE('',#1181,#3054);
#3054 = DEFINITIONAL_REPRESENTATION('',(#3055),#3059);
#3055 = LINE('',#3056,#3057);
#3056 = CARTESIAN_POINT('',(10.215068635633,-24.));
#3057 = VECTOR('',#3058,1.);
#3058 = DIRECTION('',(0.,1.));
#3059 = ( GEOMETRIC_REPRESENTATION_CONTEXT(2) 
PARAMETRIC_REPRESENTATION_CONTEXT() REPRESENTATION_CONTEXT('2D SPACE',''
  ) );
#3060 = ORIENTED_EDGE('',*,*,#1193,.T.);
#3061 = ORIENTED_EDGE('',*,*,#2986,.T.);
#3062 = ORIENTED_EDGE('',*,*,#2337,.F.);
#3063 = ADVANCED_FACE('',(#3064),#481,.F.);
#3064 = FACE_BOUND('',#3065,.F.);
#3065 = EDGE_LOOP('',(#3066,#3067,#3068,#3089));
#3066 = ORIENTED_EDGE('',*,*,#3015,.T.);
#3067 = ORIENTED_EDGE('',*,*,#465,.T.);
#3068 = ORIENTED_EDGE('',*,*,#3069,.F.);
#3069 = EDGE_CURVE('',#1740,#466,#3070,.T.);
#3070 = SURFACE_CURVE('',#3071,(#3075,#3082),.PCURVE_S1.);
#3071 = LINE('',#3072,#3073);
#3072 = CARTESIAN_POINT('',(-90.27119370656,9.978182128793,-15.));
#3073 = VECTOR('',#3074,1.);
#3074 = DIRECTION('',(0.,0.,1.));
#3075 = PCURVE('',#481,#3076);
#3076 = DEFINITIONAL_REPRESENTATION('',(#3077),#3081);
#3077 = LINE('',#3078,#3079);
#3078 = CARTESIAN_POINT('',(10.434121754052,0.));
#3079 = VECTOR('',#3080,1.);
#3080 = DIRECTION('',(0.,-1.));
#3081 = ( GEOMETRIC_REPRESENTATION_CONTEXT(2) 
PARAMETRIC_REPRESENTATION_CONTEXT() REPRESENTATION_CONTEXT('2D SPACE',''
  ) );
#3082 = PCURVE('',#509,#3083);
#3083 = DEFINITIONAL_REPRESENTATION('',(#3084),#3088);
#3084 = LINE('',#3085,#3086);
#3085 = CARTESIAN_POINT('',(0.,0.));
#3086 = VECTOR('',#3087,1.);
#3087 = DIRECTION('',(0.,-1.));
#3088 = ( GEOMETRIC_REPRESENTATION_CONTEXT(2) 
PARAMETRIC_REPRESENTATION_CONTEXT() REPRESENTATION_CONTEXT('2D SPACE',''
  ) );
#3089 = ORIENTED_EDGE('',*,*,#1739,.F.);
#3090 = ADVANCED_FACE('',(#3091),#1181,.F.);
#3091 = FACE_BOUND('',#3092,.F.);
#3092 = EDGE_LOOP('',(#3093,#3114,#3115,#3116));
#3093 = ORIENTED_EDGE('',*,*,#3094,.F.);
#3094 = EDGE_CURVE('',#1138,#2292,#3095,.T.);
#3095 = SURFACE_CURVE('',#3096,(#3100,#3107),.PCURVE_S1.);
#3096 = LINE('',#3097,#3098);
#3097 = CARTESIAN_POINT('',(296.46757519571,77.419310005281,9.));
#3098 = VECTOR('',#3099,1.);
#3099 = DIRECTION('',(0.,0.,-1.));
#3100 = PCURVE('',#1181,#3101);
#3101 = DEFINITIONAL_REPRESENTATION('',(#3102),#3106);
#3102 = LINE('',#3103,#3104);
#3103 = CARTESIAN_POINT('',(0.,-24.));
#3104 = VECTOR('',#3105,1.);
#3105 = DIRECTION('',(0.,1.));
#3106 = ( GEOMETRIC_REPRESENTATION_CONTEXT(2) 
PARAMETRIC_REPRESENTATION_CONTEXT() REPRESENTATION_CONTEXT('2D SPACE',''
  ) );
#3107 = PCURVE('',#1153,#3108);
#3108 = DEFINITIONAL_REPRESENTATION('',(#3109),#3113);
#3109 = LINE('',#3110,#3111);
#3110 = CARTESIAN_POINT('',(10.215068635633,-24.));
#3111 = VECTOR('',#3112,1.);
#3112 = DIRECTION('',(0.,1.));
#3113 = ( GEOMETRIC_REPRESENTATION_CONTEXT(2) 
PARAMETRIC_REPRESENTATION_CONTEXT() REPRESENTATION_CONTEXT('2D SPACE',''
  ) );
#3114 = ORIENTED_EDGE('',*,*,#1165,.T.);
#3115 = ORIENTED_EDGE('',*,*,#3040,.T.);
#3116 = ORIENTED_EDGE('',*,*,#2314,.F.);
#3117 = ADVANCED_FACE('',(#3118),#509,.F.);
#3118 = FACE_BOUND('',#3119,.F.);
#3119 = EDGE_LOOP('',(#3120,#3121,#3122,#3143));
#3120 = ORIENTED_EDGE('',*,*,#3069,.T.);
#3121 = ORIENTED_EDGE('',*,*,#493,.T.);
#3122 = ORIENTED_EDGE('',*,*,#3123,.F.);
#3123 = EDGE_CURVE('',#1763,#494,#3124,.T.);
#3124 = SURFACE_CURVE('',#3125,(#3129,#3136),.PCURVE_S1.);
#3125 = LINE('',#3126,#3127);
#3126 = CARTESIAN_POINT('',(-90.81991856754,-0.441501062423,-15.));
#3127 = VECTOR('',#3128,1.);
#3128 = DIRECTION('',(0.,0.,1.));
#3129 = PCURVE('',#509,#3130);
#3130 = DEFINITIONAL_REPRESENTATION('',(#3131),#3135);
#3131 = LINE('',#3132,#3133);
#3132 = CARTESIAN_POINT('',(10.434121754052,0.));
#3133 = VECTOR('',#3134,1.);
#3134 = DIRECTION('',(0.,-1.));
#3135 = ( GEOMETRIC_REPRESENTATION_CONTEXT(2) 
PARAMETRIC_REPRESENTATION_CONTEXT() REPRESENTATION_CONTEXT('2D SPACE',''
  ) );
#3136 = PCURVE('',#537,#3137);
#3137 = DEFINITIONAL_REPRESENTATION('',(#3138),#3142);
#3138 = LINE('',#3139,#3140);
#3139 = CARTESIAN_POINT('',(5.54033334238E-17,0.));
#3140 = VECTOR('',#3141,1.);
#3141 = DIRECTION('',(0.,-1.));
#3142 = ( GEOMETRIC_REPRESENTATION_CONTEXT(2) 
PARAMETRIC_REPRESENTATION_CONTEXT() REPRESENTATION_CONTEXT('2D SPACE',''
  ) );
#3143 = ORIENTED_EDGE('',*,*,#1762,.F.);
#3144 = ADVANCED_FACE('',(#3145),#1153,.F.);
#3145 = FACE_BOUND('',#3146,.F.);
#3146 = EDGE_LOOP('',(#3147,#3168,#3169,#3170));
#3147 = ORIENTED_EDGE('',*,*,#3148,.F.);
#3148 = EDGE_CURVE('',#1110,#2269,#3149,.T.);
#3149 = SURFACE_CURVE('',#3150,(#3154,#3161),.PCURVE_S1.);
#3150 = LINE('',#3151,#3152);
#3151 = CARTESIAN_POINT('',(292.87900865773,67.855324568591,9.));
#3152 = VECTOR('',#3153,1.);
#3153 = DIRECTION('',(0.,0.,-1.));
#3154 = PCURVE('',#1153,#3155);
#3155 = DEFINITIONAL_REPRESENTATION('',(#3156),#3160);
#3156 = LINE('',#3157,#3158);
#3157 = CARTESIAN_POINT('',(0.,-24.));
#3158 = VECTOR('',#3159,1.);
#3159 = DIRECTION('',(0.,1.));
#3160 = ( GEOMETRIC_REPRESENTATION_CONTEXT(2) 
PARAMETRIC_REPRESENTATION_CONTEXT() REPRESENTATION_CONTEXT('2D SPACE',''
  ) );
#3161 = PCURVE('',#1125,#3162);
#3162 = DEFINITIONAL_REPRESENTATION('',(#3163),#3167);
#3163 = LINE('',#3164,#3165);
#3164 = CARTESIAN_POINT('',(10.215068635633,-24.));
#3165 = VECTOR('',#3166,1.);
#3166 = DIRECTION('',(0.,1.));
#3167 = ( GEOMETRIC_REPRESENTATION_CONTEXT(2) 
PARAMETRIC_REPRESENTATION_CONTEXT() REPRESENTATION_CONTEXT('2D SPACE',''
  ) );
#3168 = ORIENTED_EDGE('',*,*,#1137,.T.);
#3169 = ORIENTED_EDGE('',*,*,#3094,.T.);
#3170 = ORIENTED_EDGE('',*,*,#2291,.F.);
#3171 = ADVANCED_FACE('',(#3172),#537,.F.);
#3172 = FACE_BOUND('',#3173,.F.);
#3173 = EDGE_LOOP('',(#3174,#3175,#3176,#3197));
#3174 = ORIENTED_EDGE('',*,*,#3123,.T.);
#3175 = ORIENTED_EDGE('',*,*,#521,.T.);
#3176 = ORIENTED_EDGE('',*,*,#3177,.F.);
#3177 = EDGE_CURVE('',#1786,#522,#3178,.T.);
#3178 = SURFACE_CURVE('',#3179,(#3183,#3190),.PCURVE_S1.);
#3179 = LINE('',#3180,#3181);
#3180 = CARTESIAN_POINT('',(-90.16991603794,-10.85535690403,-15.));
#3181 = VECTOR('',#3182,1.);
#3182 = DIRECTION('',(0.,0.,1.));
#3183 = PCURVE('',#537,#3184);
#3184 = DEFINITIONAL_REPRESENTATION('',(#3185),#3189);
#3185 = LINE('',#3186,#3187);
#3186 = CARTESIAN_POINT('',(10.434121754052,0.));
#3187 = VECTOR('',#3188,1.);
#3188 = DIRECTION('',(0.,-1.));
#3189 = ( GEOMETRIC_REPRESENTATION_CONTEXT(2) 
PARAMETRIC_REPRESENTATION_CONTEXT() REPRESENTATION_CONTEXT('2D SPACE',''
  ) );
#3190 = PCURVE('',#565,#3191);
#3191 = DEFINITIONAL_REPRESENTATION('',(#3192),#3196);
#3192 = LINE('',#3193,#3194);
#3193 = CARTESIAN_POINT('',(0.,0.));
#3194 = VECTOR('',#3195,1.);
#3195 = DIRECTION('',(0.,-1.));
#3196 = ( GEOMETRIC_REPRESENTATION_CONTEXT(2) 
PARAMETRIC_REPRESENTATION_CONTEXT() REPRESENTATION_CONTEXT('2D SPACE',''
  ) );
#3197 = ORIENTED_EDGE('',*,*,#1785,.F.);
#3198 = ADVANCED_FACE('',(#3199),#1125,.F.);
#3199 = FACE_BOUND('',#3200,.F.);
#3200 = EDGE_LOOP('',(#3201,#3222,#3223,#3224));
#3201 = ORIENTED_EDGE('',*,*,#3202,.F.);
#3202 = EDGE_CURVE('',#1082,#2246,#3203,.T.);
#3203 = SURFACE_CURVE('',#3204,(#3208,#3215),.PCURVE_S1.);
#3204 = LINE('',#3205,#3206);
#3205 = CARTESIAN_POINT('',(287.44046335417,59.208368328864,9.));
#3206 = VECTOR('',#3207,1.);
#3207 = DIRECTION('',(0.,0.,-1.));
#3208 = PCURVE('',#1125,#3209);
#3209 = DEFINITIONAL_REPRESENTATION('',(#3210),#3214);
#3210 = LINE('',#3211,#3212);
#3211 = CARTESIAN_POINT('',(-6.014675144856E-15,-24.));
#3212 = VECTOR('',#3213,1.);
#3213 = DIRECTION('',(0.,1.));
#3214 = ( GEOMETRIC_REPRESENTATION_CONTEXT(2) 
PARAMETRIC_REPRESENTATION_CONTEXT() REPRESENTATION_CONTEXT('2D SPACE',''
  ) );
#3215 = PCURVE('',#1097,#3216);
#3216 = DEFINITIONAL_REPRESENTATION('',(#3217),#3221);
#3217 = LINE('',#3218,#3219);
#3218 = CARTESIAN_POINT('',(10.215068635633,-24.));
#3219 = VECTOR('',#3220,1.);
#3220 = DIRECTION('',(0.,1.));
#3221 = ( GEOMETRIC_REPRESENTATION_CONTEXT(2) 
PARAMETRIC_REPRESENTATION_CONTEXT() REPRESENTATION_CONTEXT('2D SPACE',''
  ) );
#3222 = ORIENTED_EDGE('',*,*,#1109,.T.);
#3223 = ORIENTED_EDGE('',*,*,#3148,.T.);
#3224 = ORIENTED_EDGE('',*,*,#2268,.F.);
#3225 = ADVANCED_FACE('',(#3226),#565,.F.);
#3226 = FACE_BOUND('',#3227,.F.);
#3227 = EDGE_LOOP('',(#3228,#3229,#3230,#3251));
#3228 = ORIENTED_EDGE('',*,*,#3177,.T.);
#3229 = ORIENTED_EDGE('',*,*,#549,.T.);
#3230 = ORIENTED_EDGE('',*,*,#3231,.F.);
#3231 = EDGE_CURVE('',#1809,#550,#3232,.T.);
#3232 = SURFACE_CURVE('',#3233,(#3237,#3244),.PCURVE_S1.);
#3233 = LINE('',#3234,#3235);
#3234 = CARTESIAN_POINT('',(-88.3297654674,-21.12593345338,-15.));
#3235 = VECTOR('',#3236,1.);
#3236 = DIRECTION('',(0.,0.,1.));
#3237 = PCURVE('',#565,#3238);
#3238 = DEFINITIONAL_REPRESENTATION('',(#3239),#3243);
#3239 = LINE('',#3240,#3241);
#3240 = CARTESIAN_POINT('',(10.434121754052,0.));
#3241 = VECTOR('',#3242,1.);
#3242 = DIRECTION('',(0.,-1.));
#3243 = ( GEOMETRIC_REPRESENTATION_CONTEXT(2) 
PARAMETRIC_REPRESENTATION_CONTEXT() REPRESENTATION_CONTEXT('2D SPACE',''
  ) );
#3244 = PCURVE('',#593,#3245);
#3245 = DEFINITIONAL_REPRESENTATION('',(#3246),#3250);
#3246 = LINE('',#3247,#3248);
#3247 = CARTESIAN_POINT('',(0.,0.));
#3248 = VECTOR('',#3249,1.);
#3249 = DIRECTION('',(0.,-1.));
#3250 = ( GEOMETRIC_REPRESENTATION_CONTEXT(2) 
PARAMETRIC_REPRESENTATION_CONTEXT() REPRESENTATION_CONTEXT('2D SPACE',''
  ) );
#3251 = ORIENTED_EDGE('',*,*,#1808,.F.);
#3252 = ADVANCED_FACE('',(#3253),#1097,.F.);
#3253 = FACE_BOUND('',#3254,.F.);
#3254 = EDGE_LOOP('',(#3255,#3276,#3277,#3278));
#3255 = ORIENTED_EDGE('',*,*,#3256,.F.);
#3256 = EDGE_CURVE('',#1054,#2223,#3257,.T.);
#3257 = SURFACE_CURVE('',#3258,(#3262,#3269),.PCURVE_S1.);
#3258 = LINE('',#3259,#3260);
#3259 = CARTESIAN_POINT('',(280.37414364915,51.831732709755,9.));
#3260 = VECTOR('',#3261,1.);
#3261 = DIRECTION('',(0.,0.,-1.));
#3262 = PCURVE('',#1097,#3263);
#3263 = DEFINITIONAL_REPRESENTATION('',(#3264),#3268);
#3264 = LINE('',#3265,#3266);
#3265 = CARTESIAN_POINT('',(-5.131061807282E-15,-24.));
#3266 = VECTOR('',#3267,1.);
#3267 = DIRECTION('',(0.,1.));
#3268 = ( GEOMETRIC_REPRESENTATION_CONTEXT(2) 
PARAMETRIC_REPRESENTATION_CONTEXT() REPRESENTATION_CONTEXT('2D SPACE',''
  ) );
#3269 = PCURVE('',#1069,#3270);
#3270 = DEFINITIONAL_REPRESENTATION('',(#3271),#3275);
#3271 = LINE('',#3272,#3273);
#3272 = CARTESIAN_POINT('',(10.215068635633,-24.));
#3273 = VECTOR('',#3274,1.);
#3274 = DIRECTION('',(0.,1.));
#3275 = ( GEOMETRIC_REPRESENTATION_CONTEXT(2) 
PARAMETRIC_REPRESENTATION_CONTEXT() REPRESENTATION_CONTEXT('2D SPACE',''
  ) );
#3276 = ORIENTED_EDGE('',*,*,#1081,.T.);
#3277 = ORIENTED_EDGE('',*,*,#3202,.T.);
#3278 = ORIENTED_EDGE('',*,*,#2245,.F.);
#3279 = ADVANCED_FACE('',(#3280),#593,.F.);
#3280 = FACE_BOUND('',#3281,.F.);
#3281 = EDGE_LOOP('',(#3282,#3283,#3284,#3305));
#3282 = ORIENTED_EDGE('',*,*,#3231,.T.);
#3283 = ORIENTED_EDGE('',*,*,#577,.T.);
#3284 = ORIENTED_EDGE('',*,*,#3285,.F.);
#3285 = EDGE_CURVE('',#1832,#578,#3286,.T.);
#3286 = SURFACE_CURVE('',#3287,(#3291,#3298),.PCURVE_S1.);
#3287 = LINE('',#3288,#3289);
#3288 = CARTESIAN_POINT('',(-85.32375490778,-31.11766990376,-15.));
#3289 = VECTOR('',#3290,1.);
#3290 = DIRECTION('',(0.,0.,1.));
#3291 = PCURVE('',#593,#3292);
#3292 = DEFINITIONAL_REPRESENTATION('',(#3293),#3297);
#3293 = LINE('',#3294,#3295);
#3294 = CARTESIAN_POINT('',(10.434121754052,0.));
#3295 = VECTOR('',#3296,1.);
#3296 = DIRECTION('',(0.,-1.));
#3297 = ( GEOMETRIC_REPRESENTATION_CONTEXT(2) 
PARAMETRIC_REPRESENTATION_CONTEXT() REPRESENTATION_CONTEXT('2D SPACE',''
  ) );
#3298 = PCURVE('',#621,#3299);
#3299 = DEFINITIONAL_REPRESENTATION('',(#3300),#3304);
#3300 = LINE('',#3301,#3302);
#3301 = CARTESIAN_POINT('',(0.,0.));
#3302 = VECTOR('',#3303,1.);
#3303 = DIRECTION('',(0.,-1.));
#3304 = ( GEOMETRIC_REPRESENTATION_CONTEXT(2) 
PARAMETRIC_REPRESENTATION_CONTEXT() REPRESENTATION_CONTEXT('2D SPACE',''
  ) );
#3305 = ORIENTED_EDGE('',*,*,#1831,.F.);
#3306 = ADVANCED_FACE('',(#3307),#1069,.F.);
#3307 = FACE_BOUND('',#3308,.F.);
#3308 = EDGE_LOOP('',(#3309,#3330,#3331,#3332));
#3309 = ORIENTED_EDGE('',*,*,#3310,.F.);
#3310 = EDGE_CURVE('',#1026,#2200,#3311,.T.);
#3311 = SURFACE_CURVE('',#3312,(#3316,#3323),.PCURVE_S1.);
#3312 = LINE('',#3313,#3314);
#3313 = CARTESIAN_POINT('',(271.96876039992,46.026807243886,9.));
#3314 = VECTOR('',#3315,1.);
#3315 = DIRECTION('',(0.,0.,-1.));
#3316 = PCURVE('',#1069,#3317);
#3317 = DEFINITIONAL_REPRESENTATION('',(#3318),#3322);
#3318 = LINE('',#3319,#3320);
#3319 = CARTESIAN_POINT('',(0.,-24.));
#3320 = VECTOR('',#3321,1.);
#3321 = DIRECTION('',(0.,1.));
#3322 = ( GEOMETRIC_REPRESENTATION_CONTEXT(2) 
PARAMETRIC_REPRESENTATION_CONTEXT() REPRESENTATION_CONTEXT('2D SPACE',''
  ) );
#3323 = PCURVE('',#1041,#3324);
#3324 = DEFINITIONAL_REPRESENTATION('',(#3325),#3329);
#3325 = LINE('',#3326,#3327);
#3326 = CARTESIAN_POINT('',(260.45541093771,-24.));
#3327 = VECTOR('',#3328,1.);
#3328 = DIRECTION('',(0.,1.));
#3329 = ( GEOMETRIC_REPRESENTATION_CONTEXT(2) 
PARAMETRIC_REPRESENTATION_CONTEXT() REPRESENTATION_CONTEXT('2D SPACE',''
  ) );
#3330 = ORIENTED_EDGE('',*,*,#1053,.T.);
#3331 = ORIENTED_EDGE('',*,*,#3256,.T.);
#3332 = ORIENTED_EDGE('',*,*,#2222,.F.);
#3333 = ADVANCED_FACE('',(#3334),#621,.F.);
#3334 = FACE_BOUND('',#3335,.F.);
#3335 = EDGE_LOOP('',(#3336,#3337,#3338,#3359));
#3336 = ORIENTED_EDGE('',*,*,#3285,.T.);
#3337 = ORIENTED_EDGE('',*,*,#605,.T.);
#3338 = ORIENTED_EDGE('',*,*,#3339,.F.);
#3339 = EDGE_CURVE('',#1855,#606,#3340,.T.);
#3340 = SURFACE_CURVE('',#3341,(#3345,#3352),.PCURVE_S1.);
#3341 = LINE('',#3342,#3343);
#3342 = CARTESIAN_POINT('',(-81.19156053641,-40.69868584444,-15.));
#3343 = VECTOR('',#3344,1.);
#3344 = DIRECTION('',(0.,0.,1.));
#3345 = PCURVE('',#621,#3346);
#3346 = DEFINITIONAL_REPRESENTATION('',(#3347),#3351);
#3347 = LINE('',#3348,#3349);
#3348 = CARTESIAN_POINT('',(10.434121754052,0.));
#3349 = VECTOR('',#3350,1.);
#3350 = DIRECTION('',(0.,-1.));
#3351 = ( GEOMETRIC_REPRESENTATION_CONTEXT(2) 
PARAMETRIC_REPRESENTATION_CONTEXT() REPRESENTATION_CONTEXT('2D SPACE',''
  ) );
#3352 = PCURVE('',#649,#3353);
#3353 = DEFINITIONAL_REPRESENTATION('',(#3354),#3358);
#3354 = LINE('',#3355,#3356);
#3355 = CARTESIAN_POINT('',(0.,0.));
#3356 = VECTOR('',#3357,1.);
#3357 = DIRECTION('',(0.,-1.));
#3358 = ( GEOMETRIC_REPRESENTATION_CONTEXT(2) 
PARAMETRIC_REPRESENTATION_CONTEXT() REPRESENTATION_CONTEXT('2D SPACE',''
  ) );
#3359 = ORIENTED_EDGE('',*,*,#1854,.F.);
#3360 = ADVANCED_FACE('',(#3361),#1041,.F.);
#3361 = FACE_BOUND('',#3362,.F.);
#3362 = EDGE_LOOP('',(#3363,#3384,#3385,#3386));
#3363 = ORIENTED_EDGE('',*,*,#3364,.F.);
#3364 = EDGE_CURVE('',#998,#2177,#3365,.T.);
#3365 = SURFACE_CURVE('',#3366,(#3370,#3377),.PCURVE_S1.);
#3366 = LINE('',#3367,#3368);
#3367 = CARTESIAN_POINT('',(43.793868042125,-79.5647513269,9.));
#3368 = VECTOR('',#3369,1.);
#3369 = DIRECTION('',(0.,0.,-1.));
#3370 = PCURVE('',#1041,#3371);
#3371 = DEFINITIONAL_REPRESENTATION('',(#3372),#3376);
#3372 = LINE('',#3373,#3374);
#3373 = CARTESIAN_POINT('',(0.,-24.));
#3374 = VECTOR('',#3375,1.);
#3375 = DIRECTION('',(0.,1.));
#3376 = ( GEOMETRIC_REPRESENTATION_CONTEXT(2) 
PARAMETRIC_REPRESENTATION_CONTEXT() REPRESENTATION_CONTEXT('2D SPACE',''
  ) );
#3377 = PCURVE('',#1013,#3378);
#3378 = DEFINITIONAL_REPRESENTATION('',(#3379),#3383);
#3379 = LINE('',#3380,#3381);
#3380 = CARTESIAN_POINT('',(10.434121754052,-24.));
#3381 = VECTOR('',#3382,1.);
#3382 = DIRECTION('',(0.,1.));
#3383 = ( GEOMETRIC_REPRESENTATION_CONTEXT(2) 
PARAMETRIC_REPRESENTATION_CONTEXT() REPRESENTATION_CONTEXT('2D SPACE',''
  ) );
#3384 = ORIENTED_EDGE('',*,*,#1025,.T.);
#3385 = ORIENTED_EDGE('',*,*,#3310,.T.);
#3386 = ORIENTED_EDGE('',*,*,#2199,.F.);
#3387 = ADVANCED_FACE('',(#3388),#649,.F.);
#3388 = FACE_BOUND('',#3389,.F.);
#3389 = EDGE_LOOP('',(#3390,#3391,#3392,#3413));
#3390 = ORIENTED_EDGE('',*,*,#3339,.T.);
#3391 = ORIENTED_EDGE('',*,*,#633,.T.);
#3392 = ORIENTED_EDGE('',*,*,#3393,.F.);
#3393 = EDGE_CURVE('',#1878,#634,#3394,.T.);
#3394 = SURFACE_CURVE('',#3395,(#3399,#3406),.PCURVE_S1.);
#3395 = LINE('',#3396,#3397);
#3396 = CARTESIAN_POINT('',(-75.98772297229,-49.74252194339,-15.));
#3397 = VECTOR('',#3398,1.);
#3398 = DIRECTION('',(0.,0.,1.));
#3399 = PCURVE('',#649,#3400);
#3400 = DEFINITIONAL_REPRESENTATION('',(#3401),#3405);
#3401 = LINE('',#3402,#3403);
#3402 = CARTESIAN_POINT('',(10.434121754052,0.));
#3403 = VECTOR('',#3404,1.);
#3404 = DIRECTION('',(0.,-1.));
#3405 = ( GEOMETRIC_REPRESENTATION_CONTEXT(2) 
PARAMETRIC_REPRESENTATION_CONTEXT() REPRESENTATION_CONTEXT('2D SPACE',''
  ) );
#3406 = PCURVE('',#677,#3407);
#3407 = DEFINITIONAL_REPRESENTATION('',(#3408),#3412);
#3408 = LINE('',#3409,#3410);
#3409 = CARTESIAN_POINT('',(5.711574089596E-15,0.));
#3410 = VECTOR('',#3411,1.);
#3411 = DIRECTION('',(0.,-1.));
#3412 = ( GEOMETRIC_REPRESENTATION_CONTEXT(2) 
PARAMETRIC_REPRESENTATION_CONTEXT() REPRESENTATION_CONTEXT('2D SPACE',''
  ) );
#3413 = ORIENTED_EDGE('',*,*,#1877,.F.);
#3414 = ADVANCED_FACE('',(#3415),#1013,.F.);
#3415 = FACE_BOUND('',#3416,.F.);
#3416 = EDGE_LOOP('',(#3417,#3438,#3439,#3440));
#3417 = ORIENTED_EDGE('',*,*,#3418,.F.);
#3418 = EDGE_CURVE('',#970,#2154,#3419,.T.);
#3419 = SURFACE_CURVE('',#3420,(#3424,#3431),.PCURVE_S1.);
#3420 = LINE('',#3421,#3422);
#3421 = CARTESIAN_POINT('',(34.379015614702,-84.06268980449,9.));
#3422 = VECTOR('',#3423,1.);
#3423 = DIRECTION('',(0.,0.,-1.));
#3424 = PCURVE('',#1013,#3425);
#3425 = DEFINITIONAL_REPRESENTATION('',(#3426),#3430);
#3426 = LINE('',#3427,#3428);
#3427 = CARTESIAN_POINT('',(0.,-24.));
#3428 = VECTOR('',#3429,1.);
#3429 = DIRECTION('',(0.,1.));
#3430 = ( GEOMETRIC_REPRESENTATION_CONTEXT(2) 
PARAMETRIC_REPRESENTATION_CONTEXT() REPRESENTATION_CONTEXT('2D SPACE',''
  ) );
#3431 = PCURVE('',#985,#3432);
#3432 = DEFINITIONAL_REPRESENTATION('',(#3433),#3437);
#3433 = LINE('',#3434,#3435);
#3434 = CARTESIAN_POINT('',(10.434121754052,-24.));
#3435 = VECTOR('',#3436,1.);
#3436 = DIRECTION('',(0.,1.));
#3437 = ( GEOMETRIC_REPRESENTATION_CONTEXT(2) 
PARAMETRIC_REPRESENTATION_CONTEXT() REPRESENTATION_CONTEXT('2D SPACE',''
  ) );
#3438 = ORIENTED_EDGE('',*,*,#997,.T.);
#3439 = ORIENTED_EDGE('',*,*,#3364,.T.);
#3440 = ORIENTED_EDGE('',*,*,#2176,.F.);
#3441 = ADVANCED_FACE('',(#3442),#677,.F.);
#3442 = FACE_BOUND('',#3443,.F.);
#3443 = EDGE_LOOP('',(#3444,#3445,#3446,#3467));
#3444 = ORIENTED_EDGE('',*,*,#3393,.T.);
#3445 = ORIENTED_EDGE('',*,*,#661,.T.);
#3446 = ORIENTED_EDGE('',*,*,#3447,.F.);
#3447 = EDGE_CURVE('',#1901,#662,#3448,.T.);
#3448 = SURFACE_CURVE('',#3449,(#3453,#3460),.PCURVE_S1.);
#3449 = LINE('',#3450,#3451);
#3450 = CARTESIAN_POINT('',(-69.78092739729,-58.12980907741,-15.));
#3451 = VECTOR('',#3452,1.);
#3452 = DIRECTION('',(0.,0.,1.));
#3453 = PCURVE('',#677,#3454);
#3454 = DEFINITIONAL_REPRESENTATION('',(#3455),#3459);
#3455 = LINE('',#3456,#3457);
#3456 = CARTESIAN_POINT('',(10.434121754052,0.));
#3457 = VECTOR('',#3458,1.);
#3458 = DIRECTION('',(0.,-1.));
#3459 = ( GEOMETRIC_REPRESENTATION_CONTEXT(2) 
PARAMETRIC_REPRESENTATION_CONTEXT() REPRESENTATION_CONTEXT('2D SPACE',''
  ) );
#3460 = PCURVE('',#705,#3461);
#3461 = DEFINITIONAL_REPRESENTATION('',(#3462),#3466);
#3462 = LINE('',#3463,#3464);
#3463 = CARTESIAN_POINT('',(5.189090660573E-15,0.));
#3464 = VECTOR('',#3465,1.);
#3465 = DIRECTION('',(0.,-1.));
#3466 = ( GEOMETRIC_REPRESENTATION_CONTEXT(2) 
PARAMETRIC_REPRESENTATION_CONTEXT() REPRESENTATION_CONTEXT('2D SPACE',''
  ) );
#3467 = ORIENTED_EDGE('',*,*,#1900,.F.);
#3468 = ADVANCED_FACE('',(#3469),#985,.F.);
#3469 = FACE_BOUND('',#3470,.F.);
#3470 = EDGE_LOOP('',(#3471,#3492,#3493,#3494));
#3471 = ORIENTED_EDGE('',*,*,#3472,.F.);
#3472 = EDGE_CURVE('',#942,#2131,#3473,.T.);
#3473 = SURFACE_CURVE('',#3474,(#3478,#3485),.PCURVE_S1.);
#3474 = LINE('',#3475,#3476);
#3475 = CARTESIAN_POINT('',(24.510396344844,-87.45108920317,9.));
#3476 = VECTOR('',#3477,1.);
#3477 = DIRECTION('',(0.,0.,-1.));
#3478 = PCURVE('',#985,#3479);
#3479 = DEFINITIONAL_REPRESENTATION('',(#3480),#3484);
#3480 = LINE('',#3481,#3482);
#3481 = CARTESIAN_POINT('',(-3.360165761655E-15,-24.));
#3482 = VECTOR('',#3483,1.);
#3483 = DIRECTION('',(0.,1.));
#3484 = ( GEOMETRIC_REPRESENTATION_CONTEXT(2) 
PARAMETRIC_REPRESENTATION_CONTEXT() REPRESENTATION_CONTEXT('2D SPACE',''
  ) );
#3485 = PCURVE('',#957,#3486);
#3486 = DEFINITIONAL_REPRESENTATION('',(#3487),#3491);
#3487 = LINE('',#3488,#3489);
#3488 = CARTESIAN_POINT('',(10.434121754052,-24.));
#3489 = VECTOR('',#3490,1.);
#3490 = DIRECTION('',(0.,1.));
#3491 = ( GEOMETRIC_REPRESENTATION_CONTEXT(2) 
PARAMETRIC_REPRESENTATION_CONTEXT() REPRESENTATION_CONTEXT('2D SPACE',''
  ) );
#3492 = ORIENTED_EDGE('',*,*,#969,.T.);
#3493 = ORIENTED_EDGE('',*,*,#3418,.T.);
#3494 = ORIENTED_EDGE('',*,*,#2153,.F.);
#3495 = ADVANCED_FACE('',(#3496),#705,.F.);
#3496 = FACE_BOUND('',#3497,.F.);
#3497 = EDGE_LOOP('',(#3498,#3499,#3500,#3521));
#3498 = ORIENTED_EDGE('',*,*,#3447,.T.);
#3499 = ORIENTED_EDGE('',*,*,#689,.T.);
#3500 = ORIENTED_EDGE('',*,*,#3501,.F.);
#3501 = EDGE_CURVE('',#1924,#690,#3502,.T.);
#3502 = SURFACE_CURVE('',#3503,(#3507,#3514),.PCURVE_S1.);
#3503 = LINE('',#3504,#3505);
#3504 = CARTESIAN_POINT('',(-62.653096984,-65.74984387902,-15.));
#3505 = VECTOR('',#3506,1.);
#3506 = DIRECTION('',(0.,0.,1.));
#3507 = PCURVE('',#705,#3508);
#3508 = DEFINITIONAL_REPRESENTATION('',(#3509),#3513);
#3509 = LINE('',#3510,#3511);
#3510 = CARTESIAN_POINT('',(10.434121754052,0.));
#3511 = VECTOR('',#3512,1.);
#3512 = DIRECTION('',(0.,-1.));
#3513 = ( GEOMETRIC_REPRESENTATION_CONTEXT(2) 
PARAMETRIC_REPRESENTATION_CONTEXT() REPRESENTATION_CONTEXT('2D SPACE',''
  ) );
#3514 = PCURVE('',#733,#3515);
#3515 = DEFINITIONAL_REPRESENTATION('',(#3516),#3520);
#3516 = LINE('',#3517,#3518);
#3517 = CARTESIAN_POINT('',(-5.417049086818E-15,-0.));
#3518 = VECTOR('',#3519,1.);
#3519 = DIRECTION('',(0.,-1.));
#3520 = ( GEOMETRIC_REPRESENTATION_CONTEXT(2) 
PARAMETRIC_REPRESENTATION_CONTEXT() REPRESENTATION_CONTEXT('2D SPACE',''
  ) );
#3521 = ORIENTED_EDGE('',*,*,#1923,.F.);
#3522 = ADVANCED_FACE('',(#3523),#957,.F.);
#3523 = FACE_BOUND('',#3524,.F.);
#3524 = EDGE_LOOP('',(#3525,#3546,#3547,#3548));
#3525 = ORIENTED_EDGE('',*,*,#3526,.F.);
#3526 = EDGE_CURVE('',#914,#2108,#3527,.T.);
#3527 = SURFACE_CURVE('',#3528,(#3532,#3539),.PCURVE_S1.);
#3528 = LINE('',#3529,#3530);
#3529 = CARTESIAN_POINT('',(14.318265626,-89.68522621517,9.));
#3530 = VECTOR('',#3531,1.);
#3531 = DIRECTION('',(0.,0.,-1.));
#3532 = PCURVE('',#957,#3533);
#3533 = DEFINITIONAL_REPRESENTATION('',(#3534),#3538);
#3534 = LINE('',#3535,#3536);
#3535 = CARTESIAN_POINT('',(0.,-24.));
#3536 = VECTOR('',#3537,1.);
#3537 = DIRECTION('',(0.,1.));
#3538 = ( GEOMETRIC_REPRESENTATION_CONTEXT(2) 
PARAMETRIC_REPRESENTATION_CONTEXT() REPRESENTATION_CONTEXT('2D SPACE',''
  ) );
#3539 = PCURVE('',#929,#3540);
#3540 = DEFINITIONAL_REPRESENTATION('',(#3541),#3545);
#3541 = LINE('',#3542,#3543);
#3542 = CARTESIAN_POINT('',(10.434121754052,-24.));
#3543 = VECTOR('',#3544,1.);
#3544 = DIRECTION('',(0.,1.));
#3545 = ( GEOMETRIC_REPRESENTATION_CONTEXT(2) 
PARAMETRIC_REPRESENTATION_CONTEXT() REPRESENTATION_CONTEXT('2D SPACE',''
  ) );
#3546 = ORIENTED_EDGE('',*,*,#941,.T.);
#3547 = ORIENTED_EDGE('',*,*,#3472,.T.);
#3548 = ORIENTED_EDGE('',*,*,#2130,.F.);
#3549 = ADVANCED_FACE('',(#3550),#733,.F.);
#3550 = FACE_BOUND('',#3551,.F.);
#3551 = EDGE_LOOP('',(#3552,#3553,#3554,#3575));
#3552 = ORIENTED_EDGE('',*,*,#3501,.T.);
#3553 = ORIENTED_EDGE('',*,*,#717,.T.);
#3554 = ORIENTED_EDGE('',*,*,#3555,.F.);
#3555 = EDGE_CURVE('',#1947,#718,#3556,.T.);
#3556 = SURFACE_CURVE('',#3557,(#3561,#3568),.PCURVE_S1.);
#3557 = LINE('',#3558,#3559);
#3558 = CARTESIAN_POINT('',(-54.69831159603,-72.50204990444,-15.));
#3559 = VECTOR('',#3560,1.);
#3560 = DIRECTION('',(0.,0.,1.));
#3561 = PCURVE('',#733,#3562);
#3562 = DEFINITIONAL_REPRESENTATION('',(#3563),#3567);
#3563 = LINE('',#3564,#3565);
#3564 = CARTESIAN_POINT('',(10.434121754052,0.));
#3565 = VECTOR('',#3566,1.);
#3566 = DIRECTION('',(0.,-1.));
#3567 = ( GEOMETRIC_REPRESENTATION_CONTEXT(2) 
PARAMETRIC_REPRESENTATION_CONTEXT() REPRESENTATION_CONTEXT('2D SPACE',''
  ) );
#3568 = PCURVE('',#761,#3569);
#3569 = DEFINITIONAL_REPRESENTATION('',(#3570),#3574);
#3570 = LINE('',#3571,#3572);
#3571 = CARTESIAN_POINT('',(5.90868946648E-15,0.));
#3572 = VECTOR('',#3573,1.);
#3573 = DIRECTION('',(0.,-1.));
#3574 = ( GEOMETRIC_REPRESENTATION_CONTEXT(2) 
PARAMETRIC_REPRESENTATION_CONTEXT() REPRESENTATION_CONTEXT('2D SPACE',''
  ) );
#3575 = ORIENTED_EDGE('',*,*,#1946,.F.);
#3576 = ADVANCED_FACE('',(#3577),#929,.F.);
#3577 = FACE_BOUND('',#3578,.F.);
#3578 = EDGE_LOOP('',(#3579,#3600,#3601,#3602));
#3579 = ORIENTED_EDGE('',*,*,#3580,.F.);
#3580 = EDGE_CURVE('',#886,#2085,#3581,.T.);
#3581 = SURFACE_CURVE('',#3582,(#3586,#3593),.PCURVE_S1.);
#3582 = LINE('',#3583,#3584);
#3583 = CARTESIAN_POINT('',(3.93714886244,-90.73561258204,9.));
#3584 = VECTOR('',#3585,1.);
#3585 = DIRECTION('',(0.,0.,-1.));
#3586 = PCURVE('',#929,#3587);
#3587 = DEFINITIONAL_REPRESENTATION('',(#3588),#3592);
#3588 = LINE('',#3589,#3590);
#3589 = CARTESIAN_POINT('',(0.,-24.));
#3590 = VECTOR('',#3591,1.);
#3591 = DIRECTION('',(0.,1.));
#3592 = ( GEOMETRIC_REPRESENTATION_CONTEXT(2) 
PARAMETRIC_REPRESENTATION_CONTEXT() REPRESENTATION_CONTEXT('2D SPACE',''
  ) );
#3593 = PCURVE('',#901,#3594);
#3594 = DEFINITIONAL_REPRESENTATION('',(#3595),#3599);
#3595 = LINE('',#3596,#3597);
#3596 = CARTESIAN_POINT('',(10.434121754052,-24.));
#3597 = VECTOR('',#3598,1.);
#3598 = DIRECTION('',(0.,1.));
#3599 = ( GEOMETRIC_REPRESENTATION_CONTEXT(2) 
PARAMETRIC_REPRESENTATION_CONTEXT() REPRESENTATION_CONTEXT('2D SPACE',''
  ) );
#3600 = ORIENTED_EDGE('',*,*,#913,.T.);
#3601 = ORIENTED_EDGE('',*,*,#3526,.T.);
#3602 = ORIENTED_EDGE('',*,*,#2107,.F.);
#3603 = ADVANCED_FACE('',(#3604),#761,.F.);
#3604 = FACE_BOUND('',#3605,.F.);
#3605 = EDGE_LOOP('',(#3606,#3607,#3608,#3629));
#3606 = ORIENTED_EDGE('',*,*,#3555,.T.);
#3607 = ORIENTED_EDGE('',*,*,#745,.T.);
#3608 = ORIENTED_EDGE('',*,*,#3609,.F.);
#3609 = EDGE_CURVE('',#1970,#746,#3610,.T.);
#3610 = SURFACE_CURVE('',#3611,(#3615,#3622),.PCURVE_S1.);
#3611 = LINE('',#3612,#3613);
#3612 = CARTESIAN_POINT('',(-46.02156603277,-78.29730513686,-15.));
#3613 = VECTOR('',#3614,1.);
#3614 = DIRECTION('',(0.,0.,1.));
#3615 = PCURVE('',#761,#3616);
#3616 = DEFINITIONAL_REPRESENTATION('',(#3617),#3621);
#3617 = LINE('',#3618,#3619);
#3618 = CARTESIAN_POINT('',(10.434121754052,0.));
#3619 = VECTOR('',#3620,1.);
#3620 = DIRECTION('',(0.,-1.));
#3621 = ( GEOMETRIC_REPRESENTATION_CONTEXT(2) 
PARAMETRIC_REPRESENTATION_CONTEXT() REPRESENTATION_CONTEXT('2D SPACE',''
  ) );
#3622 = PCURVE('',#789,#3623);
#3623 = DEFINITIONAL_REPRESENTATION('',(#3624),#3628);
#3624 = LINE('',#3625,#3626);
#3625 = CARTESIAN_POINT('',(0.,0.));
#3626 = VECTOR('',#3627,1.);
#3627 = DIRECTION('',(0.,-1.));
#3628 = ( GEOMETRIC_REPRESENTATION_CONTEXT(2) 
PARAMETRIC_REPRESENTATION_CONTEXT() REPRESENTATION_CONTEXT('2D SPACE',''
  ) );
#3629 = ORIENTED_EDGE('',*,*,#1969,.F.);
#3630 = ADVANCED_FACE('',(#3631),#901,.F.);
#3631 = FACE_BOUND('',#3632,.F.);
#3632 = EDGE_LOOP('',(#3633,#3654,#3655,#3656));
#3633 = ORIENTED_EDGE('',*,*,#3634,.F.);
#3634 = EDGE_CURVE('',#858,#2062,#3635,.T.);
#3635 = SURFACE_CURVE('',#3636,(#3640,#3647),.PCURVE_S1.);
#3636 = LINE('',#3637,#3638);
#3637 = CARTESIAN_POINT('',(-6.495934124572,-90.58838430865,9.));
#3638 = VECTOR('',#3639,1.);
#3639 = DIRECTION('',(0.,0.,-1.));
#3640 = PCURVE('',#901,#3641);
#3641 = DEFINITIONAL_REPRESENTATION('',(#3642),#3646);
#3642 = LINE('',#3643,#3644);
#3643 = CARTESIAN_POINT('',(0.,-24.));
#3644 = VECTOR('',#3645,1.);
#3645 = DIRECTION('',(0.,1.));
#3646 = ( GEOMETRIC_REPRESENTATION_CONTEXT(2) 
PARAMETRIC_REPRESENTATION_CONTEXT() REPRESENTATION_CONTEXT('2D SPACE',''
  ) );
#3647 = PCURVE('',#873,#3648);
#3648 = DEFINITIONAL_REPRESENTATION('',(#3649),#3653);
#3649 = LINE('',#3650,#3651);
#3650 = CARTESIAN_POINT('',(10.434121754052,-24.));
#3651 = VECTOR('',#3652,1.);
#3652 = DIRECTION('',(0.,1.));
#3653 = ( GEOMETRIC_REPRESENTATION_CONTEXT(2) 
PARAMETRIC_REPRESENTATION_CONTEXT() REPRESENTATION_CONTEXT('2D SPACE',''
  ) );
#3654 = ORIENTED_EDGE('',*,*,#885,.T.);
#3655 = ORIENTED_EDGE('',*,*,#3580,.T.);
#3656 = ORIENTED_EDGE('',*,*,#2084,.F.);
#3657 = ADVANCED_FACE('',(#3658),#789,.F.);
#3658 = FACE_BOUND('',#3659,.F.);
#3659 = EDGE_LOOP('',(#3660,#3661,#3662,#3683));
#3660 = ORIENTED_EDGE('',*,*,#3609,.T.);
#3661 = ORIENTED_EDGE('',*,*,#773,.T.);
#3662 = ORIENTED_EDGE('',*,*,#3663,.F.);
#3663 = EDGE_CURVE('',#1993,#774,#3664,.T.);
#3664 = SURFACE_CURVE('',#3665,(#3669,#3676),.PCURVE_S1.);
#3665 = LINE('',#3666,#3667);
#3666 = CARTESIAN_POINT('',(-36.73738420849,-83.05911830329,-15.));
#3667 = VECTOR('',#3668,1.);
#3668 = DIRECTION('',(0.,0.,1.));
#3669 = PCURVE('',#789,#3670);
#3670 = DEFINITIONAL_REPRESENTATION('',(#3671),#3675);
#3671 = LINE('',#3672,#3673);
#3672 = CARTESIAN_POINT('',(10.434121754052,0.));
#3673 = VECTOR('',#3674,1.);
#3674 = DIRECTION('',(0.,-1.));
#3675 = ( GEOMETRIC_REPRESENTATION_CONTEXT(2) 
PARAMETRIC_REPRESENTATION_CONTEXT() REPRESENTATION_CONTEXT('2D SPACE',''
  ) );
#3676 = PCURVE('',#817,#3677);
#3677 = DEFINITIONAL_REPRESENTATION('',(#3678),#3682);
#3678 = LINE('',#3679,#3680);
#3679 = CARTESIAN_POINT('',(0.,0.));
#3680 = VECTOR('',#3681,1.);
#3681 = DIRECTION('',(0.,-1.));
#3682 = ( GEOMETRIC_REPRESENTATION_CONTEXT(2) 
PARAMETRIC_REPRESENTATION_CONTEXT() REPRESENTATION_CONTEXT('2D SPACE',''
  ) );
#3683 = ORIENTED_EDGE('',*,*,#1992,.F.);
#3684 = ADVANCED_FACE('',(#3685),#873,.F.);
#3685 = FACE_BOUND('',#3686,.F.);
#3686 = EDGE_LOOP('',(#3687,#3708,#3709,#3710));
#3687 = ORIENTED_EDGE('',*,*,#3688,.F.);
#3688 = EDGE_CURVE('',#830,#2039,#3689,.T.);
#3689 = SURFACE_CURVE('',#3690,(#3694,#3701),.PCURVE_S1.);
#3690 = LINE('',#3691,#3692);
#3691 = CARTESIAN_POINT('',(-16.84327761428,-89.24548465335,9.));
#3692 = VECTOR('',#3693,1.);
#3693 = DIRECTION('',(0.,0.,-1.));
#3694 = PCURVE('',#873,#3695);
#3695 = DEFINITIONAL_REPRESENTATION('',(#3696),#3700);
#3696 = LINE('',#3697,#3698);
#3697 = CARTESIAN_POINT('',(0.,-24.));
#3698 = VECTOR('',#3699,1.);
#3699 = DIRECTION('',(0.,1.));
#3700 = ( GEOMETRIC_REPRESENTATION_CONTEXT(2) 
PARAMETRIC_REPRESENTATION_CONTEXT() REPRESENTATION_CONTEXT('2D SPACE',''
  ) );
#3701 = PCURVE('',#845,#3702);
#3702 = DEFINITIONAL_REPRESENTATION('',(#3703),#3707);
#3703 = LINE('',#3704,#3705);
#3704 = CARTESIAN_POINT('',(10.434121754052,-24.));
#3705 = VECTOR('',#3706,1.);
#3706 = DIRECTION('',(0.,1.));
#3707 = ( GEOMETRIC_REPRESENTATION_CONTEXT(2) 
PARAMETRIC_REPRESENTATION_CONTEXT() REPRESENTATION_CONTEXT('2D SPACE',''
  ) );
#3708 = ORIENTED_EDGE('',*,*,#857,.T.);
#3709 = ORIENTED_EDGE('',*,*,#3634,.T.);
#3710 = ORIENTED_EDGE('',*,*,#2061,.F.);
#3711 = ADVANCED_FACE('',(#3712),#817,.F.);
#3712 = FACE_BOUND('',#3713,.F.);
#3713 = EDGE_LOOP('',(#3714,#3715,#3716,#3737));
#3714 = ORIENTED_EDGE('',*,*,#3663,.T.);
#3715 = ORIENTED_EDGE('',*,*,#801,.T.);
#3716 = ORIENTED_EDGE('',*,*,#3717,.F.);
#3717 = EDGE_CURVE('',#2016,#802,#3718,.T.);
#3718 = SURFACE_CURVE('',#3719,(#3723,#3730),.PCURVE_S1.);
#3719 = LINE('',#3720,#3721);
#3720 = CARTESIAN_POINT('',(-26.96830755713,-86.72463847896,-15.));
#3721 = VECTOR('',#3722,1.);
#3722 = DIRECTION('',(0.,0.,1.));
#3723 = PCURVE('',#817,#3724);
#3724 = DEFINITIONAL_REPRESENTATION('',(#3725),#3729);
#3725 = LINE('',#3726,#3727);
#3726 = CARTESIAN_POINT('',(10.434121754052,0.));
#3727 = VECTOR('',#3728,1.);
#3728 = DIRECTION('',(0.,-1.));
#3729 = ( GEOMETRIC_REPRESENTATION_CONTEXT(2) 
PARAMETRIC_REPRESENTATION_CONTEXT() REPRESENTATION_CONTEXT('2D SPACE',''
  ) );
#3730 = PCURVE('',#845,#3731);
#3731 = DEFINITIONAL_REPRESENTATION('',(#3732),#3736);
#3732 = LINE('',#3733,#3734);
#3733 = CARTESIAN_POINT('',(0.,0.));
#3734 = VECTOR('',#3735,1.);
#3735 = DIRECTION('',(0.,-1.));
#3736 = ( GEOMETRIC_REPRESENTATION_CONTEXT(2) 
PARAMETRIC_REPRESENTATION_CONTEXT() REPRESENTATION_CONTEXT('2D SPACE',''
  ) );
#3737 = ORIENTED_EDGE('',*,*,#2015,.F.);
#3738 = ADVANCED_FACE('',(#3739),#845,.F.);
#3739 = FACE_BOUND('',#3740,.F.);
#3740 = EDGE_LOOP('',(#3741,#3742,#3743,#3744));
#3741 = ORIENTED_EDGE('',*,*,#3717,.T.);
#3742 = ORIENTED_EDGE('',*,*,#829,.T.);
#3743 = ORIENTED_EDGE('',*,*,#3688,.T.);
#3744 = ORIENTED_EDGE('',*,*,#2038,.F.);
#3745 = ADVANCED_FACE('',(#3746),#1458,.F.);
#3746 = FACE_BOUND('',#3747,.F.);
#3747 = EDGE_LOOP('',(#3748,#3749,#3772,#3799));
#3748 = ORIENTED_EDGE('',*,*,#1441,.F.);
#3749 = ORIENTED_EDGE('',*,*,#3750,.F.);
#3750 = EDGE_CURVE('',#3751,#1442,#3753,.T.);
#3751 = VERTEX_POINT('',#3752);
#3752 = CARTESIAN_POINT('',(35.,-8.572527594031E-15,7.5));
#3753 = SEAM_CURVE('',#3754,(#3758,#3765),.PCURVE_S1.);
#3754 = LINE('',#3755,#3756);
#3755 = CARTESIAN_POINT('',(35.,-8.572527594031E-15,-30.));
#3756 = VECTOR('',#3757,1.);
#3757 = DIRECTION('',(0.,0.,1.));
#3758 = PCURVE('',#1458,#3759);
#3759 = DEFINITIONAL_REPRESENTATION('',(#3760),#3764);
#3760 = LINE('',#3761,#3762);
#3761 = CARTESIAN_POINT('',(6.28318530718,-0.));
#3762 = VECTOR('',#3763,1.);
#3763 = DIRECTION('',(0.,1.));
#3764 = ( GEOMETRIC_REPRESENTATION_CONTEXT(2) 
PARAMETRIC_REPRESENTATION_CONTEXT() REPRESENTATION_CONTEXT('2D SPACE',''
  ) );
#3765 = PCURVE('',#1458,#3766);
#3766 = DEFINITIONAL_REPRESENTATION('',(#3767),#3771);
#3767 = LINE('',#3768,#3769);
#3768 = CARTESIAN_POINT('',(0.,-0.));
#3769 = VECTOR('',#3770,1.);
#3770 = DIRECTION('',(0.,1.));
#3771 = ( GEOMETRIC_REPRESENTATION_CONTEXT(2) 
PARAMETRIC_REPRESENTATION_CONTEXT() REPRESENTATION_CONTEXT('2D SPACE',''
  ) );
#3772 = ORIENTED_EDGE('',*,*,#3773,.T.);
#3773 = EDGE_CURVE('',#3751,#3751,#3774,.T.);
#3774 = SURFACE_CURVE('',#3775,(#3780,#3787),.PCURVE_S1.);
#3775 = CIRCLE('',#3776,35.);
#3776 = AXIS2_PLACEMENT_3D('',#3777,#3778,#3779);
#3777 = CARTESIAN_POINT('',(0.,0.,7.5));
#3778 = DIRECTION('',(0.,0.,1.));
#3779 = DIRECTION('',(1.,0.,-0.));
#3780 = PCURVE('',#1458,#3781);
#3781 = DEFINITIONAL_REPRESENTATION('',(#3782),#3786);
#3782 = LINE('',#3783,#3784);
#3783 = CARTESIAN_POINT('',(0.,37.5));
#3784 = VECTOR('',#3785,1.);
#3785 = DIRECTION('',(1.,0.));
#3786 = ( GEOMETRIC_REPRESENTATION_CONTEXT(2) 
PARAMETRIC_REPRESENTATION_CONTEXT() REPRESENTATION_CONTEXT('2D SPACE',''
  ) );
#3787 = PCURVE('',#3788,#3793);
#3788 = PLANE('',#3789);
#3789 = AXIS2_PLACEMENT_3D('',#3790,#3791,#3792);
#3790 = CARTESIAN_POINT('',(96.845045168294,35.319497490699,7.5));
#3791 = DIRECTION('',(0.,0.,1.));
#3792 = DIRECTION('',(1.,0.,-0.));
#3793 = DEFINITIONAL_REPRESENTATION('',(#3794),#3798);
#3794 = CIRCLE('',#3795,35.);
#3795 = AXIS2_PLACEMENT_2D('',#3796,#3797);
#3796 = CARTESIAN_POINT('',(-96.84504516829,-35.31949749069));
#3797 = DIRECTION('',(1.,0.));
#3798 = ( GEOMETRIC_REPRESENTATION_CONTEXT(2) 
PARAMETRIC_REPRESENTATION_CONTEXT() REPRESENTATION_CONTEXT('2D SPACE',''
  ) );
#3799 = ORIENTED_EDGE('',*,*,#3750,.T.);
#3800 = ADVANCED_FACE('',(#3801),#1489,.F.);
#3801 = FACE_BOUND('',#3802,.F.);
#3802 = EDGE_LOOP('',(#3803,#3804,#3827,#3849));
#3803 = ORIENTED_EDGE('',*,*,#1472,.F.);
#3804 = ORIENTED_EDGE('',*,*,#3805,.F.);
#3805 = EDGE_CURVE('',#3806,#1473,#3808,.T.);
#3806 = VERTEX_POINT('',#3807);
#3807 = CARTESIAN_POINT('',(276.6,90.3,7.5));
#3808 = SEAM_CURVE('',#3809,(#3813,#3820),.PCURVE_S1.);
#3809 = LINE('',#3810,#3811);
#3810 = CARTESIAN_POINT('',(276.6,90.3,-30.));
#3811 = VECTOR('',#3812,1.);
#3812 = DIRECTION('',(0.,0.,1.));
#3813 = PCURVE('',#1489,#3814);
#3814 = DEFINITIONAL_REPRESENTATION('',(#3815),#3819);
#3815 = LINE('',#3816,#3817);
#3816 = CARTESIAN_POINT('',(6.28318530718,-0.));
#3817 = VECTOR('',#3818,1.);
#3818 = DIRECTION('',(0.,1.));
#3819 = ( GEOMETRIC_REPRESENTATION_CONTEXT(2) 
PARAMETRIC_REPRESENTATION_CONTEXT() REPRESENTATION_CONTEXT('2D SPACE',''
  ) );
#3820 = PCURVE('',#1489,#3821);
#3821 = DEFINITIONAL_REPRESENTATION('',(#3822),#3826);
#3822 = LINE('',#3823,#3824);
#3823 = CARTESIAN_POINT('',(0.,-0.));
#3824 = VECTOR('',#3825,1.);
#3825 = DIRECTION('',(0.,1.));
#3826 = ( GEOMETRIC_REPRESENTATION_CONTEXT(2) 
PARAMETRIC_REPRESENTATION_CONTEXT() REPRESENTATION_CONTEXT('2D SPACE',''
  ) );
#3827 = ORIENTED_EDGE('',*,*,#3828,.T.);
#3828 = EDGE_CURVE('',#3806,#3806,#3829,.T.);
#3829 = SURFACE_CURVE('',#3830,(#3835,#3842),.PCURVE_S1.);
#3830 = CIRCLE('',#3831,29.);
#3831 = AXIS2_PLACEMENT_3D('',#3832,#3833,#3834);
#3832 = CARTESIAN_POINT('',(247.6,90.3,7.5));
#3833 = DIRECTION('',(0.,0.,1.));
#3834 = DIRECTION('',(1.,0.,-0.));
#3835 = PCURVE('',#1489,#3836);
#3836 = DEFINITIONAL_REPRESENTATION('',(#3837),#3841);
#3837 = LINE('',#3838,#3839);
#3838 = CARTESIAN_POINT('',(0.,37.5));
#3839 = VECTOR('',#3840,1.);
#3840 = DIRECTION('',(1.,0.));
#3841 = ( GEOMETRIC_REPRESENTATION_CONTEXT(2) 
PARAMETRIC_REPRESENTATION_CONTEXT() REPRESENTATION_CONTEXT('2D SPACE',''
  ) );
#3842 = PCURVE('',#3788,#3843);
#3843 = DEFINITIONAL_REPRESENTATION('',(#3844),#3848);
#3844 = CIRCLE('',#3845,29.);
#3845 = AXIS2_PLACEMENT_2D('',#3846,#3847);
#3846 = CARTESIAN_POINT('',(150.7549548317,54.980502509301));
#3847 = DIRECTION('',(1.,0.));
#3848 = ( GEOMETRIC_REPRESENTATION_CONTEXT(2) 
PARAMETRIC_REPRESENTATION_CONTEXT() REPRESENTATION_CONTEXT('2D SPACE',''
  ) );
#3849 = ORIENTED_EDGE('',*,*,#3805,.T.);
#3850 = ADVANCED_FACE('',(#3851),#2562,.F.);
#3851 = FACE_BOUND('',#3852,.F.);
#3852 = EDGE_LOOP('',(#3853,#3882,#3903,#3904));
#3853 = ORIENTED_EDGE('',*,*,#3854,.F.);
#3854 = EDGE_CURVE('',#3855,#3855,#3857,.T.);
#3855 = VERTEX_POINT('',#3856);
#3856 = CARTESIAN_POINT('',(35.,-8.572527594031E-15,-13.5));
#3857 = SURFACE_CURVE('',#3858,(#3863,#3870),.PCURVE_S1.);
#3858 = CIRCLE('',#3859,35.);
#3859 = AXIS2_PLACEMENT_3D('',#3860,#3861,#3862);
#3860 = CARTESIAN_POINT('',(0.,0.,-13.5));
#3861 = DIRECTION('',(0.,0.,1.));
#3862 = DIRECTION('',(1.,0.,-0.));
#3863 = PCURVE('',#2562,#3864);
#3864 = DEFINITIONAL_REPRESENTATION('',(#3865),#3869);
#3865 = LINE('',#3866,#3867);
#3866 = CARTESIAN_POINT('',(0.,16.5));
#3867 = VECTOR('',#3868,1.);
#3868 = DIRECTION('',(1.,0.));
#3869 = ( GEOMETRIC_REPRESENTATION_CONTEXT(2) 
PARAMETRIC_REPRESENTATION_CONTEXT() REPRESENTATION_CONTEXT('2D SPACE',''
  ) );
#3870 = PCURVE('',#3871,#3876);
#3871 = PLANE('',#3872);
#3872 = AXIS2_PLACEMENT_3D('',#3873,#3874,#3875);
#3873 = CARTESIAN_POINT('',(96.845045168294,35.319497490699,-13.5));
#3874 = DIRECTION('',(0.,0.,1.));
#3875 = DIRECTION('',(1.,0.,-0.));
#3876 = DEFINITIONAL_REPRESENTATION('',(#3877),#3881);
#3877 = CIRCLE('',#3878,35.);
#3878 = AXIS2_PLACEMENT_2D('',#3879,#3880);
#3879 = CARTESIAN_POINT('',(-96.84504516829,-35.31949749069));
#3880 = DIRECTION('',(1.,0.));
#3881 = ( GEOMETRIC_REPRESENTATION_CONTEXT(2) 
PARAMETRIC_REPRESENTATION_CONTEXT() REPRESENTATION_CONTEXT('2D SPACE',''
  ) );
#3882 = ORIENTED_EDGE('',*,*,#3883,.F.);
#3883 = EDGE_CURVE('',#2546,#3855,#3884,.T.);
#3884 = SEAM_CURVE('',#3885,(#3889,#3896),.PCURVE_S1.);
#3885 = LINE('',#3886,#3887);
#3886 = CARTESIAN_POINT('',(35.,-8.572527594031E-15,-30.));
#3887 = VECTOR('',#3888,1.);
#3888 = DIRECTION('',(0.,0.,1.));
#3889 = PCURVE('',#2562,#3890);
#3890 = DEFINITIONAL_REPRESENTATION('',(#3891),#3895);
#3891 = LINE('',#3892,#3893);
#3892 = CARTESIAN_POINT('',(6.28318530718,-0.));
#3893 = VECTOR('',#3894,1.);
#3894 = DIRECTION('',(0.,1.));
#3895 = ( GEOMETRIC_REPRESENTATION_CONTEXT(2) 
PARAMETRIC_REPRESENTATION_CONTEXT() REPRESENTATION_CONTEXT('2D SPACE',''
  ) );
#3896 = PCURVE('',#2562,#3897);
#3897 = DEFINITIONAL_REPRESENTATION('',(#3898),#3902);
#3898 = LINE('',#3899,#3900);
#3899 = CARTESIAN_POINT('',(0.,-0.));
#3900 = VECTOR('',#3901,1.);
#3901 = DIRECTION('',(0.,1.));
#3902 = ( GEOMETRIC_REPRESENTATION_CONTEXT(2) 
PARAMETRIC_REPRESENTATION_CONTEXT() REPRESENTATION_CONTEXT('2D SPACE',''
  ) );
#3903 = ORIENTED_EDGE('',*,*,#2545,.T.);
#3904 = ORIENTED_EDGE('',*,*,#3883,.T.);
#3905 = ADVANCED_FACE('',(#3906),#2593,.F.);
#3906 = FACE_BOUND('',#3907,.F.);
#3907 = EDGE_LOOP('',(#3908,#3932,#3953,#3954));
#3908 = ORIENTED_EDGE('',*,*,#3909,.F.);
#3909 = EDGE_CURVE('',#3910,#3910,#3912,.T.);
#3910 = VERTEX_POINT('',#3911);
#3911 = CARTESIAN_POINT('',(276.6,90.3,-13.5));
#3912 = SURFACE_CURVE('',#3913,(#3918,#3925),.PCURVE_S1.);
#3913 = CIRCLE('',#3914,29.);
#3914 = AXIS2_PLACEMENT_3D('',#3915,#3916,#3917);
#3915 = CARTESIAN_POINT('',(247.6,90.3,-13.5));
#3916 = DIRECTION('',(0.,0.,1.));
#3917 = DIRECTION('',(1.,0.,-0.));
#3918 = PCURVE('',#2593,#3919);
#3919 = DEFINITIONAL_REPRESENTATION('',(#3920),#3924);
#3920 = LINE('',#3921,#3922);
#3921 = CARTESIAN_POINT('',(0.,16.5));
#3922 = VECTOR('',#3923,1.);
#3923 = DIRECTION('',(1.,0.));
#3924 = ( GEOMETRIC_REPRESENTATION_CONTEXT(2) 
PARAMETRIC_REPRESENTATION_CONTEXT() REPRESENTATION_CONTEXT('2D SPACE',''
  ) );
#3925 = PCURVE('',#3871,#3926);
#3926 = DEFINITIONAL_REPRESENTATION('',(#3927),#3931);
#3927 = CIRCLE('',#3928,29.);
#3928 = AXIS2_PLACEMENT_2D('',#3929,#3930);
#3929 = CARTESIAN_POINT('',(150.7549548317,54.980502509301));
#3930 = DIRECTION('',(1.,0.));
#3931 = ( GEOMETRIC_REPRESENTATION_CONTEXT(2) 
PARAMETRIC_REPRESENTATION_CONTEXT() REPRESENTATION_CONTEXT('2D SPACE',''
  ) );
#3932 = ORIENTED_EDGE('',*,*,#3933,.F.);
#3933 = EDGE_CURVE('',#2577,#3910,#3934,.T.);
#3934 = SEAM_CURVE('',#3935,(#3939,#3946),.PCURVE_S1.);
#3935 = LINE('',#3936,#3937);
#3936 = CARTESIAN_POINT('',(276.6,90.3,-30.));
#3937 = VECTOR('',#3938,1.);
#3938 = DIRECTION('',(0.,0.,1.));
#3939 = PCURVE('',#2593,#3940);
#3940 = DEFINITIONAL_REPRESENTATION('',(#3941),#3945);
#3941 = LINE('',#3942,#3943);
#3942 = CARTESIAN_POINT('',(6.28318530718,-0.));
#3943 = VECTOR('',#3944,1.);
#3944 = DIRECTION('',(0.,1.));
#3945 = ( GEOMETRIC_REPRESENTATION_CONTEXT(2) 
PARAMETRIC_REPRESENTATION_CONTEXT() REPRESENTATION_CONTEXT('2D SPACE',''
  ) );
#3946 = PCURVE('',#2593,#3947);
#3947 = DEFINITIONAL_REPRESENTATION('',(#3948),#3952);
#3948 = LINE('',#3949,#3950);
#3949 = CARTESIAN_POINT('',(0.,-0.));
#3950 = VECTOR('',#3951,1.);
#3951 = DIRECTION('',(0.,1.));
#3952 = ( GEOMETRIC_REPRESENTATION_CONTEXT(2) 
PARAMETRIC_REPRESENTATION_CONTEXT() REPRESENTATION_CONTEXT('2D SPACE',''
  ) );
#3953 = ORIENTED_EDGE('',*,*,#2576,.T.);
#3954 = ORIENTED_EDGE('',*,*,#3933,.T.);
#3955 = ADVANCED_FACE('',(#3956,#5154,#5157),#3788,.F.);
#3956 = FACE_BOUND('',#3957,.F.);
#3957 = EDGE_LOOP('',(#3958,#3986,#4012,#4038,#4064,#4090,#4116,#4142,
    #4168,#4194,#4220,#4246,#4272,#4298,#4324,#4350,#4376,#4402,#4428,
    #4454,#4480,#4506,#4532,#4558,#4584,#4610,#4636,#4662,#4688,#4714,
    #4740,#4766,#4792,#4818,#4844,#4870,#4896,#4922,#4948,#4974,#5000,
    #5026,#5052,#5078,#5104,#5130));
#3958 = ORIENTED_EDGE('',*,*,#3959,.F.);
#3959 = EDGE_CURVE('',#3960,#3962,#3964,.T.);
#3960 = VERTEX_POINT('',#3961);
#3961 = CARTESIAN_POINT('',(-17.41765461404,87.606306077103,7.5));
#3962 = VERTEX_POINT('',#3963);
#3963 = CARTESIAN_POINT('',(238.0378213942,138.39528976581,7.5));
#3964 = SURFACE_CURVE('',#3965,(#3969,#3975),.PCURVE_S1.);
#3965 = LINE('',#3966,#3967);
#3966 = CARTESIAN_POINT('',(160.26888208253,122.93347445495,7.5));
#3967 = VECTOR('',#3968,1.);
#3968 = DIRECTION('',(0.980803105946,0.195000685553,-0.));
#3969 = PCURVE('',#3788,#3970);
#3970 = DEFINITIONAL_REPRESENTATION('',(#3971),#3974);
#3971 = B_SPLINE_CURVE_WITH_KNOTS('',1,(#3972,#3973),.UNSPECIFIED.,.F.,
  .F.,(2,2),(-181.1643291291,79.291081808539),.PIECEWISE_BEZIER_KNOTS.);
#3972 = CARTESIAN_POINT('',(-114.2626997823,52.286808586405));
#3973 = CARTESIAN_POINT('',(141.1927762259,103.07579227512));
#3974 = ( GEOMETRIC_REPRESENTATION_CONTEXT(2) 
PARAMETRIC_REPRESENTATION_CONTEXT() REPRESENTATION_CONTEXT('2D SPACE',''
  ) );
#3975 = PCURVE('',#3976,#3981);
#3976 = PLANE('',#3977);
#3977 = AXIS2_PLACEMENT_3D('',#3978,#3979,#3980);
#3978 = CARTESIAN_POINT('',(238.0378213942,138.39528976581,-15.));
#3979 = DIRECTION('',(0.195000685553,-0.980803105946,0.));
#3980 = DIRECTION('',(-0.980803105946,-0.195000685553,0.));
#3981 = DEFINITIONAL_REPRESENTATION('',(#3982),#3985);
#3982 = B_SPLINE_CURVE_WITH_KNOTS('',1,(#3983,#3984),.UNSPECIFIED.,.F.,
  .F.,(2,2),(-181.1643291291,79.291081808539),.PIECEWISE_BEZIER_KNOTS.);
#3983 = CARTESIAN_POINT('',(260.45541093771,-22.5));
#3984 = CARTESIAN_POINT('',(0.,-22.5));
#3985 = ( GEOMETRIC_REPRESENTATION_CONTEXT(2) 
PARAMETRIC_REPRESENTATION_CONTEXT() REPRESENTATION_CONTEXT('2D SPACE',''
  ) );
#3986 = ORIENTED_EDGE('',*,*,#3987,.F.);
#3987 = EDGE_CURVE('',#3988,#3960,#3990,.T.);
#3988 = VERTEX_POINT('',#3989);
#3989 = CARTESIAN_POINT('',(-27.35088515406,85.030398317417,7.5));
#3990 = SURFACE_CURVE('',#3991,(#3995,#4001),.PCURVE_S1.);
#3991 = LINE('',#3992,#3993);
#3992 = CARTESIAN_POINT('',(29.761428171779,99.840892292867,7.5));
#3993 = VECTOR('',#3994,1.);
#3994 = DIRECTION('',(0.967982082483,0.251019298048,-0.));
#3995 = PCURVE('',#3788,#3996);
#3996 = DEFINITIONAL_REPRESENTATION('',(#3997),#4000);
#3997 = B_SPLINE_CURVE_WITH_KNOTS('',1,(#3998,#3999),.UNSPECIFIED.,.F.,
  .F.,(2,2),(-59.00141579001,-48.73962404843),.PIECEWISE_BEZIER_KNOTS.);
#3998 = CARTESIAN_POINT('',(-124.1959303223,49.710900826718));
#3999 = CARTESIAN_POINT('',(-114.2626997823,52.286808586405));
#4000 = ( GEOMETRIC_REPRESENTATION_CONTEXT(2) 
PARAMETRIC_REPRESENTATION_CONTEXT() REPRESENTATION_CONTEXT('2D SPACE',''
  ) );
#4001 = PCURVE('',#4002,#4007);
#4002 = PLANE('',#4003);
#4003 = AXIS2_PLACEMENT_3D('',#4004,#4005,#4006);
#4004 = CARTESIAN_POINT('',(-17.41765461404,87.606306077103,-15.));
#4005 = DIRECTION('',(0.251019298048,-0.967982082483,0.));
#4006 = DIRECTION('',(-0.967982082483,-0.251019298048,0.));
#4007 = DEFINITIONAL_REPRESENTATION('',(#4008),#4011);
#4008 = B_SPLINE_CURVE_WITH_KNOTS('',1,(#4009,#4010),.UNSPECIFIED.,.F.,
  .F.,(2,2),(-59.00141579001,-48.73962404843),.PIECEWISE_BEZIER_KNOTS.);
#4009 = CARTESIAN_POINT('',(10.261791741578,-22.5));
#4010 = CARTESIAN_POINT('',(0.,-22.5));
#4011 = ( GEOMETRIC_REPRESENTATION_CONTEXT(2) 
PARAMETRIC_REPRESENTATION_CONTEXT() REPRESENTATION_CONTEXT('2D SPACE',''
  ) );
#4012 = ORIENTED_EDGE('',*,*,#4013,.F.);
#4013 = EDGE_CURVE('',#4014,#3988,#4016,.T.);
#4014 = VERTEX_POINT('',#4015);
#4015 = CARTESIAN_POINT('',(-36.92311278075,81.332178744388,7.5));
#4016 = SURFACE_CURVE('',#4017,(#4021,#4027),.PCURVE_S1.);
#4017 = LINE('',#4018,#4019);
#4018 = CARTESIAN_POINT('',(18.3261935957,102.67768725151,7.5));
#4019 = VECTOR('',#4020,1.);
#4020 = DIRECTION('',(0.932802756843,0.360387315019,-0.));
#4021 = PCURVE('',#3788,#4022);
#4022 = DEFINITIONAL_REPRESENTATION('',(#4023),#4026);
#4023 = B_SPLINE_CURVE_WITH_KNOTS('',1,(#4024,#4025),.UNSPECIFIED.,.F.,
  .F.,(2,2),(-59.2293558002,-48.96756405862),.PIECEWISE_BEZIER_KNOTS.);
#4024 = CARTESIAN_POINT('',(-133.768157949,46.01268125369));
#4025 = CARTESIAN_POINT('',(-124.1959303223,49.710900826718));
#4026 = ( GEOMETRIC_REPRESENTATION_CONTEXT(2) 
PARAMETRIC_REPRESENTATION_CONTEXT() REPRESENTATION_CONTEXT('2D SPACE',''
  ) );
#4027 = PCURVE('',#4028,#4033);
#4028 = PLANE('',#4029);
#4029 = AXIS2_PLACEMENT_3D('',#4030,#4031,#4032);
#4030 = CARTESIAN_POINT('',(-27.35088515406,85.030398317417,-15.));
#4031 = DIRECTION('',(0.360387315019,-0.932802756843,0.));
#4032 = DIRECTION('',(-0.932802756843,-0.360387315019,0.));
#4033 = DEFINITIONAL_REPRESENTATION('',(#4034),#4037);
#4034 = B_SPLINE_CURVE_WITH_KNOTS('',1,(#4035,#4036),.UNSPECIFIED.,.F.,
  .F.,(2,2),(-59.2293558002,-48.96756405862),.PIECEWISE_BEZIER_KNOTS.);
#4035 = CARTESIAN_POINT('',(10.261791741578,-22.5));
#4036 = CARTESIAN_POINT('',(0.,-22.5));
#4037 = ( GEOMETRIC_REPRESENTATION_CONTEXT(2) 
PARAMETRIC_REPRESENTATION_CONTEXT() REPRESENTATION_CONTEXT('2D SPACE',''
  ) );
#4038 = ORIENTED_EDGE('',*,*,#4039,.F.);
#4039 = EDGE_CURVE('',#4040,#4014,#4042,.T.);
#4040 = VERTEX_POINT('',#4041);
#4041 = CARTESIAN_POINT('',(-46.00799415858,76.560459966181,7.5));
#4042 = SURFACE_CURVE('',#4043,(#4047,#4053),.PCURVE_S1.);
#4043 = LINE('',#4044,#4045);
#4044 = CARTESIAN_POINT('',(6.028056097806,103.89173572263,7.5));
#4045 = VECTOR('',#4046,1.);
#4046 = DIRECTION('',(0.885311416039,0.464998598527,-0.));
#4047 = PCURVE('',#3788,#4048);
#4048 = DEFINITIONAL_REPRESENTATION('',(#4049),#4052);
#4049 = B_SPLINE_CURVE_WITH_KNOTS('',1,(#4050,#4051),.UNSPECIFIED.,.F.,
  .F.,(2,2),(-58.77711426023,-48.51532251865),.PIECEWISE_BEZIER_KNOTS.);
#4050 = CARTESIAN_POINT('',(-142.8530393268,41.240962475483));
#4051 = CARTESIAN_POINT('',(-133.768157949,46.01268125369));
#4052 = ( GEOMETRIC_REPRESENTATION_CONTEXT(2) 
PARAMETRIC_REPRESENTATION_CONTEXT() REPRESENTATION_CONTEXT('2D SPACE',''
  ) );
#4053 = PCURVE('',#4054,#4059);
#4054 = PLANE('',#4055);
#4055 = AXIS2_PLACEMENT_3D('',#4056,#4057,#4058);
#4056 = CARTESIAN_POINT('',(-36.92311278075,81.332178744388,-15.));
#4057 = DIRECTION('',(0.464998598527,-0.885311416039,0.));
#4058 = DIRECTION('',(-0.885311416039,-0.464998598527,0.));
#4059 = DEFINITIONAL_REPRESENTATION('',(#4060),#4063);
#4060 = B_SPLINE_CURVE_WITH_KNOTS('',1,(#4061,#4062),.UNSPECIFIED.,.F.,
  .F.,(2,2),(-58.77711426023,-48.51532251865),.PIECEWISE_BEZIER_KNOTS.);
#4061 = CARTESIAN_POINT('',(10.261791741578,-22.5));
#4062 = CARTESIAN_POINT('',(0.,-22.5));
#4063 = ( GEOMETRIC_REPRESENTATION_CONTEXT(2) 
PARAMETRIC_REPRESENTATION_CONTEXT() REPRESENTATION_CONTEXT('2D SPACE',''
  ) );
#4064 = ORIENTED_EDGE('',*,*,#4065,.F.);
#4065 = EDGE_CURVE('',#4066,#4040,#4068,.T.);
#4066 = VERTEX_POINT('',#4067);
#4067 = CARTESIAN_POINT('',(-54.48561840985,70.778223651243,7.5));
#4068 = SURFACE_CURVE('',#4069,(#4073,#4079),.PCURVE_S1.);
#4069 = LINE('',#4070,#4071);
#4070 = CARTESIAN_POINT('',(-6.858396183709,103.26277896688,7.5));
#4071 = VECTOR('',#4072,1.);
#4072 = DIRECTION('',(0.826134895812,0.563472389672,-0.));
#4073 = PCURVE('',#3788,#4074);
#4074 = DEFINITIONAL_REPRESENTATION('',(#4075),#4078);
#4075 = B_SPLINE_CURVE_WITH_KNOTS('',1,(#4076,#4077),.UNSPECIFIED.,.F.,
  .F.,(2,2),(-57.65066028272,-47.38886854114),.PIECEWISE_BEZIER_KNOTS.);
#4076 = CARTESIAN_POINT('',(-151.3306635781,35.458726160544));
#4077 = CARTESIAN_POINT('',(-142.8530393268,41.240962475483));
#4078 = ( GEOMETRIC_REPRESENTATION_CONTEXT(2) 
PARAMETRIC_REPRESENTATION_CONTEXT() REPRESENTATION_CONTEXT('2D SPACE',''
  ) );
#4079 = PCURVE('',#4080,#4085);
#4080 = PLANE('',#4081);
#4081 = AXIS2_PLACEMENT_3D('',#4082,#4083,#4084);
#4082 = CARTESIAN_POINT('',(-46.00799415858,76.560459966181,-15.));
#4083 = DIRECTION('',(0.563472389672,-0.826134895812,0.));
#4084 = DIRECTION('',(-0.826134895812,-0.563472389672,0.));
#4085 = DEFINITIONAL_REPRESENTATION('',(#4086),#4089);
#4086 = B_SPLINE_CURVE_WITH_KNOTS('',1,(#4087,#4088),.UNSPECIFIED.,.F.,
  .F.,(2,2),(-57.65066028272,-47.38886854114),.PIECEWISE_BEZIER_KNOTS.);
#4087 = CARTESIAN_POINT('',(10.261791741578,-22.5));
#4088 = CARTESIAN_POINT('',(0.,-22.5));
#4089 = ( GEOMETRIC_REPRESENTATION_CONTEXT(2) 
PARAMETRIC_REPRESENTATION_CONTEXT() REPRESENTATION_CONTEXT('2D SPACE',''
  ) );
#4090 = ORIENTED_EDGE('',*,*,#4091,.F.);
#4091 = EDGE_CURVE('',#4092,#4066,#4094,.T.);
#4092 = VERTEX_POINT('',#4093);
#4093 = CARTESIAN_POINT('',(-62.24408981215,64.06178923653,7.5));
#4094 = SURFACE_CURVE('',#4095,(#4099,#4105),.PCURVE_S1.);
#4095 = LINE('',#4096,#4097);
#4096 = CARTESIAN_POINT('',(-20.00722278468,100.62584065376,7.5));
#4097 = VECTOR('',#4098,1.);
#4098 = DIRECTION('',(0.756054263981,0.654508937996,-0.));
#4099 = PCURVE('',#3788,#4100);
#4100 = DEFINITIONAL_REPRESENTATION('',(#4101),#4104);
#4101 = B_SPLINE_CURVE_WITH_KNOTS('',1,(#4102,#4103),.UNSPECIFIED.,.F.,
  .F.,(2,2),(-55.86486187523,-45.60307013365),.PIECEWISE_BEZIER_KNOTS.);
#4102 = CARTESIAN_POINT('',(-159.0891349804,28.742291745832));
#4103 = CARTESIAN_POINT('',(-151.3306635781,35.458726160544));
#4104 = ( GEOMETRIC_REPRESENTATION_CONTEXT(2) 
PARAMETRIC_REPRESENTATION_CONTEXT() REPRESENTATION_CONTEXT('2D SPACE',''
  ) );
#4105 = PCURVE('',#4106,#4111);
#4106 = PLANE('',#4107);
#4107 = AXIS2_PLACEMENT_3D('',#4108,#4109,#4110);
#4108 = CARTESIAN_POINT('',(-54.48561840985,70.778223651243,-15.));
#4109 = DIRECTION('',(0.654508937996,-0.756054263981,0.));
#4110 = DIRECTION('',(-0.756054263981,-0.654508937996,0.));
#4111 = DEFINITIONAL_REPRESENTATION('',(#4112),#4115);
#4112 = B_SPLINE_CURVE_WITH_KNOTS('',1,(#4113,#4114),.UNSPECIFIED.,.F.,
  .F.,(2,2),(-55.86486187523,-45.60307013365),.PIECEWISE_BEZIER_KNOTS.);
#4113 = CARTESIAN_POINT('',(10.261791741578,-22.5));
#4114 = CARTESIAN_POINT('',(0.,-22.5));
#4115 = ( GEOMETRIC_REPRESENTATION_CONTEXT(2) 
PARAMETRIC_REPRESENTATION_CONTEXT() REPRESENTATION_CONTEXT('2D SPACE',''
  ) );
#4116 = ORIENTED_EDGE('',*,*,#4117,.F.);
#4117 = EDGE_CURVE('',#4118,#4092,#4120,.T.);
#4118 = VERTEX_POINT('',#4119);
#4119 = CARTESIAN_POINT('',(-69.1810047042,56.499806591223,7.5));
#4120 = SURFACE_CURVE('',#4121,(#4125,#4131),.PCURVE_S1.);
#4121 = LINE('',#4122,#4123);
#4122 = CARTESIAN_POINT('',(-33.05363420944,95.882522532418,7.5));
#4123 = VECTOR('',#4124,1.);
#4124 = DIRECTION('',(0.675994511168,0.736906656824,-0.));
#4125 = PCURVE('',#3788,#4126);
#4126 = DEFINITIONAL_REPRESENTATION('',(#4127),#4130);
#4127 = B_SPLINE_CURVE_WITH_KNOTS('',1,(#4128,#4129),.UNSPECIFIED.,.F.,
  .F.,(2,2),(-53.44328969824,-43.18149795666),.PIECEWISE_BEZIER_KNOTS.);
#4128 = CARTESIAN_POINT('',(-166.0260498725,21.180309100524));
#4129 = CARTESIAN_POINT('',(-159.0891349804,28.742291745832));
#4130 = ( GEOMETRIC_REPRESENTATION_CONTEXT(2) 
PARAMETRIC_REPRESENTATION_CONTEXT() REPRESENTATION_CONTEXT('2D SPACE',''
  ) );
#4131 = PCURVE('',#4132,#4137);
#4132 = PLANE('',#4133);
#4133 = AXIS2_PLACEMENT_3D('',#4134,#4135,#4136);
#4134 = CARTESIAN_POINT('',(-62.24408981215,64.06178923653,-15.));
#4135 = DIRECTION('',(0.736906656824,-0.675994511168,0.));
#4136 = DIRECTION('',(-0.675994511168,-0.736906656824,0.));
#4137 = DEFINITIONAL_REPRESENTATION('',(#4138),#4141);
#4138 = B_SPLINE_CURVE_WITH_KNOTS('',1,(#4139,#4140),.UNSPECIFIED.,.F.,
  .F.,(2,2),(-53.44328969824,-43.18149795666),.PIECEWISE_BEZIER_KNOTS.);
#4139 = CARTESIAN_POINT('',(10.261791741578,-22.5));
#4140 = CARTESIAN_POINT('',(0.,-22.5));
#4141 = ( GEOMETRIC_REPRESENTATION_CONTEXT(2) 
PARAMETRIC_REPRESENTATION_CONTEXT() REPRESENTATION_CONTEXT('2D SPACE',''
  ) );
#4142 = ORIENTED_EDGE('',*,*,#4143,.F.);
#4143 = EDGE_CURVE('',#4144,#4118,#4146,.T.);
#4144 = VERTEX_POINT('',#4145);
#4145 = CARTESIAN_POINT('',(-75.20480310645,48.192085931704,7.5));
#4146 = SURFACE_CURVE('',#4147,(#4151,#4157),.PCURVE_S1.);
#4147 = LINE('',#4148,#4149);
#4148 = CARTESIAN_POINT('',(-45.60887005714,89.009312540718,7.5));
#4149 = VECTOR('',#4150,1.);
#4150 = DIRECTION('',(0.587012341893,0.809577982942,-0.));
#4151 = PCURVE('',#3788,#4152);
#4152 = DEFINITIONAL_REPRESENTATION('',(#4153),#4156);
#4153 = B_SPLINE_CURVE_WITH_KNOTS('',1,(#4154,#4155),.UNSPECIFIED.,.F.,
  .F.,(2,2),(-50.41790595721,-40.15611421564),.PIECEWISE_BEZIER_KNOTS.);
#4154 = CARTESIAN_POINT('',(-172.0498482747,12.872588441005));
#4155 = CARTESIAN_POINT('',(-166.0260498725,21.180309100524));
#4156 = ( GEOMETRIC_REPRESENTATION_CONTEXT(2) 
PARAMETRIC_REPRESENTATION_CONTEXT() REPRESENTATION_CONTEXT('2D SPACE',''
  ) );
#4157 = PCURVE('',#4158,#4163);
#4158 = PLANE('',#4159);
#4159 = AXIS2_PLACEMENT_3D('',#4160,#4161,#4162);
#4160 = CARTESIAN_POINT('',(-69.1810047042,56.499806591223,-15.));
#4161 = DIRECTION('',(0.809577982942,-0.587012341893,0.));
#4162 = DIRECTION('',(-0.587012341893,-0.809577982942,0.));
#4163 = DEFINITIONAL_REPRESENTATION('',(#4164),#4167);
#4164 = B_SPLINE_CURVE_WITH_KNOTS('',1,(#4165,#4166),.UNSPECIFIED.,.F.,
  .F.,(2,2),(-50.41790595721,-40.15611421564),.PIECEWISE_BEZIER_KNOTS.);
#4165 = CARTESIAN_POINT('',(10.261791741578,-22.5));
#4166 = CARTESIAN_POINT('',(0.,-22.5));
#4167 = ( GEOMETRIC_REPRESENTATION_CONTEXT(2) 
PARAMETRIC_REPRESENTATION_CONTEXT() REPRESENTATION_CONTEXT('2D SPACE',''
  ) );
#4168 = ORIENTED_EDGE('',*,*,#4169,.F.);
#4169 = EDGE_CURVE('',#4170,#4144,#4172,.T.);
#4170 = VERTEX_POINT('',#4171);
#4171 = CARTESIAN_POINT('',(-80.23597721648,39.248280431691,7.5));
#4172 = SURFACE_CURVE('',#4173,(#4177,#4183),.PCURVE_S1.);
#4173 = LINE('',#4174,#4175);
#4174 = CARTESIAN_POINT('',(-57.27672605804,80.062426850835,7.5));
#4175 = VECTOR('',#4176,1.);
#4176 = DIRECTION('',(0.490282227191,0.87156373129,-0.));
#4177 = PCURVE('',#3788,#4178);
#4178 = DEFINITIONAL_REPRESENTATION('',(#4179),#4182);
#4179 = B_SPLINE_CURVE_WITH_KNOTS('',1,(#4180,#4181),.UNSPECIFIED.,.F.,
  .F.,(2,2),(-46.82864253509,-36.56685079351),.PIECEWISE_BEZIER_KNOTS.);
#4180 = CARTESIAN_POINT('',(-177.0810223847,3.928782940993));
#4181 = CARTESIAN_POINT('',(-172.0498482747,12.872588441005));
#4182 = ( GEOMETRIC_REPRESENTATION_CONTEXT(2) 
PARAMETRIC_REPRESENTATION_CONTEXT() REPRESENTATION_CONTEXT('2D SPACE',''
  ) );
#4183 = PCURVE('',#4184,#4189);
#4184 = PLANE('',#4185);
#4185 = AXIS2_PLACEMENT_3D('',#4186,#4187,#4188);
#4186 = CARTESIAN_POINT('',(-75.20480310645,48.192085931704,-15.));
#4187 = DIRECTION('',(0.87156373129,-0.490282227191,0.));
#4188 = DIRECTION('',(-0.490282227191,-0.87156373129,0.));
#4189 = DEFINITIONAL_REPRESENTATION('',(#4190),#4193);
#4190 = B_SPLINE_CURVE_WITH_KNOTS('',1,(#4191,#4192),.UNSPECIFIED.,.F.,
  .F.,(2,2),(-46.82864253509,-36.56685079351),.PIECEWISE_BEZIER_KNOTS.);
#4191 = CARTESIAN_POINT('',(10.261791741578,-22.5));
#4192 = CARTESIAN_POINT('',(0.,-22.5));
#4193 = ( GEOMETRIC_REPRESENTATION_CONTEXT(2) 
PARAMETRIC_REPRESENTATION_CONTEXT() REPRESENTATION_CONTEXT('2D SPACE',''
  ) );
#4194 = ORIENTED_EDGE('',*,*,#4195,.F.);
#4195 = EDGE_CURVE('',#4196,#4170,#4198,.T.);
#4196 = VERTEX_POINT('',#4197);
#4197 = CARTESIAN_POINT('',(-84.2081208284,29.786438915695,7.5));
#4198 = SURFACE_CURVE('',#4199,(#4203,#4209),.PCURVE_S1.);
#4199 = LINE('',#4200,#4201);
#4200 = CARTESIAN_POINT('',(-67.67091221502,69.178883475693,7.5));
#4201 = VECTOR('',#4202,1.);
#4202 = DIRECTION('',(0.387080902823,0.922045755193,-0.));
#4203 = PCURVE('',#3788,#4204);
#4204 = DEFINITIONAL_REPRESENTATION('',(#4205),#4208);
#4205 = B_SPLINE_CURVE_WITH_KNOTS('',1,(#4206,#4207),.UNSPECIFIED.,.F.,
  .F.,(2,2),(-42.72287393346,-32.46108219188),.PIECEWISE_BEZIER_KNOTS.);
#4206 = CARTESIAN_POINT('',(-181.0531659966,-5.533058575003));
#4207 = CARTESIAN_POINT('',(-177.0810223847,3.928782940993));
#4208 = ( GEOMETRIC_REPRESENTATION_CONTEXT(2) 
PARAMETRIC_REPRESENTATION_CONTEXT() REPRESENTATION_CONTEXT('2D SPACE',''
  ) );
#4209 = PCURVE('',#4210,#4215);
#4210 = PLANE('',#4211);
#4211 = AXIS2_PLACEMENT_3D('',#4212,#4213,#4214);
#4212 = CARTESIAN_POINT('',(-80.23597721648,39.248280431691,-15.));
#4213 = DIRECTION('',(0.922045755193,-0.387080902823,0.));
#4214 = DIRECTION('',(-0.387080902823,-0.922045755193,0.));
#4215 = DEFINITIONAL_REPRESENTATION('',(#4216),#4219);
#4216 = B_SPLINE_CURVE_WITH_KNOTS('',1,(#4217,#4218),.UNSPECIFIED.,.F.,
  .F.,(2,2),(-42.72287393346,-32.46108219188),.PIECEWISE_BEZIER_KNOTS.);
#4217 = CARTESIAN_POINT('',(10.261791741578,-22.5));
#4218 = CARTESIAN_POINT('',(0.,-22.5));
#4219 = ( GEOMETRIC_REPRESENTATION_CONTEXT(2) 
PARAMETRIC_REPRESENTATION_CONTEXT() REPRESENTATION_CONTEXT('2D SPACE',''
  ) );
#4220 = ORIENTED_EDGE('',*,*,#4221,.F.);
#4221 = EDGE_CURVE('',#4222,#4196,#4224,.T.);
#4222 = VERTEX_POINT('',#4223);
#4223 = CARTESIAN_POINT('',(-87.06880582486,19.931447738707,7.5));
#4224 = SURFACE_CURVE('',#4225,(#4229,#4235),.PCURVE_S1.);
#4225 = LINE('',#4226,#4227);
#4226 = CARTESIAN_POINT('',(-76.43237471165,56.573697726006,7.5));
#4227 = VECTOR('',#4228,1.);
#4228 = DIRECTION('',(0.278770517713,0.960357745038,-0.));
#4229 = PCURVE('',#3788,#4230);
#4230 = DEFINITIONAL_REPRESENTATION('',(#4231),#4234);
#4231 = B_SPLINE_CURVE_WITH_KNOTS('',1,(#4232,#4233),.UNSPECIFIED.,.F.,
  .F.,(2,2),(-38.15479197896,-27.89300023738),.PIECEWISE_BEZIER_KNOTS.);
#4232 = CARTESIAN_POINT('',(-183.9138509931,-15.38804975199));
#4233 = CARTESIAN_POINT('',(-181.0531659966,-5.533058575003));
#4234 = ( GEOMETRIC_REPRESENTATION_CONTEXT(2) 
PARAMETRIC_REPRESENTATION_CONTEXT() REPRESENTATION_CONTEXT('2D SPACE',''
  ) );
#4235 = PCURVE('',#4236,#4241);
#4236 = PLANE('',#4237);
#4237 = AXIS2_PLACEMENT_3D('',#4238,#4239,#4240);
#4238 = CARTESIAN_POINT('',(-84.2081208284,29.786438915695,-15.));
#4239 = DIRECTION('',(0.960357745038,-0.278770517713,0.));
#4240 = DIRECTION('',(-0.278770517713,-0.960357745038,0.));
#4241 = DEFINITIONAL_REPRESENTATION('',(#4242),#4245);
#4242 = B_SPLINE_CURVE_WITH_KNOTS('',1,(#4243,#4244),.UNSPECIFIED.,.F.,
  .F.,(2,2),(-38.15479197896,-27.89300023738),.PIECEWISE_BEZIER_KNOTS.);
#4243 = CARTESIAN_POINT('',(10.261791741578,-22.5));
#4244 = CARTESIAN_POINT('',(0.,-22.5));
#4245 = ( GEOMETRIC_REPRESENTATION_CONTEXT(2) 
PARAMETRIC_REPRESENTATION_CONTEXT() REPRESENTATION_CONTEXT('2D SPACE',''
  ) );
#4246 = ORIENTED_EDGE('',*,*,#4247,.F.);
#4247 = EDGE_CURVE('',#4248,#4222,#4250,.T.);
#4248 = VERTEX_POINT('',#4249);
#4249 = CARTESIAN_POINT('',(-88.78027417311,9.813382417686,7.5));
#4250 = SURFACE_CURVE('',#4251,(#4255,#4261),.PCURVE_S1.);
#4251 = LINE('',#4252,#4253);
#4252 = CARTESIAN_POINT('',(-83.24570974715,42.533288948611,7.5));
#4253 = VECTOR('',#4254,1.);
#4254 = DIRECTION('',(0.166780655011,0.985994022859,-0.));
#4255 = PCURVE('',#3788,#4256);
#4256 = DEFINITIONAL_REPRESENTATION('',(#4257),#4260);
#4257 = B_SPLINE_CURVE_WITH_KNOTS('',1,(#4258,#4259),.UNSPECIFIED.,.F.,
  .F.,(2,2),(-33.18469054816,-22.92289880659),.PIECEWISE_BEZIER_KNOTS.);
#4258 = CARTESIAN_POINT('',(-185.6253193414,-25.50611507301));
#4259 = CARTESIAN_POINT('',(-183.9138509931,-15.38804975199));
#4260 = ( GEOMETRIC_REPRESENTATION_CONTEXT(2) 
PARAMETRIC_REPRESENTATION_CONTEXT() REPRESENTATION_CONTEXT('2D SPACE',''
  ) );
#4261 = PCURVE('',#4262,#4267);
#4262 = PLANE('',#4263);
#4263 = AXIS2_PLACEMENT_3D('',#4264,#4265,#4266);
#4264 = CARTESIAN_POINT('',(-87.06880582486,19.931447738707,-15.));
#4265 = DIRECTION('',(0.985994022859,-0.166780655011,0.));
#4266 = DIRECTION('',(-0.166780655011,-0.985994022859,0.));
#4267 = DEFINITIONAL_REPRESENTATION('',(#4268),#4271);
#4268 = B_SPLINE_CURVE_WITH_KNOTS('',1,(#4269,#4270),.UNSPECIFIED.,.F.,
  .F.,(2,2),(-33.18469054816,-22.92289880659),.PIECEWISE_BEZIER_KNOTS.);
#4269 = CARTESIAN_POINT('',(10.261791741578,-22.5));
#4270 = CARTESIAN_POINT('',(0.,-22.5));
#4271 = ( GEOMETRIC_REPRESENTATION_CONTEXT(2) 
PARAMETRIC_REPRESENTATION_CONTEXT() REPRESENTATION_CONTEXT('2D SPACE',''
  ) );
#4272 = ORIENTED_EDGE('',*,*,#4273,.F.);
#4273 = EDGE_CURVE('',#4274,#4248,#4276,.T.);
#4274 = VERTEX_POINT('',#4275);
#4275 = CARTESIAN_POINT('',(-89.31993629126,-0.43420922844,7.5));
#4276 = SURFACE_CURVE('',#4277,(#4281,#4287),.PCURVE_S1.);
#4277 = LINE('',#4278,#4279);
#4278 = CARTESIAN_POINT('',(-87.85383831176,27.405383179283,7.5));
#4279 = VECTOR('',#4280,1.);
#4280 = DIRECTION('',(5.258946310134E-02,0.998616216757,-0.));
#4281 = PCURVE('',#3788,#4282);
#4282 = DEFINITIONAL_REPRESENTATION('',(#4283),#4286);
#4283 = B_SPLINE_CURVE_WITH_KNOTS('',1,(#4284,#4285),.UNSPECIFIED.,.F.,
  .F.,(2,2),(-27.87816975186,-17.61637801028),.PIECEWISE_BEZIER_KNOTS.);
#4284 = CARTESIAN_POINT('',(-186.1649814595,-35.75370671913));
#4285 = CARTESIAN_POINT('',(-185.6253193414,-25.50611507301));
#4286 = ( GEOMETRIC_REPRESENTATION_CONTEXT(2) 
PARAMETRIC_REPRESENTATION_CONTEXT() REPRESENTATION_CONTEXT('2D SPACE',''
  ) );
#4287 = PCURVE('',#4288,#4293);
#4288 = PLANE('',#4289);
#4289 = AXIS2_PLACEMENT_3D('',#4290,#4291,#4292);
#4290 = CARTESIAN_POINT('',(-88.78027417311,9.813382417686,-15.));
#4291 = DIRECTION('',(0.998616216757,-5.258946310134E-02,0.));
#4292 = DIRECTION('',(-5.258946310134E-02,-0.998616216757,0.));
#4293 = DEFINITIONAL_REPRESENTATION('',(#4294),#4297);
#4294 = B_SPLINE_CURVE_WITH_KNOTS('',1,(#4295,#4296),.UNSPECIFIED.,.F.,
  .F.,(2,2),(-27.87816975186,-17.61637801028),.PIECEWISE_BEZIER_KNOTS.);
#4295 = CARTESIAN_POINT('',(10.261791741578,-22.5));
#4296 = CARTESIAN_POINT('',(0.,-22.5));
#4297 = ( GEOMETRIC_REPRESENTATION_CONTEXT(2) 
PARAMETRIC_REPRESENTATION_CONTEXT() REPRESENTATION_CONTEXT('2D SPACE',''
  ) );
#4298 = ORIENTED_EDGE('',*,*,#4299,.F.);
#4299 = EDGE_CURVE('',#4300,#4274,#4302,.T.);
#4300 = VERTEX_POINT('',#4301);
#4301 = CARTESIAN_POINT('',(-88.68066920702,-10.6760697695,7.5));
#4302 = SURFACE_CURVE('',#4303,(#4307,#4313),.PCURVE_S1.);
#4303 = LINE('',#4304,#4305);
#4304 = CARTESIAN_POINT('',(-90.07019506448,11.585877390344,7.5));
#4305 = VECTOR('',#4306,1.);
#4306 = DIRECTION('',(-6.229585440192E-02,0.99805772705,0.));
#4307 = PCURVE('',#3788,#4308);
#4308 = DEFINITIONAL_REPRESENTATION('',(#4309),#4312);
#4309 = B_SPLINE_CURVE_WITH_KNOTS('',1,(#4310,#4311),.UNSPECIFIED.,.F.,
  .F.,(2,2),(-22.30527008256,-12.04347834098),.PIECEWISE_BEZIER_KNOTS.);
#4310 = CARTESIAN_POINT('',(-185.5257143753,-45.99556726019));
#4311 = CARTESIAN_POINT('',(-186.1649814595,-35.75370671913));
#4312 = ( GEOMETRIC_REPRESENTATION_CONTEXT(2) 
PARAMETRIC_REPRESENTATION_CONTEXT() REPRESENTATION_CONTEXT('2D SPACE',''
  ) );
#4313 = PCURVE('',#4314,#4319);
#4314 = PLANE('',#4315);
#4315 = AXIS2_PLACEMENT_3D('',#4316,#4317,#4318);
#4316 = CARTESIAN_POINT('',(-89.31993629126,-0.43420922844,-15.));
#4317 = DIRECTION('',(0.99805772705,6.229585440192E-02,-0.));
#4318 = DIRECTION('',(6.229585440192E-02,-0.99805772705,0.));
#4319 = DEFINITIONAL_REPRESENTATION('',(#4320),#4323);
#4320 = B_SPLINE_CURVE_WITH_KNOTS('',1,(#4321,#4322),.UNSPECIFIED.,.F.,
  .F.,(2,2),(-22.30527008256,-12.04347834098),.PIECEWISE_BEZIER_KNOTS.);
#4321 = CARTESIAN_POINT('',(10.261791741578,-22.5));
#4322 = CARTESIAN_POINT('',(0.,-22.5));
#4323 = ( GEOMETRIC_REPRESENTATION_CONTEXT(2) 
PARAMETRIC_REPRESENTATION_CONTEXT() REPRESENTATION_CONTEXT('2D SPACE',''
  ) );
#4324 = ORIENTED_EDGE('',*,*,#4325,.F.);
#4325 = EDGE_CURVE('',#4326,#4300,#4328,.T.);
#4326 = VERTEX_POINT('',#4327);
#4327 = CARTESIAN_POINT('',(-86.87091057346,-20.77701741988,7.5));
#4328 = SURFACE_CURVE('',#4329,(#4333,#4339),.PCURVE_S1.);
#4329 = LINE('',#4330,#4331);
#4330 = CARTESIAN_POINT('',(-89.78780758894,-4.496711577716,7.5));
#4331 = VECTOR('',#4332,1.);
#4332 = DIRECTION('',(-0.176358932157,0.984325925214,0.));
#4333 = PCURVE('',#3788,#4334);
#4334 = DEFINITIONAL_REPRESENTATION('',(#4335),#4338);
#4335 = B_SPLINE_CURVE_WITH_KNOTS('',1,(#4336,#4337),.UNSPECIFIED.,.F.,
  .F.,(2,2),(-16.53954795371,-6.277756212141),.PIECEWISE_BEZIER_KNOTS.);
#4336 = CARTESIAN_POINT('',(-183.7159557417,-56.09651491058));
#4337 = CARTESIAN_POINT('',(-185.5257143753,-45.99556726019));
#4338 = ( GEOMETRIC_REPRESENTATION_CONTEXT(2) 
PARAMETRIC_REPRESENTATION_CONTEXT() REPRESENTATION_CONTEXT('2D SPACE',''
  ) );
#4339 = PCURVE('',#4340,#4345);
#4340 = PLANE('',#4341);
#4341 = AXIS2_PLACEMENT_3D('',#4342,#4343,#4344);
#4342 = CARTESIAN_POINT('',(-88.68066920702,-10.6760697695,-15.));
#4343 = DIRECTION('',(0.984325925214,0.176358932157,-0.));
#4344 = DIRECTION('',(0.176358932157,-0.984325925214,0.));
#4345 = DEFINITIONAL_REPRESENTATION('',(#4346),#4349);
#4346 = B_SPLINE_CURVE_WITH_KNOTS('',1,(#4347,#4348),.UNSPECIFIED.,.F.,
  .F.,(2,2),(-16.53954795371,-6.277756212141),.PIECEWISE_BEZIER_KNOTS.);
#4347 = CARTESIAN_POINT('',(10.261791741578,-22.5));
#4348 = CARTESIAN_POINT('',(0.,-22.5));
#4349 = ( GEOMETRIC_REPRESENTATION_CONTEXT(2) 
PARAMETRIC_REPRESENTATION_CONTEXT() REPRESENTATION_CONTEXT('2D SPACE',''
  ) );
#4350 = ORIENTED_EDGE('',*,*,#4351,.F.);
#4351 = EDGE_CURVE('',#4352,#4326,#4354,.T.);
#4352 = VERTEX_POINT('',#4353);
#4353 = CARTESIAN_POINT('',(-83.91454730084,-30.6037302959,7.5));
#4354 = SURFACE_CURVE('',#4355,(#4359,#4365),.PCURVE_S1.);
#4355 = LINE('',#4356,#4357);
#4356 = CARTESIAN_POINT('',(-86.98479800485,-20.39846479112,7.5));
#4357 = VECTOR('',#4358,1.);
#4358 = DIRECTION('',(-0.288094257521,0.957602056589,0.));
#4359 = PCURVE('',#3788,#4360);
#4360 = DEFINITIONAL_REPRESENTATION('',(#4361),#4364);
#4361 = B_SPLINE_CURVE_WITH_KNOTS('',1,(#4362,#4363),.UNSPECIFIED.,.F.,
  .F.,(2,2),(-10.65710483239,-0.395313090813),.PIECEWISE_BEZIER_KNOTS.);
#4362 = CARTESIAN_POINT('',(-180.7595924691,-65.9232277866));
#4363 = CARTESIAN_POINT('',(-183.7159557417,-56.09651491058));
#4364 = ( GEOMETRIC_REPRESENTATION_CONTEXT(2) 
PARAMETRIC_REPRESENTATION_CONTEXT() REPRESENTATION_CONTEXT('2D SPACE',''
  ) );
#4365 = PCURVE('',#4366,#4371);
#4366 = PLANE('',#4367);
#4367 = AXIS2_PLACEMENT_3D('',#4368,#4369,#4370);
#4368 = CARTESIAN_POINT('',(-86.87091057346,-20.77701741988,-15.));
#4369 = DIRECTION('',(0.957602056589,0.288094257521,-0.));
#4370 = DIRECTION('',(0.288094257521,-0.957602056589,0.));
#4371 = DEFINITIONAL_REPRESENTATION('',(#4372),#4375);
#4372 = B_SPLINE_CURVE_WITH_KNOTS('',1,(#4373,#4374),.UNSPECIFIED.,.F.,
  .F.,(2,2),(-10.65710483239,-0.395313090813),.PIECEWISE_BEZIER_KNOTS.);
#4373 = CARTESIAN_POINT('',(10.261791741578,-22.5));
#4374 = CARTESIAN_POINT('',(0.,-22.5));
#4375 = ( GEOMETRIC_REPRESENTATION_CONTEXT(2) 
PARAMETRIC_REPRESENTATION_CONTEXT() REPRESENTATION_CONTEXT('2D SPACE',''
  ) );
#4376 = ORIENTED_EDGE('',*,*,#4377,.F.);
#4377 = EDGE_CURVE('',#4378,#4352,#4380,.T.);
#4378 = VERTEX_POINT('',#4379);
#4379 = CARTESIAN_POINT('',(-79.85060027451,-40.02650612443,7.5));
#4380 = SURFACE_CURVE('',#4381,(#4385,#4391),.PCURVE_S1.);
#4381 = LINE('',#4382,#4383);
#4382 = CARTESIAN_POINT('',(-81.72601911376,-35.67811004732,7.5));
#4383 = VECTOR('',#4384,1.);
#4384 = DIRECTION('',(-0.396027041736,0.918238848129,0.));
#4385 = PCURVE('',#3788,#4386);
#4386 = DEFINITIONAL_REPRESENTATION('',(#4387),#4390);
#4387 = B_SPLINE_CURVE_WITH_KNOTS('',1,(#4388,#4389),.UNSPECIFIED.,.F.,
  .F.,(2,2),(-4.735582779976,5.526208961602),.PIECEWISE_BEZIER_KNOTS.);
#4388 = CARTESIAN_POINT('',(-176.6956454428,-75.34600361513));
#4389 = CARTESIAN_POINT('',(-180.7595924691,-65.9232277866));
#4390 = ( GEOMETRIC_REPRESENTATION_CONTEXT(2) 
PARAMETRIC_REPRESENTATION_CONTEXT() REPRESENTATION_CONTEXT('2D SPACE',''
  ) );
#4391 = PCURVE('',#4392,#4397);
#4392 = PLANE('',#4393);
#4393 = AXIS2_PLACEMENT_3D('',#4394,#4395,#4396);
#4394 = CARTESIAN_POINT('',(-83.91454730084,-30.6037302959,-15.));
#4395 = DIRECTION('',(0.918238848129,0.396027041736,-0.));
#4396 = DIRECTION('',(0.396027041736,-0.918238848129,0.));
#4397 = DEFINITIONAL_REPRESENTATION('',(#4398),#4401);
#4398 = B_SPLINE_CURVE_WITH_KNOTS('',1,(#4399,#4400),.UNSPECIFIED.,.F.,
  .F.,(2,2),(-4.735582779976,5.526208961602),.PIECEWISE_BEZIER_KNOTS.);
#4399 = CARTESIAN_POINT('',(10.261791741578,-22.5));
#4400 = CARTESIAN_POINT('',(0.,-22.5));
#4401 = ( GEOMETRIC_REPRESENTATION_CONTEXT(2) 
PARAMETRIC_REPRESENTATION_CONTEXT() REPRESENTATION_CONTEXT('2D SPACE',''
  ) );
#4402 = ORIENTED_EDGE('',*,*,#4403,.F.);
#4403 = EDGE_CURVE('',#4404,#4378,#4406,.T.);
#4404 = VERTEX_POINT('',#4405);
#4405 = CARTESIAN_POINT('',(-74.73270932032,-48.92097417645,7.5));
#4406 = SURFACE_CURVE('',#4407,(#4411,#4417),.PCURVE_S1.);
#4407 = LINE('',#4408,#4409);
#4408 = CARTESIAN_POINT('',(-74.16073258228,-49.91502208964,7.5));
#4409 = VECTOR('',#4410,1.);
#4410 = DIRECTION('',(-0.498732685585,0.86675585278,0.));
#4411 = PCURVE('',#3788,#4412);
#4412 = DEFINITIONAL_REPRESENTATION('',(#4413),#4416);
#4413 = B_SPLINE_CURVE_WITH_KNOTS('',1,(#4414,#4415),.UNSPECIFIED.,.F.,
  .F.,(2,2),(1.146860341352,11.40865208293),.PIECEWISE_BEZIER_KNOTS.);
#4414 = CARTESIAN_POINT('',(-171.5777544886,-84.24047166715));
#4415 = CARTESIAN_POINT('',(-176.6956454428,-75.34600361513));
#4416 = ( GEOMETRIC_REPRESENTATION_CONTEXT(2) 
PARAMETRIC_REPRESENTATION_CONTEXT() REPRESENTATION_CONTEXT('2D SPACE',''
  ) );
#4417 = PCURVE('',#4418,#4423);
#4418 = PLANE('',#4419);
#4419 = AXIS2_PLACEMENT_3D('',#4420,#4421,#4422);
#4420 = CARTESIAN_POINT('',(-79.85060027451,-40.02650612443,-15.));
#4421 = DIRECTION('',(0.86675585278,0.498732685585,-0.));
#4422 = DIRECTION('',(0.498732685585,-0.86675585278,0.));
#4423 = DEFINITIONAL_REPRESENTATION('',(#4424),#4427);
#4424 = B_SPLINE_CURVE_WITH_KNOTS('',1,(#4425,#4426),.UNSPECIFIED.,.F.,
  .F.,(2,2),(1.146860341352,11.40865208293),.PIECEWISE_BEZIER_KNOTS.);
#4425 = CARTESIAN_POINT('',(10.261791741578,-22.5));
#4426 = CARTESIAN_POINT('',(0.,-22.5));
#4427 = ( GEOMETRIC_REPRESENTATION_CONTEXT(2) 
PARAMETRIC_REPRESENTATION_CONTEXT() REPRESENTATION_CONTEXT('2D SPACE',''
  ) );
#4428 = ORIENTED_EDGE('',*,*,#4429,.F.);
#4429 = EDGE_CURVE('',#4430,#4404,#4432,.T.);
#4430 = VERTEX_POINT('',#4431);
#4431 = CARTESIAN_POINT('',(-68.62842521529,-57.16973682988,7.5));
#4432 = SURFACE_CURVE('',#4433,(#4437,#4443),.PCURVE_S1.);
#4433 = LINE('',#4434,#4435);
#4434 = CARTESIAN_POINT('',(-64.51643694266,-62.7262959138,7.5));
#4435 = VECTOR('',#4436,1.);
#4436 = DIRECTION('',(-0.594855582607,0.803832591925,0.));
#4437 = PCURVE('',#3788,#4438);
#4438 = DEFINITIONAL_REPRESENTATION('',(#4439),#4442);
#4439 = B_SPLINE_CURVE_WITH_KNOTS('',1,(#4440,#4441),.UNSPECIFIED.,.F.,
  .F.,(2,2),(6.912582470199,17.174374211777),.PIECEWISE_BEZIER_KNOTS.);
#4440 = CARTESIAN_POINT('',(-165.4734703835,-92.48923432058));
#4441 = CARTESIAN_POINT('',(-171.5777544886,-84.24047166715));
#4442 = ( GEOMETRIC_REPRESENTATION_CONTEXT(2) 
PARAMETRIC_REPRESENTATION_CONTEXT() REPRESENTATION_CONTEXT('2D SPACE',''
  ) );
#4443 = PCURVE('',#4444,#4449);
#4444 = PLANE('',#4445);
#4445 = AXIS2_PLACEMENT_3D('',#4446,#4447,#4448);
#4446 = CARTESIAN_POINT('',(-74.73270932032,-48.92097417645,-15.));
#4447 = DIRECTION('',(0.803832591925,0.594855582607,-0.));
#4448 = DIRECTION('',(0.594855582607,-0.803832591925,0.));
#4449 = DEFINITIONAL_REPRESENTATION('',(#4450),#4453);
#4450 = B_SPLINE_CURVE_WITH_KNOTS('',1,(#4451,#4452),.UNSPECIFIED.,.F.,
  .F.,(2,2),(6.912582470199,17.174374211777),.PIECEWISE_BEZIER_KNOTS.);
#4451 = CARTESIAN_POINT('',(10.261791741578,-22.5));
#4452 = CARTESIAN_POINT('',(0.,-22.5));
#4453 = ( GEOMETRIC_REPRESENTATION_CONTEXT(2) 
PARAMETRIC_REPRESENTATION_CONTEXT() REPRESENTATION_CONTEXT('2D SPACE',''
  ) );
#4454 = ORIENTED_EDGE('',*,*,#4455,.F.);
#4455 = EDGE_CURVE('',#4456,#4430,#4458,.T.);
#4456 = VERTEX_POINT('',#4457);
#4457 = CARTESIAN_POINT('',(-61.61831808844,-64.66391909466,7.5));
#4458 = SURFACE_CURVE('',#4459,(#4463,#4469),.PCURVE_S1.);
#4459 = LINE('',#4460,#4461);
#4460 = CARTESIAN_POINT('',(-53.08914798517,-73.78206153735,7.5));
#4461 = VECTOR('',#4462,1.);
#4462 = DIRECTION('',(-0.683127011674,0.730299586417,0.));
#4463 = PCURVE('',#3788,#4464);
#4464 = DEFINITIONAL_REPRESENTATION('',(#4465),#4468);
#4465 = B_SPLINE_CURVE_WITH_KNOTS('',1,(#4466,#4467),.UNSPECIFIED.,.F.,
  .F.,(2,2),(12.485482139495,22.747273881073),.PIECEWISE_BEZIER_KNOTS.);
#4466 = CARTESIAN_POINT('',(-158.4633632567,-99.98341658535));
#4467 = CARTESIAN_POINT('',(-165.4734703835,-92.48923432058));
#4468 = ( GEOMETRIC_REPRESENTATION_CONTEXT(2) 
PARAMETRIC_REPRESENTATION_CONTEXT() REPRESENTATION_CONTEXT('2D SPACE',''
  ) );
#4469 = PCURVE('',#4470,#4475);
#4470 = PLANE('',#4471);
#4471 = AXIS2_PLACEMENT_3D('',#4472,#4473,#4474);
#4472 = CARTESIAN_POINT('',(-68.62842521529,-57.16973682988,-15.));
#4473 = DIRECTION('',(0.730299586417,0.683127011674,-0.));
#4474 = DIRECTION('',(0.683127011674,-0.730299586417,0.));
#4475 = DEFINITIONAL_REPRESENTATION('',(#4476),#4479);
#4476 = B_SPLINE_CURVE_WITH_KNOTS('',1,(#4477,#4478),.UNSPECIFIED.,.F.,
  .F.,(2,2),(12.485482139495,22.747273881073),.PIECEWISE_BEZIER_KNOTS.);
#4477 = CARTESIAN_POINT('',(10.261791741578,-22.5));
#4478 = CARTESIAN_POINT('',(0.,-22.5));
#4479 = ( GEOMETRIC_REPRESENTATION_CONTEXT(2) 
PARAMETRIC_REPRESENTATION_CONTEXT() REPRESENTATION_CONTEXT('2D SPACE',''
  ) );
#4480 = ORIENTED_EDGE('',*,*,#4481,.F.);
#4481 = EDGE_CURVE('',#4482,#4456,#4484,.T.);
#4482 = VERTEX_POINT('',#4483);
#4483 = CARTESIAN_POINT('',(-53.79491397984,-71.30460564809,7.5));
#4484 = SURFACE_CURVE('',#4485,(#4489,#4495),.PCURVE_S1.);
#4485 = LINE('',#4486,#4487);
#4486 = CARTESIAN_POINT('',(-40.23061328328,-82.81829815228,7.5));
#4487 = VECTOR('',#4488,1.);
#4488 = DIRECTION('',(-0.762381882776,0.647127394579,0.));
#4489 = PCURVE('',#3788,#4490);
#4490 = DEFINITIONAL_REPRESENTATION('',(#4491),#4494);
#4491 = B_SPLINE_CURVE_WITH_KNOTS('',1,(#4492,#4493),.UNSPECIFIED.,.F.,
  .F.,(2,2),(17.792002935801,28.053794677379),.PIECEWISE_BEZIER_KNOTS.);
#4492 = CARTESIAN_POINT('',(-150.6399591481,-106.6241031387));
#4493 = CARTESIAN_POINT('',(-158.4633632567,-99.98341658535));
#4494 = ( GEOMETRIC_REPRESENTATION_CONTEXT(2) 
PARAMETRIC_REPRESENTATION_CONTEXT() REPRESENTATION_CONTEXT('2D SPACE',''
  ) );
#4495 = PCURVE('',#4496,#4501);
#4496 = PLANE('',#4497);
#4497 = AXIS2_PLACEMENT_3D('',#4498,#4499,#4500);
#4498 = CARTESIAN_POINT('',(-61.61831808844,-64.66391909466,-15.));
#4499 = DIRECTION('',(0.647127394579,0.762381882776,-0.));
#4500 = DIRECTION('',(0.762381882776,-0.647127394579,0.));
#4501 = DEFINITIONAL_REPRESENTATION('',(#4502),#4505);
#4502 = B_SPLINE_CURVE_WITH_KNOTS('',1,(#4503,#4504),.UNSPECIFIED.,.F.,
  .F.,(2,2),(17.792002935801,28.053794677379),.PIECEWISE_BEZIER_KNOTS.);
#4503 = CARTESIAN_POINT('',(10.261791741578,-22.5));
#4504 = CARTESIAN_POINT('',(0.,-22.5));
#4505 = ( GEOMETRIC_REPRESENTATION_CONTEXT(2) 
PARAMETRIC_REPRESENTATION_CONTEXT() REPRESENTATION_CONTEXT('2D SPACE',''
  ) );
#4506 = ORIENTED_EDGE('',*,*,#4507,.F.);
#4507 = EDGE_CURVE('',#4508,#4482,#4510,.T.);
#4508 = VERTEX_POINT('',#4509);
#4509 = CARTESIAN_POINT('',(-45.26147359418,-77.00414641311,7.5));
#4510 = SURFACE_CURVE('',#4511,(#4515,#4521),.PCURVE_S1.);
#4511 = LINE('',#4512,#4513);
#4512 = CARTESIAN_POINT('',(-26.33309680036,-89.64653333753,7.5));
#4513 = VECTOR('',#4514,1.);
#4514 = DIRECTION('',(-0.831574114984,0.555413801853,0.));
#4515 = PCURVE('',#3788,#4516);
#4516 = DEFINITIONAL_REPRESENTATION('',(#4517),#4520);
#4517 = B_SPLINE_CURVE_WITH_KNOTS('',1,(#4518,#4519),.UNSPECIFIED.,.F.,
  .F.,(2,2),(22.762104366596,33.023896108174),.PIECEWISE_BEZIER_KNOTS.);
#4518 = CARTESIAN_POINT('',(-142.1065187624,-112.3236439038));
#4519 = CARTESIAN_POINT('',(-150.6399591481,-106.6241031387));
#4520 = ( GEOMETRIC_REPRESENTATION_CONTEXT(2) 
PARAMETRIC_REPRESENTATION_CONTEXT() REPRESENTATION_CONTEXT('2D SPACE',''
  ) );
#4521 = PCURVE('',#4522,#4527);
#4522 = PLANE('',#4523);
#4523 = AXIS2_PLACEMENT_3D('',#4524,#4525,#4526);
#4524 = CARTESIAN_POINT('',(-53.79491397984,-71.30460564809,-15.));
#4525 = DIRECTION('',(0.555413801853,0.831574114984,-0.));
#4526 = DIRECTION('',(0.831574114984,-0.555413801853,0.));
#4527 = DEFINITIONAL_REPRESENTATION('',(#4528),#4531);
#4528 = B_SPLINE_CURVE_WITH_KNOTS('',1,(#4529,#4530),.UNSPECIFIED.,.F.,
  .F.,(2,2),(22.762104366596,33.023896108174),.PIECEWISE_BEZIER_KNOTS.);
#4529 = CARTESIAN_POINT('',(10.261791741578,-22.5));
#4530 = CARTESIAN_POINT('',(0.,-22.5));
#4531 = ( GEOMETRIC_REPRESENTATION_CONTEXT(2) 
PARAMETRIC_REPRESENTATION_CONTEXT() REPRESENTATION_CONTEXT('2D SPACE',''
  ) );
#4532 = ORIENTED_EDGE('',*,*,#4533,.F.);
#4533 = EDGE_CURVE('',#4534,#4508,#4536,.T.);
#4534 = VERTEX_POINT('',#4535);
#4535 = CARTESIAN_POINT('',(-36.13062936815,-81.68731344701,7.5));
#4536 = SURFACE_CURVE('',#4537,(#4541,#4547),.PCURVE_S1.);
#4537 = LINE('',#4538,#4539);
#4538 = CARTESIAN_POINT('',(-11.81249075739,-94.15997229963,7.5));
#4539 = VECTOR('',#4540,1.);
#4540 = DIRECTION('',(-0.889790443616,0.456369331189,0.));
#4541 = PCURVE('',#3788,#4542);
#4542 = DEFINITIONAL_REPRESENTATION('',(#4543),#4546);
#4543 = B_SPLINE_CURVE_WITH_KNOTS('',1,(#4544,#4545),.UNSPECIFIED.,.F.,
  .F.,(2,2),(27.3301863211,37.591978062677),.PIECEWISE_BEZIER_KNOTS.);
#4544 = CARTESIAN_POINT('',(-132.9756745364,-117.0068109377));
#4545 = CARTESIAN_POINT('',(-142.1065187624,-112.3236439038));
#4546 = ( GEOMETRIC_REPRESENTATION_CONTEXT(2) 
PARAMETRIC_REPRESENTATION_CONTEXT() REPRESENTATION_CONTEXT('2D SPACE',''
  ) );
#4547 = PCURVE('',#4548,#4553);
#4548 = PLANE('',#4549);
#4549 = AXIS2_PLACEMENT_3D('',#4550,#4551,#4552);
#4550 = CARTESIAN_POINT('',(-45.26147359418,-77.00414641311,-15.));
#4551 = DIRECTION('',(0.456369331189,0.889790443616,-0.));
#4552 = DIRECTION('',(0.889790443616,-0.456369331189,0.));
#4553 = DEFINITIONAL_REPRESENTATION('',(#4554),#4557);
#4554 = B_SPLINE_CURVE_WITH_KNOTS('',1,(#4555,#4556),.UNSPECIFIED.,.F.,
  .F.,(2,2),(27.3301863211,37.591978062677),.PIECEWISE_BEZIER_KNOTS.);
#4555 = CARTESIAN_POINT('',(10.261791741578,-22.5));
#4556 = CARTESIAN_POINT('',(0.,-22.5));
#4557 = ( GEOMETRIC_REPRESENTATION_CONTEXT(2) 
PARAMETRIC_REPRESENTATION_CONTEXT() REPRESENTATION_CONTEXT('2D SPACE',''
  ) );
#4558 = ORIENTED_EDGE('',*,*,#4559,.F.);
#4559 = EDGE_CURVE('',#4560,#4534,#4562,.T.);
#4560 = VERTEX_POINT('',#4561);
#4561 = CARTESIAN_POINT('',(-26.52289884068,-85.29229387122,7.5));
#4562 = SURFACE_CURVE('',#4563,(#4567,#4573),.PCURVE_S1.);
#4563 = LINE('',#4564,#4565);
#4564 = CARTESIAN_POINT('',(2.909406099556,-96.33578461504,7.5));
#4565 = VECTOR('',#4566,1.);
#4566 = DIRECTION('',(-0.936262474373,0.351301265413,0.));
#4567 = PCURVE('',#3788,#4568);
#4568 = DEFINITIONAL_REPRESENTATION('',(#4569),#4572);
#4569 = B_SPLINE_CURVE_WITH_KNOTS('',1,(#4570,#4571),.UNSPECIFIED.,.F.,
  .F.,(2,2),(31.43595492273,41.697746664308),.PIECEWISE_BEZIER_KNOTS.);
#4570 = CARTESIAN_POINT('',(-123.3679440089,-120.6117913619));
#4571 = CARTESIAN_POINT('',(-132.9756745364,-117.0068109377));
#4572 = ( GEOMETRIC_REPRESENTATION_CONTEXT(2) 
PARAMETRIC_REPRESENTATION_CONTEXT() REPRESENTATION_CONTEXT('2D SPACE',''
  ) );
#4573 = PCURVE('',#4574,#4579);
#4574 = PLANE('',#4575);
#4575 = AXIS2_PLACEMENT_3D('',#4576,#4577,#4578);
#4576 = CARTESIAN_POINT('',(-36.13062936815,-81.68731344701,-15.));
#4577 = DIRECTION('',(0.351301265413,0.936262474373,-0.));
#4578 = DIRECTION('',(0.936262474373,-0.351301265413,0.));
#4579 = DEFINITIONAL_REPRESENTATION('',(#4580),#4583);
#4580 = B_SPLINE_CURVE_WITH_KNOTS('',1,(#4581,#4582),.UNSPECIFIED.,.F.,
  .F.,(2,2),(31.43595492273,41.697746664308),.PIECEWISE_BEZIER_KNOTS.);
#4581 = CARTESIAN_POINT('',(10.261791741578,-22.5));
#4582 = CARTESIAN_POINT('',(0.,-22.5));
#4583 = ( GEOMETRIC_REPRESENTATION_CONTEXT(2) 
PARAMETRIC_REPRESENTATION_CONTEXT() REPRESENTATION_CONTEXT('2D SPACE',''
  ) );
#4584 = ORIENTED_EDGE('',*,*,#4585,.F.);
#4585 = EDGE_CURVE('',#4586,#4560,#4588,.T.);
#4586 = VERTEX_POINT('',#4587);
#4587 = CARTESIAN_POINT('',(-16.56509394825,-87.77150573628,7.5));
#4588 = SURFACE_CURVE('',#4589,(#4593,#4599),.PCURVE_S1.);
#4589 = LINE('',#4590,#4591);
#4590 = CARTESIAN_POINT('',(17.422566235845,-96.23347213391,7.5));
#4591 = VECTOR('',#4592,1.);
#4592 = DIRECTION('',(-0.970376825334,0.241596392471,0.));
#4593 = PCURVE('',#3788,#4594);
#4594 = DEFINITIONAL_REPRESENTATION('',(#4595),#4598);
#4595 = B_SPLINE_CURVE_WITH_KNOTS('',1,(#4596,#4597),.UNSPECIFIED.,.F.,
  .F.,(2,2),(35.025218344851,45.287010086429),.PIECEWISE_BEZIER_KNOTS.);
#4596 = CARTESIAN_POINT('',(-113.4101391165,-123.0910032269));
#4597 = CARTESIAN_POINT('',(-123.3679440089,-120.6117913619));
#4598 = ( GEOMETRIC_REPRESENTATION_CONTEXT(2) 
PARAMETRIC_REPRESENTATION_CONTEXT() REPRESENTATION_CONTEXT('2D SPACE',''
  ) );
#4599 = PCURVE('',#4600,#4605);
#4600 = PLANE('',#4601);
#4601 = AXIS2_PLACEMENT_3D('',#4602,#4603,#4604);
#4602 = CARTESIAN_POINT('',(-26.52289884068,-85.29229387122,-15.));
#4603 = DIRECTION('',(0.241596392471,0.970376825334,-0.));
#4604 = DIRECTION('',(0.970376825334,-0.241596392471,0.));
#4605 = DEFINITIONAL_REPRESENTATION('',(#4606),#4609);
#4606 = B_SPLINE_CURVE_WITH_KNOTS('',1,(#4607,#4608),.UNSPECIFIED.,.F.,
  .F.,(2,2),(35.025218344851,45.287010086429),.PIECEWISE_BEZIER_KNOTS.);
#4607 = CARTESIAN_POINT('',(10.261791741578,-22.5));
#4608 = CARTESIAN_POINT('',(0.,-22.5));
#4609 = ( GEOMETRIC_REPRESENTATION_CONTEXT(2) 
PARAMETRIC_REPRESENTATION_CONTEXT() REPRESENTATION_CONTEXT('2D SPACE',''
  ) );
#4610 = ORIENTED_EDGE('',*,*,#4611,.F.);
#4611 = EDGE_CURVE('',#4612,#4586,#4614,.T.);
#4612 = VERTEX_POINT('',#4613);
#4613 = CARTESIAN_POINT('',(-6.388647240721,-89.09222605347,7.5));
#4614 = SURFACE_CURVE('',#4615,(#4619,#4625),.PCURVE_S1.);
#4615 = LINE('',#4616,#4617);
#4616 = CARTESIAN_POINT('',(31.345496471008,-93.98944132752,7.5));
#4617 = VECTOR('',#4618,1.);
#4618 = DIRECTION('',(-0.99168322295,0.128702701287,0.));
#4619 = PCURVE('',#3788,#4620);
#4620 = DEFINITIONAL_REPRESENTATION('',(#4621),#4624);
#4621 = B_SPLINE_CURVE_WITH_KNOTS('',1,(#4622,#4623),.UNSPECIFIED.,.F.,
  .F.,(2,2),(38.050602085878,48.312393827455),.PIECEWISE_BEZIER_KNOTS.);
#4622 = CARTESIAN_POINT('',(-103.233692409,-124.4117235441));
#4623 = CARTESIAN_POINT('',(-113.4101391165,-123.0910032269));
#4624 = ( GEOMETRIC_REPRESENTATION_CONTEXT(2) 
PARAMETRIC_REPRESENTATION_CONTEXT() REPRESENTATION_CONTEXT('2D SPACE',''
  ) );
#4625 = PCURVE('',#4626,#4631);
#4626 = PLANE('',#4627);
#4627 = AXIS2_PLACEMENT_3D('',#4628,#4629,#4630);
#4628 = CARTESIAN_POINT('',(-16.56509394825,-87.77150573628,-15.));
#4629 = DIRECTION('',(0.128702701287,0.99168322295,-0.));
#4630 = DIRECTION('',(0.99168322295,-0.128702701287,0.));
#4631 = DEFINITIONAL_REPRESENTATION('',(#4632),#4635);
#4632 = B_SPLINE_CURVE_WITH_KNOTS('',1,(#4633,#4634),.UNSPECIFIED.,.F.,
  .F.,(2,2),(38.050602085878,48.312393827455),.PIECEWISE_BEZIER_KNOTS.);
#4633 = CARTESIAN_POINT('',(10.261791741578,-22.5));
#4634 = CARTESIAN_POINT('',(0.,-22.5));
#4635 = ( GEOMETRIC_REPRESENTATION_CONTEXT(2) 
PARAMETRIC_REPRESENTATION_CONTEXT() REPRESENTATION_CONTEXT('2D SPACE',''
  ) );
#4636 = ORIENTED_EDGE('',*,*,#4637,.F.);
#4637 = EDGE_CURVE('',#4638,#4612,#4640,.T.);
#4638 = VERTEX_POINT('',#4639);
#4639 = CARTESIAN_POINT('',(3.872122890099,-89.23702270388,7.5));
#4640 = SURFACE_CURVE('',#4641,(#4645,#4651),.PCURVE_S1.);
#4641 = LINE('',#4642,#4643);
#4642 = CARTESIAN_POINT('',(44.340267953227,-89.80809600333,7.5));
#4643 = VECTOR('',#4644,1.);
#4644 = DIRECTION('',(-0.999900445187,1.411026982979E-02,0.));
#4645 = PCURVE('',#3788,#4646);
#4646 = DEFINITIONAL_REPRESENTATION('',(#4647),#4650);
#4647 = B_SPLINE_CURVE_WITH_KNOTS('',1,(#4648,#4649),.UNSPECIFIED.,.F.,
  .F.,(2,2),(40.472174262864,50.733966004442),.PIECEWISE_BEZIER_KNOTS.);
#4648 = CARTESIAN_POINT('',(-92.97292227819,-124.5565201945));
#4649 = CARTESIAN_POINT('',(-103.233692409,-124.4117235441));
#4650 = ( GEOMETRIC_REPRESENTATION_CONTEXT(2) 
PARAMETRIC_REPRESENTATION_CONTEXT() REPRESENTATION_CONTEXT('2D SPACE',''
  ) );
#4651 = PCURVE('',#4652,#4657);
#4652 = PLANE('',#4653);
#4653 = AXIS2_PLACEMENT_3D('',#4654,#4655,#4656);
#4654 = CARTESIAN_POINT('',(-6.388647240721,-89.09222605347,-15.));
#4655 = DIRECTION('',(1.411026982979E-02,0.999900445187,-0.));
#4656 = DIRECTION('',(0.999900445187,-1.411026982979E-02,0.));
#4657 = DEFINITIONAL_REPRESENTATION('',(#4658),#4661);
#4658 = B_SPLINE_CURVE_WITH_KNOTS('',1,(#4659,#4660),.UNSPECIFIED.,.F.,
  .F.,(2,2),(40.472174262864,50.733966004442),.PIECEWISE_BEZIER_KNOTS.);
#4659 = CARTESIAN_POINT('',(10.261791741578,-22.5));
#4660 = CARTESIAN_POINT('',(0.,-22.5));
#4661 = ( GEOMETRIC_REPRESENTATION_CONTEXT(2) 
PARAMETRIC_REPRESENTATION_CONTEXT() REPRESENTATION_CONTEXT('2D SPACE',''
  ) );
#4662 = ORIENTED_EDGE('',*,*,#4663,.F.);
#4663 = EDGE_CURVE('',#4664,#4638,#4666,.T.);
#4664 = VERTEX_POINT('',#4665);
#4665 = CARTESIAN_POINT('',(14.081785071901,-88.20398452404,7.5));
#4666 = SURFACE_CURVE('',#4667,(#4671,#4677),.PCURVE_S1.);
#4667 = LINE('',#4668,#4669);
#4668 = CARTESIAN_POINT('',(56.125088650559,-83.94994192892,7.5));
#4669 = VECTOR('',#4670,1.);
#4670 = DIRECTION('',(-0.994920033354,-0.100668402346,0.));
#4671 = PCURVE('',#3788,#4672);
#4672 = DEFINITIONAL_REPRESENTATION('',(#4673),#4676);
#4673 = B_SPLINE_CURVE_WITH_KNOTS('',1,(#4674,#4675),.UNSPECIFIED.,.F.,
  .F.,(2,2),(42.257972670353,52.519764411931),.PIECEWISE_BEZIER_KNOTS.);
#4674 = CARTESIAN_POINT('',(-82.76326009639,-123.5234820147));
#4675 = CARTESIAN_POINT('',(-92.97292227819,-124.5565201945));
#4676 = ( GEOMETRIC_REPRESENTATION_CONTEXT(2) 
PARAMETRIC_REPRESENTATION_CONTEXT() REPRESENTATION_CONTEXT('2D SPACE',''
  ) );
#4677 = PCURVE('',#4678,#4683);
#4678 = PLANE('',#4679);
#4679 = AXIS2_PLACEMENT_3D('',#4680,#4681,#4682);
#4680 = CARTESIAN_POINT('',(3.872122890099,-89.23702270388,-15.));
#4681 = DIRECTION('',(-0.100668402346,0.994920033354,0.));
#4682 = DIRECTION('',(0.994920033354,0.100668402346,0.));
#4683 = DEFINITIONAL_REPRESENTATION('',(#4684),#4687);
#4684 = B_SPLINE_CURVE_WITH_KNOTS('',1,(#4685,#4686),.UNSPECIFIED.,.F.,
  .F.,(2,2),(42.257972670353,52.519764411931),.PIECEWISE_BEZIER_KNOTS.);
#4685 = CARTESIAN_POINT('',(10.261791741578,-22.5));
#4686 = CARTESIAN_POINT('',(0.,-22.5));
#4687 = ( GEOMETRIC_REPRESENTATION_CONTEXT(2) 
PARAMETRIC_REPRESENTATION_CONTEXT() REPRESENTATION_CONTEXT('2D SPACE',''
  ) );
#4688 = ORIENTED_EDGE('',*,*,#4689,.F.);
#4689 = EDGE_CURVE('',#4690,#4664,#4692,.T.);
#4690 = VERTEX_POINT('',#4691);
#4691 = CARTESIAN_POINT('',(24.105582503544,-86.00674653127,7.5));
#4692 = SURFACE_CURVE('',#4693,(#4697,#4703),.PCURVE_S1.);
#4693 = LINE('',#4694,#4695);
#4694 = CARTESIAN_POINT('',(66.483825539234,-76.71734435608,7.5));
#4695 = VECTOR('',#4696,1.);
#4696 = DIRECTION('',(-0.976807723648,-0.214118357506,0.));
#4697 = PCURVE('',#3788,#4698);
#4698 = DEFINITIONAL_REPRESENTATION('',(#4699),#4702);
#4699 = B_SPLINE_CURVE_WITH_KNOTS('',1,(#4700,#4701),.UNSPECIFIED.,.F.,
  .F.,(2,2),(43.384426647868,53.646218389446),.PIECEWISE_BEZIER_KNOTS.);
#4700 = CARTESIAN_POINT('',(-72.73946266475,-121.3262440219));
#4701 = CARTESIAN_POINT('',(-82.76326009639,-123.5234820147));
#4702 = ( GEOMETRIC_REPRESENTATION_CONTEXT(2) 
PARAMETRIC_REPRESENTATION_CONTEXT() REPRESENTATION_CONTEXT('2D SPACE',''
  ) );
#4703 = PCURVE('',#4704,#4709);
#4704 = PLANE('',#4705);
#4705 = AXIS2_PLACEMENT_3D('',#4706,#4707,#4708);
#4706 = CARTESIAN_POINT('',(14.081785071901,-88.20398452404,-15.));
#4707 = DIRECTION('',(-0.214118357506,0.976807723648,0.));
#4708 = DIRECTION('',(0.976807723648,0.214118357506,0.));
#4709 = DEFINITIONAL_REPRESENTATION('',(#4710),#4713);
#4710 = B_SPLINE_CURVE_WITH_KNOTS('',1,(#4711,#4712),.UNSPECIFIED.,.F.,
  .F.,(2,2),(43.384426647868,53.646218389446),.PIECEWISE_BEZIER_KNOTS.);
#4711 = CARTESIAN_POINT('',(10.261791741578,-22.5));
#4712 = CARTESIAN_POINT('',(0.,-22.5));
#4713 = ( GEOMETRIC_REPRESENTATION_CONTEXT(2) 
PARAMETRIC_REPRESENTATION_CONTEXT() REPRESENTATION_CONTEXT('2D SPACE',''
  ) );
#4714 = ORIENTED_EDGE('',*,*,#4715,.F.);
#4715 = EDGE_CURVE('',#4716,#4690,#4718,.T.);
#4716 = VERTEX_POINT('',#4717);
#4717 = CARTESIAN_POINT('',(33.811211603078,-82.67430995576,7.5));
#4718 = SURFACE_CURVE('',#4719,(#4723,#4729),.PCURVE_S1.);
#4719 = LINE('',#4720,#4721);
#4720 = CARTESIAN_POINT('',(75.272045452066,-68.43869495826,7.5));
#4721 = VECTOR('',#4722,1.);
#4722 = DIRECTION('',(-0.945802579506,-0.32474217558,0.));
#4723 = PCURVE('',#3788,#4724);
#4724 = DEFINITIONAL_REPRESENTATION('',(#4725),#4728);
#4725 = B_SPLINE_CURVE_WITH_KNOTS('',1,(#4726,#4727),.UNSPECIFIED.,.F.,
  .F.,(2,2),(43.836668187836,54.098459929413),.PIECEWISE_BEZIER_KNOTS.);
#4726 = CARTESIAN_POINT('',(-63.03383356521,-117.9938074464));
#4727 = CARTESIAN_POINT('',(-72.73946266475,-121.3262440219));
#4728 = ( GEOMETRIC_REPRESENTATION_CONTEXT(2) 
PARAMETRIC_REPRESENTATION_CONTEXT() REPRESENTATION_CONTEXT('2D SPACE',''
  ) );
#4729 = PCURVE('',#4730,#4735);
#4730 = PLANE('',#4731);
#4731 = AXIS2_PLACEMENT_3D('',#4732,#4733,#4734);
#4732 = CARTESIAN_POINT('',(24.105582503544,-86.00674653127,-15.));
#4733 = DIRECTION('',(-0.32474217558,0.945802579506,0.));
#4734 = DIRECTION('',(0.945802579506,0.32474217558,0.));
#4735 = DEFINITIONAL_REPRESENTATION('',(#4736),#4739);
#4736 = B_SPLINE_CURVE_WITH_KNOTS('',1,(#4737,#4738),.UNSPECIFIED.,.F.,
  .F.,(2,2),(43.836668187836,54.098459929413),.PIECEWISE_BEZIER_KNOTS.);
#4737 = CARTESIAN_POINT('',(10.261791741578,-22.5));
#4738 = CARTESIAN_POINT('',(0.,-22.5));
#4739 = ( GEOMETRIC_REPRESENTATION_CONTEXT(2) 
PARAMETRIC_REPRESENTATION_CONTEXT() REPRESENTATION_CONTEXT('2D SPACE',''
  ) );
#4740 = ORIENTED_EDGE('',*,*,#4741,.F.);
#4741 = EDGE_CURVE('',#4742,#4716,#4744,.T.);
#4742 = VERTEX_POINT('',#4743);
#4743 = CARTESIAN_POINT('',(43.070568275851,-78.25065945488,7.5));
#4744 = SURFACE_CURVE('',#4745,(#4749,#4755),.PCURVE_S1.);
#4745 = LINE('',#4746,#4747);
#4746 = CARTESIAN_POINT('',(82.419327090239,-59.45182031416,7.5));
#4747 = VECTOR('',#4748,1.);
#4748 = DIRECTION('',(-0.902313836214,-0.431079738536,0.));
#4749 = PCURVE('',#3788,#4750);
#4750 = DEFINITIONAL_REPRESENTATION('',(#4751),#4754);
#4751 = B_SPLINE_CURVE_WITH_KNOTS('',1,(#4752,#4753),.UNSPECIFIED.,.F.,
  .F.,(2,2),(43.608728177646,53.870519919223),.PIECEWISE_BEZIER_KNOTS.);
#4752 = CARTESIAN_POINT('',(-53.77447689244,-113.5701569455));
#4753 = CARTESIAN_POINT('',(-63.03383356521,-117.9938074464));
#4754 = ( GEOMETRIC_REPRESENTATION_CONTEXT(2) 
PARAMETRIC_REPRESENTATION_CONTEXT() REPRESENTATION_CONTEXT('2D SPACE',''
  ) );
#4755 = PCURVE('',#4756,#4761);
#4756 = PLANE('',#4757);
#4757 = AXIS2_PLACEMENT_3D('',#4758,#4759,#4760);
#4758 = CARTESIAN_POINT('',(33.811211603078,-82.67430995576,-15.));
#4759 = DIRECTION('',(-0.431079738536,0.902313836214,0.));
#4760 = DIRECTION('',(0.902313836214,0.431079738536,0.));
#4761 = DEFINITIONAL_REPRESENTATION('',(#4762),#4765);
#4762 = B_SPLINE_CURVE_WITH_KNOTS('',1,(#4763,#4764),.UNSPECIFIED.,.F.,
  .F.,(2,2),(43.608728177646,53.870519919223),.PIECEWISE_BEZIER_KNOTS.);
#4763 = CARTESIAN_POINT('',(10.261791741578,-22.5));
#4764 = CARTESIAN_POINT('',(0.,-22.5));
#4765 = ( GEOMETRIC_REPRESENTATION_CONTEXT(2) 
PARAMETRIC_REPRESENTATION_CONTEXT() REPRESENTATION_CONTEXT('2D SPACE',''
  ) );
#4766 = ORIENTED_EDGE('',*,*,#4767,.F.);
#4767 = EDGE_CURVE('',#4768,#4742,#4770,.T.);
#4768 = VERTEX_POINT('',#4769);
#4769 = CARTESIAN_POINT('',(271.24546063364,47.340899115905,7.5));
#4770 = SURFACE_CURVE('',#4771,(#4775,#4781),.PCURVE_S1.);
#4771 = LINE('',#4772,#4773);
#4772 = CARTESIAN_POINT('',(87.694170369271,-53.68902746267,7.5));
#4773 = VECTOR('',#4774,1.);
#4774 = DIRECTION('',(-0.876061248013,-0.482199844183,0.));
#4775 = PCURVE('',#3788,#4776);
#4776 = DEFINITIONAL_REPRESENTATION('',(#4777),#4780);
#4777 = B_SPLINE_CURVE_WITH_KNOTS('',1,(#4778,#4779),.UNSPECIFIED.,.F.,
  .F.,(2,2),(-209.5187872773,50.936623660318),.PIECEWISE_BEZIER_KNOTS.);
#4778 = CARTESIAN_POINT('',(174.40041546535,12.021401625207));
#4779 = CARTESIAN_POINT('',(-53.77447689244,-113.5701569455));
#4780 = ( GEOMETRIC_REPRESENTATION_CONTEXT(2) 
PARAMETRIC_REPRESENTATION_CONTEXT() REPRESENTATION_CONTEXT('2D SPACE',''
  ) );
#4781 = PCURVE('',#4782,#4787);
#4782 = PLANE('',#4783);
#4783 = AXIS2_PLACEMENT_3D('',#4784,#4785,#4786);
#4784 = CARTESIAN_POINT('',(43.070568275851,-78.25065945488,-15.));
#4785 = DIRECTION('',(-0.482199844183,0.876061248013,0.));
#4786 = DIRECTION('',(0.876061248013,0.482199844183,0.));
#4787 = DEFINITIONAL_REPRESENTATION('',(#4788),#4791);
#4788 = B_SPLINE_CURVE_WITH_KNOTS('',1,(#4789,#4790),.UNSPECIFIED.,.F.,
  .F.,(2,2),(-209.5187872773,50.936623660318),.PIECEWISE_BEZIER_KNOTS.);
#4789 = CARTESIAN_POINT('',(260.45541093771,-22.5));
#4790 = CARTESIAN_POINT('',(0.,-22.5));
#4791 = ( GEOMETRIC_REPRESENTATION_CONTEXT(2) 
PARAMETRIC_REPRESENTATION_CONTEXT() REPRESENTATION_CONTEXT('2D SPACE',''
  ) );
#4792 = ORIENTED_EDGE('',*,*,#4793,.F.);
#4793 = EDGE_CURVE('',#4794,#4768,#4796,.T.);
#4794 = VERTEX_POINT('',#4795);
#4795 = CARTESIAN_POINT('',(279.4013600503,52.973526066635,7.5));
#4796 = SURFACE_CURVE('',#4797,(#4801,#4807),.PCURVE_S1.);
#4797 = LINE('',#4798,#4799);
#4798 = CARTESIAN_POINT('',(209.39438188997,4.625309422401,7.5));
#4799 = VECTOR('',#4800,1.);
#4800 = DIRECTION('',(-0.822841583257,-0.568270823519,0.));
#4801 = PCURVE('',#3788,#4802);
#4802 = DEFINITIONAL_REPRESENTATION('',(#4803),#4806);
#4803 = B_SPLINE_CURVE_WITH_KNOTS('',1,(#4804,#4805),.UNSPECIFIED.,.F.,
  .F.,(2,2),(-85.07953363658,-75.16766289183),.PIECEWISE_BEZIER_KNOTS.);
#4804 = CARTESIAN_POINT('',(182.556314882,17.654028575936));
#4805 = CARTESIAN_POINT('',(174.40041546535,12.021401625207));
#4806 = ( GEOMETRIC_REPRESENTATION_CONTEXT(2) 
PARAMETRIC_REPRESENTATION_CONTEXT() REPRESENTATION_CONTEXT('2D SPACE',''
  ) );
#4807 = PCURVE('',#4808,#4813);
#4808 = PLANE('',#4809);
#4809 = AXIS2_PLACEMENT_3D('',#4810,#4811,#4812);
#4810 = CARTESIAN_POINT('',(271.24546063364,47.340899115905,-15.));
#4811 = DIRECTION('',(-0.568270823519,0.822841583257,0.));
#4812 = DIRECTION('',(0.822841583257,0.568270823519,0.));
#4813 = DEFINITIONAL_REPRESENTATION('',(#4814),#4817);
#4814 = B_SPLINE_CURVE_WITH_KNOTS('',1,(#4815,#4816),.UNSPECIFIED.,.F.,
  .F.,(2,2),(-85.07953363658,-75.16766289183),.PIECEWISE_BEZIER_KNOTS.);
#4815 = CARTESIAN_POINT('',(9.911870744752,-22.5));
#4816 = CARTESIAN_POINT('',(0.,-22.5));
#4817 = ( GEOMETRIC_REPRESENTATION_CONTEXT(2) 
PARAMETRIC_REPRESENTATION_CONTEXT() REPRESENTATION_CONTEXT('2D SPACE',''
  ) );
#4818 = ORIENTED_EDGE('',*,*,#4819,.F.);
#4819 = EDGE_CURVE('',#4820,#4794,#4822,.T.);
#4820 = VERTEX_POINT('',#4821);
#4821 = CARTESIAN_POINT('',(286.25794124966,60.131212558597,7.5));
#4822 = SURFACE_CURVE('',#4823,(#4827,#4833),.PCURVE_S1.);
#4823 = LINE('',#4824,#4825);
#4824 = CARTESIAN_POINT('',(231.31311042954,2.773491278948,7.5));
#4825 = VECTOR('',#4826,1.);
#4826 = DIRECTION('',(-0.691754500834,-0.722132751353,0.));
#4827 = PCURVE('',#3788,#4828);
#4828 = DEFINITIONAL_REPRESENTATION('',(#4829),#4832);
#4829 = B_SPLINE_CURVE_WITH_KNOTS('',1,(#4830,#4831),.UNSPECIFIED.,.F.,
  .F.,(2,2),(-79.42822309636,-69.51635235161),.PIECEWISE_BEZIER_KNOTS.);
#4830 = CARTESIAN_POINT('',(189.41289608137,24.811715067898));
#4831 = CARTESIAN_POINT('',(182.556314882,17.654028575936));
#4832 = ( GEOMETRIC_REPRESENTATION_CONTEXT(2) 
PARAMETRIC_REPRESENTATION_CONTEXT() REPRESENTATION_CONTEXT('2D SPACE',''
  ) );
#4833 = PCURVE('',#4834,#4839);
#4834 = PLANE('',#4835);
#4835 = AXIS2_PLACEMENT_3D('',#4836,#4837,#4838);
#4836 = CARTESIAN_POINT('',(279.4013600503,52.973526066635,-15.));
#4837 = DIRECTION('',(-0.722132751353,0.691754500834,0.));
#4838 = DIRECTION('',(0.691754500834,0.722132751353,0.));
#4839 = DEFINITIONAL_REPRESENTATION('',(#4840),#4843);
#4840 = B_SPLINE_CURVE_WITH_KNOTS('',1,(#4841,#4842),.UNSPECIFIED.,.F.,
  .F.,(2,2),(-79.42822309636,-69.51635235161),.PIECEWISE_BEZIER_KNOTS.);
#4841 = CARTESIAN_POINT('',(9.911870744752,-22.5));
#4842 = CARTESIAN_POINT('',(0.,-22.5));
#4843 = ( GEOMETRIC_REPRESENTATION_CONTEXT(2) 
PARAMETRIC_REPRESENTATION_CONTEXT() REPRESENTATION_CONTEXT('2D SPACE',''
  ) );
#4844 = ORIENTED_EDGE('',*,*,#4845,.F.);
#4845 = EDGE_CURVE('',#4846,#4820,#4848,.T.);
#4846 = VERTEX_POINT('',#4847);
#4847 = CARTESIAN_POINT('',(291.53506272689,68.521514732852,7.5));
#4848 = SURFACE_CURVE('',#4849,(#4853,#4859),.PCURVE_S1.);
#4849 = LINE('',#4850,#4851);
#4850 = CARTESIAN_POINT('',(253.82198972365,8.560022509766,7.5));
#4851 = VECTOR('',#4852,1.);
#4852 = DIRECTION('',(-0.532404186164,-0.84649027316,0.));
#4853 = PCURVE('',#3788,#4854);
#4854 = DEFINITIONAL_REPRESENTATION('',(#4855),#4858);
#4855 = B_SPLINE_CURVE_WITH_KNOTS('',1,(#4856,#4857),.UNSPECIFIED.,.F.,
  .F.,(2,2),(-70.83541787105,-60.92354712629),.PIECEWISE_BEZIER_KNOTS.);
#4856 = CARTESIAN_POINT('',(194.69001755859,33.202017242153));
#4857 = CARTESIAN_POINT('',(189.41289608137,24.811715067898));
#4858 = ( GEOMETRIC_REPRESENTATION_CONTEXT(2) 
PARAMETRIC_REPRESENTATION_CONTEXT() REPRESENTATION_CONTEXT('2D SPACE',''
  ) );
#4859 = PCURVE('',#4860,#4865);
#4860 = PLANE('',#4861);
#4861 = AXIS2_PLACEMENT_3D('',#4862,#4863,#4864);
#4862 = CARTESIAN_POINT('',(286.25794124966,60.131212558597,-15.));
#4863 = DIRECTION('',(-0.84649027316,0.532404186164,0.));
#4864 = DIRECTION('',(0.532404186164,0.84649027316,0.));
#4865 = DEFINITIONAL_REPRESENTATION('',(#4866),#4869);
#4866 = B_SPLINE_CURVE_WITH_KNOTS('',1,(#4867,#4868),.UNSPECIFIED.,.F.,
  .F.,(2,2),(-70.83541787105,-60.92354712629),.PIECEWISE_BEZIER_KNOTS.);
#4867 = CARTESIAN_POINT('',(9.911870744752,-22.5));
#4868 = CARTESIAN_POINT('',(0.,-22.5));
#4869 = ( GEOMETRIC_REPRESENTATION_CONTEXT(2) 
PARAMETRIC_REPRESENTATION_CONTEXT() REPRESENTATION_CONTEXT('2D SPACE',''
  ) );
#4870 = ORIENTED_EDGE('',*,*,#4871,.F.);
#4871 = EDGE_CURVE('',#4872,#4846,#4874,.T.);
#4872 = VERTEX_POINT('',#4873);
#4873 = CARTESIAN_POINT('',(295.01711546213,77.801627362001,7.5));
#4874 = SURFACE_CURVE('',#4875,(#4879,#4885),.PCURVE_S1.);
#4875 = LINE('',#4876,#4877);
#4876 = CARTESIAN_POINT('',(274.06122319976,21.95151387264,7.5));
#4877 = VECTOR('',#4878,1.);
#4878 = DIRECTION('',(-0.351301265413,-0.936262474373,0.));
#4879 = PCURVE('',#3788,#4880);
#4880 = DEFINITIONAL_REPRESENTATION('',(#4881),#4884);
#4881 = B_SPLINE_CURVE_WITH_KNOTS('',1,(#4882,#4883),.UNSPECIFIED.,.F.,
  .F.,(2,2),(-59.65219691919,-49.74032617444),.PIECEWISE_BEZIER_KNOTS.);
#4882 = CARTESIAN_POINT('',(198.17207029383,42.482129871302));
#4883 = CARTESIAN_POINT('',(194.69001755859,33.202017242153));
#4884 = ( GEOMETRIC_REPRESENTATION_CONTEXT(2) 
PARAMETRIC_REPRESENTATION_CONTEXT() REPRESENTATION_CONTEXT('2D SPACE',''
  ) );
#4885 = PCURVE('',#4886,#4891);
#4886 = PLANE('',#4887);
#4887 = AXIS2_PLACEMENT_3D('',#4888,#4889,#4890);
#4888 = CARTESIAN_POINT('',(291.53506272689,68.521514732852,-15.));
#4889 = DIRECTION('',(-0.936262474373,0.351301265413,0.));
#4890 = DIRECTION('',(0.351301265413,0.936262474373,0.));
#4891 = DEFINITIONAL_REPRESENTATION('',(#4892),#4895);
#4892 = B_SPLINE_CURVE_WITH_KNOTS('',1,(#4893,#4894),.UNSPECIFIED.,.F.,
  .F.,(2,2),(-59.65219691919,-49.74032617444),.PIECEWISE_BEZIER_KNOTS.);
#4893 = CARTESIAN_POINT('',(9.911870744752,-22.5));
#4894 = CARTESIAN_POINT('',(0.,-22.5));
#4895 = ( GEOMETRIC_REPRESENTATION_CONTEXT(2) 
PARAMETRIC_REPRESENTATION_CONTEXT() REPRESENTATION_CONTEXT('2D SPACE',''
  ) );
#4896 = ORIENTED_EDGE('',*,*,#4897,.F.);
#4897 = EDGE_CURVE('',#4898,#4872,#4900,.T.);
#4898 = VERTEX_POINT('',#4899);
#4899 = CARTESIAN_POINT('',(296.56183212639,87.592389951698,7.5));
#4900 = SURFACE_CURVE('',#4901,(#4905,#4911),.PCURVE_S1.);
#4901 = LINE('',#4902,#4903);
#4902 = CARTESIAN_POINT('',(289.34067431013,41.823063163696,7.5));
#4903 = VECTOR('',#4904,1.);
#4904 = DIRECTION('',(-0.155845117844,-0.987781503797,0.));
#4905 = PCURVE('',#3788,#4906);
#4906 = DEFINITIONAL_REPRESENTATION('',(#4907),#4910);
#4907 = B_SPLINE_CURVE_WITH_KNOTS('',1,(#4908,#4909),.UNSPECIFIED.,.F.,
  .F.,(2,2),(-46.33547663329,-36.42360588853),.PIECEWISE_BEZIER_KNOTS.);
#4908 = CARTESIAN_POINT('',(199.7167869581,52.272892460999));
#4909 = CARTESIAN_POINT('',(198.17207029383,42.482129871302));
#4910 = ( GEOMETRIC_REPRESENTATION_CONTEXT(2) 
PARAMETRIC_REPRESENTATION_CONTEXT() REPRESENTATION_CONTEXT('2D SPACE',''
  ) );
#4911 = PCURVE('',#4912,#4917);
#4912 = PLANE('',#4913);
#4913 = AXIS2_PLACEMENT_3D('',#4914,#4915,#4916);
#4914 = CARTESIAN_POINT('',(295.01711546213,77.801627362001,-15.));
#4915 = DIRECTION('',(-0.987781503797,0.155845117844,0.));
#4916 = DIRECTION('',(0.155845117844,0.987781503797,0.));
#4917 = DEFINITIONAL_REPRESENTATION('',(#4918),#4921);
#4918 = B_SPLINE_CURVE_WITH_KNOTS('',1,(#4919,#4920),.UNSPECIFIED.,.F.,
  .F.,(2,2),(-46.33547663329,-36.42360588853),.PIECEWISE_BEZIER_KNOTS.);
#4919 = CARTESIAN_POINT('',(9.911870744752,-22.5));
#4920 = CARTESIAN_POINT('',(0.,-22.5));
#4921 = ( GEOMETRIC_REPRESENTATION_CONTEXT(2) 
PARAMETRIC_REPRESENTATION_CONTEXT() REPRESENTATION_CONTEXT('2D SPACE',''
  ) );
#4922 = ORIENTED_EDGE('',*,*,#4923,.F.);
#4923 = EDGE_CURVE('',#4924,#4898,#4926,.T.);
#4924 = VERTEX_POINT('',#4925);
#4925 = CARTESIAN_POINT('',(296.10609974278,97.493778220784,7.5));
#4926 = SURFACE_CURVE('',#4927,(#4931,#4937),.PCURVE_S1.);
#4927 = LINE('',#4928,#4929);
#4928 = CARTESIAN_POINT('',(297.55117197228,66.097674420035,7.5));
#4929 = VECTOR('',#4930,1.);
#4930 = DIRECTION('',(4.597844295439E-02,-0.998942432167,0.));
#4931 = PCURVE('',#3788,#4932);
#4932 = DEFINITIONAL_REPRESENTATION('',(#4933),#4936);
#4933 = B_SPLINE_CURVE_WITH_KNOTS('',1,(#4934,#4935),.UNSPECIFIED.,.F.,
  .F.,(2,2),(-31.42934246235,-21.5174717176),.PIECEWISE_BEZIER_KNOTS.);
#4934 = CARTESIAN_POINT('',(199.26105457449,62.174280730086));
#4935 = CARTESIAN_POINT('',(199.7167869581,52.272892460999));
#4936 = ( GEOMETRIC_REPRESENTATION_CONTEXT(2) 
PARAMETRIC_REPRESENTATION_CONTEXT() REPRESENTATION_CONTEXT('2D SPACE',''
  ) );
#4937 = PCURVE('',#4938,#4943);
#4938 = PLANE('',#4939);
#4939 = AXIS2_PLACEMENT_3D('',#4940,#4941,#4942);
#4940 = CARTESIAN_POINT('',(296.56183212639,87.592389951698,-15.));
#4941 = DIRECTION('',(-0.998942432167,-4.597844295439E-02,0.));
#4942 = DIRECTION('',(-4.597844295439E-02,0.998942432167,0.));
#4943 = DEFINITIONAL_REPRESENTATION('',(#4944),#4947);
#4944 = B_SPLINE_CURVE_WITH_KNOTS('',1,(#4945,#4946),.UNSPECIFIED.,.F.,
  .F.,(2,2),(-31.42934246235,-21.5174717176),.PIECEWISE_BEZIER_KNOTS.);
#4945 = CARTESIAN_POINT('',(9.911870744752,-22.5));
#4946 = CARTESIAN_POINT('',(0.,-22.5));
#4947 = ( GEOMETRIC_REPRESENTATION_CONTEXT(2) 
PARAMETRIC_REPRESENTATION_CONTEXT() REPRESENTATION_CONTEXT('2D SPACE',''
  ) );
#4948 = ORIENTED_EDGE('',*,*,#4949,.F.);
#4949 = EDGE_CURVE('',#4950,#4924,#4952,.T.);
#4950 = VERTEX_POINT('',#4951);
#4951 = CARTESIAN_POINT('',(293.66853831331,107.10124801976,7.5));
#4952 = SURFACE_CURVE('',#4953,(#4957,#4963),.PCURVE_S1.);
#4953 = LINE('',#4954,#4955);
#4954 = CARTESIAN_POINT('',(297.49088196313,92.035760548164,7.5));
#4955 = VECTOR('',#4956,1.);
#4956 = DIRECTION('',(0.245923447979,-0.969289253904,0.));
#4957 = PCURVE('',#3788,#4958);
#4958 = DEFINITIONAL_REPRESENTATION('',(#4959),#4962);
#4959 = B_SPLINE_CURVE_WITH_KNOTS('',1,(#4960,#4961),.UNSPECIFIED.,.F.,
  .F.,(2,2),(-15.54281904077,-5.630948296018),.PIECEWISE_BEZIER_KNOTS.);
#4960 = CARTESIAN_POINT('',(196.82349314502,71.781750529062));
#4961 = CARTESIAN_POINT('',(199.26105457449,62.174280730086));
#4962 = ( GEOMETRIC_REPRESENTATION_CONTEXT(2) 
PARAMETRIC_REPRESENTATION_CONTEXT() REPRESENTATION_CONTEXT('2D SPACE',''
  ) );
#4963 = PCURVE('',#4964,#4969);
#4964 = PLANE('',#4965);
#4965 = AXIS2_PLACEMENT_3D('',#4966,#4967,#4968);
#4966 = CARTESIAN_POINT('',(296.10609974278,97.493778220784,-15.));
#4967 = DIRECTION('',(-0.969289253904,-0.245923447979,0.));
#4968 = DIRECTION('',(-0.245923447979,0.969289253904,0.));
#4969 = DEFINITIONAL_REPRESENTATION('',(#4970),#4973);
#4970 = B_SPLINE_CURVE_WITH_KNOTS('',1,(#4971,#4972),.UNSPECIFIED.,.F.,
  .F.,(2,2),(-15.54281904077,-5.630948296018),.PIECEWISE_BEZIER_KNOTS.);
#4971 = CARTESIAN_POINT('',(9.911870744752,-22.5));
#4972 = CARTESIAN_POINT('',(0.,-22.5));
#4973 = ( GEOMETRIC_REPRESENTATION_CONTEXT(2) 
PARAMETRIC_REPRESENTATION_CONTEXT() REPRESENTATION_CONTEXT('2D SPACE',''
  ) );
#4974 = ORIENTED_EDGE('',*,*,#4975,.F.);
#4975 = EDGE_CURVE('',#4976,#4950,#4978,.T.);
#4976 = VERTEX_POINT('',#4977);
#4977 = CARTESIAN_POINT('',(289.34874005561,116.02226391894,7.5));
#4978 = SURFACE_CURVE('',#4979,(#4983,#4989),.PCURVE_S1.);
#4979 = LINE('',#4980,#4981);
#4980 = CARTESIAN_POINT('',(289.05455546357,116.62979817549,7.5));
#4981 = VECTOR('',#4982,1.);
#4982 = DIRECTION('',(0.435820680974,-0.900033518285,0.));
#4983 = PCURVE('',#3788,#4984);
#4984 = DEFINITIONAL_REPRESENTATION('',(#4985),#4988);
#4985 = B_SPLINE_CURVE_WITH_KNOTS('',1,(#4986,#4987),.UNSPECIFIED.,.F.,
  .F.,(2,2),(0.675012923641,10.586883668393),.PIECEWISE_BEZIER_KNOTS.);
#4986 = CARTESIAN_POINT('',(192.50369488732,80.702766428243));
#4987 = CARTESIAN_POINT('',(196.82349314502,71.781750529062));
#4988 = ( GEOMETRIC_REPRESENTATION_CONTEXT(2) 
PARAMETRIC_REPRESENTATION_CONTEXT() REPRESENTATION_CONTEXT('2D SPACE',''
  ) );
#4989 = PCURVE('',#4990,#4995);
#4990 = PLANE('',#4991);
#4991 = AXIS2_PLACEMENT_3D('',#4992,#4993,#4994);
#4992 = CARTESIAN_POINT('',(293.66853831331,107.10124801976,-15.));
#4993 = DIRECTION('',(-0.900033518285,-0.435820680974,0.));
#4994 = DIRECTION('',(-0.435820680974,0.900033518285,0.));
#4995 = DEFINITIONAL_REPRESENTATION('',(#4996),#4999);
#4996 = B_SPLINE_CURVE_WITH_KNOTS('',1,(#4997,#4998),.UNSPECIFIED.,.F.,
  .F.,(2,2),(0.675012923641,10.586883668393),.PIECEWISE_BEZIER_KNOTS.);
#4997 = CARTESIAN_POINT('',(9.911870744752,-22.5));
#4998 = CARTESIAN_POINT('',(0.,-22.5));
#4999 = ( GEOMETRIC_REPRESENTATION_CONTEXT(2) 
PARAMETRIC_REPRESENTATION_CONTEXT() REPRESENTATION_CONTEXT('2D SPACE',''
  ) );
#5000 = ORIENTED_EDGE('',*,*,#5001,.F.);
#5001 = EDGE_CURVE('',#5002,#4976,#5004,.T.);
#5002 = VERTEX_POINT('',#5003);
#5003 = CARTESIAN_POINT('',(283.32320033222,123.89233715255,7.5));
#5004 = SURFACE_CURVE('',#5005,(#5009,#5015),.PCURVE_S1.);
#5005 = LINE('',#5006,#5007);
#5006 = CARTESIAN_POINT('',(273.2552527471,137.04227698274,7.5));
#5007 = VECTOR('',#5008,1.);
#5008 = DIRECTION('',(0.60791145068,-0.794004828784,0.));
#5009 = PCURVE('',#3788,#5010);
#5010 = DEFINITIONAL_REPRESENTATION('',(#5011),#5014);
#5011 = B_SPLINE_CURVE_WITH_KNOTS('',1,(#5012,#5013),.UNSPECIFIED.,.F.,
  .F.,(2,2),(16.561536345225,26.473407089977),.PIECEWISE_BEZIER_KNOTS.);
#5012 = CARTESIAN_POINT('',(186.47815516392,88.572839661859));
#5013 = CARTESIAN_POINT('',(192.50369488732,80.702766428243));
#5014 = ( GEOMETRIC_REPRESENTATION_CONTEXT(2) 
PARAMETRIC_REPRESENTATION_CONTEXT() REPRESENTATION_CONTEXT('2D SPACE',''
  ) );
#5015 = PCURVE('',#5016,#5021);
#5016 = PLANE('',#5017);
#5017 = AXIS2_PLACEMENT_3D('',#5018,#5019,#5020);
#5018 = CARTESIAN_POINT('',(289.34874005561,116.02226391894,-15.));
#5019 = DIRECTION('',(-0.794004828784,-0.60791145068,0.));
#5020 = DIRECTION('',(-0.60791145068,0.794004828784,0.));
#5021 = DEFINITIONAL_REPRESENTATION('',(#5022),#5025);
#5022 = B_SPLINE_CURVE_WITH_KNOTS('',1,(#5023,#5024),.UNSPECIFIED.,.F.,
  .F.,(2,2),(16.561536345225,26.473407089977),.PIECEWISE_BEZIER_KNOTS.);
#5023 = CARTESIAN_POINT('',(9.911870744752,-22.5));
#5024 = CARTESIAN_POINT('',(0.,-22.5));
#5025 = ( GEOMETRIC_REPRESENTATION_CONTEXT(2) 
PARAMETRIC_REPRESENTATION_CONTEXT() REPRESENTATION_CONTEXT('2D SPACE',''
  ) );
#5026 = ORIENTED_EDGE('',*,*,#5027,.F.);
#5027 = EDGE_CURVE('',#5028,#5002,#5030,.T.);
#5028 = VERTEX_POINT('',#5029);
#5029 = CARTESIAN_POINT('',(275.83810652377,130.38991765143,7.5));
#5030 = SURFACE_CURVE('',#5031,(#5035,#5041),.PCURVE_S1.);
#5031 = LINE('',#5032,#5033);
#5032 = CARTESIAN_POINT('',(252.07483601589,151.01808437761,7.5));
#5033 = VECTOR('',#5034,1.);
#5034 = DIRECTION('',(0.755164590136,-0.655535233076,0.));
#5035 = PCURVE('',#3788,#5036);
#5036 = DEFINITIONAL_REPRESENTATION('',(#5037),#5040);
#5037 = B_SPLINE_CURVE_WITH_KNOTS('',1,(#5038,#5039),.UNSPECIFIED.,.F.,
  .F.,(2,2),(31.467670516163,41.379541260915),.PIECEWISE_BEZIER_KNOTS.);
#5038 = CARTESIAN_POINT('',(178.99306135548,95.070420160739));
#5039 = CARTESIAN_POINT('',(186.47815516392,88.572839661859));
#5040 = ( GEOMETRIC_REPRESENTATION_CONTEXT(2) 
PARAMETRIC_REPRESENTATION_CONTEXT() REPRESENTATION_CONTEXT('2D SPACE',''
  ) );
#5041 = PCURVE('',#5042,#5047);
#5042 = PLANE('',#5043);
#5043 = AXIS2_PLACEMENT_3D('',#5044,#5045,#5046);
#5044 = CARTESIAN_POINT('',(283.32320033222,123.89233715255,-15.));
#5045 = DIRECTION('',(-0.655535233076,-0.755164590136,0.));
#5046 = DIRECTION('',(-0.755164590136,0.655535233076,0.));
#5047 = DEFINITIONAL_REPRESENTATION('',(#5048),#5051);
#5048 = B_SPLINE_CURVE_WITH_KNOTS('',1,(#5049,#5050),.UNSPECIFIED.,.F.,
  .F.,(2,2),(31.467670516163,41.379541260915),.PIECEWISE_BEZIER_KNOTS.);
#5049 = CARTESIAN_POINT('',(9.911870744752,-22.5));
#5050 = CARTESIAN_POINT('',(0.,-22.5));
#5051 = ( GEOMETRIC_REPRESENTATION_CONTEXT(2) 
PARAMETRIC_REPRESENTATION_CONTEXT() REPRESENTATION_CONTEXT('2D SPACE',''
  ) );
#5052 = ORIENTED_EDGE('',*,*,#5053,.F.);
#5053 = EDGE_CURVE('',#5054,#5028,#5056,.T.);
#5054 = VERTEX_POINT('',#5055);
#5055 = CARTESIAN_POINT('',(267.19927947341,135.2495317158,7.5));
#5056 = SURFACE_CURVE('',#5057,(#5061,#5067),.PCURVE_S1.);
#5057 = LINE('',#5058,#5059);
#5058 = CARTESIAN_POINT('',(228.1668287224,157.20652258164,7.5));
#5059 = VECTOR('',#5060,1.);
#5060 = DIRECTION('',(0.87156373129,-0.490282227191,0.));
#5061 = PCURVE('',#3788,#5062);
#5062 = DEFINITIONAL_REPRESENTATION('',(#5063),#5066);
#5063 = B_SPLINE_CURVE_WITH_KNOTS('',1,(#5064,#5065),.UNSPECIFIED.,.F.,
  .F.,(2,2),(44.784390802064,54.696261546817),.PIECEWISE_BEZIER_KNOTS.);
#5064 = CARTESIAN_POINT('',(170.35423430512,99.930034225107));
#5065 = CARTESIAN_POINT('',(178.99306135548,95.070420160739));
#5066 = ( GEOMETRIC_REPRESENTATION_CONTEXT(2) 
PARAMETRIC_REPRESENTATION_CONTEXT() REPRESENTATION_CONTEXT('2D SPACE',''
  ) );
#5067 = PCURVE('',#5068,#5073);
#5068 = PLANE('',#5069);
#5069 = AXIS2_PLACEMENT_3D('',#5070,#5071,#5072);
#5070 = CARTESIAN_POINT('',(275.83810652377,130.38991765143,-15.));
#5071 = DIRECTION('',(-0.490282227191,-0.87156373129,0.));
#5072 = DIRECTION('',(-0.87156373129,0.490282227191,0.));
#5073 = DEFINITIONAL_REPRESENTATION('',(#5074),#5077);
#5074 = B_SPLINE_CURVE_WITH_KNOTS('',1,(#5075,#5076),.UNSPECIFIED.,.F.,
  .F.,(2,2),(44.784390802064,54.696261546817),.PIECEWISE_BEZIER_KNOTS.);
#5075 = CARTESIAN_POINT('',(9.911870744752,-22.5));
#5076 = CARTESIAN_POINT('',(0.,-22.5));
#5077 = ( GEOMETRIC_REPRESENTATION_CONTEXT(2) 
PARAMETRIC_REPRESENTATION_CONTEXT() REPRESENTATION_CONTEXT('2D SPACE',''
  ) );
#5078 = ORIENTED_EDGE('',*,*,#5079,.F.);
#5079 = EDGE_CURVE('',#5080,#5054,#5082,.T.);
#5080 = VERTEX_POINT('',#5081);
#5081 = CARTESIAN_POINT('',(257.75967846793,138.27262855812,7.5));
#5082 = SURFACE_CURVE('',#5083,(#5087,#5093),.PCURVE_S1.);
#5083 = LINE('',#5084,#5085);
#5084 = CARTESIAN_POINT('',(204.45874892682,155.34261612376,7.5));
#5085 = VECTOR('',#5086,1.);
#5086 = DIRECTION('',(0.952353117647,-0.304997605413,0.));
#5087 = PCURVE('',#3788,#5088);
#5088 = DEFINITIONAL_REPRESENTATION('',(#5089),#5092);
#5089 = B_SPLINE_CURVE_WITH_KNOTS('',1,(#5090,#5091),.UNSPECIFIED.,.F.,
  .F.,(2,2),(55.967611753922,65.879482498674),.PIECEWISE_BEZIER_KNOTS.);
#5090 = CARTESIAN_POINT('',(160.91463329964,102.95313106742));
#5091 = CARTESIAN_POINT('',(170.35423430512,99.930034225107));
#5092 = ( GEOMETRIC_REPRESENTATION_CONTEXT(2) 
PARAMETRIC_REPRESENTATION_CONTEXT() REPRESENTATION_CONTEXT('2D SPACE',''
  ) );
#5093 = PCURVE('',#5094,#5099);
#5094 = PLANE('',#5095);
#5095 = AXIS2_PLACEMENT_3D('',#5096,#5097,#5098);
#5096 = CARTESIAN_POINT('',(267.19927947341,135.2495317158,-15.));
#5097 = DIRECTION('',(-0.304997605413,-0.952353117647,0.));
#5098 = DIRECTION('',(-0.952353117647,0.304997605413,0.));
#5099 = DEFINITIONAL_REPRESENTATION('',(#5100),#5103);
#5100 = B_SPLINE_CURVE_WITH_KNOTS('',1,(#5101,#5102),.UNSPECIFIED.,.F.,
  .F.,(2,2),(55.967611753922,65.879482498674),.PIECEWISE_BEZIER_KNOTS.);
#5101 = CARTESIAN_POINT('',(9.911870744752,-22.5));
#5102 = CARTESIAN_POINT('',(0.,-22.5));
#5103 = ( GEOMETRIC_REPRESENTATION_CONTEXT(2) 
PARAMETRIC_REPRESENTATION_CONTEXT() REPRESENTATION_CONTEXT('2D SPACE',''
  ) );
#5104 = ORIENTED_EDGE('',*,*,#5105,.F.);
#5105 = EDGE_CURVE('',#5106,#5080,#5108,.T.);
#5106 = VERTEX_POINT('',#5107);
#5107 = CARTESIAN_POINT('',(247.90498026867,139.33569255535,7.5));
#5108 = SURFACE_CURVE('',#5109,(#5113,#5119),.PCURVE_S1.);
#5109 = LINE('',#5110,#5111);
#5110 = CARTESIAN_POINT('',(183.71695347408,146.25990057866,7.5));
#5111 = VECTOR('',#5112,1.);
#5112 = DIRECTION('',(0.994231911718,-0.107251600087,0.));
#5113 = PCURVE('',#3788,#5114);
#5114 = DEFINITIONAL_REPRESENTATION('',(#5115),#5118);
#5115 = B_SPLINE_CURVE_WITH_KNOTS('',1,(#5116,#5117),.UNSPECIFIED.,.F.,
  .F.,(2,2),(64.560416979236,74.472287723988),.PIECEWISE_BEZIER_KNOTS.);
#5116 = CARTESIAN_POINT('',(151.05993510038,104.01619506465));
#5117 = CARTESIAN_POINT('',(160.91463329964,102.95313106742));
#5118 = ( GEOMETRIC_REPRESENTATION_CONTEXT(2) 
PARAMETRIC_REPRESENTATION_CONTEXT() REPRESENTATION_CONTEXT('2D SPACE',''
  ) );
#5119 = PCURVE('',#5120,#5125);
#5120 = PLANE('',#5121);
#5121 = AXIS2_PLACEMENT_3D('',#5122,#5123,#5124);
#5122 = CARTESIAN_POINT('',(257.75967846793,138.27262855812,-15.));
#5123 = DIRECTION('',(-0.107251600087,-0.994231911718,0.));
#5124 = DIRECTION('',(-0.994231911718,0.107251600087,0.));
#5125 = DEFINITIONAL_REPRESENTATION('',(#5126),#5129);
#5126 = B_SPLINE_CURVE_WITH_KNOTS('',1,(#5127,#5128),.UNSPECIFIED.,.F.,
  .F.,(2,2),(64.560416979236,74.472287723988),.PIECEWISE_BEZIER_KNOTS.);
#5127 = CARTESIAN_POINT('',(9.911870744752,-22.5));
#5128 = CARTESIAN_POINT('',(0.,-22.5));
#5129 = ( GEOMETRIC_REPRESENTATION_CONTEXT(2) 
PARAMETRIC_REPRESENTATION_CONTEXT() REPRESENTATION_CONTEXT('2D SPACE',''
  ) );
#5130 = ORIENTED_EDGE('',*,*,#5131,.F.);
#5131 = EDGE_CURVE('',#3962,#5106,#5132,.T.);
#5132 = SURFACE_CURVE('',#5133,(#5137,#5143),.PCURVE_S1.);
#5133 = LINE('',#5134,#5135);
#5134 = CARTESIAN_POINT('',(168.14281487864,131.73385257423,7.5));
#5135 = VECTOR('',#5136,1.);
#5136 = DIRECTION('',(0.99548905838,9.487641775705E-02,-0.));
#5137 = PCURVE('',#3788,#5138);
#5138 = DEFINITIONAL_REPRESENTATION('',(#5139),#5142);
#5139 = B_SPLINE_CURVE_WITH_KNOTS('',1,(#5140,#5141),.UNSPECIFIED.,.F.,
  .F.,(2,2),(70.211727519458,80.123598264211),.PIECEWISE_BEZIER_KNOTS.);
#5140 = CARTESIAN_POINT('',(141.1927762259,103.07579227512));
#5141 = CARTESIAN_POINT('',(151.05993510038,104.01619506465));
#5142 = ( GEOMETRIC_REPRESENTATION_CONTEXT(2) 
PARAMETRIC_REPRESENTATION_CONTEXT() REPRESENTATION_CONTEXT('2D SPACE',''
  ) );
#5143 = PCURVE('',#5144,#5149);
#5144 = PLANE('',#5145);
#5145 = AXIS2_PLACEMENT_3D('',#5146,#5147,#5148);
#5146 = CARTESIAN_POINT('',(247.90498026867,139.33569255535,-15.));
#5147 = DIRECTION('',(9.487641775705E-02,-0.99548905838,0.));
#5148 = DIRECTION('',(-0.99548905838,-9.487641775705E-02,0.));
#5149 = DEFINITIONAL_REPRESENTATION('',(#5150),#5153);
#5150 = B_SPLINE_CURVE_WITH_KNOTS('',1,(#5151,#5152),.UNSPECIFIED.,.F.,
  .F.,(2,2),(70.211727519458,80.123598264211),.PIECEWISE_BEZIER_KNOTS.);
#5151 = CARTESIAN_POINT('',(9.911870744752,-22.5));
#5152 = CARTESIAN_POINT('',(0.,-22.5));
#5153 = ( GEOMETRIC_REPRESENTATION_CONTEXT(2) 
PARAMETRIC_REPRESENTATION_CONTEXT() REPRESENTATION_CONTEXT('2D SPACE',''
  ) );
#5154 = FACE_BOUND('',#5155,.F.);
#5155 = EDGE_LOOP('',(#5156));
#5156 = ORIENTED_EDGE('',*,*,#3773,.F.);
#5157 = FACE_BOUND('',#5158,.F.);
#5158 = EDGE_LOOP('',(#5159));
#5159 = ORIENTED_EDGE('',*,*,#3828,.F.);
#5160 = ADVANCED_FACE('',(#5161,#6129,#6132),#3871,.T.);
#5161 = FACE_BOUND('',#5162,.T.);
#5162 = EDGE_LOOP('',(#5163,#5186,#5207,#5228,#5249,#5270,#5291,#5312,
    #5333,#5354,#5375,#5396,#5417,#5438,#5459,#5480,#5501,#5522,#5543,
    #5564,#5585,#5606,#5627,#5648,#5669,#5690,#5711,#5732,#5753,#5774,
    #5795,#5816,#5837,#5858,#5879,#5900,#5921,#5942,#5963,#5984,#6005,
    #6026,#6047,#6068,#6089,#6110));
#5163 = ORIENTED_EDGE('',*,*,#5164,.F.);
#5164 = EDGE_CURVE('',#5165,#5167,#5169,.T.);
#5165 = VERTEX_POINT('',#5166);
#5166 = CARTESIAN_POINT('',(-17.41765461404,87.606306077103,-13.5));
#5167 = VERTEX_POINT('',#5168);
#5168 = CARTESIAN_POINT('',(238.0378213942,138.39528976581,-13.5));
#5169 = SURFACE_CURVE('',#5170,(#5174,#5180),.PCURVE_S1.);
#5170 = LINE('',#5171,#5172);
#5171 = CARTESIAN_POINT('',(160.26888208253,122.93347445495,-13.5));
#5172 = VECTOR('',#5173,1.);
#5173 = DIRECTION('',(0.980803105946,0.195000685553,-0.));
#5174 = PCURVE('',#3871,#5175);
#5175 = DEFINITIONAL_REPRESENTATION('',(#5176),#5179);
#5176 = B_SPLINE_CURVE_WITH_KNOTS('',1,(#5177,#5178),.UNSPECIFIED.,.F.,
  .F.,(2,2),(-181.1643291291,79.291081808539),.PIECEWISE_BEZIER_KNOTS.);
#5177 = CARTESIAN_POINT('',(-114.2626997823,52.286808586405));
#5178 = CARTESIAN_POINT('',(141.1927762259,103.07579227512));
#5179 = ( GEOMETRIC_REPRESENTATION_CONTEXT(2) 
PARAMETRIC_REPRESENTATION_CONTEXT() REPRESENTATION_CONTEXT('2D SPACE',''
  ) );
#5180 = PCURVE('',#3976,#5181);
#5181 = DEFINITIONAL_REPRESENTATION('',(#5182),#5185);
#5182 = B_SPLINE_CURVE_WITH_KNOTS('',1,(#5183,#5184),.UNSPECIFIED.,.F.,
  .F.,(2,2),(-181.1643291291,79.291081808539),.PIECEWISE_BEZIER_KNOTS.);
#5183 = CARTESIAN_POINT('',(260.45541093771,-1.5));
#5184 = CARTESIAN_POINT('',(0.,-1.5));
#5185 = ( GEOMETRIC_REPRESENTATION_CONTEXT(2) 
PARAMETRIC_REPRESENTATION_CONTEXT() REPRESENTATION_CONTEXT('2D SPACE',''
  ) );
#5186 = ORIENTED_EDGE('',*,*,#5187,.F.);
#5187 = EDGE_CURVE('',#5188,#5165,#5190,.T.);
#5188 = VERTEX_POINT('',#5189);
#5189 = CARTESIAN_POINT('',(-27.35088515406,85.030398317417,-13.5));
#5190 = SURFACE_CURVE('',#5191,(#5195,#5201),.PCURVE_S1.);
#5191 = LINE('',#5192,#5193);
#5192 = CARTESIAN_POINT('',(29.761428171779,99.840892292867,-13.5));
#5193 = VECTOR('',#5194,1.);
#5194 = DIRECTION('',(0.967982082483,0.251019298048,-0.));
#5195 = PCURVE('',#3871,#5196);
#5196 = DEFINITIONAL_REPRESENTATION('',(#5197),#5200);
#5197 = B_SPLINE_CURVE_WITH_KNOTS('',1,(#5198,#5199),.UNSPECIFIED.,.F.,
  .F.,(2,2),(-59.00141579001,-48.73962404843),.PIECEWISE_BEZIER_KNOTS.);
#5198 = CARTESIAN_POINT('',(-124.1959303223,49.710900826718));
#5199 = CARTESIAN_POINT('',(-114.2626997823,52.286808586405));
#5200 = ( GEOMETRIC_REPRESENTATION_CONTEXT(2) 
PARAMETRIC_REPRESENTATION_CONTEXT() REPRESENTATION_CONTEXT('2D SPACE',''
  ) );
#5201 = PCURVE('',#4002,#5202);
#5202 = DEFINITIONAL_REPRESENTATION('',(#5203),#5206);
#5203 = B_SPLINE_CURVE_WITH_KNOTS('',1,(#5204,#5205),.UNSPECIFIED.,.F.,
  .F.,(2,2),(-59.00141579001,-48.73962404843),.PIECEWISE_BEZIER_KNOTS.);
#5204 = CARTESIAN_POINT('',(10.261791741578,-1.5));
#5205 = CARTESIAN_POINT('',(0.,-1.5));
#5206 = ( GEOMETRIC_REPRESENTATION_CONTEXT(2) 
PARAMETRIC_REPRESENTATION_CONTEXT() REPRESENTATION_CONTEXT('2D SPACE',''
  ) );
#5207 = ORIENTED_EDGE('',*,*,#5208,.F.);
#5208 = EDGE_CURVE('',#5209,#5188,#5211,.T.);
#5209 = VERTEX_POINT('',#5210);
#5210 = CARTESIAN_POINT('',(-36.92311278075,81.332178744388,-13.5));
#5211 = SURFACE_CURVE('',#5212,(#5216,#5222),.PCURVE_S1.);
#5212 = LINE('',#5213,#5214);
#5213 = CARTESIAN_POINT('',(18.3261935957,102.67768725151,-13.5));
#5214 = VECTOR('',#5215,1.);
#5215 = DIRECTION('',(0.932802756843,0.360387315019,-0.));
#5216 = PCURVE('',#3871,#5217);
#5217 = DEFINITIONAL_REPRESENTATION('',(#5218),#5221);
#5218 = B_SPLINE_CURVE_WITH_KNOTS('',1,(#5219,#5220),.UNSPECIFIED.,.F.,
  .F.,(2,2),(-59.2293558002,-48.96756405862),.PIECEWISE_BEZIER_KNOTS.);
#5219 = CARTESIAN_POINT('',(-133.768157949,46.01268125369));
#5220 = CARTESIAN_POINT('',(-124.1959303223,49.710900826718));
#5221 = ( GEOMETRIC_REPRESENTATION_CONTEXT(2) 
PARAMETRIC_REPRESENTATION_CONTEXT() REPRESENTATION_CONTEXT('2D SPACE',''
  ) );
#5222 = PCURVE('',#4028,#5223);
#5223 = DEFINITIONAL_REPRESENTATION('',(#5224),#5227);
#5224 = B_SPLINE_CURVE_WITH_KNOTS('',1,(#5225,#5226),.UNSPECIFIED.,.F.,
  .F.,(2,2),(-59.2293558002,-48.96756405862),.PIECEWISE_BEZIER_KNOTS.);
#5225 = CARTESIAN_POINT('',(10.261791741578,-1.5));
#5226 = CARTESIAN_POINT('',(0.,-1.5));
#5227 = ( GEOMETRIC_REPRESENTATION_CONTEXT(2) 
PARAMETRIC_REPRESENTATION_CONTEXT() REPRESENTATION_CONTEXT('2D SPACE',''
  ) );
#5228 = ORIENTED_EDGE('',*,*,#5229,.F.);
#5229 = EDGE_CURVE('',#5230,#5209,#5232,.T.);
#5230 = VERTEX_POINT('',#5231);
#5231 = CARTESIAN_POINT('',(-46.00799415858,76.560459966181,-13.5));
#5232 = SURFACE_CURVE('',#5233,(#5237,#5243),.PCURVE_S1.);
#5233 = LINE('',#5234,#5235);
#5234 = CARTESIAN_POINT('',(6.028056097806,103.89173572263,-13.5));
#5235 = VECTOR('',#5236,1.);
#5236 = DIRECTION('',(0.885311416039,0.464998598527,-0.));
#5237 = PCURVE('',#3871,#5238);
#5238 = DEFINITIONAL_REPRESENTATION('',(#5239),#5242);
#5239 = B_SPLINE_CURVE_WITH_KNOTS('',1,(#5240,#5241),.UNSPECIFIED.,.F.,
  .F.,(2,2),(-58.77711426023,-48.51532251865),.PIECEWISE_BEZIER_KNOTS.);
#5240 = CARTESIAN_POINT('',(-142.8530393268,41.240962475483));
#5241 = CARTESIAN_POINT('',(-133.768157949,46.01268125369));
#5242 = ( GEOMETRIC_REPRESENTATION_CONTEXT(2) 
PARAMETRIC_REPRESENTATION_CONTEXT() REPRESENTATION_CONTEXT('2D SPACE',''
  ) );
#5243 = PCURVE('',#4054,#5244);
#5244 = DEFINITIONAL_REPRESENTATION('',(#5245),#5248);
#5245 = B_SPLINE_CURVE_WITH_KNOTS('',1,(#5246,#5247),.UNSPECIFIED.,.F.,
  .F.,(2,2),(-58.77711426023,-48.51532251865),.PIECEWISE_BEZIER_KNOTS.);
#5246 = CARTESIAN_POINT('',(10.261791741578,-1.5));
#5247 = CARTESIAN_POINT('',(0.,-1.5));
#5248 = ( GEOMETRIC_REPRESENTATION_CONTEXT(2) 
PARAMETRIC_REPRESENTATION_CONTEXT() REPRESENTATION_CONTEXT('2D SPACE',''
  ) );
#5249 = ORIENTED_EDGE('',*,*,#5250,.F.);
#5250 = EDGE_CURVE('',#5251,#5230,#5253,.T.);
#5251 = VERTEX_POINT('',#5252);
#5252 = CARTESIAN_POINT('',(-54.48561840985,70.778223651243,-13.5));
#5253 = SURFACE_CURVE('',#5254,(#5258,#5264),.PCURVE_S1.);
#5254 = LINE('',#5255,#5256);
#5255 = CARTESIAN_POINT('',(-6.858396183709,103.26277896688,-13.5));
#5256 = VECTOR('',#5257,1.);
#5257 = DIRECTION('',(0.826134895812,0.563472389672,-0.));
#5258 = PCURVE('',#3871,#5259);
#5259 = DEFINITIONAL_REPRESENTATION('',(#5260),#5263);
#5260 = B_SPLINE_CURVE_WITH_KNOTS('',1,(#5261,#5262),.UNSPECIFIED.,.F.,
  .F.,(2,2),(-57.65066028272,-47.38886854114),.PIECEWISE_BEZIER_KNOTS.);
#5261 = CARTESIAN_POINT('',(-151.3306635781,35.458726160544));
#5262 = CARTESIAN_POINT('',(-142.8530393268,41.240962475483));
#5263 = ( GEOMETRIC_REPRESENTATION_CONTEXT(2) 
PARAMETRIC_REPRESENTATION_CONTEXT() REPRESENTATION_CONTEXT('2D SPACE',''
  ) );
#5264 = PCURVE('',#4080,#5265);
#5265 = DEFINITIONAL_REPRESENTATION('',(#5266),#5269);
#5266 = B_SPLINE_CURVE_WITH_KNOTS('',1,(#5267,#5268),.UNSPECIFIED.,.F.,
  .F.,(2,2),(-57.65066028272,-47.38886854114),.PIECEWISE_BEZIER_KNOTS.);
#5267 = CARTESIAN_POINT('',(10.261791741578,-1.5));
#5268 = CARTESIAN_POINT('',(0.,-1.5));
#5269 = ( GEOMETRIC_REPRESENTATION_CONTEXT(2) 
PARAMETRIC_REPRESENTATION_CONTEXT() REPRESENTATION_CONTEXT('2D SPACE',''
  ) );
#5270 = ORIENTED_EDGE('',*,*,#5271,.F.);
#5271 = EDGE_CURVE('',#5272,#5251,#5274,.T.);
#5272 = VERTEX_POINT('',#5273);
#5273 = CARTESIAN_POINT('',(-62.24408981215,64.06178923653,-13.5));
#5274 = SURFACE_CURVE('',#5275,(#5279,#5285),.PCURVE_S1.);
#5275 = LINE('',#5276,#5277);
#5276 = CARTESIAN_POINT('',(-20.00722278468,100.62584065376,-13.5));
#5277 = VECTOR('',#5278,1.);
#5278 = DIRECTION('',(0.756054263981,0.654508937996,-0.));
#5279 = PCURVE('',#3871,#5280);
#5280 = DEFINITIONAL_REPRESENTATION('',(#5281),#5284);
#5281 = B_SPLINE_CURVE_WITH_KNOTS('',1,(#5282,#5283),.UNSPECIFIED.,.F.,
  .F.,(2,2),(-55.86486187523,-45.60307013365),.PIECEWISE_BEZIER_KNOTS.);
#5282 = CARTESIAN_POINT('',(-159.0891349804,28.742291745832));
#5283 = CARTESIAN_POINT('',(-151.3306635781,35.458726160544));
#5284 = ( GEOMETRIC_REPRESENTATION_CONTEXT(2) 
PARAMETRIC_REPRESENTATION_CONTEXT() REPRESENTATION_CONTEXT('2D SPACE',''
  ) );
#5285 = PCURVE('',#4106,#5286);
#5286 = DEFINITIONAL_REPRESENTATION('',(#5287),#5290);
#5287 = B_SPLINE_CURVE_WITH_KNOTS('',1,(#5288,#5289),.UNSPECIFIED.,.F.,
  .F.,(2,2),(-55.86486187523,-45.60307013365),.PIECEWISE_BEZIER_KNOTS.);
#5288 = CARTESIAN_POINT('',(10.261791741578,-1.5));
#5289 = CARTESIAN_POINT('',(0.,-1.5));
#5290 = ( GEOMETRIC_REPRESENTATION_CONTEXT(2) 
PARAMETRIC_REPRESENTATION_CONTEXT() REPRESENTATION_CONTEXT('2D SPACE',''
  ) );
#5291 = ORIENTED_EDGE('',*,*,#5292,.F.);
#5292 = EDGE_CURVE('',#5293,#5272,#5295,.T.);
#5293 = VERTEX_POINT('',#5294);
#5294 = CARTESIAN_POINT('',(-69.1810047042,56.499806591223,-13.5));
#5295 = SURFACE_CURVE('',#5296,(#5300,#5306),.PCURVE_S1.);
#5296 = LINE('',#5297,#5298);
#5297 = CARTESIAN_POINT('',(-33.05363420944,95.882522532418,-13.5));
#5298 = VECTOR('',#5299,1.);
#5299 = DIRECTION('',(0.675994511168,0.736906656824,-0.));
#5300 = PCURVE('',#3871,#5301);
#5301 = DEFINITIONAL_REPRESENTATION('',(#5302),#5305);
#5302 = B_SPLINE_CURVE_WITH_KNOTS('',1,(#5303,#5304),.UNSPECIFIED.,.F.,
  .F.,(2,2),(-53.44328969824,-43.18149795666),.PIECEWISE_BEZIER_KNOTS.);
#5303 = CARTESIAN_POINT('',(-166.0260498725,21.180309100524));
#5304 = CARTESIAN_POINT('',(-159.0891349804,28.742291745832));
#5305 = ( GEOMETRIC_REPRESENTATION_CONTEXT(2) 
PARAMETRIC_REPRESENTATION_CONTEXT() REPRESENTATION_CONTEXT('2D SPACE',''
  ) );
#5306 = PCURVE('',#4132,#5307);
#5307 = DEFINITIONAL_REPRESENTATION('',(#5308),#5311);
#5308 = B_SPLINE_CURVE_WITH_KNOTS('',1,(#5309,#5310),.UNSPECIFIED.,.F.,
  .F.,(2,2),(-53.44328969824,-43.18149795666),.PIECEWISE_BEZIER_KNOTS.);
#5309 = CARTESIAN_POINT('',(10.261791741578,-1.5));
#5310 = CARTESIAN_POINT('',(0.,-1.5));
#5311 = ( GEOMETRIC_REPRESENTATION_CONTEXT(2) 
PARAMETRIC_REPRESENTATION_CONTEXT() REPRESENTATION_CONTEXT('2D SPACE',''
  ) );
#5312 = ORIENTED_EDGE('',*,*,#5313,.F.);
#5313 = EDGE_CURVE('',#5314,#5293,#5316,.T.);
#5314 = VERTEX_POINT('',#5315);
#5315 = CARTESIAN_POINT('',(-75.20480310645,48.192085931704,-13.5));
#5316 = SURFACE_CURVE('',#5317,(#5321,#5327),.PCURVE_S1.);
#5317 = LINE('',#5318,#5319);
#5318 = CARTESIAN_POINT('',(-45.60887005714,89.009312540718,-13.5));
#5319 = VECTOR('',#5320,1.);
#5320 = DIRECTION('',(0.587012341893,0.809577982942,-0.));
#5321 = PCURVE('',#3871,#5322);
#5322 = DEFINITIONAL_REPRESENTATION('',(#5323),#5326);
#5323 = B_SPLINE_CURVE_WITH_KNOTS('',1,(#5324,#5325),.UNSPECIFIED.,.F.,
  .F.,(2,2),(-50.41790595721,-40.15611421564),.PIECEWISE_BEZIER_KNOTS.);
#5324 = CARTESIAN_POINT('',(-172.0498482747,12.872588441005));
#5325 = CARTESIAN_POINT('',(-166.0260498725,21.180309100524));
#5326 = ( GEOMETRIC_REPRESENTATION_CONTEXT(2) 
PARAMETRIC_REPRESENTATION_CONTEXT() REPRESENTATION_CONTEXT('2D SPACE',''
  ) );
#5327 = PCURVE('',#4158,#5328);
#5328 = DEFINITIONAL_REPRESENTATION('',(#5329),#5332);
#5329 = B_SPLINE_CURVE_WITH_KNOTS('',1,(#5330,#5331),.UNSPECIFIED.,.F.,
  .F.,(2,2),(-50.41790595721,-40.15611421564),.PIECEWISE_BEZIER_KNOTS.);
#5330 = CARTESIAN_POINT('',(10.261791741578,-1.5));
#5331 = CARTESIAN_POINT('',(0.,-1.5));
#5332 = ( GEOMETRIC_REPRESENTATION_CONTEXT(2) 
PARAMETRIC_REPRESENTATION_CONTEXT() REPRESENTATION_CONTEXT('2D SPACE',''
  ) );
#5333 = ORIENTED_EDGE('',*,*,#5334,.F.);
#5334 = EDGE_CURVE('',#5335,#5314,#5337,.T.);
#5335 = VERTEX_POINT('',#5336);
#5336 = CARTESIAN_POINT('',(-80.23597721648,39.248280431691,-13.5));
#5337 = SURFACE_CURVE('',#5338,(#5342,#5348),.PCURVE_S1.);
#5338 = LINE('',#5339,#5340);
#5339 = CARTESIAN_POINT('',(-57.27672605804,80.062426850835,-13.5));
#5340 = VECTOR('',#5341,1.);
#5341 = DIRECTION('',(0.490282227191,0.87156373129,-0.));
#5342 = PCURVE('',#3871,#5343);
#5343 = DEFINITIONAL_REPRESENTATION('',(#5344),#5347);
#5344 = B_SPLINE_CURVE_WITH_KNOTS('',1,(#5345,#5346),.UNSPECIFIED.,.F.,
  .F.,(2,2),(-46.82864253509,-36.56685079351),.PIECEWISE_BEZIER_KNOTS.);
#5345 = CARTESIAN_POINT('',(-177.0810223847,3.928782940993));
#5346 = CARTESIAN_POINT('',(-172.0498482747,12.872588441005));
#5347 = ( GEOMETRIC_REPRESENTATION_CONTEXT(2) 
PARAMETRIC_REPRESENTATION_CONTEXT() REPRESENTATION_CONTEXT('2D SPACE',''
  ) );
#5348 = PCURVE('',#4184,#5349);
#5349 = DEFINITIONAL_REPRESENTATION('',(#5350),#5353);
#5350 = B_SPLINE_CURVE_WITH_KNOTS('',1,(#5351,#5352),.UNSPECIFIED.,.F.,
  .F.,(2,2),(-46.82864253509,-36.56685079351),.PIECEWISE_BEZIER_KNOTS.);
#5351 = CARTESIAN_POINT('',(10.261791741578,-1.5));
#5352 = CARTESIAN_POINT('',(0.,-1.5));
#5353 = ( GEOMETRIC_REPRESENTATION_CONTEXT(2) 
PARAMETRIC_REPRESENTATION_CONTEXT() REPRESENTATION_CONTEXT('2D SPACE',''
  ) );
#5354 = ORIENTED_EDGE('',*,*,#5355,.F.);
#5355 = EDGE_CURVE('',#5356,#5335,#5358,.T.);
#5356 = VERTEX_POINT('',#5357);
#5357 = CARTESIAN_POINT('',(-84.2081208284,29.786438915695,-13.5));
#5358 = SURFACE_CURVE('',#5359,(#5363,#5369),.PCURVE_S1.);
#5359 = LINE('',#5360,#5361);
#5360 = CARTESIAN_POINT('',(-67.67091221502,69.178883475693,-13.5));
#5361 = VECTOR('',#5362,1.);
#5362 = DIRECTION('',(0.387080902823,0.922045755193,-0.));
#5363 = PCURVE('',#3871,#5364);
#5364 = DEFINITIONAL_REPRESENTATION('',(#5365),#5368);
#5365 = B_SPLINE_CURVE_WITH_KNOTS('',1,(#5366,#5367),.UNSPECIFIED.,.F.,
  .F.,(2,2),(-42.72287393346,-32.46108219188),.PIECEWISE_BEZIER_KNOTS.);
#5366 = CARTESIAN_POINT('',(-181.0531659966,-5.533058575003));
#5367 = CARTESIAN_POINT('',(-177.0810223847,3.928782940993));
#5368 = ( GEOMETRIC_REPRESENTATION_CONTEXT(2) 
PARAMETRIC_REPRESENTATION_CONTEXT() REPRESENTATION_CONTEXT('2D SPACE',''
  ) );
#5369 = PCURVE('',#4210,#5370);
#5370 = DEFINITIONAL_REPRESENTATION('',(#5371),#5374);
#5371 = B_SPLINE_CURVE_WITH_KNOTS('',1,(#5372,#5373),.UNSPECIFIED.,.F.,
  .F.,(2,2),(-42.72287393346,-32.46108219188),.PIECEWISE_BEZIER_KNOTS.);
#5372 = CARTESIAN_POINT('',(10.261791741578,-1.5));
#5373 = CARTESIAN_POINT('',(0.,-1.5));
#5374 = ( GEOMETRIC_REPRESENTATION_CONTEXT(2) 
PARAMETRIC_REPRESENTATION_CONTEXT() REPRESENTATION_CONTEXT('2D SPACE',''
  ) );
#5375 = ORIENTED_EDGE('',*,*,#5376,.F.);
#5376 = EDGE_CURVE('',#5377,#5356,#5379,.T.);
#5377 = VERTEX_POINT('',#5378);
#5378 = CARTESIAN_POINT('',(-87.06880582486,19.931447738707,-13.5));
#5379 = SURFACE_CURVE('',#5380,(#5384,#5390),.PCURVE_S1.);
#5380 = LINE('',#5381,#5382);
#5381 = CARTESIAN_POINT('',(-76.43237471165,56.573697726006,-13.5));
#5382 = VECTOR('',#5383,1.);
#5383 = DIRECTION('',(0.278770517713,0.960357745038,-0.));
#5384 = PCURVE('',#3871,#5385);
#5385 = DEFINITIONAL_REPRESENTATION('',(#5386),#5389);
#5386 = B_SPLINE_CURVE_WITH_KNOTS('',1,(#5387,#5388),.UNSPECIFIED.,.F.,
  .F.,(2,2),(-38.15479197896,-27.89300023738),.PIECEWISE_BEZIER_KNOTS.);
#5387 = CARTESIAN_POINT('',(-183.9138509931,-15.38804975199));
#5388 = CARTESIAN_POINT('',(-181.0531659966,-5.533058575003));
#5389 = ( GEOMETRIC_REPRESENTATION_CONTEXT(2) 
PARAMETRIC_REPRESENTATION_CONTEXT() REPRESENTATION_CONTEXT('2D SPACE',''
  ) );
#5390 = PCURVE('',#4236,#5391);
#5391 = DEFINITIONAL_REPRESENTATION('',(#5392),#5395);
#5392 = B_SPLINE_CURVE_WITH_KNOTS('',1,(#5393,#5394),.UNSPECIFIED.,.F.,
  .F.,(2,2),(-38.15479197896,-27.89300023738),.PIECEWISE_BEZIER_KNOTS.);
#5393 = CARTESIAN_POINT('',(10.261791741578,-1.5));
#5394 = CARTESIAN_POINT('',(0.,-1.5));
#5395 = ( GEOMETRIC_REPRESENTATION_CONTEXT(2) 
PARAMETRIC_REPRESENTATION_CONTEXT() REPRESENTATION_CONTEXT('2D SPACE',''
  ) );
#5396 = ORIENTED_EDGE('',*,*,#5397,.F.);
#5397 = EDGE_CURVE('',#5398,#5377,#5400,.T.);
#5398 = VERTEX_POINT('',#5399);
#5399 = CARTESIAN_POINT('',(-88.78027417311,9.813382417686,-13.5));
#5400 = SURFACE_CURVE('',#5401,(#5405,#5411),.PCURVE_S1.);
#5401 = LINE('',#5402,#5403);
#5402 = CARTESIAN_POINT('',(-83.24570974715,42.533288948611,-13.5));
#5403 = VECTOR('',#5404,1.);
#5404 = DIRECTION('',(0.166780655011,0.985994022859,-0.));
#5405 = PCURVE('',#3871,#5406);
#5406 = DEFINITIONAL_REPRESENTATION('',(#5407),#5410);
#5407 = B_SPLINE_CURVE_WITH_KNOTS('',1,(#5408,#5409),.UNSPECIFIED.,.F.,
  .F.,(2,2),(-33.18469054816,-22.92289880659),.PIECEWISE_BEZIER_KNOTS.);
#5408 = CARTESIAN_POINT('',(-185.6253193414,-25.50611507301));
#5409 = CARTESIAN_POINT('',(-183.9138509931,-15.38804975199));
#5410 = ( GEOMETRIC_REPRESENTATION_CONTEXT(2) 
PARAMETRIC_REPRESENTATION_CONTEXT() REPRESENTATION_CONTEXT('2D SPACE',''
  ) );
#5411 = PCURVE('',#4262,#5412);
#5412 = DEFINITIONAL_REPRESENTATION('',(#5413),#5416);
#5413 = B_SPLINE_CURVE_WITH_KNOTS('',1,(#5414,#5415),.UNSPECIFIED.,.F.,
  .F.,(2,2),(-33.18469054816,-22.92289880659),.PIECEWISE_BEZIER_KNOTS.);
#5414 = CARTESIAN_POINT('',(10.261791741578,-1.5));
#5415 = CARTESIAN_POINT('',(0.,-1.5));
#5416 = ( GEOMETRIC_REPRESENTATION_CONTEXT(2) 
PARAMETRIC_REPRESENTATION_CONTEXT() REPRESENTATION_CONTEXT('2D SPACE',''
  ) );
#5417 = ORIENTED_EDGE('',*,*,#5418,.F.);
#5418 = EDGE_CURVE('',#5419,#5398,#5421,.T.);
#5419 = VERTEX_POINT('',#5420);
#5420 = CARTESIAN_POINT('',(-89.31993629126,-0.43420922844,-13.5));
#5421 = SURFACE_CURVE('',#5422,(#5426,#5432),.PCURVE_S1.);
#5422 = LINE('',#5423,#5424);
#5423 = CARTESIAN_POINT('',(-87.85383831176,27.405383179283,-13.5));
#5424 = VECTOR('',#5425,1.);
#5425 = DIRECTION('',(5.258946310134E-02,0.998616216757,-0.));
#5426 = PCURVE('',#3871,#5427);
#5427 = DEFINITIONAL_REPRESENTATION('',(#5428),#5431);
#5428 = B_SPLINE_CURVE_WITH_KNOTS('',1,(#5429,#5430),.UNSPECIFIED.,.F.,
  .F.,(2,2),(-27.87816975186,-17.61637801028),.PIECEWISE_BEZIER_KNOTS.);
#5429 = CARTESIAN_POINT('',(-186.1649814595,-35.75370671913));
#5430 = CARTESIAN_POINT('',(-185.6253193414,-25.50611507301));
#5431 = ( GEOMETRIC_REPRESENTATION_CONTEXT(2) 
PARAMETRIC_REPRESENTATION_CONTEXT() REPRESENTATION_CONTEXT('2D SPACE',''
  ) );
#5432 = PCURVE('',#4288,#5433);
#5433 = DEFINITIONAL_REPRESENTATION('',(#5434),#5437);
#5434 = B_SPLINE_CURVE_WITH_KNOTS('',1,(#5435,#5436),.UNSPECIFIED.,.F.,
  .F.,(2,2),(-27.87816975186,-17.61637801028),.PIECEWISE_BEZIER_KNOTS.);
#5435 = CARTESIAN_POINT('',(10.261791741578,-1.5));
#5436 = CARTESIAN_POINT('',(0.,-1.5));
#5437 = ( GEOMETRIC_REPRESENTATION_CONTEXT(2) 
PARAMETRIC_REPRESENTATION_CONTEXT() REPRESENTATION_CONTEXT('2D SPACE',''
  ) );
#5438 = ORIENTED_EDGE('',*,*,#5439,.F.);
#5439 = EDGE_CURVE('',#5440,#5419,#5442,.T.);
#5440 = VERTEX_POINT('',#5441);
#5441 = CARTESIAN_POINT('',(-88.68066920702,-10.6760697695,-13.5));
#5442 = SURFACE_CURVE('',#5443,(#5447,#5453),.PCURVE_S1.);
#5443 = LINE('',#5444,#5445);
#5444 = CARTESIAN_POINT('',(-90.07019506448,11.585877390344,-13.5));
#5445 = VECTOR('',#5446,1.);
#5446 = DIRECTION('',(-6.229585440192E-02,0.99805772705,0.));
#5447 = PCURVE('',#3871,#5448);
#5448 = DEFINITIONAL_REPRESENTATION('',(#5449),#5452);
#5449 = B_SPLINE_CURVE_WITH_KNOTS('',1,(#5450,#5451),.UNSPECIFIED.,.F.,
  .F.,(2,2),(-22.30527008256,-12.04347834098),.PIECEWISE_BEZIER_KNOTS.);
#5450 = CARTESIAN_POINT('',(-185.5257143753,-45.99556726019));
#5451 = CARTESIAN_POINT('',(-186.1649814595,-35.75370671913));
#5452 = ( GEOMETRIC_REPRESENTATION_CONTEXT(2) 
PARAMETRIC_REPRESENTATION_CONTEXT() REPRESENTATION_CONTEXT('2D SPACE',''
  ) );
#5453 = PCURVE('',#4314,#5454);
#5454 = DEFINITIONAL_REPRESENTATION('',(#5455),#5458);
#5455 = B_SPLINE_CURVE_WITH_KNOTS('',1,(#5456,#5457),.UNSPECIFIED.,.F.,
  .F.,(2,2),(-22.30527008256,-12.04347834098),.PIECEWISE_BEZIER_KNOTS.);
#5456 = CARTESIAN_POINT('',(10.261791741578,-1.5));
#5457 = CARTESIAN_POINT('',(0.,-1.5));
#5458 = ( GEOMETRIC_REPRESENTATION_CONTEXT(2) 
PARAMETRIC_REPRESENTATION_CONTEXT() REPRESENTATION_CONTEXT('2D SPACE',''
  ) );
#5459 = ORIENTED_EDGE('',*,*,#5460,.F.);
#5460 = EDGE_CURVE('',#5461,#5440,#5463,.T.);
#5461 = VERTEX_POINT('',#5462);
#5462 = CARTESIAN_POINT('',(-86.87091057346,-20.77701741988,-13.5));
#5463 = SURFACE_CURVE('',#5464,(#5468,#5474),.PCURVE_S1.);
#5464 = LINE('',#5465,#5466);
#5465 = CARTESIAN_POINT('',(-89.78780758894,-4.496711577716,-13.5));
#5466 = VECTOR('',#5467,1.);
#5467 = DIRECTION('',(-0.176358932157,0.984325925214,0.));
#5468 = PCURVE('',#3871,#5469);
#5469 = DEFINITIONAL_REPRESENTATION('',(#5470),#5473);
#5470 = B_SPLINE_CURVE_WITH_KNOTS('',1,(#5471,#5472),.UNSPECIFIED.,.F.,
  .F.,(2,2),(-16.53954795371,-6.277756212141),.PIECEWISE_BEZIER_KNOTS.);
#5471 = CARTESIAN_POINT('',(-183.7159557417,-56.09651491058));
#5472 = CARTESIAN_POINT('',(-185.5257143753,-45.99556726019));
#5473 = ( GEOMETRIC_REPRESENTATION_CONTEXT(2) 
PARAMETRIC_REPRESENTATION_CONTEXT() REPRESENTATION_CONTEXT('2D SPACE',''
  ) );
#5474 = PCURVE('',#4340,#5475);
#5475 = DEFINITIONAL_REPRESENTATION('',(#5476),#5479);
#5476 = B_SPLINE_CURVE_WITH_KNOTS('',1,(#5477,#5478),.UNSPECIFIED.,.F.,
  .F.,(2,2),(-16.53954795371,-6.277756212141),.PIECEWISE_BEZIER_KNOTS.);
#5477 = CARTESIAN_POINT('',(10.261791741578,-1.5));
#5478 = CARTESIAN_POINT('',(0.,-1.5));
#5479 = ( GEOMETRIC_REPRESENTATION_CONTEXT(2) 
PARAMETRIC_REPRESENTATION_CONTEXT() REPRESENTATION_CONTEXT('2D SPACE',''
  ) );
#5480 = ORIENTED_EDGE('',*,*,#5481,.F.);
#5481 = EDGE_CURVE('',#5482,#5461,#5484,.T.);
#5482 = VERTEX_POINT('',#5483);
#5483 = CARTESIAN_POINT('',(-83.91454730084,-30.6037302959,-13.5));
#5484 = SURFACE_CURVE('',#5485,(#5489,#5495),.PCURVE_S1.);
#5485 = LINE('',#5486,#5487);
#5486 = CARTESIAN_POINT('',(-86.98479800485,-20.39846479112,-13.5));
#5487 = VECTOR('',#5488,1.);
#5488 = DIRECTION('',(-0.288094257521,0.957602056589,0.));
#5489 = PCURVE('',#3871,#5490);
#5490 = DEFINITIONAL_REPRESENTATION('',(#5491),#5494);
#5491 = B_SPLINE_CURVE_WITH_KNOTS('',1,(#5492,#5493),.UNSPECIFIED.,.F.,
  .F.,(2,2),(-10.65710483239,-0.395313090813),.PIECEWISE_BEZIER_KNOTS.);
#5492 = CARTESIAN_POINT('',(-180.7595924691,-65.9232277866));
#5493 = CARTESIAN_POINT('',(-183.7159557417,-56.09651491058));
#5494 = ( GEOMETRIC_REPRESENTATION_CONTEXT(2) 
PARAMETRIC_REPRESENTATION_CONTEXT() REPRESENTATION_CONTEXT('2D SPACE',''
  ) );
#5495 = PCURVE('',#4366,#5496);
#5496 = DEFINITIONAL_REPRESENTATION('',(#5497),#5500);
#5497 = B_SPLINE_CURVE_WITH_KNOTS('',1,(#5498,#5499),.UNSPECIFIED.,.F.,
  .F.,(2,2),(-10.65710483239,-0.395313090813),.PIECEWISE_BEZIER_KNOTS.);
#5498 = CARTESIAN_POINT('',(10.261791741578,-1.5));
#5499 = CARTESIAN_POINT('',(0.,-1.5));
#5500 = ( GEOMETRIC_REPRESENTATION_CONTEXT(2) 
PARAMETRIC_REPRESENTATION_CONTEXT() REPRESENTATION_CONTEXT('2D SPACE',''
  ) );
#5501 = ORIENTED_EDGE('',*,*,#5502,.F.);
#5502 = EDGE_CURVE('',#5503,#5482,#5505,.T.);
#5503 = VERTEX_POINT('',#5504);
#5504 = CARTESIAN_POINT('',(-79.85060027451,-40.02650612443,-13.5));
#5505 = SURFACE_CURVE('',#5506,(#5510,#5516),.PCURVE_S1.);
#5506 = LINE('',#5507,#5508);
#5507 = CARTESIAN_POINT('',(-81.72601911376,-35.67811004732,-13.5));
#5508 = VECTOR('',#5509,1.);
#5509 = DIRECTION('',(-0.396027041736,0.918238848129,0.));
#5510 = PCURVE('',#3871,#5511);
#5511 = DEFINITIONAL_REPRESENTATION('',(#5512),#5515);
#5512 = B_SPLINE_CURVE_WITH_KNOTS('',1,(#5513,#5514),.UNSPECIFIED.,.F.,
  .F.,(2,2),(-4.735582779976,5.526208961602),.PIECEWISE_BEZIER_KNOTS.);
#5513 = CARTESIAN_POINT('',(-176.6956454428,-75.34600361513));
#5514 = CARTESIAN_POINT('',(-180.7595924691,-65.9232277866));
#5515 = ( GEOMETRIC_REPRESENTATION_CONTEXT(2) 
PARAMETRIC_REPRESENTATION_CONTEXT() REPRESENTATION_CONTEXT('2D SPACE',''
  ) );
#5516 = PCURVE('',#4392,#5517);
#5517 = DEFINITIONAL_REPRESENTATION('',(#5518),#5521);
#5518 = B_SPLINE_CURVE_WITH_KNOTS('',1,(#5519,#5520),.UNSPECIFIED.,.F.,
  .F.,(2,2),(-4.735582779976,5.526208961602),.PIECEWISE_BEZIER_KNOTS.);
#5519 = CARTESIAN_POINT('',(10.261791741578,-1.5));
#5520 = CARTESIAN_POINT('',(0.,-1.5));
#5521 = ( GEOMETRIC_REPRESENTATION_CONTEXT(2) 
PARAMETRIC_REPRESENTATION_CONTEXT() REPRESENTATION_CONTEXT('2D SPACE',''
  ) );
#5522 = ORIENTED_EDGE('',*,*,#5523,.F.);
#5523 = EDGE_CURVE('',#5524,#5503,#5526,.T.);
#5524 = VERTEX_POINT('',#5525);
#5525 = CARTESIAN_POINT('',(-74.73270932032,-48.92097417645,-13.5));
#5526 = SURFACE_CURVE('',#5527,(#5531,#5537),.PCURVE_S1.);
#5527 = LINE('',#5528,#5529);
#5528 = CARTESIAN_POINT('',(-74.16073258228,-49.91502208964,-13.5));
#5529 = VECTOR('',#5530,1.);
#5530 = DIRECTION('',(-0.498732685585,0.86675585278,0.));
#5531 = PCURVE('',#3871,#5532);
#5532 = DEFINITIONAL_REPRESENTATION('',(#5533),#5536);
#5533 = B_SPLINE_CURVE_WITH_KNOTS('',1,(#5534,#5535),.UNSPECIFIED.,.F.,
  .F.,(2,2),(1.146860341352,11.40865208293),.PIECEWISE_BEZIER_KNOTS.);
#5534 = CARTESIAN_POINT('',(-171.5777544886,-84.24047166715));
#5535 = CARTESIAN_POINT('',(-176.6956454428,-75.34600361513));
#5536 = ( GEOMETRIC_REPRESENTATION_CONTEXT(2) 
PARAMETRIC_REPRESENTATION_CONTEXT() REPRESENTATION_CONTEXT('2D SPACE',''
  ) );
#5537 = PCURVE('',#4418,#5538);
#5538 = DEFINITIONAL_REPRESENTATION('',(#5539),#5542);
#5539 = B_SPLINE_CURVE_WITH_KNOTS('',1,(#5540,#5541),.UNSPECIFIED.,.F.,
  .F.,(2,2),(1.146860341352,11.40865208293),.PIECEWISE_BEZIER_KNOTS.);
#5540 = CARTESIAN_POINT('',(10.261791741578,-1.5));
#5541 = CARTESIAN_POINT('',(0.,-1.5));
#5542 = ( GEOMETRIC_REPRESENTATION_CONTEXT(2) 
PARAMETRIC_REPRESENTATION_CONTEXT() REPRESENTATION_CONTEXT('2D SPACE',''
  ) );
#5543 = ORIENTED_EDGE('',*,*,#5544,.F.);
#5544 = EDGE_CURVE('',#5545,#5524,#5547,.T.);
#5545 = VERTEX_POINT('',#5546);
#5546 = CARTESIAN_POINT('',(-68.62842521529,-57.16973682988,-13.5));
#5547 = SURFACE_CURVE('',#5548,(#5552,#5558),.PCURVE_S1.);
#5548 = LINE('',#5549,#5550);
#5549 = CARTESIAN_POINT('',(-64.51643694266,-62.7262959138,-13.5));
#5550 = VECTOR('',#5551,1.);
#5551 = DIRECTION('',(-0.594855582607,0.803832591925,0.));
#5552 = PCURVE('',#3871,#5553);
#5553 = DEFINITIONAL_REPRESENTATION('',(#5554),#5557);
#5554 = B_SPLINE_CURVE_WITH_KNOTS('',1,(#5555,#5556),.UNSPECIFIED.,.F.,
  .F.,(2,2),(6.912582470199,17.174374211777),.PIECEWISE_BEZIER_KNOTS.);
#5555 = CARTESIAN_POINT('',(-165.4734703835,-92.48923432058));
#5556 = CARTESIAN_POINT('',(-171.5777544886,-84.24047166715));
#5557 = ( GEOMETRIC_REPRESENTATION_CONTEXT(2) 
PARAMETRIC_REPRESENTATION_CONTEXT() REPRESENTATION_CONTEXT('2D SPACE',''
  ) );
#5558 = PCURVE('',#4444,#5559);
#5559 = DEFINITIONAL_REPRESENTATION('',(#5560),#5563);
#5560 = B_SPLINE_CURVE_WITH_KNOTS('',1,(#5561,#5562),.UNSPECIFIED.,.F.,
  .F.,(2,2),(6.912582470199,17.174374211777),.PIECEWISE_BEZIER_KNOTS.);
#5561 = CARTESIAN_POINT('',(10.261791741578,-1.5));
#5562 = CARTESIAN_POINT('',(0.,-1.5));
#5563 = ( GEOMETRIC_REPRESENTATION_CONTEXT(2) 
PARAMETRIC_REPRESENTATION_CONTEXT() REPRESENTATION_CONTEXT('2D SPACE',''
  ) );
#5564 = ORIENTED_EDGE('',*,*,#5565,.F.);
#5565 = EDGE_CURVE('',#5566,#5545,#5568,.T.);
#5566 = VERTEX_POINT('',#5567);
#5567 = CARTESIAN_POINT('',(-61.61831808844,-64.66391909466,-13.5));
#5568 = SURFACE_CURVE('',#5569,(#5573,#5579),.PCURVE_S1.);
#5569 = LINE('',#5570,#5571);
#5570 = CARTESIAN_POINT('',(-53.08914798517,-73.78206153735,-13.5));
#5571 = VECTOR('',#5572,1.);
#5572 = DIRECTION('',(-0.683127011674,0.730299586417,0.));
#5573 = PCURVE('',#3871,#5574);
#5574 = DEFINITIONAL_REPRESENTATION('',(#5575),#5578);
#5575 = B_SPLINE_CURVE_WITH_KNOTS('',1,(#5576,#5577),.UNSPECIFIED.,.F.,
  .F.,(2,2),(12.485482139495,22.747273881073),.PIECEWISE_BEZIER_KNOTS.);
#5576 = CARTESIAN_POINT('',(-158.4633632567,-99.98341658535));
#5577 = CARTESIAN_POINT('',(-165.4734703835,-92.48923432058));
#5578 = ( GEOMETRIC_REPRESENTATION_CONTEXT(2) 
PARAMETRIC_REPRESENTATION_CONTEXT() REPRESENTATION_CONTEXT('2D SPACE',''
  ) );
#5579 = PCURVE('',#4470,#5580);
#5580 = DEFINITIONAL_REPRESENTATION('',(#5581),#5584);
#5581 = B_SPLINE_CURVE_WITH_KNOTS('',1,(#5582,#5583),.UNSPECIFIED.,.F.,
  .F.,(2,2),(12.485482139495,22.747273881073),.PIECEWISE_BEZIER_KNOTS.);
#5582 = CARTESIAN_POINT('',(10.261791741578,-1.5));
#5583 = CARTESIAN_POINT('',(0.,-1.5));
#5584 = ( GEOMETRIC_REPRESENTATION_CONTEXT(2) 
PARAMETRIC_REPRESENTATION_CONTEXT() REPRESENTATION_CONTEXT('2D SPACE',''
  ) );
#5585 = ORIENTED_EDGE('',*,*,#5586,.F.);
#5586 = EDGE_CURVE('',#5587,#5566,#5589,.T.);
#5587 = VERTEX_POINT('',#5588);
#5588 = CARTESIAN_POINT('',(-53.79491397984,-71.30460564809,-13.5));
#5589 = SURFACE_CURVE('',#5590,(#5594,#5600),.PCURVE_S1.);
#5590 = LINE('',#5591,#5592);
#5591 = CARTESIAN_POINT('',(-40.23061328328,-82.81829815228,-13.5));
#5592 = VECTOR('',#5593,1.);
#5593 = DIRECTION('',(-0.762381882776,0.647127394579,0.));
#5594 = PCURVE('',#3871,#5595);
#5595 = DEFINITIONAL_REPRESENTATION('',(#5596),#5599);
#5596 = B_SPLINE_CURVE_WITH_KNOTS('',1,(#5597,#5598),.UNSPECIFIED.,.F.,
  .F.,(2,2),(17.792002935801,28.053794677379),.PIECEWISE_BEZIER_KNOTS.);
#5597 = CARTESIAN_POINT('',(-150.6399591481,-106.6241031387));
#5598 = CARTESIAN_POINT('',(-158.4633632567,-99.98341658535));
#5599 = ( GEOMETRIC_REPRESENTATION_CONTEXT(2) 
PARAMETRIC_REPRESENTATION_CONTEXT() REPRESENTATION_CONTEXT('2D SPACE',''
  ) );
#5600 = PCURVE('',#4496,#5601);
#5601 = DEFINITIONAL_REPRESENTATION('',(#5602),#5605);
#5602 = B_SPLINE_CURVE_WITH_KNOTS('',1,(#5603,#5604),.UNSPECIFIED.,.F.,
  .F.,(2,2),(17.792002935801,28.053794677379),.PIECEWISE_BEZIER_KNOTS.);
#5603 = CARTESIAN_POINT('',(10.261791741578,-1.5));
#5604 = CARTESIAN_POINT('',(0.,-1.5));
#5605 = ( GEOMETRIC_REPRESENTATION_CONTEXT(2) 
PARAMETRIC_REPRESENTATION_CONTEXT() REPRESENTATION_CONTEXT('2D SPACE',''
  ) );
#5606 = ORIENTED_EDGE('',*,*,#5607,.F.);
#5607 = EDGE_CURVE('',#5608,#5587,#5610,.T.);
#5608 = VERTEX_POINT('',#5609);
#5609 = CARTESIAN_POINT('',(-45.26147359418,-77.00414641311,-13.5));
#5610 = SURFACE_CURVE('',#5611,(#5615,#5621),.PCURVE_S1.);
#5611 = LINE('',#5612,#5613);
#5612 = CARTESIAN_POINT('',(-26.33309680036,-89.64653333753,-13.5));
#5613 = VECTOR('',#5614,1.);
#5614 = DIRECTION('',(-0.831574114984,0.555413801853,0.));
#5615 = PCURVE('',#3871,#5616);
#5616 = DEFINITIONAL_REPRESENTATION('',(#5617),#5620);
#5617 = B_SPLINE_CURVE_WITH_KNOTS('',1,(#5618,#5619),.UNSPECIFIED.,.F.,
  .F.,(2,2),(22.762104366596,33.023896108174),.PIECEWISE_BEZIER_KNOTS.);
#5618 = CARTESIAN_POINT('',(-142.1065187624,-112.3236439038));
#5619 = CARTESIAN_POINT('',(-150.6399591481,-106.6241031387));
#5620 = ( GEOMETRIC_REPRESENTATION_CONTEXT(2) 
PARAMETRIC_REPRESENTATION_CONTEXT() REPRESENTATION_CONTEXT('2D SPACE',''
  ) );
#5621 = PCURVE('',#4522,#5622);
#5622 = DEFINITIONAL_REPRESENTATION('',(#5623),#5626);
#5623 = B_SPLINE_CURVE_WITH_KNOTS('',1,(#5624,#5625),.UNSPECIFIED.,.F.,
  .F.,(2,2),(22.762104366596,33.023896108174),.PIECEWISE_BEZIER_KNOTS.);
#5624 = CARTESIAN_POINT('',(10.261791741578,-1.5));
#5625 = CARTESIAN_POINT('',(0.,-1.5));
#5626 = ( GEOMETRIC_REPRESENTATION_CONTEXT(2) 
PARAMETRIC_REPRESENTATION_CONTEXT() REPRESENTATION_CONTEXT('2D SPACE',''
  ) );
#5627 = ORIENTED_EDGE('',*,*,#5628,.F.);
#5628 = EDGE_CURVE('',#5629,#5608,#5631,.T.);
#5629 = VERTEX_POINT('',#5630);
#5630 = CARTESIAN_POINT('',(-36.13062936815,-81.68731344701,-13.5));
#5631 = SURFACE_CURVE('',#5632,(#5636,#5642),.PCURVE_S1.);
#5632 = LINE('',#5633,#5634);
#5633 = CARTESIAN_POINT('',(-11.81249075739,-94.15997229963,-13.5));
#5634 = VECTOR('',#5635,1.);
#5635 = DIRECTION('',(-0.889790443616,0.456369331189,0.));
#5636 = PCURVE('',#3871,#5637);
#5637 = DEFINITIONAL_REPRESENTATION('',(#5638),#5641);
#5638 = B_SPLINE_CURVE_WITH_KNOTS('',1,(#5639,#5640),.UNSPECIFIED.,.F.,
  .F.,(2,2),(27.3301863211,37.591978062677),.PIECEWISE_BEZIER_KNOTS.);
#5639 = CARTESIAN_POINT('',(-132.9756745364,-117.0068109377));
#5640 = CARTESIAN_POINT('',(-142.1065187624,-112.3236439038));
#5641 = ( GEOMETRIC_REPRESENTATION_CONTEXT(2) 
PARAMETRIC_REPRESENTATION_CONTEXT() REPRESENTATION_CONTEXT('2D SPACE',''
  ) );
#5642 = PCURVE('',#4548,#5643);
#5643 = DEFINITIONAL_REPRESENTATION('',(#5644),#5647);
#5644 = B_SPLINE_CURVE_WITH_KNOTS('',1,(#5645,#5646),.UNSPECIFIED.,.F.,
  .F.,(2,2),(27.3301863211,37.591978062677),.PIECEWISE_BEZIER_KNOTS.);
#5645 = CARTESIAN_POINT('',(10.261791741578,-1.5));
#5646 = CARTESIAN_POINT('',(0.,-1.5));
#5647 = ( GEOMETRIC_REPRESENTATION_CONTEXT(2) 
PARAMETRIC_REPRESENTATION_CONTEXT() REPRESENTATION_CONTEXT('2D SPACE',''
  ) );
#5648 = ORIENTED_EDGE('',*,*,#5649,.F.);
#5649 = EDGE_CURVE('',#5650,#5629,#5652,.T.);
#5650 = VERTEX_POINT('',#5651);
#5651 = CARTESIAN_POINT('',(-26.52289884068,-85.29229387122,-13.5));
#5652 = SURFACE_CURVE('',#5653,(#5657,#5663),.PCURVE_S1.);
#5653 = LINE('',#5654,#5655);
#5654 = CARTESIAN_POINT('',(2.909406099556,-96.33578461504,-13.5));
#5655 = VECTOR('',#5656,1.);
#5656 = DIRECTION('',(-0.936262474373,0.351301265413,0.));
#5657 = PCURVE('',#3871,#5658);
#5658 = DEFINITIONAL_REPRESENTATION('',(#5659),#5662);
#5659 = B_SPLINE_CURVE_WITH_KNOTS('',1,(#5660,#5661),.UNSPECIFIED.,.F.,
  .F.,(2,2),(31.43595492273,41.697746664308),.PIECEWISE_BEZIER_KNOTS.);
#5660 = CARTESIAN_POINT('',(-123.3679440089,-120.6117913619));
#5661 = CARTESIAN_POINT('',(-132.9756745364,-117.0068109377));
#5662 = ( GEOMETRIC_REPRESENTATION_CONTEXT(2) 
PARAMETRIC_REPRESENTATION_CONTEXT() REPRESENTATION_CONTEXT('2D SPACE',''
  ) );
#5663 = PCURVE('',#4574,#5664);
#5664 = DEFINITIONAL_REPRESENTATION('',(#5665),#5668);
#5665 = B_SPLINE_CURVE_WITH_KNOTS('',1,(#5666,#5667),.UNSPECIFIED.,.F.,
  .F.,(2,2),(31.43595492273,41.697746664308),.PIECEWISE_BEZIER_KNOTS.);
#5666 = CARTESIAN_POINT('',(10.261791741578,-1.5));
#5667 = CARTESIAN_POINT('',(0.,-1.5));
#5668 = ( GEOMETRIC_REPRESENTATION_CONTEXT(2) 
PARAMETRIC_REPRESENTATION_CONTEXT() REPRESENTATION_CONTEXT('2D SPACE',''
  ) );
#5669 = ORIENTED_EDGE('',*,*,#5670,.F.);
#5670 = EDGE_CURVE('',#5671,#5650,#5673,.T.);
#5671 = VERTEX_POINT('',#5672);
#5672 = CARTESIAN_POINT('',(-16.56509394825,-87.77150573628,-13.5));
#5673 = SURFACE_CURVE('',#5674,(#5678,#5684),.PCURVE_S1.);
#5674 = LINE('',#5675,#5676);
#5675 = CARTESIAN_POINT('',(17.422566235845,-96.23347213391,-13.5));
#5676 = VECTOR('',#5677,1.);
#5677 = DIRECTION('',(-0.970376825334,0.241596392471,0.));
#5678 = PCURVE('',#3871,#5679);
#5679 = DEFINITIONAL_REPRESENTATION('',(#5680),#5683);
#5680 = B_SPLINE_CURVE_WITH_KNOTS('',1,(#5681,#5682),.UNSPECIFIED.,.F.,
  .F.,(2,2),(35.025218344851,45.287010086429),.PIECEWISE_BEZIER_KNOTS.);
#5681 = CARTESIAN_POINT('',(-113.4101391165,-123.0910032269));
#5682 = CARTESIAN_POINT('',(-123.3679440089,-120.6117913619));
#5683 = ( GEOMETRIC_REPRESENTATION_CONTEXT(2) 
PARAMETRIC_REPRESENTATION_CONTEXT() REPRESENTATION_CONTEXT('2D SPACE',''
  ) );
#5684 = PCURVE('',#4600,#5685);
#5685 = DEFINITIONAL_REPRESENTATION('',(#5686),#5689);
#5686 = B_SPLINE_CURVE_WITH_KNOTS('',1,(#5687,#5688),.UNSPECIFIED.,.F.,
  .F.,(2,2),(35.025218344851,45.287010086429),.PIECEWISE_BEZIER_KNOTS.);
#5687 = CARTESIAN_POINT('',(10.261791741578,-1.5));
#5688 = CARTESIAN_POINT('',(0.,-1.5));
#5689 = ( GEOMETRIC_REPRESENTATION_CONTEXT(2) 
PARAMETRIC_REPRESENTATION_CONTEXT() REPRESENTATION_CONTEXT('2D SPACE',''
  ) );
#5690 = ORIENTED_EDGE('',*,*,#5691,.F.);
#5691 = EDGE_CURVE('',#5692,#5671,#5694,.T.);
#5692 = VERTEX_POINT('',#5693);
#5693 = CARTESIAN_POINT('',(-6.388647240721,-89.09222605347,-13.5));
#5694 = SURFACE_CURVE('',#5695,(#5699,#5705),.PCURVE_S1.);
#5695 = LINE('',#5696,#5697);
#5696 = CARTESIAN_POINT('',(31.345496471008,-93.98944132752,-13.5));
#5697 = VECTOR('',#5698,1.);
#5698 = DIRECTION('',(-0.99168322295,0.128702701287,0.));
#5699 = PCURVE('',#3871,#5700);
#5700 = DEFINITIONAL_REPRESENTATION('',(#5701),#5704);
#5701 = B_SPLINE_CURVE_WITH_KNOTS('',1,(#5702,#5703),.UNSPECIFIED.,.F.,
  .F.,(2,2),(38.050602085878,48.312393827455),.PIECEWISE_BEZIER_KNOTS.);
#5702 = CARTESIAN_POINT('',(-103.233692409,-124.4117235441));
#5703 = CARTESIAN_POINT('',(-113.4101391165,-123.0910032269));
#5704 = ( GEOMETRIC_REPRESENTATION_CONTEXT(2) 
PARAMETRIC_REPRESENTATION_CONTEXT() REPRESENTATION_CONTEXT('2D SPACE',''
  ) );
#5705 = PCURVE('',#4626,#5706);
#5706 = DEFINITIONAL_REPRESENTATION('',(#5707),#5710);
#5707 = B_SPLINE_CURVE_WITH_KNOTS('',1,(#5708,#5709),.UNSPECIFIED.,.F.,
  .F.,(2,2),(38.050602085878,48.312393827455),.PIECEWISE_BEZIER_KNOTS.);
#5708 = CARTESIAN_POINT('',(10.261791741578,-1.5));
#5709 = CARTESIAN_POINT('',(0.,-1.5));
#5710 = ( GEOMETRIC_REPRESENTATION_CONTEXT(2) 
PARAMETRIC_REPRESENTATION_CONTEXT() REPRESENTATION_CONTEXT('2D SPACE',''
  ) );
#5711 = ORIENTED_EDGE('',*,*,#5712,.F.);
#5712 = EDGE_CURVE('',#5713,#5692,#5715,.T.);
#5713 = VERTEX_POINT('',#5714);
#5714 = CARTESIAN_POINT('',(3.872122890099,-89.23702270388,-13.5));
#5715 = SURFACE_CURVE('',#5716,(#5720,#5726),.PCURVE_S1.);
#5716 = LINE('',#5717,#5718);
#5717 = CARTESIAN_POINT('',(44.340267953227,-89.80809600333,-13.5));
#5718 = VECTOR('',#5719,1.);
#5719 = DIRECTION('',(-0.999900445187,1.411026982979E-02,0.));
#5720 = PCURVE('',#3871,#5721);
#5721 = DEFINITIONAL_REPRESENTATION('',(#5722),#5725);
#5722 = B_SPLINE_CURVE_WITH_KNOTS('',1,(#5723,#5724),.UNSPECIFIED.,.F.,
  .F.,(2,2),(40.472174262864,50.733966004442),.PIECEWISE_BEZIER_KNOTS.);
#5723 = CARTESIAN_POINT('',(-92.97292227819,-124.5565201945));
#5724 = CARTESIAN_POINT('',(-103.233692409,-124.4117235441));
#5725 = ( GEOMETRIC_REPRESENTATION_CONTEXT(2) 
PARAMETRIC_REPRESENTATION_CONTEXT() REPRESENTATION_CONTEXT('2D SPACE',''
  ) );
#5726 = PCURVE('',#4652,#5727);
#5727 = DEFINITIONAL_REPRESENTATION('',(#5728),#5731);
#5728 = B_SPLINE_CURVE_WITH_KNOTS('',1,(#5729,#5730),.UNSPECIFIED.,.F.,
  .F.,(2,2),(40.472174262864,50.733966004442),.PIECEWISE_BEZIER_KNOTS.);
#5729 = CARTESIAN_POINT('',(10.261791741578,-1.5));
#5730 = CARTESIAN_POINT('',(0.,-1.5));
#5731 = ( GEOMETRIC_REPRESENTATION_CONTEXT(2) 
PARAMETRIC_REPRESENTATION_CONTEXT() REPRESENTATION_CONTEXT('2D SPACE',''
  ) );
#5732 = ORIENTED_EDGE('',*,*,#5733,.F.);
#5733 = EDGE_CURVE('',#5734,#5713,#5736,.T.);
#5734 = VERTEX_POINT('',#5735);
#5735 = CARTESIAN_POINT('',(14.081785071901,-88.20398452404,-13.5));
#5736 = SURFACE_CURVE('',#5737,(#5741,#5747),.PCURVE_S1.);
#5737 = LINE('',#5738,#5739);
#5738 = CARTESIAN_POINT('',(56.125088650559,-83.94994192892,-13.5));
#5739 = VECTOR('',#5740,1.);
#5740 = DIRECTION('',(-0.994920033354,-0.100668402346,0.));
#5741 = PCURVE('',#3871,#5742);
#5742 = DEFINITIONAL_REPRESENTATION('',(#5743),#5746);
#5743 = B_SPLINE_CURVE_WITH_KNOTS('',1,(#5744,#5745),.UNSPECIFIED.,.F.,
  .F.,(2,2),(42.257972670353,52.519764411931),.PIECEWISE_BEZIER_KNOTS.);
#5744 = CARTESIAN_POINT('',(-82.76326009639,-123.5234820147));
#5745 = CARTESIAN_POINT('',(-92.97292227819,-124.5565201945));
#5746 = ( GEOMETRIC_REPRESENTATION_CONTEXT(2) 
PARAMETRIC_REPRESENTATION_CONTEXT() REPRESENTATION_CONTEXT('2D SPACE',''
  ) );
#5747 = PCURVE('',#4678,#5748);
#5748 = DEFINITIONAL_REPRESENTATION('',(#5749),#5752);
#5749 = B_SPLINE_CURVE_WITH_KNOTS('',1,(#5750,#5751),.UNSPECIFIED.,.F.,
  .F.,(2,2),(42.257972670353,52.519764411931),.PIECEWISE_BEZIER_KNOTS.);
#5750 = CARTESIAN_POINT('',(10.261791741578,-1.5));
#5751 = CARTESIAN_POINT('',(0.,-1.5));
#5752 = ( GEOMETRIC_REPRESENTATION_CONTEXT(2) 
PARAMETRIC_REPRESENTATION_CONTEXT() REPRESENTATION_CONTEXT('2D SPACE',''
  ) );
#5753 = ORIENTED_EDGE('',*,*,#5754,.F.);
#5754 = EDGE_CURVE('',#5755,#5734,#5757,.T.);
#5755 = VERTEX_POINT('',#5756);
#5756 = CARTESIAN_POINT('',(24.105582503544,-86.00674653127,-13.5));
#5757 = SURFACE_CURVE('',#5758,(#5762,#5768),.PCURVE_S1.);
#5758 = LINE('',#5759,#5760);
#5759 = CARTESIAN_POINT('',(66.483825539234,-76.71734435608,-13.5));
#5760 = VECTOR('',#5761,1.);
#5761 = DIRECTION('',(-0.976807723648,-0.214118357506,0.));
#5762 = PCURVE('',#3871,#5763);
#5763 = DEFINITIONAL_REPRESENTATION('',(#5764),#5767);
#5764 = B_SPLINE_CURVE_WITH_KNOTS('',1,(#5765,#5766),.UNSPECIFIED.,.F.,
  .F.,(2,2),(43.384426647868,53.646218389446),.PIECEWISE_BEZIER_KNOTS.);
#5765 = CARTESIAN_POINT('',(-72.73946266475,-121.3262440219));
#5766 = CARTESIAN_POINT('',(-82.76326009639,-123.5234820147));
#5767 = ( GEOMETRIC_REPRESENTATION_CONTEXT(2) 
PARAMETRIC_REPRESENTATION_CONTEXT() REPRESENTATION_CONTEXT('2D SPACE',''
  ) );
#5768 = PCURVE('',#4704,#5769);
#5769 = DEFINITIONAL_REPRESENTATION('',(#5770),#5773);
#5770 = B_SPLINE_CURVE_WITH_KNOTS('',1,(#5771,#5772),.UNSPECIFIED.,.F.,
  .F.,(2,2),(43.384426647868,53.646218389446),.PIECEWISE_BEZIER_KNOTS.);
#5771 = CARTESIAN_POINT('',(10.261791741578,-1.5));
#5772 = CARTESIAN_POINT('',(0.,-1.5));
#5773 = ( GEOMETRIC_REPRESENTATION_CONTEXT(2) 
PARAMETRIC_REPRESENTATION_CONTEXT() REPRESENTATION_CONTEXT('2D SPACE',''
  ) );
#5774 = ORIENTED_EDGE('',*,*,#5775,.F.);
#5775 = EDGE_CURVE('',#5776,#5755,#5778,.T.);
#5776 = VERTEX_POINT('',#5777);
#5777 = CARTESIAN_POINT('',(33.811211603078,-82.67430995576,-13.5));
#5778 = SURFACE_CURVE('',#5779,(#5783,#5789),.PCURVE_S1.);
#5779 = LINE('',#5780,#5781);
#5780 = CARTESIAN_POINT('',(75.272045452066,-68.43869495826,-13.5));
#5781 = VECTOR('',#5782,1.);
#5782 = DIRECTION('',(-0.945802579506,-0.32474217558,0.));
#5783 = PCURVE('',#3871,#5784);
#5784 = DEFINITIONAL_REPRESENTATION('',(#5785),#5788);
#5785 = B_SPLINE_CURVE_WITH_KNOTS('',1,(#5786,#5787),.UNSPECIFIED.,.F.,
  .F.,(2,2),(43.836668187836,54.098459929413),.PIECEWISE_BEZIER_KNOTS.);
#5786 = CARTESIAN_POINT('',(-63.03383356521,-117.9938074464));
#5787 = CARTESIAN_POINT('',(-72.73946266475,-121.3262440219));
#5788 = ( GEOMETRIC_REPRESENTATION_CONTEXT(2) 
PARAMETRIC_REPRESENTATION_CONTEXT() REPRESENTATION_CONTEXT('2D SPACE',''
  ) );
#5789 = PCURVE('',#4730,#5790);
#5790 = DEFINITIONAL_REPRESENTATION('',(#5791),#5794);
#5791 = B_SPLINE_CURVE_WITH_KNOTS('',1,(#5792,#5793),.UNSPECIFIED.,.F.,
  .F.,(2,2),(43.836668187836,54.098459929413),.PIECEWISE_BEZIER_KNOTS.);
#5792 = CARTESIAN_POINT('',(10.261791741578,-1.5));
#5793 = CARTESIAN_POINT('',(0.,-1.5));
#5794 = ( GEOMETRIC_REPRESENTATION_CONTEXT(2) 
PARAMETRIC_REPRESENTATION_CONTEXT() REPRESENTATION_CONTEXT('2D SPACE',''
  ) );
#5795 = ORIENTED_EDGE('',*,*,#5796,.F.);
#5796 = EDGE_CURVE('',#5797,#5776,#5799,.T.);
#5797 = VERTEX_POINT('',#5798);
#5798 = CARTESIAN_POINT('',(43.070568275851,-78.25065945488,-13.5));
#5799 = SURFACE_CURVE('',#5800,(#5804,#5810),.PCURVE_S1.);
#5800 = LINE('',#5801,#5802);
#5801 = CARTESIAN_POINT('',(82.419327090239,-59.45182031416,-13.5));
#5802 = VECTOR('',#5803,1.);
#5803 = DIRECTION('',(-0.902313836214,-0.431079738536,0.));
#5804 = PCURVE('',#3871,#5805);
#5805 = DEFINITIONAL_REPRESENTATION('',(#5806),#5809);
#5806 = B_SPLINE_CURVE_WITH_KNOTS('',1,(#5807,#5808),.UNSPECIFIED.,.F.,
  .F.,(2,2),(43.608728177646,53.870519919223),.PIECEWISE_BEZIER_KNOTS.);
#5807 = CARTESIAN_POINT('',(-53.77447689244,-113.5701569455));
#5808 = CARTESIAN_POINT('',(-63.03383356521,-117.9938074464));
#5809 = ( GEOMETRIC_REPRESENTATION_CONTEXT(2) 
PARAMETRIC_REPRESENTATION_CONTEXT() REPRESENTATION_CONTEXT('2D SPACE',''
  ) );
#5810 = PCURVE('',#4756,#5811);
#5811 = DEFINITIONAL_REPRESENTATION('',(#5812),#5815);
#5812 = B_SPLINE_CURVE_WITH_KNOTS('',1,(#5813,#5814),.UNSPECIFIED.,.F.,
  .F.,(2,2),(43.608728177646,53.870519919223),.PIECEWISE_BEZIER_KNOTS.);
#5813 = CARTESIAN_POINT('',(10.261791741578,-1.5));
#5814 = CARTESIAN_POINT('',(0.,-1.5));
#5815 = ( GEOMETRIC_REPRESENTATION_CONTEXT(2) 
PARAMETRIC_REPRESENTATION_CONTEXT() REPRESENTATION_CONTEXT('2D SPACE',''
  ) );
#5816 = ORIENTED_EDGE('',*,*,#5817,.F.);
#5817 = EDGE_CURVE('',#5818,#5797,#5820,.T.);
#5818 = VERTEX_POINT('',#5819);
#5819 = CARTESIAN_POINT('',(271.24546063364,47.340899115905,-13.5));
#5820 = SURFACE_CURVE('',#5821,(#5825,#5831),.PCURVE_S1.);
#5821 = LINE('',#5822,#5823);
#5822 = CARTESIAN_POINT('',(87.694170369271,-53.68902746267,-13.5));
#5823 = VECTOR('',#5824,1.);
#5824 = DIRECTION('',(-0.876061248013,-0.482199844183,0.));
#5825 = PCURVE('',#3871,#5826);
#5826 = DEFINITIONAL_REPRESENTATION('',(#5827),#5830);
#5827 = B_SPLINE_CURVE_WITH_KNOTS('',1,(#5828,#5829),.UNSPECIFIED.,.F.,
  .F.,(2,2),(-209.5187872773,50.936623660318),.PIECEWISE_BEZIER_KNOTS.);
#5828 = CARTESIAN_POINT('',(174.40041546535,12.021401625207));
#5829 = CARTESIAN_POINT('',(-53.77447689244,-113.5701569455));
#5830 = ( GEOMETRIC_REPRESENTATION_CONTEXT(2) 
PARAMETRIC_REPRESENTATION_CONTEXT() REPRESENTATION_CONTEXT('2D SPACE',''
  ) );
#5831 = PCURVE('',#4782,#5832);
#5832 = DEFINITIONAL_REPRESENTATION('',(#5833),#5836);
#5833 = B_SPLINE_CURVE_WITH_KNOTS('',1,(#5834,#5835),.UNSPECIFIED.,.F.,
  .F.,(2,2),(-209.5187872773,50.936623660318),.PIECEWISE_BEZIER_KNOTS.);
#5834 = CARTESIAN_POINT('',(260.45541093771,-1.5));
#5835 = CARTESIAN_POINT('',(0.,-1.5));
#5836 = ( GEOMETRIC_REPRESENTATION_CONTEXT(2) 
PARAMETRIC_REPRESENTATION_CONTEXT() REPRESENTATION_CONTEXT('2D SPACE',''
  ) );
#5837 = ORIENTED_EDGE('',*,*,#5838,.F.);
#5838 = EDGE_CURVE('',#5839,#5818,#5841,.T.);
#5839 = VERTEX_POINT('',#5840);
#5840 = CARTESIAN_POINT('',(279.4013600503,52.973526066635,-13.5));
#5841 = SURFACE_CURVE('',#5842,(#5846,#5852),.PCURVE_S1.);
#5842 = LINE('',#5843,#5844);
#5843 = CARTESIAN_POINT('',(209.39438188997,4.625309422401,-13.5));
#5844 = VECTOR('',#5845,1.);
#5845 = DIRECTION('',(-0.822841583257,-0.568270823519,0.));
#5846 = PCURVE('',#3871,#5847);
#5847 = DEFINITIONAL_REPRESENTATION('',(#5848),#5851);
#5848 = B_SPLINE_CURVE_WITH_KNOTS('',1,(#5849,#5850),.UNSPECIFIED.,.F.,
  .F.,(2,2),(-85.07953363658,-75.16766289183),.PIECEWISE_BEZIER_KNOTS.);
#5849 = CARTESIAN_POINT('',(182.556314882,17.654028575936));
#5850 = CARTESIAN_POINT('',(174.40041546535,12.021401625207));
#5851 = ( GEOMETRIC_REPRESENTATION_CONTEXT(2) 
PARAMETRIC_REPRESENTATION_CONTEXT() REPRESENTATION_CONTEXT('2D SPACE',''
  ) );
#5852 = PCURVE('',#4808,#5853);
#5853 = DEFINITIONAL_REPRESENTATION('',(#5854),#5857);
#5854 = B_SPLINE_CURVE_WITH_KNOTS('',1,(#5855,#5856),.UNSPECIFIED.,.F.,
  .F.,(2,2),(-85.07953363658,-75.16766289183),.PIECEWISE_BEZIER_KNOTS.);
#5855 = CARTESIAN_POINT('',(9.911870744752,-1.5));
#5856 = CARTESIAN_POINT('',(0.,-1.5));
#5857 = ( GEOMETRIC_REPRESENTATION_CONTEXT(2) 
PARAMETRIC_REPRESENTATION_CONTEXT() REPRESENTATION_CONTEXT('2D SPACE',''
  ) );
#5858 = ORIENTED_EDGE('',*,*,#5859,.F.);
#5859 = EDGE_CURVE('',#5860,#5839,#5862,.T.);
#5860 = VERTEX_POINT('',#5861);
#5861 = CARTESIAN_POINT('',(286.25794124966,60.131212558597,-13.5));
#5862 = SURFACE_CURVE('',#5863,(#5867,#5873),.PCURVE_S1.);
#5863 = LINE('',#5864,#5865);
#5864 = CARTESIAN_POINT('',(231.31311042954,2.773491278948,-13.5));
#5865 = VECTOR('',#5866,1.);
#5866 = DIRECTION('',(-0.691754500834,-0.722132751353,0.));
#5867 = PCURVE('',#3871,#5868);
#5868 = DEFINITIONAL_REPRESENTATION('',(#5869),#5872);
#5869 = B_SPLINE_CURVE_WITH_KNOTS('',1,(#5870,#5871),.UNSPECIFIED.,.F.,
  .F.,(2,2),(-79.42822309636,-69.51635235161),.PIECEWISE_BEZIER_KNOTS.);
#5870 = CARTESIAN_POINT('',(189.41289608137,24.811715067898));
#5871 = CARTESIAN_POINT('',(182.556314882,17.654028575936));
#5872 = ( GEOMETRIC_REPRESENTATION_CONTEXT(2) 
PARAMETRIC_REPRESENTATION_CONTEXT() REPRESENTATION_CONTEXT('2D SPACE',''
  ) );
#5873 = PCURVE('',#4834,#5874);
#5874 = DEFINITIONAL_REPRESENTATION('',(#5875),#5878);
#5875 = B_SPLINE_CURVE_WITH_KNOTS('',1,(#5876,#5877),.UNSPECIFIED.,.F.,
  .F.,(2,2),(-79.42822309636,-69.51635235161),.PIECEWISE_BEZIER_KNOTS.);
#5876 = CARTESIAN_POINT('',(9.911870744752,-1.5));
#5877 = CARTESIAN_POINT('',(0.,-1.5));
#5878 = ( GEOMETRIC_REPRESENTATION_CONTEXT(2) 
PARAMETRIC_REPRESENTATION_CONTEXT() REPRESENTATION_CONTEXT('2D SPACE',''
  ) );
#5879 = ORIENTED_EDGE('',*,*,#5880,.F.);
#5880 = EDGE_CURVE('',#5881,#5860,#5883,.T.);
#5881 = VERTEX_POINT('',#5882);
#5882 = CARTESIAN_POINT('',(291.53506272689,68.521514732852,-13.5));
#5883 = SURFACE_CURVE('',#5884,(#5888,#5894),.PCURVE_S1.);
#5884 = LINE('',#5885,#5886);
#5885 = CARTESIAN_POINT('',(253.82198972365,8.560022509766,-13.5));
#5886 = VECTOR('',#5887,1.);
#5887 = DIRECTION('',(-0.532404186164,-0.84649027316,0.));
#5888 = PCURVE('',#3871,#5889);
#5889 = DEFINITIONAL_REPRESENTATION('',(#5890),#5893);
#5890 = B_SPLINE_CURVE_WITH_KNOTS('',1,(#5891,#5892),.UNSPECIFIED.,.F.,
  .F.,(2,2),(-70.83541787105,-60.92354712629),.PIECEWISE_BEZIER_KNOTS.);
#5891 = CARTESIAN_POINT('',(194.69001755859,33.202017242153));
#5892 = CARTESIAN_POINT('',(189.41289608137,24.811715067898));
#5893 = ( GEOMETRIC_REPRESENTATION_CONTEXT(2) 
PARAMETRIC_REPRESENTATION_CONTEXT() REPRESENTATION_CONTEXT('2D SPACE',''
  ) );
#5894 = PCURVE('',#4860,#5895);
#5895 = DEFINITIONAL_REPRESENTATION('',(#5896),#5899);
#5896 = B_SPLINE_CURVE_WITH_KNOTS('',1,(#5897,#5898),.UNSPECIFIED.,.F.,
  .F.,(2,2),(-70.83541787105,-60.92354712629),.PIECEWISE_BEZIER_KNOTS.);
#5897 = CARTESIAN_POINT('',(9.911870744752,-1.5));
#5898 = CARTESIAN_POINT('',(0.,-1.5));
#5899 = ( GEOMETRIC_REPRESENTATION_CONTEXT(2) 
PARAMETRIC_REPRESENTATION_CONTEXT() REPRESENTATION_CONTEXT('2D SPACE',''
  ) );
#5900 = ORIENTED_EDGE('',*,*,#5901,.F.);
#5901 = EDGE_CURVE('',#5902,#5881,#5904,.T.);
#5902 = VERTEX_POINT('',#5903);
#5903 = CARTESIAN_POINT('',(295.01711546213,77.801627362001,-13.5));
#5904 = SURFACE_CURVE('',#5905,(#5909,#5915),.PCURVE_S1.);
#5905 = LINE('',#5906,#5907);
#5906 = CARTESIAN_POINT('',(274.06122319976,21.95151387264,-13.5));
#5907 = VECTOR('',#5908,1.);
#5908 = DIRECTION('',(-0.351301265413,-0.936262474373,0.));
#5909 = PCURVE('',#3871,#5910);
#5910 = DEFINITIONAL_REPRESENTATION('',(#5911),#5914);
#5911 = B_SPLINE_CURVE_WITH_KNOTS('',1,(#5912,#5913),.UNSPECIFIED.,.F.,
  .F.,(2,2),(-59.65219691919,-49.74032617444),.PIECEWISE_BEZIER_KNOTS.);
#5912 = CARTESIAN_POINT('',(198.17207029383,42.482129871302));
#5913 = CARTESIAN_POINT('',(194.69001755859,33.202017242153));
#5914 = ( GEOMETRIC_REPRESENTATION_CONTEXT(2) 
PARAMETRIC_REPRESENTATION_CONTEXT() REPRESENTATION_CONTEXT('2D SPACE',''
  ) );
#5915 = PCURVE('',#4886,#5916);
#5916 = DEFINITIONAL_REPRESENTATION('',(#5917),#5920);
#5917 = B_SPLINE_CURVE_WITH_KNOTS('',1,(#5918,#5919),.UNSPECIFIED.,.F.,
  .F.,(2,2),(-59.65219691919,-49.74032617444),.PIECEWISE_BEZIER_KNOTS.);
#5918 = CARTESIAN_POINT('',(9.911870744752,-1.5));
#5919 = CARTESIAN_POINT('',(0.,-1.5));
#5920 = ( GEOMETRIC_REPRESENTATION_CONTEXT(2) 
PARAMETRIC_REPRESENTATION_CONTEXT() REPRESENTATION_CONTEXT('2D SPACE',''
  ) );
#5921 = ORIENTED_EDGE('',*,*,#5922,.F.);
#5922 = EDGE_CURVE('',#5923,#5902,#5925,.T.);
#5923 = VERTEX_POINT('',#5924);
#5924 = CARTESIAN_POINT('',(296.56183212639,87.592389951698,-13.5));
#5925 = SURFACE_CURVE('',#5926,(#5930,#5936),.PCURVE_S1.);
#5926 = LINE('',#5927,#5928);
#5927 = CARTESIAN_POINT('',(289.34067431013,41.823063163696,-13.5));
#5928 = VECTOR('',#5929,1.);
#5929 = DIRECTION('',(-0.155845117844,-0.987781503797,0.));
#5930 = PCURVE('',#3871,#5931);
#5931 = DEFINITIONAL_REPRESENTATION('',(#5932),#5935);
#5932 = B_SPLINE_CURVE_WITH_KNOTS('',1,(#5933,#5934),.UNSPECIFIED.,.F.,
  .F.,(2,2),(-46.33547663329,-36.42360588853),.PIECEWISE_BEZIER_KNOTS.);
#5933 = CARTESIAN_POINT('',(199.7167869581,52.272892460999));
#5934 = CARTESIAN_POINT('',(198.17207029383,42.482129871302));
#5935 = ( GEOMETRIC_REPRESENTATION_CONTEXT(2) 
PARAMETRIC_REPRESENTATION_CONTEXT() REPRESENTATION_CONTEXT('2D SPACE',''
  ) );
#5936 = PCURVE('',#4912,#5937);
#5937 = DEFINITIONAL_REPRESENTATION('',(#5938),#5941);
#5938 = B_SPLINE_CURVE_WITH_KNOTS('',1,(#5939,#5940),.UNSPECIFIED.,.F.,
  .F.,(2,2),(-46.33547663329,-36.42360588853),.PIECEWISE_BEZIER_KNOTS.);
#5939 = CARTESIAN_POINT('',(9.911870744752,-1.5));
#5940 = CARTESIAN_POINT('',(0.,-1.5));
#5941 = ( GEOMETRIC_REPRESENTATION_CONTEXT(2) 
PARAMETRIC_REPRESENTATION_CONTEXT() REPRESENTATION_CONTEXT('2D SPACE',''
  ) );
#5942 = ORIENTED_EDGE('',*,*,#5943,.F.);
#5943 = EDGE_CURVE('',#5944,#5923,#5946,.T.);
#5944 = VERTEX_POINT('',#5945);
#5945 = CARTESIAN_POINT('',(296.10609974278,97.493778220784,-13.5));
#5946 = SURFACE_CURVE('',#5947,(#5951,#5957),.PCURVE_S1.);
#5947 = LINE('',#5948,#5949);
#5948 = CARTESIAN_POINT('',(297.55117197228,66.097674420035,-13.5));
#5949 = VECTOR('',#5950,1.);
#5950 = DIRECTION('',(4.597844295439E-02,-0.998942432167,0.));
#5951 = PCURVE('',#3871,#5952);
#5952 = DEFINITIONAL_REPRESENTATION('',(#5953),#5956);
#5953 = B_SPLINE_CURVE_WITH_KNOTS('',1,(#5954,#5955),.UNSPECIFIED.,.F.,
  .F.,(2,2),(-31.42934246235,-21.5174717176),.PIECEWISE_BEZIER_KNOTS.);
#5954 = CARTESIAN_POINT('',(199.26105457449,62.174280730086));
#5955 = CARTESIAN_POINT('',(199.7167869581,52.272892460999));
#5956 = ( GEOMETRIC_REPRESENTATION_CONTEXT(2) 
PARAMETRIC_REPRESENTATION_CONTEXT() REPRESENTATION_CONTEXT('2D SPACE',''
  ) );
#5957 = PCURVE('',#4938,#5958);
#5958 = DEFINITIONAL_REPRESENTATION('',(#5959),#5962);
#5959 = B_SPLINE_CURVE_WITH_KNOTS('',1,(#5960,#5961),.UNSPECIFIED.,.F.,
  .F.,(2,2),(-31.42934246235,-21.5174717176),.PIECEWISE_BEZIER_KNOTS.);
#5960 = CARTESIAN_POINT('',(9.911870744752,-1.5));
#5961 = CARTESIAN_POINT('',(0.,-1.5));
#5962 = ( GEOMETRIC_REPRESENTATION_CONTEXT(2) 
PARAMETRIC_REPRESENTATION_CONTEXT() REPRESENTATION_CONTEXT('2D SPACE',''
  ) );
#5963 = ORIENTED_EDGE('',*,*,#5964,.F.);
#5964 = EDGE_CURVE('',#5965,#5944,#5967,.T.);
#5965 = VERTEX_POINT('',#5966);
#5966 = CARTESIAN_POINT('',(293.66853831331,107.10124801976,-13.5));
#5967 = SURFACE_CURVE('',#5968,(#5972,#5978),.PCURVE_S1.);
#5968 = LINE('',#5969,#5970);
#5969 = CARTESIAN_POINT('',(297.49088196313,92.035760548164,-13.5));
#5970 = VECTOR('',#5971,1.);
#5971 = DIRECTION('',(0.245923447979,-0.969289253904,0.));
#5972 = PCURVE('',#3871,#5973);
#5973 = DEFINITIONAL_REPRESENTATION('',(#5974),#5977);
#5974 = B_SPLINE_CURVE_WITH_KNOTS('',1,(#5975,#5976),.UNSPECIFIED.,.F.,
  .F.,(2,2),(-15.54281904077,-5.630948296018),.PIECEWISE_BEZIER_KNOTS.);
#5975 = CARTESIAN_POINT('',(196.82349314502,71.781750529062));
#5976 = CARTESIAN_POINT('',(199.26105457449,62.174280730086));
#5977 = ( GEOMETRIC_REPRESENTATION_CONTEXT(2) 
PARAMETRIC_REPRESENTATION_CONTEXT() REPRESENTATION_CONTEXT('2D SPACE',''
  ) );
#5978 = PCURVE('',#4964,#5979);
#5979 = DEFINITIONAL_REPRESENTATION('',(#5980),#5983);
#5980 = B_SPLINE_CURVE_WITH_KNOTS('',1,(#5981,#5982),.UNSPECIFIED.,.F.,
  .F.,(2,2),(-15.54281904077,-5.630948296018),.PIECEWISE_BEZIER_KNOTS.);
#5981 = CARTESIAN_POINT('',(9.911870744752,-1.5));
#5982 = CARTESIAN_POINT('',(0.,-1.5));
#5983 = ( GEOMETRIC_REPRESENTATION_CONTEXT(2) 
PARAMETRIC_REPRESENTATION_CONTEXT() REPRESENTATION_CONTEXT('2D SPACE',''
  ) );
#5984 = ORIENTED_EDGE('',*,*,#5985,.F.);
#5985 = EDGE_CURVE('',#5986,#5965,#5988,.T.);
#5986 = VERTEX_POINT('',#5987);
#5987 = CARTESIAN_POINT('',(289.34874005561,116.02226391894,-13.5));
#5988 = SURFACE_CURVE('',#5989,(#5993,#5999),.PCURVE_S1.);
#5989 = LINE('',#5990,#5991);
#5990 = CARTESIAN_POINT('',(289.05455546357,116.62979817549,-13.5));
#5991 = VECTOR('',#5992,1.);
#5992 = DIRECTION('',(0.435820680974,-0.900033518285,0.));
#5993 = PCURVE('',#3871,#5994);
#5994 = DEFINITIONAL_REPRESENTATION('',(#5995),#5998);
#5995 = B_SPLINE_CURVE_WITH_KNOTS('',1,(#5996,#5997),.UNSPECIFIED.,.F.,
  .F.,(2,2),(0.675012923641,10.586883668393),.PIECEWISE_BEZIER_KNOTS.);
#5996 = CARTESIAN_POINT('',(192.50369488732,80.702766428243));
#5997 = CARTESIAN_POINT('',(196.82349314502,71.781750529062));
#5998 = ( GEOMETRIC_REPRESENTATION_CONTEXT(2) 
PARAMETRIC_REPRESENTATION_CONTEXT() REPRESENTATION_CONTEXT('2D SPACE',''
  ) );
#5999 = PCURVE('',#4990,#6000);
#6000 = DEFINITIONAL_REPRESENTATION('',(#6001),#6004);
#6001 = B_SPLINE_CURVE_WITH_KNOTS('',1,(#6002,#6003),.UNSPECIFIED.,.F.,
  .F.,(2,2),(0.675012923641,10.586883668393),.PIECEWISE_BEZIER_KNOTS.);
#6002 = CARTESIAN_POINT('',(9.911870744752,-1.5));
#6003 = CARTESIAN_POINT('',(0.,-1.5));
#6004 = ( GEOMETRIC_REPRESENTATION_CONTEXT(2) 
PARAMETRIC_REPRESENTATION_CONTEXT() REPRESENTATION_CONTEXT('2D SPACE',''
  ) );
#6005 = ORIENTED_EDGE('',*,*,#6006,.F.);
#6006 = EDGE_CURVE('',#6007,#5986,#6009,.T.);
#6007 = VERTEX_POINT('',#6008);
#6008 = CARTESIAN_POINT('',(283.32320033222,123.89233715255,-13.5));
#6009 = SURFACE_CURVE('',#6010,(#6014,#6020),.PCURVE_S1.);
#6010 = LINE('',#6011,#6012);
#6011 = CARTESIAN_POINT('',(273.2552527471,137.04227698274,-13.5));
#6012 = VECTOR('',#6013,1.);
#6013 = DIRECTION('',(0.60791145068,-0.794004828784,0.));
#6014 = PCURVE('',#3871,#6015);
#6015 = DEFINITIONAL_REPRESENTATION('',(#6016),#6019);
#6016 = B_SPLINE_CURVE_WITH_KNOTS('',1,(#6017,#6018),.UNSPECIFIED.,.F.,
  .F.,(2,2),(16.561536345225,26.473407089977),.PIECEWISE_BEZIER_KNOTS.);
#6017 = CARTESIAN_POINT('',(186.47815516392,88.572839661859));
#6018 = CARTESIAN_POINT('',(192.50369488732,80.702766428243));
#6019 = ( GEOMETRIC_REPRESENTATION_CONTEXT(2) 
PARAMETRIC_REPRESENTATION_CONTEXT() REPRESENTATION_CONTEXT('2D SPACE',''
  ) );
#6020 = PCURVE('',#5016,#6021);
#6021 = DEFINITIONAL_REPRESENTATION('',(#6022),#6025);
#6022 = B_SPLINE_CURVE_WITH_KNOTS('',1,(#6023,#6024),.UNSPECIFIED.,.F.,
  .F.,(2,2),(16.561536345225,26.473407089977),.PIECEWISE_BEZIER_KNOTS.);
#6023 = CARTESIAN_POINT('',(9.911870744752,-1.5));
#6024 = CARTESIAN_POINT('',(0.,-1.5));
#6025 = ( GEOMETRIC_REPRESENTATION_CONTEXT(2) 
PARAMETRIC_REPRESENTATION_CONTEXT() REPRESENTATION_CONTEXT('2D SPACE',''
  ) );
#6026 = ORIENTED_EDGE('',*,*,#6027,.F.);
#6027 = EDGE_CURVE('',#6028,#6007,#6030,.T.);
#6028 = VERTEX_POINT('',#6029);
#6029 = CARTESIAN_POINT('',(275.83810652377,130.38991765143,-13.5));
#6030 = SURFACE_CURVE('',#6031,(#6035,#6041),.PCURVE_S1.);
#6031 = LINE('',#6032,#6033);
#6032 = CARTESIAN_POINT('',(252.07483601589,151.01808437761,-13.5));
#6033 = VECTOR('',#6034,1.);
#6034 = DIRECTION('',(0.755164590136,-0.655535233076,0.));
#6035 = PCURVE('',#3871,#6036);
#6036 = DEFINITIONAL_REPRESENTATION('',(#6037),#6040);
#6037 = B_SPLINE_CURVE_WITH_KNOTS('',1,(#6038,#6039),.UNSPECIFIED.,.F.,
  .F.,(2,2),(31.467670516163,41.379541260915),.PIECEWISE_BEZIER_KNOTS.);
#6038 = CARTESIAN_POINT('',(178.99306135548,95.070420160739));
#6039 = CARTESIAN_POINT('',(186.47815516392,88.572839661859));
#6040 = ( GEOMETRIC_REPRESENTATION_CONTEXT(2) 
PARAMETRIC_REPRESENTATION_CONTEXT() REPRESENTATION_CONTEXT('2D SPACE',''
  ) );
#6041 = PCURVE('',#5042,#6042);
#6042 = DEFINITIONAL_REPRESENTATION('',(#6043),#6046);
#6043 = B_SPLINE_CURVE_WITH_KNOTS('',1,(#6044,#6045),.UNSPECIFIED.,.F.,
  .F.,(2,2),(31.467670516163,41.379541260915),.PIECEWISE_BEZIER_KNOTS.);
#6044 = CARTESIAN_POINT('',(9.911870744752,-1.5));
#6045 = CARTESIAN_POINT('',(0.,-1.5));
#6046 = ( GEOMETRIC_REPRESENTATION_CONTEXT(2) 
PARAMETRIC_REPRESENTATION_CONTEXT() REPRESENTATION_CONTEXT('2D SPACE',''
  ) );
#6047 = ORIENTED_EDGE('',*,*,#6048,.F.);
#6048 = EDGE_CURVE('',#6049,#6028,#6051,.T.);
#6049 = VERTEX_POINT('',#6050);
#6050 = CARTESIAN_POINT('',(267.19927947341,135.2495317158,-13.5));
#6051 = SURFACE_CURVE('',#6052,(#6056,#6062),.PCURVE_S1.);
#6052 = LINE('',#6053,#6054);
#6053 = CARTESIAN_POINT('',(228.1668287224,157.20652258164,-13.5));
#6054 = VECTOR('',#6055,1.);
#6055 = DIRECTION('',(0.87156373129,-0.490282227191,0.));
#6056 = PCURVE('',#3871,#6057);
#6057 = DEFINITIONAL_REPRESENTATION('',(#6058),#6061);
#6058 = B_SPLINE_CURVE_WITH_KNOTS('',1,(#6059,#6060),.UNSPECIFIED.,.F.,
  .F.,(2,2),(44.784390802064,54.696261546817),.PIECEWISE_BEZIER_KNOTS.);
#6059 = CARTESIAN_POINT('',(170.35423430512,99.930034225107));
#6060 = CARTESIAN_POINT('',(178.99306135548,95.070420160739));
#6061 = ( GEOMETRIC_REPRESENTATION_CONTEXT(2) 
PARAMETRIC_REPRESENTATION_CONTEXT() REPRESENTATION_CONTEXT('2D SPACE',''
  ) );
#6062 = PCURVE('',#5068,#6063);
#6063 = DEFINITIONAL_REPRESENTATION('',(#6064),#6067);
#6064 = B_SPLINE_CURVE_WITH_KNOTS('',1,(#6065,#6066),.UNSPECIFIED.,.F.,
  .F.,(2,2),(44.784390802064,54.696261546817),.PIECEWISE_BEZIER_KNOTS.);
#6065 = CARTESIAN_POINT('',(9.911870744752,-1.5));
#6066 = CARTESIAN_POINT('',(0.,-1.5));
#6067 = ( GEOMETRIC_REPRESENTATION_CONTEXT(2) 
PARAMETRIC_REPRESENTATION_CONTEXT() REPRESENTATION_CONTEXT('2D SPACE',''
  ) );
#6068 = ORIENTED_EDGE('',*,*,#6069,.F.);
#6069 = EDGE_CURVE('',#6070,#6049,#6072,.T.);
#6070 = VERTEX_POINT('',#6071);
#6071 = CARTESIAN_POINT('',(257.75967846793,138.27262855812,-13.5));
#6072 = SURFACE_CURVE('',#6073,(#6077,#6083),.PCURVE_S1.);
#6073 = LINE('',#6074,#6075);
#6074 = CARTESIAN_POINT('',(204.45874892682,155.34261612376,-13.5));
#6075 = VECTOR('',#6076,1.);
#6076 = DIRECTION('',(0.952353117647,-0.304997605413,0.));
#6077 = PCURVE('',#3871,#6078);
#6078 = DEFINITIONAL_REPRESENTATION('',(#6079),#6082);
#6079 = B_SPLINE_CURVE_WITH_KNOTS('',1,(#6080,#6081),.UNSPECIFIED.,.F.,
  .F.,(2,2),(55.967611753922,65.879482498674),.PIECEWISE_BEZIER_KNOTS.);
#6080 = CARTESIAN_POINT('',(160.91463329964,102.95313106742));
#6081 = CARTESIAN_POINT('',(170.35423430512,99.930034225107));
#6082 = ( GEOMETRIC_REPRESENTATION_CONTEXT(2) 
PARAMETRIC_REPRESENTATION_CONTEXT() REPRESENTATION_CONTEXT('2D SPACE',''
  ) );
#6083 = PCURVE('',#5094,#6084);
#6084 = DEFINITIONAL_REPRESENTATION('',(#6085),#6088);
#6085 = B_SPLINE_CURVE_WITH_KNOTS('',1,(#6086,#6087),.UNSPECIFIED.,.F.,
  .F.,(2,2),(55.967611753922,65.879482498674),.PIECEWISE_BEZIER_KNOTS.);
#6086 = CARTESIAN_POINT('',(9.911870744752,-1.5));
#6087 = CARTESIAN_POINT('',(0.,-1.5));
#6088 = ( GEOMETRIC_REPRESENTATION_CONTEXT(2) 
PARAMETRIC_REPRESENTATION_CONTEXT() REPRESENTATION_CONTEXT('2D SPACE',''
  ) );
#6089 = ORIENTED_EDGE('',*,*,#6090,.F.);
#6090 = EDGE_CURVE('',#6091,#6070,#6093,.T.);
#6091 = VERTEX_POINT('',#6092);
#6092 = CARTESIAN_POINT('',(247.90498026867,139.33569255535,-13.5));
#6093 = SURFACE_CURVE('',#6094,(#6098,#6104),.PCURVE_S1.);
#6094 = LINE('',#6095,#6096);
#6095 = CARTESIAN_POINT('',(183.71695347408,146.25990057866,-13.5));
#6096 = VECTOR('',#6097,1.);
#6097 = DIRECTION('',(0.994231911718,-0.107251600087,0.));
#6098 = PCURVE('',#3871,#6099);
#6099 = DEFINITIONAL_REPRESENTATION('',(#6100),#6103);
#6100 = B_SPLINE_CURVE_WITH_KNOTS('',1,(#6101,#6102),.UNSPECIFIED.,.F.,
  .F.,(2,2),(64.560416979236,74.472287723988),.PIECEWISE_BEZIER_KNOTS.);
#6101 = CARTESIAN_POINT('',(151.05993510038,104.01619506465));
#6102 = CARTESIAN_POINT('',(160.91463329964,102.95313106742));
#6103 = ( GEOMETRIC_REPRESENTATION_CONTEXT(2) 
PARAMETRIC_REPRESENTATION_CONTEXT() REPRESENTATION_CONTEXT('2D SPACE',''
  ) );
#6104 = PCURVE('',#5120,#6105);
#6105 = DEFINITIONAL_REPRESENTATION('',(#6106),#6109);
#6106 = B_SPLINE_CURVE_WITH_KNOTS('',1,(#6107,#6108),.UNSPECIFIED.,.F.,
  .F.,(2,2),(64.560416979236,74.472287723988),.PIECEWISE_BEZIER_KNOTS.);
#6107 = CARTESIAN_POINT('',(9.911870744752,-1.5));
#6108 = CARTESIAN_POINT('',(0.,-1.5));
#6109 = ( GEOMETRIC_REPRESENTATION_CONTEXT(2) 
PARAMETRIC_REPRESENTATION_CONTEXT() REPRESENTATION_CONTEXT('2D SPACE',''
  ) );
#6110 = ORIENTED_EDGE('',*,*,#6111,.F.);
#6111 = EDGE_CURVE('',#5167,#6091,#6112,.T.);
#6112 = SURFACE_CURVE('',#6113,(#6117,#6123),.PCURVE_S1.);
#6113 = LINE('',#6114,#6115);
#6114 = CARTESIAN_POINT('',(168.14281487864,131.73385257423,-13.5));
#6115 = VECTOR('',#6116,1.);
#6116 = DIRECTION('',(0.99548905838,9.487641775705E-02,-0.));
#6117 = PCURVE('',#3871,#6118);
#6118 = DEFINITIONAL_REPRESENTATION('',(#6119),#6122);
#6119 = B_SPLINE_CURVE_WITH_KNOTS('',1,(#6120,#6121),.UNSPECIFIED.,.F.,
  .F.,(2,2),(70.211727519458,80.123598264211),.PIECEWISE_BEZIER_KNOTS.);
#6120 = CARTESIAN_POINT('',(141.1927762259,103.07579227512));
#6121 = CARTESIAN_POINT('',(151.05993510038,104.01619506465));
#6122 = ( GEOMETRIC_REPRESENTATION_CONTEXT(2) 
PARAMETRIC_REPRESENTATION_CONTEXT() REPRESENTATION_CONTEXT('2D SPACE',''
  ) );
#6123 = PCURVE('',#5144,#6124);
#6124 = DEFINITIONAL_REPRESENTATION('',(#6125),#6128);
#6125 = B_SPLINE_CURVE_WITH_KNOTS('',1,(#6126,#6127),.UNSPECIFIED.,.F.,
  .F.,(2,2),(70.211727519458,80.123598264211),.PIECEWISE_BEZIER_KNOTS.);
#6126 = CARTESIAN_POINT('',(9.911870744752,-1.5));
#6127 = CARTESIAN_POINT('',(0.,-1.5));
#6128 = ( GEOMETRIC_REPRESENTATION_CONTEXT(2) 
PARAMETRIC_REPRESENTATION_CONTEXT() REPRESENTATION_CONTEXT('2D SPACE',''
  ) );
#6129 = FACE_BOUND('',#6130,.T.);
#6130 = EDGE_LOOP('',(#6131));
#6131 = ORIENTED_EDGE('',*,*,#3854,.F.);
#6132 = FACE_BOUND('',#6133,.T.);
#6133 = EDGE_LOOP('',(#6134));
#6134 = ORIENTED_EDGE('',*,*,#3909,.F.);
#6135 = ADVANCED_FACE('',(#6136),#3976,.T.);
#6136 = FACE_BOUND('',#6137,.T.);
#6137 = EDGE_LOOP('',(#6138,#6139,#6160,#6161));
#6138 = ORIENTED_EDGE('',*,*,#5164,.T.);
#6139 = ORIENTED_EDGE('',*,*,#6140,.T.);
#6140 = EDGE_CURVE('',#5167,#3962,#6141,.T.);
#6141 = SURFACE_CURVE('',#6142,(#6146,#6153),.PCURVE_S1.);
#6142 = LINE('',#6143,#6144);
#6143 = CARTESIAN_POINT('',(238.0378213942,138.39528976581,-15.));
#6144 = VECTOR('',#6145,1.);
#6145 = DIRECTION('',(0.,0.,1.));
#6146 = PCURVE('',#3976,#6147);
#6147 = DEFINITIONAL_REPRESENTATION('',(#6148),#6152);
#6148 = LINE('',#6149,#6150);
#6149 = CARTESIAN_POINT('',(0.,0.));
#6150 = VECTOR('',#6151,1.);
#6151 = DIRECTION('',(0.,-1.));
#6152 = ( GEOMETRIC_REPRESENTATION_CONTEXT(2) 
PARAMETRIC_REPRESENTATION_CONTEXT() REPRESENTATION_CONTEXT('2D SPACE',''
  ) );
#6153 = PCURVE('',#5144,#6154);
#6154 = DEFINITIONAL_REPRESENTATION('',(#6155),#6159);
#6155 = LINE('',#6156,#6157);
#6156 = CARTESIAN_POINT('',(9.911870744752,0.));
#6157 = VECTOR('',#6158,1.);
#6158 = DIRECTION('',(0.,-1.));
#6159 = ( GEOMETRIC_REPRESENTATION_CONTEXT(2) 
PARAMETRIC_REPRESENTATION_CONTEXT() REPRESENTATION_CONTEXT('2D SPACE',''
  ) );
#6160 = ORIENTED_EDGE('',*,*,#3959,.F.);
#6161 = ORIENTED_EDGE('',*,*,#6162,.F.);
#6162 = EDGE_CURVE('',#5165,#3960,#6163,.T.);
#6163 = SURFACE_CURVE('',#6164,(#6168,#6175),.PCURVE_S1.);
#6164 = LINE('',#6165,#6166);
#6165 = CARTESIAN_POINT('',(-17.41765461404,87.606306077103,-15.));
#6166 = VECTOR('',#6167,1.);
#6167 = DIRECTION('',(0.,0.,1.));
#6168 = PCURVE('',#3976,#6169);
#6169 = DEFINITIONAL_REPRESENTATION('',(#6170),#6174);
#6170 = LINE('',#6171,#6172);
#6171 = CARTESIAN_POINT('',(260.45541093771,0.));
#6172 = VECTOR('',#6173,1.);
#6173 = DIRECTION('',(0.,-1.));
#6174 = ( GEOMETRIC_REPRESENTATION_CONTEXT(2) 
PARAMETRIC_REPRESENTATION_CONTEXT() REPRESENTATION_CONTEXT('2D SPACE',''
  ) );
#6175 = PCURVE('',#4002,#6176);
#6176 = DEFINITIONAL_REPRESENTATION('',(#6177),#6181);
#6177 = LINE('',#6178,#6179);
#6178 = CARTESIAN_POINT('',(0.,0.));
#6179 = VECTOR('',#6180,1.);
#6180 = DIRECTION('',(0.,-1.));
#6181 = ( GEOMETRIC_REPRESENTATION_CONTEXT(2) 
PARAMETRIC_REPRESENTATION_CONTEXT() REPRESENTATION_CONTEXT('2D SPACE',''
  ) );
#6182 = ADVANCED_FACE('',(#6183),#4002,.T.);
#6183 = FACE_BOUND('',#6184,.T.);
#6184 = EDGE_LOOP('',(#6185,#6186,#6187,#6188));
#6185 = ORIENTED_EDGE('',*,*,#5187,.T.);
#6186 = ORIENTED_EDGE('',*,*,#6162,.T.);
#6187 = ORIENTED_EDGE('',*,*,#3987,.F.);
#6188 = ORIENTED_EDGE('',*,*,#6189,.F.);
#6189 = EDGE_CURVE('',#5188,#3988,#6190,.T.);
#6190 = SURFACE_CURVE('',#6191,(#6195,#6202),.PCURVE_S1.);
#6191 = LINE('',#6192,#6193);
#6192 = CARTESIAN_POINT('',(-27.35088515406,85.030398317417,-15.));
#6193 = VECTOR('',#6194,1.);
#6194 = DIRECTION('',(0.,0.,1.));
#6195 = PCURVE('',#4002,#6196);
#6196 = DEFINITIONAL_REPRESENTATION('',(#6197),#6201);
#6197 = LINE('',#6198,#6199);
#6198 = CARTESIAN_POINT('',(10.261791741578,0.));
#6199 = VECTOR('',#6200,1.);
#6200 = DIRECTION('',(0.,-1.));
#6201 = ( GEOMETRIC_REPRESENTATION_CONTEXT(2) 
PARAMETRIC_REPRESENTATION_CONTEXT() REPRESENTATION_CONTEXT('2D SPACE',''
  ) );
#6202 = PCURVE('',#4028,#6203);
#6203 = DEFINITIONAL_REPRESENTATION('',(#6204),#6208);
#6204 = LINE('',#6205,#6206);
#6205 = CARTESIAN_POINT('',(0.,0.));
#6206 = VECTOR('',#6207,1.);
#6207 = DIRECTION('',(0.,-1.));
#6208 = ( GEOMETRIC_REPRESENTATION_CONTEXT(2) 
PARAMETRIC_REPRESENTATION_CONTEXT() REPRESENTATION_CONTEXT('2D SPACE',''
  ) );
#6209 = ADVANCED_FACE('',(#6210),#5144,.T.);
#6210 = FACE_BOUND('',#6211,.T.);
#6211 = EDGE_LOOP('',(#6212,#6213,#6234,#6235));
#6212 = ORIENTED_EDGE('',*,*,#6111,.T.);
#6213 = ORIENTED_EDGE('',*,*,#6214,.T.);
#6214 = EDGE_CURVE('',#6091,#5106,#6215,.T.);
#6215 = SURFACE_CURVE('',#6216,(#6220,#6227),.PCURVE_S1.);
#6216 = LINE('',#6217,#6218);
#6217 = CARTESIAN_POINT('',(247.90498026867,139.33569255535,-15.));
#6218 = VECTOR('',#6219,1.);
#6219 = DIRECTION('',(0.,0.,1.));
#6220 = PCURVE('',#5144,#6221);
#6221 = DEFINITIONAL_REPRESENTATION('',(#6222),#6226);
#6222 = LINE('',#6223,#6224);
#6223 = CARTESIAN_POINT('',(0.,0.));
#6224 = VECTOR('',#6225,1.);
#6225 = DIRECTION('',(0.,-1.));
#6226 = ( GEOMETRIC_REPRESENTATION_CONTEXT(2) 
PARAMETRIC_REPRESENTATION_CONTEXT() REPRESENTATION_CONTEXT('2D SPACE',''
  ) );
#6227 = PCURVE('',#5120,#6228);
#6228 = DEFINITIONAL_REPRESENTATION('',(#6229),#6233);
#6229 = LINE('',#6230,#6231);
#6230 = CARTESIAN_POINT('',(9.911870744752,0.));
#6231 = VECTOR('',#6232,1.);
#6232 = DIRECTION('',(0.,-1.));
#6233 = ( GEOMETRIC_REPRESENTATION_CONTEXT(2) 
PARAMETRIC_REPRESENTATION_CONTEXT() REPRESENTATION_CONTEXT('2D SPACE',''
  ) );
#6234 = ORIENTED_EDGE('',*,*,#5131,.F.);
#6235 = ORIENTED_EDGE('',*,*,#6140,.F.);
#6236 = ADVANCED_FACE('',(#6237),#4028,.T.);
#6237 = FACE_BOUND('',#6238,.T.);
#6238 = EDGE_LOOP('',(#6239,#6240,#6241,#6242));
#6239 = ORIENTED_EDGE('',*,*,#5208,.T.);
#6240 = ORIENTED_EDGE('',*,*,#6189,.T.);
#6241 = ORIENTED_EDGE('',*,*,#4013,.F.);
#6242 = ORIENTED_EDGE('',*,*,#6243,.F.);
#6243 = EDGE_CURVE('',#5209,#4014,#6244,.T.);
#6244 = SURFACE_CURVE('',#6245,(#6249,#6256),.PCURVE_S1.);
#6245 = LINE('',#6246,#6247);
#6246 = CARTESIAN_POINT('',(-36.92311278075,81.332178744388,-15.));
#6247 = VECTOR('',#6248,1.);
#6248 = DIRECTION('',(0.,0.,1.));
#6249 = PCURVE('',#4028,#6250);
#6250 = DEFINITIONAL_REPRESENTATION('',(#6251),#6255);
#6251 = LINE('',#6252,#6253);
#6252 = CARTESIAN_POINT('',(10.261791741578,0.));
#6253 = VECTOR('',#6254,1.);
#6254 = DIRECTION('',(0.,-1.));
#6255 = ( GEOMETRIC_REPRESENTATION_CONTEXT(2) 
PARAMETRIC_REPRESENTATION_CONTEXT() REPRESENTATION_CONTEXT('2D SPACE',''
  ) );
#6256 = PCURVE('',#4054,#6257);
#6257 = DEFINITIONAL_REPRESENTATION('',(#6258),#6262);
#6258 = LINE('',#6259,#6260);
#6259 = CARTESIAN_POINT('',(0.,0.));
#6260 = VECTOR('',#6261,1.);
#6261 = DIRECTION('',(0.,-1.));
#6262 = ( GEOMETRIC_REPRESENTATION_CONTEXT(2) 
PARAMETRIC_REPRESENTATION_CONTEXT() REPRESENTATION_CONTEXT('2D SPACE',''
  ) );
#6263 = ADVANCED_FACE('',(#6264),#5120,.T.);
#6264 = FACE_BOUND('',#6265,.T.);
#6265 = EDGE_LOOP('',(#6266,#6267,#6288,#6289));
#6266 = ORIENTED_EDGE('',*,*,#6090,.T.);
#6267 = ORIENTED_EDGE('',*,*,#6268,.T.);
#6268 = EDGE_CURVE('',#6070,#5080,#6269,.T.);
#6269 = SURFACE_CURVE('',#6270,(#6274,#6281),.PCURVE_S1.);
#6270 = LINE('',#6271,#6272);
#6271 = CARTESIAN_POINT('',(257.75967846793,138.27262855812,-15.));
#6272 = VECTOR('',#6273,1.);
#6273 = DIRECTION('',(0.,0.,1.));
#6274 = PCURVE('',#5120,#6275);
#6275 = DEFINITIONAL_REPRESENTATION('',(#6276),#6280);
#6276 = LINE('',#6277,#6278);
#6277 = CARTESIAN_POINT('',(0.,0.));
#6278 = VECTOR('',#6279,1.);
#6279 = DIRECTION('',(0.,-1.));
#6280 = ( GEOMETRIC_REPRESENTATION_CONTEXT(2) 
PARAMETRIC_REPRESENTATION_CONTEXT() REPRESENTATION_CONTEXT('2D SPACE',''
  ) );
#6281 = PCURVE('',#5094,#6282);
#6282 = DEFINITIONAL_REPRESENTATION('',(#6283),#6287);
#6283 = LINE('',#6284,#6285);
#6284 = CARTESIAN_POINT('',(9.911870744752,0.));
#6285 = VECTOR('',#6286,1.);
#6286 = DIRECTION('',(0.,-1.));
#6287 = ( GEOMETRIC_REPRESENTATION_CONTEXT(2) 
PARAMETRIC_REPRESENTATION_CONTEXT() REPRESENTATION_CONTEXT('2D SPACE',''
  ) );
#6288 = ORIENTED_EDGE('',*,*,#5105,.F.);
#6289 = ORIENTED_EDGE('',*,*,#6214,.F.);
#6290 = ADVANCED_FACE('',(#6291),#4054,.T.);
#6291 = FACE_BOUND('',#6292,.T.);
#6292 = EDGE_LOOP('',(#6293,#6294,#6295,#6296));
#6293 = ORIENTED_EDGE('',*,*,#5229,.T.);
#6294 = ORIENTED_EDGE('',*,*,#6243,.T.);
#6295 = ORIENTED_EDGE('',*,*,#4039,.F.);
#6296 = ORIENTED_EDGE('',*,*,#6297,.F.);
#6297 = EDGE_CURVE('',#5230,#4040,#6298,.T.);
#6298 = SURFACE_CURVE('',#6299,(#6303,#6310),.PCURVE_S1.);
#6299 = LINE('',#6300,#6301);
#6300 = CARTESIAN_POINT('',(-46.00799415858,76.560459966181,-15.));
#6301 = VECTOR('',#6302,1.);
#6302 = DIRECTION('',(0.,0.,1.));
#6303 = PCURVE('',#4054,#6304);
#6304 = DEFINITIONAL_REPRESENTATION('',(#6305),#6309);
#6305 = LINE('',#6306,#6307);
#6306 = CARTESIAN_POINT('',(10.261791741578,0.));
#6307 = VECTOR('',#6308,1.);
#6308 = DIRECTION('',(0.,-1.));
#6309 = ( GEOMETRIC_REPRESENTATION_CONTEXT(2) 
PARAMETRIC_REPRESENTATION_CONTEXT() REPRESENTATION_CONTEXT('2D SPACE',''
  ) );
#6310 = PCURVE('',#4080,#6311);
#6311 = DEFINITIONAL_REPRESENTATION('',(#6312),#6316);
#6312 = LINE('',#6313,#6314);
#6313 = CARTESIAN_POINT('',(0.,0.));
#6314 = VECTOR('',#6315,1.);
#6315 = DIRECTION('',(0.,-1.));
#6316 = ( GEOMETRIC_REPRESENTATION_CONTEXT(2) 
PARAMETRIC_REPRESENTATION_CONTEXT() REPRESENTATION_CONTEXT('2D SPACE',''
  ) );
#6317 = ADVANCED_FACE('',(#6318),#5094,.T.);
#6318 = FACE_BOUND('',#6319,.T.);
#6319 = EDGE_LOOP('',(#6320,#6321,#6342,#6343));
#6320 = ORIENTED_EDGE('',*,*,#6069,.T.);
#6321 = ORIENTED_EDGE('',*,*,#6322,.T.);
#6322 = EDGE_CURVE('',#6049,#5054,#6323,.T.);
#6323 = SURFACE_CURVE('',#6324,(#6328,#6335),.PCURVE_S1.);
#6324 = LINE('',#6325,#6326);
#6325 = CARTESIAN_POINT('',(267.19927947341,135.2495317158,-15.));
#6326 = VECTOR('',#6327,1.);
#6327 = DIRECTION('',(0.,0.,1.));
#6328 = PCURVE('',#5094,#6329);
#6329 = DEFINITIONAL_REPRESENTATION('',(#6330),#6334);
#6330 = LINE('',#6331,#6332);
#6331 = CARTESIAN_POINT('',(0.,0.));
#6332 = VECTOR('',#6333,1.);
#6333 = DIRECTION('',(0.,-1.));
#6334 = ( GEOMETRIC_REPRESENTATION_CONTEXT(2) 
PARAMETRIC_REPRESENTATION_CONTEXT() REPRESENTATION_CONTEXT('2D SPACE',''
  ) );
#6335 = PCURVE('',#5068,#6336);
#6336 = DEFINITIONAL_REPRESENTATION('',(#6337),#6341);
#6337 = LINE('',#6338,#6339);
#6338 = CARTESIAN_POINT('',(9.911870744752,0.));
#6339 = VECTOR('',#6340,1.);
#6340 = DIRECTION('',(0.,-1.));
#6341 = ( GEOMETRIC_REPRESENTATION_CONTEXT(2) 
PARAMETRIC_REPRESENTATION_CONTEXT() REPRESENTATION_CONTEXT('2D SPACE',''
  ) );
#6342 = ORIENTED_EDGE('',*,*,#5079,.F.);
#6343 = ORIENTED_EDGE('',*,*,#6268,.F.);
#6344 = ADVANCED_FACE('',(#6345),#4080,.T.);
#6345 = FACE_BOUND('',#6346,.T.);
#6346 = EDGE_LOOP('',(#6347,#6348,#6349,#6350));
#6347 = ORIENTED_EDGE('',*,*,#5250,.T.);
#6348 = ORIENTED_EDGE('',*,*,#6297,.T.);
#6349 = ORIENTED_EDGE('',*,*,#4065,.F.);
#6350 = ORIENTED_EDGE('',*,*,#6351,.F.);
#6351 = EDGE_CURVE('',#5251,#4066,#6352,.T.);
#6352 = SURFACE_CURVE('',#6353,(#6357,#6364),.PCURVE_S1.);
#6353 = LINE('',#6354,#6355);
#6354 = CARTESIAN_POINT('',(-54.48561840985,70.778223651243,-15.));
#6355 = VECTOR('',#6356,1.);
#6356 = DIRECTION('',(0.,0.,1.));
#6357 = PCURVE('',#4080,#6358);
#6358 = DEFINITIONAL_REPRESENTATION('',(#6359),#6363);
#6359 = LINE('',#6360,#6361);
#6360 = CARTESIAN_POINT('',(10.261791741578,0.));
#6361 = VECTOR('',#6362,1.);
#6362 = DIRECTION('',(0.,-1.));
#6363 = ( GEOMETRIC_REPRESENTATION_CONTEXT(2) 
PARAMETRIC_REPRESENTATION_CONTEXT() REPRESENTATION_CONTEXT('2D SPACE',''
  ) );
#6364 = PCURVE('',#4106,#6365);
#6365 = DEFINITIONAL_REPRESENTATION('',(#6366),#6370);
#6366 = LINE('',#6367,#6368);
#6367 = CARTESIAN_POINT('',(0.,0.));
#6368 = VECTOR('',#6369,1.);
#6369 = DIRECTION('',(0.,-1.));
#6370 = ( GEOMETRIC_REPRESENTATION_CONTEXT(2) 
PARAMETRIC_REPRESENTATION_CONTEXT() REPRESENTATION_CONTEXT('2D SPACE',''
  ) );
#6371 = ADVANCED_FACE('',(#6372),#5068,.T.);
#6372 = FACE_BOUND('',#6373,.T.);
#6373 = EDGE_LOOP('',(#6374,#6375,#6396,#6397));
#6374 = ORIENTED_EDGE('',*,*,#6048,.T.);
#6375 = ORIENTED_EDGE('',*,*,#6376,.T.);
#6376 = EDGE_CURVE('',#6028,#5028,#6377,.T.);
#6377 = SURFACE_CURVE('',#6378,(#6382,#6389),.PCURVE_S1.);
#6378 = LINE('',#6379,#6380);
#6379 = CARTESIAN_POINT('',(275.83810652377,130.38991765143,-15.));
#6380 = VECTOR('',#6381,1.);
#6381 = DIRECTION('',(0.,0.,1.));
#6382 = PCURVE('',#5068,#6383);
#6383 = DEFINITIONAL_REPRESENTATION('',(#6384),#6388);
#6384 = LINE('',#6385,#6386);
#6385 = CARTESIAN_POINT('',(0.,0.));
#6386 = VECTOR('',#6387,1.);
#6387 = DIRECTION('',(0.,-1.));
#6388 = ( GEOMETRIC_REPRESENTATION_CONTEXT(2) 
PARAMETRIC_REPRESENTATION_CONTEXT() REPRESENTATION_CONTEXT('2D SPACE',''
  ) );
#6389 = PCURVE('',#5042,#6390);
#6390 = DEFINITIONAL_REPRESENTATION('',(#6391),#6395);
#6391 = LINE('',#6392,#6393);
#6392 = CARTESIAN_POINT('',(9.911870744752,0.));
#6393 = VECTOR('',#6394,1.);
#6394 = DIRECTION('',(0.,-1.));
#6395 = ( GEOMETRIC_REPRESENTATION_CONTEXT(2) 
PARAMETRIC_REPRESENTATION_CONTEXT() REPRESENTATION_CONTEXT('2D SPACE',''
  ) );
#6396 = ORIENTED_EDGE('',*,*,#5053,.F.);
#6397 = ORIENTED_EDGE('',*,*,#6322,.F.);
#6398 = ADVANCED_FACE('',(#6399),#4106,.T.);
#6399 = FACE_BOUND('',#6400,.T.);
#6400 = EDGE_LOOP('',(#6401,#6402,#6403,#6404));
#6401 = ORIENTED_EDGE('',*,*,#5271,.T.);
#6402 = ORIENTED_EDGE('',*,*,#6351,.T.);
#6403 = ORIENTED_EDGE('',*,*,#4091,.F.);
#6404 = ORIENTED_EDGE('',*,*,#6405,.F.);
#6405 = EDGE_CURVE('',#5272,#4092,#6406,.T.);
#6406 = SURFACE_CURVE('',#6407,(#6411,#6418),.PCURVE_S1.);
#6407 = LINE('',#6408,#6409);
#6408 = CARTESIAN_POINT('',(-62.24408981215,64.06178923653,-15.));
#6409 = VECTOR('',#6410,1.);
#6410 = DIRECTION('',(0.,0.,1.));
#6411 = PCURVE('',#4106,#6412);
#6412 = DEFINITIONAL_REPRESENTATION('',(#6413),#6417);
#6413 = LINE('',#6414,#6415);
#6414 = CARTESIAN_POINT('',(10.261791741578,0.));
#6415 = VECTOR('',#6416,1.);
#6416 = DIRECTION('',(0.,-1.));
#6417 = ( GEOMETRIC_REPRESENTATION_CONTEXT(2) 
PARAMETRIC_REPRESENTATION_CONTEXT() REPRESENTATION_CONTEXT('2D SPACE',''
  ) );
#6418 = PCURVE('',#4132,#6419);
#6419 = DEFINITIONAL_REPRESENTATION('',(#6420),#6424);
#6420 = LINE('',#6421,#6422);
#6421 = CARTESIAN_POINT('',(0.,0.));
#6422 = VECTOR('',#6423,1.);
#6423 = DIRECTION('',(0.,-1.));
#6424 = ( GEOMETRIC_REPRESENTATION_CONTEXT(2) 
PARAMETRIC_REPRESENTATION_CONTEXT() REPRESENTATION_CONTEXT('2D SPACE',''
  ) );
#6425 = ADVANCED_FACE('',(#6426),#5042,.T.);
#6426 = FACE_BOUND('',#6427,.T.);
#6427 = EDGE_LOOP('',(#6428,#6429,#6450,#6451));
#6428 = ORIENTED_EDGE('',*,*,#6027,.T.);
#6429 = ORIENTED_EDGE('',*,*,#6430,.T.);
#6430 = EDGE_CURVE('',#6007,#5002,#6431,.T.);
#6431 = SURFACE_CURVE('',#6432,(#6436,#6443),.PCURVE_S1.);
#6432 = LINE('',#6433,#6434);
#6433 = CARTESIAN_POINT('',(283.32320033222,123.89233715255,-15.));
#6434 = VECTOR('',#6435,1.);
#6435 = DIRECTION('',(0.,0.,1.));
#6436 = PCURVE('',#5042,#6437);
#6437 = DEFINITIONAL_REPRESENTATION('',(#6438),#6442);
#6438 = LINE('',#6439,#6440);
#6439 = CARTESIAN_POINT('',(0.,0.));
#6440 = VECTOR('',#6441,1.);
#6441 = DIRECTION('',(0.,-1.));
#6442 = ( GEOMETRIC_REPRESENTATION_CONTEXT(2) 
PARAMETRIC_REPRESENTATION_CONTEXT() REPRESENTATION_CONTEXT('2D SPACE',''
  ) );
#6443 = PCURVE('',#5016,#6444);
#6444 = DEFINITIONAL_REPRESENTATION('',(#6445),#6449);
#6445 = LINE('',#6446,#6447);
#6446 = CARTESIAN_POINT('',(9.911870744752,0.));
#6447 = VECTOR('',#6448,1.);
#6448 = DIRECTION('',(0.,-1.));
#6449 = ( GEOMETRIC_REPRESENTATION_CONTEXT(2) 
PARAMETRIC_REPRESENTATION_CONTEXT() REPRESENTATION_CONTEXT('2D SPACE',''
  ) );
#6450 = ORIENTED_EDGE('',*,*,#5027,.F.);
#6451 = ORIENTED_EDGE('',*,*,#6376,.F.);
#6452 = ADVANCED_FACE('',(#6453),#4132,.T.);
#6453 = FACE_BOUND('',#6454,.T.);
#6454 = EDGE_LOOP('',(#6455,#6456,#6457,#6458));
#6455 = ORIENTED_EDGE('',*,*,#5292,.T.);
#6456 = ORIENTED_EDGE('',*,*,#6405,.T.);
#6457 = ORIENTED_EDGE('',*,*,#4117,.F.);
#6458 = ORIENTED_EDGE('',*,*,#6459,.F.);
#6459 = EDGE_CURVE('',#5293,#4118,#6460,.T.);
#6460 = SURFACE_CURVE('',#6461,(#6465,#6472),.PCURVE_S1.);
#6461 = LINE('',#6462,#6463);
#6462 = CARTESIAN_POINT('',(-69.1810047042,56.499806591223,-15.));
#6463 = VECTOR('',#6464,1.);
#6464 = DIRECTION('',(0.,0.,1.));
#6465 = PCURVE('',#4132,#6466);
#6466 = DEFINITIONAL_REPRESENTATION('',(#6467),#6471);
#6467 = LINE('',#6468,#6469);
#6468 = CARTESIAN_POINT('',(10.261791741578,0.));
#6469 = VECTOR('',#6470,1.);
#6470 = DIRECTION('',(0.,-1.));
#6471 = ( GEOMETRIC_REPRESENTATION_CONTEXT(2) 
PARAMETRIC_REPRESENTATION_CONTEXT() REPRESENTATION_CONTEXT('2D SPACE',''
  ) );
#6472 = PCURVE('',#4158,#6473);
#6473 = DEFINITIONAL_REPRESENTATION('',(#6474),#6478);
#6474 = LINE('',#6475,#6476);
#6475 = CARTESIAN_POINT('',(0.,0.));
#6476 = VECTOR('',#6477,1.);
#6477 = DIRECTION('',(0.,-1.));
#6478 = ( GEOMETRIC_REPRESENTATION_CONTEXT(2) 
PARAMETRIC_REPRESENTATION_CONTEXT() REPRESENTATION_CONTEXT('2D SPACE',''
  ) );
#6479 = ADVANCED_FACE('',(#6480),#5016,.T.);
#6480 = FACE_BOUND('',#6481,.T.);
#6481 = EDGE_LOOP('',(#6482,#6483,#6504,#6505));
#6482 = ORIENTED_EDGE('',*,*,#6006,.T.);
#6483 = ORIENTED_EDGE('',*,*,#6484,.T.);
#6484 = EDGE_CURVE('',#5986,#4976,#6485,.T.);
#6485 = SURFACE_CURVE('',#6486,(#6490,#6497),.PCURVE_S1.);
#6486 = LINE('',#6487,#6488);
#6487 = CARTESIAN_POINT('',(289.34874005561,116.02226391894,-15.));
#6488 = VECTOR('',#6489,1.);
#6489 = DIRECTION('',(0.,0.,1.));
#6490 = PCURVE('',#5016,#6491);
#6491 = DEFINITIONAL_REPRESENTATION('',(#6492),#6496);
#6492 = LINE('',#6493,#6494);
#6493 = CARTESIAN_POINT('',(0.,0.));
#6494 = VECTOR('',#6495,1.);
#6495 = DIRECTION('',(0.,-1.));
#6496 = ( GEOMETRIC_REPRESENTATION_CONTEXT(2) 
PARAMETRIC_REPRESENTATION_CONTEXT() REPRESENTATION_CONTEXT('2D SPACE',''
  ) );
#6497 = PCURVE('',#4990,#6498);
#6498 = DEFINITIONAL_REPRESENTATION('',(#6499),#6503);
#6499 = LINE('',#6500,#6501);
#6500 = CARTESIAN_POINT('',(9.911870744752,0.));
#6501 = VECTOR('',#6502,1.);
#6502 = DIRECTION('',(0.,-1.));
#6503 = ( GEOMETRIC_REPRESENTATION_CONTEXT(2) 
PARAMETRIC_REPRESENTATION_CONTEXT() REPRESENTATION_CONTEXT('2D SPACE',''
  ) );
#6504 = ORIENTED_EDGE('',*,*,#5001,.F.);
#6505 = ORIENTED_EDGE('',*,*,#6430,.F.);
#6506 = ADVANCED_FACE('',(#6507),#4158,.T.);
#6507 = FACE_BOUND('',#6508,.T.);
#6508 = EDGE_LOOP('',(#6509,#6510,#6511,#6512));
#6509 = ORIENTED_EDGE('',*,*,#5313,.T.);
#6510 = ORIENTED_EDGE('',*,*,#6459,.T.);
#6511 = ORIENTED_EDGE('',*,*,#4143,.F.);
#6512 = ORIENTED_EDGE('',*,*,#6513,.F.);
#6513 = EDGE_CURVE('',#5314,#4144,#6514,.T.);
#6514 = SURFACE_CURVE('',#6515,(#6519,#6526),.PCURVE_S1.);
#6515 = LINE('',#6516,#6517);
#6516 = CARTESIAN_POINT('',(-75.20480310645,48.192085931704,-15.));
#6517 = VECTOR('',#6518,1.);
#6518 = DIRECTION('',(0.,0.,1.));
#6519 = PCURVE('',#4158,#6520);
#6520 = DEFINITIONAL_REPRESENTATION('',(#6521),#6525);
#6521 = LINE('',#6522,#6523);
#6522 = CARTESIAN_POINT('',(10.261791741578,0.));
#6523 = VECTOR('',#6524,1.);
#6524 = DIRECTION('',(0.,-1.));
#6525 = ( GEOMETRIC_REPRESENTATION_CONTEXT(2) 
PARAMETRIC_REPRESENTATION_CONTEXT() REPRESENTATION_CONTEXT('2D SPACE',''
  ) );
#6526 = PCURVE('',#4184,#6527);
#6527 = DEFINITIONAL_REPRESENTATION('',(#6528),#6532);
#6528 = LINE('',#6529,#6530);
#6529 = CARTESIAN_POINT('',(0.,0.));
#6530 = VECTOR('',#6531,1.);
#6531 = DIRECTION('',(0.,-1.));
#6532 = ( GEOMETRIC_REPRESENTATION_CONTEXT(2) 
PARAMETRIC_REPRESENTATION_CONTEXT() REPRESENTATION_CONTEXT('2D SPACE',''
  ) );
#6533 = ADVANCED_FACE('',(#6534),#4990,.T.);
#6534 = FACE_BOUND('',#6535,.T.);
#6535 = EDGE_LOOP('',(#6536,#6537,#6558,#6559));
#6536 = ORIENTED_EDGE('',*,*,#5985,.T.);
#6537 = ORIENTED_EDGE('',*,*,#6538,.T.);
#6538 = EDGE_CURVE('',#5965,#4950,#6539,.T.);
#6539 = SURFACE_CURVE('',#6540,(#6544,#6551),.PCURVE_S1.);
#6540 = LINE('',#6541,#6542);
#6541 = CARTESIAN_POINT('',(293.66853831331,107.10124801976,-15.));
#6542 = VECTOR('',#6543,1.);
#6543 = DIRECTION('',(0.,0.,1.));
#6544 = PCURVE('',#4990,#6545);
#6545 = DEFINITIONAL_REPRESENTATION('',(#6546),#6550);
#6546 = LINE('',#6547,#6548);
#6547 = CARTESIAN_POINT('',(0.,0.));
#6548 = VECTOR('',#6549,1.);
#6549 = DIRECTION('',(0.,-1.));
#6550 = ( GEOMETRIC_REPRESENTATION_CONTEXT(2) 
PARAMETRIC_REPRESENTATION_CONTEXT() REPRESENTATION_CONTEXT('2D SPACE',''
  ) );
#6551 = PCURVE('',#4964,#6552);
#6552 = DEFINITIONAL_REPRESENTATION('',(#6553),#6557);
#6553 = LINE('',#6554,#6555);
#6554 = CARTESIAN_POINT('',(9.911870744752,0.));
#6555 = VECTOR('',#6556,1.);
#6556 = DIRECTION('',(0.,-1.));
#6557 = ( GEOMETRIC_REPRESENTATION_CONTEXT(2) 
PARAMETRIC_REPRESENTATION_CONTEXT() REPRESENTATION_CONTEXT('2D SPACE',''
  ) );
#6558 = ORIENTED_EDGE('',*,*,#4975,.F.);
#6559 = ORIENTED_EDGE('',*,*,#6484,.F.);
#6560 = ADVANCED_FACE('',(#6561),#4184,.T.);
#6561 = FACE_BOUND('',#6562,.T.);
#6562 = EDGE_LOOP('',(#6563,#6564,#6565,#6566));
#6563 = ORIENTED_EDGE('',*,*,#5334,.T.);
#6564 = ORIENTED_EDGE('',*,*,#6513,.T.);
#6565 = ORIENTED_EDGE('',*,*,#4169,.F.);
#6566 = ORIENTED_EDGE('',*,*,#6567,.F.);
#6567 = EDGE_CURVE('',#5335,#4170,#6568,.T.);
#6568 = SURFACE_CURVE('',#6569,(#6573,#6580),.PCURVE_S1.);
#6569 = LINE('',#6570,#6571);
#6570 = CARTESIAN_POINT('',(-80.23597721648,39.248280431691,-15.));
#6571 = VECTOR('',#6572,1.);
#6572 = DIRECTION('',(0.,0.,1.));
#6573 = PCURVE('',#4184,#6574);
#6574 = DEFINITIONAL_REPRESENTATION('',(#6575),#6579);
#6575 = LINE('',#6576,#6577);
#6576 = CARTESIAN_POINT('',(10.261791741578,0.));
#6577 = VECTOR('',#6578,1.);
#6578 = DIRECTION('',(0.,-1.));
#6579 = ( GEOMETRIC_REPRESENTATION_CONTEXT(2) 
PARAMETRIC_REPRESENTATION_CONTEXT() REPRESENTATION_CONTEXT('2D SPACE',''
  ) );
#6580 = PCURVE('',#4210,#6581);
#6581 = DEFINITIONAL_REPRESENTATION('',(#6582),#6586);
#6582 = LINE('',#6583,#6584);
#6583 = CARTESIAN_POINT('',(0.,0.));
#6584 = VECTOR('',#6585,1.);
#6585 = DIRECTION('',(0.,-1.));
#6586 = ( GEOMETRIC_REPRESENTATION_CONTEXT(2) 
PARAMETRIC_REPRESENTATION_CONTEXT() REPRESENTATION_CONTEXT('2D SPACE',''
  ) );
#6587 = ADVANCED_FACE('',(#6588),#4964,.T.);
#6588 = FACE_BOUND('',#6589,.T.);
#6589 = EDGE_LOOP('',(#6590,#6591,#6612,#6613));
#6590 = ORIENTED_EDGE('',*,*,#5964,.T.);
#6591 = ORIENTED_EDGE('',*,*,#6592,.T.);
#6592 = EDGE_CURVE('',#5944,#4924,#6593,.T.);
#6593 = SURFACE_CURVE('',#6594,(#6598,#6605),.PCURVE_S1.);
#6594 = LINE('',#6595,#6596);
#6595 = CARTESIAN_POINT('',(296.10609974278,97.493778220784,-15.));
#6596 = VECTOR('',#6597,1.);
#6597 = DIRECTION('',(0.,0.,1.));
#6598 = PCURVE('',#4964,#6599);
#6599 = DEFINITIONAL_REPRESENTATION('',(#6600),#6604);
#6600 = LINE('',#6601,#6602);
#6601 = CARTESIAN_POINT('',(0.,0.));
#6602 = VECTOR('',#6603,1.);
#6603 = DIRECTION('',(0.,-1.));
#6604 = ( GEOMETRIC_REPRESENTATION_CONTEXT(2) 
PARAMETRIC_REPRESENTATION_CONTEXT() REPRESENTATION_CONTEXT('2D SPACE',''
  ) );
#6605 = PCURVE('',#4938,#6606);
#6606 = DEFINITIONAL_REPRESENTATION('',(#6607),#6611);
#6607 = LINE('',#6608,#6609);
#6608 = CARTESIAN_POINT('',(9.911870744752,0.));
#6609 = VECTOR('',#6610,1.);
#6610 = DIRECTION('',(0.,-1.));
#6611 = ( GEOMETRIC_REPRESENTATION_CONTEXT(2) 
PARAMETRIC_REPRESENTATION_CONTEXT() REPRESENTATION_CONTEXT('2D SPACE',''
  ) );
#6612 = ORIENTED_EDGE('',*,*,#4949,.F.);
#6613 = ORIENTED_EDGE('',*,*,#6538,.F.);
#6614 = ADVANCED_FACE('',(#6615),#4210,.T.);
#6615 = FACE_BOUND('',#6616,.T.);
#6616 = EDGE_LOOP('',(#6617,#6618,#6619,#6620));
#6617 = ORIENTED_EDGE('',*,*,#5355,.T.);
#6618 = ORIENTED_EDGE('',*,*,#6567,.T.);
#6619 = ORIENTED_EDGE('',*,*,#4195,.F.);
#6620 = ORIENTED_EDGE('',*,*,#6621,.F.);
#6621 = EDGE_CURVE('',#5356,#4196,#6622,.T.);
#6622 = SURFACE_CURVE('',#6623,(#6627,#6634),.PCURVE_S1.);
#6623 = LINE('',#6624,#6625);
#6624 = CARTESIAN_POINT('',(-84.2081208284,29.786438915695,-15.));
#6625 = VECTOR('',#6626,1.);
#6626 = DIRECTION('',(0.,0.,1.));
#6627 = PCURVE('',#4210,#6628);
#6628 = DEFINITIONAL_REPRESENTATION('',(#6629),#6633);
#6629 = LINE('',#6630,#6631);
#6630 = CARTESIAN_POINT('',(10.261791741578,0.));
#6631 = VECTOR('',#6632,1.);
#6632 = DIRECTION('',(0.,-1.));
#6633 = ( GEOMETRIC_REPRESENTATION_CONTEXT(2) 
PARAMETRIC_REPRESENTATION_CONTEXT() REPRESENTATION_CONTEXT('2D SPACE',''
  ) );
#6634 = PCURVE('',#4236,#6635);
#6635 = DEFINITIONAL_REPRESENTATION('',(#6636),#6640);
#6636 = LINE('',#6637,#6638);
#6637 = CARTESIAN_POINT('',(0.,0.));
#6638 = VECTOR('',#6639,1.);
#6639 = DIRECTION('',(0.,-1.));
#6640 = ( GEOMETRIC_REPRESENTATION_CONTEXT(2) 
PARAMETRIC_REPRESENTATION_CONTEXT() REPRESENTATION_CONTEXT('2D SPACE',''
  ) );
#6641 = ADVANCED_FACE('',(#6642),#4938,.T.);
#6642 = FACE_BOUND('',#6643,.T.);
#6643 = EDGE_LOOP('',(#6644,#6645,#6666,#6667));
#6644 = ORIENTED_EDGE('',*,*,#5943,.T.);
#6645 = ORIENTED_EDGE('',*,*,#6646,.T.);
#6646 = EDGE_CURVE('',#5923,#4898,#6647,.T.);
#6647 = SURFACE_CURVE('',#6648,(#6652,#6659),.PCURVE_S1.);
#6648 = LINE('',#6649,#6650);
#6649 = CARTESIAN_POINT('',(296.56183212639,87.592389951698,-15.));
#6650 = VECTOR('',#6651,1.);
#6651 = DIRECTION('',(0.,0.,1.));
#6652 = PCURVE('',#4938,#6653);
#6653 = DEFINITIONAL_REPRESENTATION('',(#6654),#6658);
#6654 = LINE('',#6655,#6656);
#6655 = CARTESIAN_POINT('',(0.,0.));
#6656 = VECTOR('',#6657,1.);
#6657 = DIRECTION('',(0.,-1.));
#6658 = ( GEOMETRIC_REPRESENTATION_CONTEXT(2) 
PARAMETRIC_REPRESENTATION_CONTEXT() REPRESENTATION_CONTEXT('2D SPACE',''
  ) );
#6659 = PCURVE('',#4912,#6660);
#6660 = DEFINITIONAL_REPRESENTATION('',(#6661),#6665);
#6661 = LINE('',#6662,#6663);
#6662 = CARTESIAN_POINT('',(9.911870744752,0.));
#6663 = VECTOR('',#6664,1.);
#6664 = DIRECTION('',(0.,-1.));
#6665 = ( GEOMETRIC_REPRESENTATION_CONTEXT(2) 
PARAMETRIC_REPRESENTATION_CONTEXT() REPRESENTATION_CONTEXT('2D SPACE',''
  ) );
#6666 = ORIENTED_EDGE('',*,*,#4923,.F.);
#6667 = ORIENTED_EDGE('',*,*,#6592,.F.);
#6668 = ADVANCED_FACE('',(#6669),#4236,.T.);
#6669 = FACE_BOUND('',#6670,.T.);
#6670 = EDGE_LOOP('',(#6671,#6672,#6673,#6674));
#6671 = ORIENTED_EDGE('',*,*,#5376,.T.);
#6672 = ORIENTED_EDGE('',*,*,#6621,.T.);
#6673 = ORIENTED_EDGE('',*,*,#4221,.F.);
#6674 = ORIENTED_EDGE('',*,*,#6675,.F.);
#6675 = EDGE_CURVE('',#5377,#4222,#6676,.T.);
#6676 = SURFACE_CURVE('',#6677,(#6681,#6688),.PCURVE_S1.);
#6677 = LINE('',#6678,#6679);
#6678 = CARTESIAN_POINT('',(-87.06880582486,19.931447738707,-15.));
#6679 = VECTOR('',#6680,1.);
#6680 = DIRECTION('',(0.,0.,1.));
#6681 = PCURVE('',#4236,#6682);
#6682 = DEFINITIONAL_REPRESENTATION('',(#6683),#6687);
#6683 = LINE('',#6684,#6685);
#6684 = CARTESIAN_POINT('',(10.261791741578,0.));
#6685 = VECTOR('',#6686,1.);
#6686 = DIRECTION('',(0.,-1.));
#6687 = ( GEOMETRIC_REPRESENTATION_CONTEXT(2) 
PARAMETRIC_REPRESENTATION_CONTEXT() REPRESENTATION_CONTEXT('2D SPACE',''
  ) );
#6688 = PCURVE('',#4262,#6689);
#6689 = DEFINITIONAL_REPRESENTATION('',(#6690),#6694);
#6690 = LINE('',#6691,#6692);
#6691 = CARTESIAN_POINT('',(0.,0.));
#6692 = VECTOR('',#6693,1.);
#6693 = DIRECTION('',(0.,-1.));
#6694 = ( GEOMETRIC_REPRESENTATION_CONTEXT(2) 
PARAMETRIC_REPRESENTATION_CONTEXT() REPRESENTATION_CONTEXT('2D SPACE',''
  ) );
#6695 = ADVANCED_FACE('',(#6696),#4912,.T.);
#6696 = FACE_BOUND('',#6697,.T.);
#6697 = EDGE_LOOP('',(#6698,#6699,#6720,#6721));
#6698 = ORIENTED_EDGE('',*,*,#5922,.T.);
#6699 = ORIENTED_EDGE('',*,*,#6700,.T.);
#6700 = EDGE_CURVE('',#5902,#4872,#6701,.T.);
#6701 = SURFACE_CURVE('',#6702,(#6706,#6713),.PCURVE_S1.);
#6702 = LINE('',#6703,#6704);
#6703 = CARTESIAN_POINT('',(295.01711546213,77.801627362001,-15.));
#6704 = VECTOR('',#6705,1.);
#6705 = DIRECTION('',(0.,0.,1.));
#6706 = PCURVE('',#4912,#6707);
#6707 = DEFINITIONAL_REPRESENTATION('',(#6708),#6712);
#6708 = LINE('',#6709,#6710);
#6709 = CARTESIAN_POINT('',(0.,0.));
#6710 = VECTOR('',#6711,1.);
#6711 = DIRECTION('',(0.,-1.));
#6712 = ( GEOMETRIC_REPRESENTATION_CONTEXT(2) 
PARAMETRIC_REPRESENTATION_CONTEXT() REPRESENTATION_CONTEXT('2D SPACE',''
  ) );
#6713 = PCURVE('',#4886,#6714);
#6714 = DEFINITIONAL_REPRESENTATION('',(#6715),#6719);
#6715 = LINE('',#6716,#6717);
#6716 = CARTESIAN_POINT('',(9.911870744752,0.));
#6717 = VECTOR('',#6718,1.);
#6718 = DIRECTION('',(0.,-1.));
#6719 = ( GEOMETRIC_REPRESENTATION_CONTEXT(2) 
PARAMETRIC_REPRESENTATION_CONTEXT() REPRESENTATION_CONTEXT('2D SPACE',''
  ) );
#6720 = ORIENTED_EDGE('',*,*,#4897,.F.);
#6721 = ORIENTED_EDGE('',*,*,#6646,.F.);
#6722 = ADVANCED_FACE('',(#6723),#4262,.T.);
#6723 = FACE_BOUND('',#6724,.T.);
#6724 = EDGE_LOOP('',(#6725,#6726,#6727,#6728));
#6725 = ORIENTED_EDGE('',*,*,#5397,.T.);
#6726 = ORIENTED_EDGE('',*,*,#6675,.T.);
#6727 = ORIENTED_EDGE('',*,*,#4247,.F.);
#6728 = ORIENTED_EDGE('',*,*,#6729,.F.);
#6729 = EDGE_CURVE('',#5398,#4248,#6730,.T.);
#6730 = SURFACE_CURVE('',#6731,(#6735,#6742),.PCURVE_S1.);
#6731 = LINE('',#6732,#6733);
#6732 = CARTESIAN_POINT('',(-88.78027417311,9.813382417686,-15.));
#6733 = VECTOR('',#6734,1.);
#6734 = DIRECTION('',(0.,0.,1.));
#6735 = PCURVE('',#4262,#6736);
#6736 = DEFINITIONAL_REPRESENTATION('',(#6737),#6741);
#6737 = LINE('',#6738,#6739);
#6738 = CARTESIAN_POINT('',(10.261791741578,0.));
#6739 = VECTOR('',#6740,1.);
#6740 = DIRECTION('',(0.,-1.));
#6741 = ( GEOMETRIC_REPRESENTATION_CONTEXT(2) 
PARAMETRIC_REPRESENTATION_CONTEXT() REPRESENTATION_CONTEXT('2D SPACE',''
  ) );
#6742 = PCURVE('',#4288,#6743);
#6743 = DEFINITIONAL_REPRESENTATION('',(#6744),#6748);
#6744 = LINE('',#6745,#6746);
#6745 = CARTESIAN_POINT('',(0.,0.));
#6746 = VECTOR('',#6747,1.);
#6747 = DIRECTION('',(0.,-1.));
#6748 = ( GEOMETRIC_REPRESENTATION_CONTEXT(2) 
PARAMETRIC_REPRESENTATION_CONTEXT() REPRESENTATION_CONTEXT('2D SPACE',''
  ) );
#6749 = ADVANCED_FACE('',(#6750),#4886,.T.);
#6750 = FACE_BOUND('',#6751,.T.);
#6751 = EDGE_LOOP('',(#6752,#6753,#6774,#6775));
#6752 = ORIENTED_EDGE('',*,*,#5901,.T.);
#6753 = ORIENTED_EDGE('',*,*,#6754,.T.);
#6754 = EDGE_CURVE('',#5881,#4846,#6755,.T.);
#6755 = SURFACE_CURVE('',#6756,(#6760,#6767),.PCURVE_S1.);
#6756 = LINE('',#6757,#6758);
#6757 = CARTESIAN_POINT('',(291.53506272689,68.521514732852,-15.));
#6758 = VECTOR('',#6759,1.);
#6759 = DIRECTION('',(0.,0.,1.));
#6760 = PCURVE('',#4886,#6761);
#6761 = DEFINITIONAL_REPRESENTATION('',(#6762),#6766);
#6762 = LINE('',#6763,#6764);
#6763 = CARTESIAN_POINT('',(0.,0.));
#6764 = VECTOR('',#6765,1.);
#6765 = DIRECTION('',(0.,-1.));
#6766 = ( GEOMETRIC_REPRESENTATION_CONTEXT(2) 
PARAMETRIC_REPRESENTATION_CONTEXT() REPRESENTATION_CONTEXT('2D SPACE',''
  ) );
#6767 = PCURVE('',#4860,#6768);
#6768 = DEFINITIONAL_REPRESENTATION('',(#6769),#6773);
#6769 = LINE('',#6770,#6771);
#6770 = CARTESIAN_POINT('',(9.911870744752,0.));
#6771 = VECTOR('',#6772,1.);
#6772 = DIRECTION('',(0.,-1.));
#6773 = ( GEOMETRIC_REPRESENTATION_CONTEXT(2) 
PARAMETRIC_REPRESENTATION_CONTEXT() REPRESENTATION_CONTEXT('2D SPACE',''
  ) );
#6774 = ORIENTED_EDGE('',*,*,#4871,.F.);
#6775 = ORIENTED_EDGE('',*,*,#6700,.F.);
#6776 = ADVANCED_FACE('',(#6777),#4288,.T.);
#6777 = FACE_BOUND('',#6778,.T.);
#6778 = EDGE_LOOP('',(#6779,#6780,#6781,#6782));
#6779 = ORIENTED_EDGE('',*,*,#5418,.T.);
#6780 = ORIENTED_EDGE('',*,*,#6729,.T.);
#6781 = ORIENTED_EDGE('',*,*,#4273,.F.);
#6782 = ORIENTED_EDGE('',*,*,#6783,.F.);
#6783 = EDGE_CURVE('',#5419,#4274,#6784,.T.);
#6784 = SURFACE_CURVE('',#6785,(#6789,#6796),.PCURVE_S1.);
#6785 = LINE('',#6786,#6787);
#6786 = CARTESIAN_POINT('',(-89.31993629126,-0.43420922844,-15.));
#6787 = VECTOR('',#6788,1.);
#6788 = DIRECTION('',(0.,0.,1.));
#6789 = PCURVE('',#4288,#6790);
#6790 = DEFINITIONAL_REPRESENTATION('',(#6791),#6795);
#6791 = LINE('',#6792,#6793);
#6792 = CARTESIAN_POINT('',(10.261791741578,0.));
#6793 = VECTOR('',#6794,1.);
#6794 = DIRECTION('',(0.,-1.));
#6795 = ( GEOMETRIC_REPRESENTATION_CONTEXT(2) 
PARAMETRIC_REPRESENTATION_CONTEXT() REPRESENTATION_CONTEXT('2D SPACE',''
  ) );
#6796 = PCURVE('',#4314,#6797);
#6797 = DEFINITIONAL_REPRESENTATION('',(#6798),#6802);
#6798 = LINE('',#6799,#6800);
#6799 = CARTESIAN_POINT('',(0.,0.));
#6800 = VECTOR('',#6801,1.);
#6801 = DIRECTION('',(0.,-1.));
#6802 = ( GEOMETRIC_REPRESENTATION_CONTEXT(2) 
PARAMETRIC_REPRESENTATION_CONTEXT() REPRESENTATION_CONTEXT('2D SPACE',''
  ) );
#6803 = ADVANCED_FACE('',(#6804),#4860,.T.);
#6804 = FACE_BOUND('',#6805,.T.);
#6805 = EDGE_LOOP('',(#6806,#6807,#6828,#6829));
#6806 = ORIENTED_EDGE('',*,*,#5880,.T.);
#6807 = ORIENTED_EDGE('',*,*,#6808,.T.);
#6808 = EDGE_CURVE('',#5860,#4820,#6809,.T.);
#6809 = SURFACE_CURVE('',#6810,(#6814,#6821),.PCURVE_S1.);
#6810 = LINE('',#6811,#6812);
#6811 = CARTESIAN_POINT('',(286.25794124966,60.131212558597,-15.));
#6812 = VECTOR('',#6813,1.);
#6813 = DIRECTION('',(0.,0.,1.));
#6814 = PCURVE('',#4860,#6815);
#6815 = DEFINITIONAL_REPRESENTATION('',(#6816),#6820);
#6816 = LINE('',#6817,#6818);
#6817 = CARTESIAN_POINT('',(0.,0.));
#6818 = VECTOR('',#6819,1.);
#6819 = DIRECTION('',(0.,-1.));
#6820 = ( GEOMETRIC_REPRESENTATION_CONTEXT(2) 
PARAMETRIC_REPRESENTATION_CONTEXT() REPRESENTATION_CONTEXT('2D SPACE',''
  ) );
#6821 = PCURVE('',#4834,#6822);
#6822 = DEFINITIONAL_REPRESENTATION('',(#6823),#6827);
#6823 = LINE('',#6824,#6825);
#6824 = CARTESIAN_POINT('',(9.911870744752,0.));
#6825 = VECTOR('',#6826,1.);
#6826 = DIRECTION('',(0.,-1.));
#6827 = ( GEOMETRIC_REPRESENTATION_CONTEXT(2) 
PARAMETRIC_REPRESENTATION_CONTEXT() REPRESENTATION_CONTEXT('2D SPACE',''
  ) );
#6828 = ORIENTED_EDGE('',*,*,#4845,.F.);
#6829 = ORIENTED_EDGE('',*,*,#6754,.F.);
#6830 = ADVANCED_FACE('',(#6831),#4314,.T.);
#6831 = FACE_BOUND('',#6832,.T.);
#6832 = EDGE_LOOP('',(#6833,#6834,#6835,#6836));
#6833 = ORIENTED_EDGE('',*,*,#5439,.T.);
#6834 = ORIENTED_EDGE('',*,*,#6783,.T.);
#6835 = ORIENTED_EDGE('',*,*,#4299,.F.);
#6836 = ORIENTED_EDGE('',*,*,#6837,.F.);
#6837 = EDGE_CURVE('',#5440,#4300,#6838,.T.);
#6838 = SURFACE_CURVE('',#6839,(#6843,#6850),.PCURVE_S1.);
#6839 = LINE('',#6840,#6841);
#6840 = CARTESIAN_POINT('',(-88.68066920702,-10.6760697695,-15.));
#6841 = VECTOR('',#6842,1.);
#6842 = DIRECTION('',(0.,0.,1.));
#6843 = PCURVE('',#4314,#6844);
#6844 = DEFINITIONAL_REPRESENTATION('',(#6845),#6849);
#6845 = LINE('',#6846,#6847);
#6846 = CARTESIAN_POINT('',(10.261791741578,0.));
#6847 = VECTOR('',#6848,1.);
#6848 = DIRECTION('',(0.,-1.));
#6849 = ( GEOMETRIC_REPRESENTATION_CONTEXT(2) 
PARAMETRIC_REPRESENTATION_CONTEXT() REPRESENTATION_CONTEXT('2D SPACE',''
  ) );
#6850 = PCURVE('',#4340,#6851);
#6851 = DEFINITIONAL_REPRESENTATION('',(#6852),#6856);
#6852 = LINE('',#6853,#6854);
#6853 = CARTESIAN_POINT('',(0.,0.));
#6854 = VECTOR('',#6855,1.);
#6855 = DIRECTION('',(0.,-1.));
#6856 = ( GEOMETRIC_REPRESENTATION_CONTEXT(2) 
PARAMETRIC_REPRESENTATION_CONTEXT() REPRESENTATION_CONTEXT('2D SPACE',''
  ) );
#6857 = ADVANCED_FACE('',(#6858),#4834,.T.);
#6858 = FACE_BOUND('',#6859,.T.);
#6859 = EDGE_LOOP('',(#6860,#6861,#6882,#6883));
#6860 = ORIENTED_EDGE('',*,*,#5859,.T.);
#6861 = ORIENTED_EDGE('',*,*,#6862,.T.);
#6862 = EDGE_CURVE('',#5839,#4794,#6863,.T.);
#6863 = SURFACE_CURVE('',#6864,(#6868,#6875),.PCURVE_S1.);
#6864 = LINE('',#6865,#6866);
#6865 = CARTESIAN_POINT('',(279.4013600503,52.973526066635,-15.));
#6866 = VECTOR('',#6867,1.);
#6867 = DIRECTION('',(0.,0.,1.));
#6868 = PCURVE('',#4834,#6869);
#6869 = DEFINITIONAL_REPRESENTATION('',(#6870),#6874);
#6870 = LINE('',#6871,#6872);
#6871 = CARTESIAN_POINT('',(0.,0.));
#6872 = VECTOR('',#6873,1.);
#6873 = DIRECTION('',(0.,-1.));
#6874 = ( GEOMETRIC_REPRESENTATION_CONTEXT(2) 
PARAMETRIC_REPRESENTATION_CONTEXT() REPRESENTATION_CONTEXT('2D SPACE',''
  ) );
#6875 = PCURVE('',#4808,#6876);
#6876 = DEFINITIONAL_REPRESENTATION('',(#6877),#6881);
#6877 = LINE('',#6878,#6879);
#6878 = CARTESIAN_POINT('',(9.911870744752,0.));
#6879 = VECTOR('',#6880,1.);
#6880 = DIRECTION('',(0.,-1.));
#6881 = ( GEOMETRIC_REPRESENTATION_CONTEXT(2) 
PARAMETRIC_REPRESENTATION_CONTEXT() REPRESENTATION_CONTEXT('2D SPACE',''
  ) );
#6882 = ORIENTED_EDGE('',*,*,#4819,.F.);
#6883 = ORIENTED_EDGE('',*,*,#6808,.F.);
#6884 = ADVANCED_FACE('',(#6885),#4340,.T.);
#6885 = FACE_BOUND('',#6886,.T.);
#6886 = EDGE_LOOP('',(#6887,#6888,#6889,#6890));
#6887 = ORIENTED_EDGE('',*,*,#5460,.T.);
#6888 = ORIENTED_EDGE('',*,*,#6837,.T.);
#6889 = ORIENTED_EDGE('',*,*,#4325,.F.);
#6890 = ORIENTED_EDGE('',*,*,#6891,.F.);
#6891 = EDGE_CURVE('',#5461,#4326,#6892,.T.);
#6892 = SURFACE_CURVE('',#6893,(#6897,#6904),.PCURVE_S1.);
#6893 = LINE('',#6894,#6895);
#6894 = CARTESIAN_POINT('',(-86.87091057346,-20.77701741988,-15.));
#6895 = VECTOR('',#6896,1.);
#6896 = DIRECTION('',(0.,0.,1.));
#6897 = PCURVE('',#4340,#6898);
#6898 = DEFINITIONAL_REPRESENTATION('',(#6899),#6903);
#6899 = LINE('',#6900,#6901);
#6900 = CARTESIAN_POINT('',(10.261791741578,0.));
#6901 = VECTOR('',#6902,1.);
#6902 = DIRECTION('',(0.,-1.));
#6903 = ( GEOMETRIC_REPRESENTATION_CONTEXT(2) 
PARAMETRIC_REPRESENTATION_CONTEXT() REPRESENTATION_CONTEXT('2D SPACE',''
  ) );
#6904 = PCURVE('',#4366,#6905);
#6905 = DEFINITIONAL_REPRESENTATION('',(#6906),#6910);
#6906 = LINE('',#6907,#6908);
#6907 = CARTESIAN_POINT('',(0.,0.));
#6908 = VECTOR('',#6909,1.);
#6909 = DIRECTION('',(0.,-1.));
#6910 = ( GEOMETRIC_REPRESENTATION_CONTEXT(2) 
PARAMETRIC_REPRESENTATION_CONTEXT() REPRESENTATION_CONTEXT('2D SPACE',''
  ) );
#6911 = ADVANCED_FACE('',(#6912),#4808,.T.);
#6912 = FACE_BOUND('',#6913,.T.);
#6913 = EDGE_LOOP('',(#6914,#6915,#6936,#6937));
#6914 = ORIENTED_EDGE('',*,*,#5838,.T.);
#6915 = ORIENTED_EDGE('',*,*,#6916,.T.);
#6916 = EDGE_CURVE('',#5818,#4768,#6917,.T.);
#6917 = SURFACE_CURVE('',#6918,(#6922,#6929),.PCURVE_S1.);
#6918 = LINE('',#6919,#6920);
#6919 = CARTESIAN_POINT('',(271.24546063364,47.340899115905,-15.));
#6920 = VECTOR('',#6921,1.);
#6921 = DIRECTION('',(0.,0.,1.));
#6922 = PCURVE('',#4808,#6923);
#6923 = DEFINITIONAL_REPRESENTATION('',(#6924),#6928);
#6924 = LINE('',#6925,#6926);
#6925 = CARTESIAN_POINT('',(0.,0.));
#6926 = VECTOR('',#6927,1.);
#6927 = DIRECTION('',(0.,-1.));
#6928 = ( GEOMETRIC_REPRESENTATION_CONTEXT(2) 
PARAMETRIC_REPRESENTATION_CONTEXT() REPRESENTATION_CONTEXT('2D SPACE',''
  ) );
#6929 = PCURVE('',#4782,#6930);
#6930 = DEFINITIONAL_REPRESENTATION('',(#6931),#6935);
#6931 = LINE('',#6932,#6933);
#6932 = CARTESIAN_POINT('',(260.45541093771,0.));
#6933 = VECTOR('',#6934,1.);
#6934 = DIRECTION('',(0.,-1.));
#6935 = ( GEOMETRIC_REPRESENTATION_CONTEXT(2) 
PARAMETRIC_REPRESENTATION_CONTEXT() REPRESENTATION_CONTEXT('2D SPACE',''
  ) );
#6936 = ORIENTED_EDGE('',*,*,#4793,.F.);
#6937 = ORIENTED_EDGE('',*,*,#6862,.F.);
#6938 = ADVANCED_FACE('',(#6939),#4366,.T.);
#6939 = FACE_BOUND('',#6940,.T.);
#6940 = EDGE_LOOP('',(#6941,#6942,#6943,#6944));
#6941 = ORIENTED_EDGE('',*,*,#5481,.T.);
#6942 = ORIENTED_EDGE('',*,*,#6891,.T.);
#6943 = ORIENTED_EDGE('',*,*,#4351,.F.);
#6944 = ORIENTED_EDGE('',*,*,#6945,.F.);
#6945 = EDGE_CURVE('',#5482,#4352,#6946,.T.);
#6946 = SURFACE_CURVE('',#6947,(#6951,#6958),.PCURVE_S1.);
#6947 = LINE('',#6948,#6949);
#6948 = CARTESIAN_POINT('',(-83.91454730084,-30.6037302959,-15.));
#6949 = VECTOR('',#6950,1.);
#6950 = DIRECTION('',(0.,0.,1.));
#6951 = PCURVE('',#4366,#6952);
#6952 = DEFINITIONAL_REPRESENTATION('',(#6953),#6957);
#6953 = LINE('',#6954,#6955);
#6954 = CARTESIAN_POINT('',(10.261791741578,0.));
#6955 = VECTOR('',#6956,1.);
#6956 = DIRECTION('',(0.,-1.));
#6957 = ( GEOMETRIC_REPRESENTATION_CONTEXT(2) 
PARAMETRIC_REPRESENTATION_CONTEXT() REPRESENTATION_CONTEXT('2D SPACE',''
  ) );
#6958 = PCURVE('',#4392,#6959);
#6959 = DEFINITIONAL_REPRESENTATION('',(#6960),#6964);
#6960 = LINE('',#6961,#6962);
#6961 = CARTESIAN_POINT('',(0.,0.));
#6962 = VECTOR('',#6963,1.);
#6963 = DIRECTION('',(0.,-1.));
#6964 = ( GEOMETRIC_REPRESENTATION_CONTEXT(2) 
PARAMETRIC_REPRESENTATION_CONTEXT() REPRESENTATION_CONTEXT('2D SPACE',''
  ) );
#6965 = ADVANCED_FACE('',(#6966),#4782,.T.);
#6966 = FACE_BOUND('',#6967,.T.);
#6967 = EDGE_LOOP('',(#6968,#6969,#6990,#6991));
#6968 = ORIENTED_EDGE('',*,*,#5817,.T.);
#6969 = ORIENTED_EDGE('',*,*,#6970,.T.);
#6970 = EDGE_CURVE('',#5797,#4742,#6971,.T.);
#6971 = SURFACE_CURVE('',#6972,(#6976,#6983),.PCURVE_S1.);
#6972 = LINE('',#6973,#6974);
#6973 = CARTESIAN_POINT('',(43.070568275851,-78.25065945488,-15.));
#6974 = VECTOR('',#6975,1.);
#6975 = DIRECTION('',(0.,0.,1.));
#6976 = PCURVE('',#4782,#6977);
#6977 = DEFINITIONAL_REPRESENTATION('',(#6978),#6982);
#6978 = LINE('',#6979,#6980);
#6979 = CARTESIAN_POINT('',(0.,0.));
#6980 = VECTOR('',#6981,1.);
#6981 = DIRECTION('',(0.,-1.));
#6982 = ( GEOMETRIC_REPRESENTATION_CONTEXT(2) 
PARAMETRIC_REPRESENTATION_CONTEXT() REPRESENTATION_CONTEXT('2D SPACE',''
  ) );
#6983 = PCURVE('',#4756,#6984);
#6984 = DEFINITIONAL_REPRESENTATION('',(#6985),#6989);
#6985 = LINE('',#6986,#6987);
#6986 = CARTESIAN_POINT('',(10.261791741578,0.));
#6987 = VECTOR('',#6988,1.);
#6988 = DIRECTION('',(0.,-1.));
#6989 = ( GEOMETRIC_REPRESENTATION_CONTEXT(2) 
PARAMETRIC_REPRESENTATION_CONTEXT() REPRESENTATION_CONTEXT('2D SPACE',''
  ) );
#6990 = ORIENTED_EDGE('',*,*,#4767,.F.);
#6991 = ORIENTED_EDGE('',*,*,#6916,.F.);
#6992 = ADVANCED_FACE('',(#6993),#4392,.T.);
#6993 = FACE_BOUND('',#6994,.T.);
#6994 = EDGE_LOOP('',(#6995,#6996,#6997,#6998));
#6995 = ORIENTED_EDGE('',*,*,#5502,.T.);
#6996 = ORIENTED_EDGE('',*,*,#6945,.T.);
#6997 = ORIENTED_EDGE('',*,*,#4377,.F.);
#6998 = ORIENTED_EDGE('',*,*,#6999,.F.);
#6999 = EDGE_CURVE('',#5503,#4378,#7000,.T.);
#7000 = SURFACE_CURVE('',#7001,(#7005,#7012),.PCURVE_S1.);
#7001 = LINE('',#7002,#7003);
#7002 = CARTESIAN_POINT('',(-79.85060027451,-40.02650612443,-15.));
#7003 = VECTOR('',#7004,1.);
#7004 = DIRECTION('',(0.,0.,1.));
#7005 = PCURVE('',#4392,#7006);
#7006 = DEFINITIONAL_REPRESENTATION('',(#7007),#7011);
#7007 = LINE('',#7008,#7009);
#7008 = CARTESIAN_POINT('',(10.261791741578,0.));
#7009 = VECTOR('',#7010,1.);
#7010 = DIRECTION('',(0.,-1.));
#7011 = ( GEOMETRIC_REPRESENTATION_CONTEXT(2) 
PARAMETRIC_REPRESENTATION_CONTEXT() REPRESENTATION_CONTEXT('2D SPACE',''
  ) );
#7012 = PCURVE('',#4418,#7013);
#7013 = DEFINITIONAL_REPRESENTATION('',(#7014),#7018);
#7014 = LINE('',#7015,#7016);
#7015 = CARTESIAN_POINT('',(0.,0.));
#7016 = VECTOR('',#7017,1.);
#7017 = DIRECTION('',(0.,-1.));
#7018 = ( GEOMETRIC_REPRESENTATION_CONTEXT(2) 
PARAMETRIC_REPRESENTATION_CONTEXT() REPRESENTATION_CONTEXT('2D SPACE',''
  ) );
#7019 = ADVANCED_FACE('',(#7020),#4756,.T.);
#7020 = FACE_BOUND('',#7021,.T.);
#7021 = EDGE_LOOP('',(#7022,#7023,#7044,#7045));
#7022 = ORIENTED_EDGE('',*,*,#5796,.T.);
#7023 = ORIENTED_EDGE('',*,*,#7024,.T.);
#7024 = EDGE_CURVE('',#5776,#4716,#7025,.T.);
#7025 = SURFACE_CURVE('',#7026,(#7030,#7037),.PCURVE_S1.);
#7026 = LINE('',#7027,#7028);
#7027 = CARTESIAN_POINT('',(33.811211603078,-82.67430995576,-15.));
#7028 = VECTOR('',#7029,1.);
#7029 = DIRECTION('',(0.,0.,1.));
#7030 = PCURVE('',#4756,#7031);
#7031 = DEFINITIONAL_REPRESENTATION('',(#7032),#7036);
#7032 = LINE('',#7033,#7034);
#7033 = CARTESIAN_POINT('',(0.,0.));
#7034 = VECTOR('',#7035,1.);
#7035 = DIRECTION('',(0.,-1.));
#7036 = ( GEOMETRIC_REPRESENTATION_CONTEXT(2) 
PARAMETRIC_REPRESENTATION_CONTEXT() REPRESENTATION_CONTEXT('2D SPACE',''
  ) );
#7037 = PCURVE('',#4730,#7038);
#7038 = DEFINITIONAL_REPRESENTATION('',(#7039),#7043);
#7039 = LINE('',#7040,#7041);
#7040 = CARTESIAN_POINT('',(10.261791741578,0.));
#7041 = VECTOR('',#7042,1.);
#7042 = DIRECTION('',(0.,-1.));
#7043 = ( GEOMETRIC_REPRESENTATION_CONTEXT(2) 
PARAMETRIC_REPRESENTATION_CONTEXT() REPRESENTATION_CONTEXT('2D SPACE',''
  ) );
#7044 = ORIENTED_EDGE('',*,*,#4741,.F.);
#7045 = ORIENTED_EDGE('',*,*,#6970,.F.);
#7046 = ADVANCED_FACE('',(#7047),#4418,.T.);
#7047 = FACE_BOUND('',#7048,.T.);
#7048 = EDGE_LOOP('',(#7049,#7050,#7051,#7052));
#7049 = ORIENTED_EDGE('',*,*,#5523,.T.);
#7050 = ORIENTED_EDGE('',*,*,#6999,.T.);
#7051 = ORIENTED_EDGE('',*,*,#4403,.F.);
#7052 = ORIENTED_EDGE('',*,*,#7053,.F.);
#7053 = EDGE_CURVE('',#5524,#4404,#7054,.T.);
#7054 = SURFACE_CURVE('',#7055,(#7059,#7066),.PCURVE_S1.);
#7055 = LINE('',#7056,#7057);
#7056 = CARTESIAN_POINT('',(-74.73270932032,-48.92097417645,-15.));
#7057 = VECTOR('',#7058,1.);
#7058 = DIRECTION('',(0.,0.,1.));
#7059 = PCURVE('',#4418,#7060);
#7060 = DEFINITIONAL_REPRESENTATION('',(#7061),#7065);
#7061 = LINE('',#7062,#7063);
#7062 = CARTESIAN_POINT('',(10.261791741578,0.));
#7063 = VECTOR('',#7064,1.);
#7064 = DIRECTION('',(0.,-1.));
#7065 = ( GEOMETRIC_REPRESENTATION_CONTEXT(2) 
PARAMETRIC_REPRESENTATION_CONTEXT() REPRESENTATION_CONTEXT('2D SPACE',''
  ) );
#7066 = PCURVE('',#4444,#7067);
#7067 = DEFINITIONAL_REPRESENTATION('',(#7068),#7072);
#7068 = LINE('',#7069,#7070);
#7069 = CARTESIAN_POINT('',(0.,0.));
#7070 = VECTOR('',#7071,1.);
#7071 = DIRECTION('',(0.,-1.));
#7072 = ( GEOMETRIC_REPRESENTATION_CONTEXT(2) 
PARAMETRIC_REPRESENTATION_CONTEXT() REPRESENTATION_CONTEXT('2D SPACE',''
  ) );
#7073 = ADVANCED_FACE('',(#7074),#4730,.T.);
#7074 = FACE_BOUND('',#7075,.T.);
#7075 = EDGE_LOOP('',(#7076,#7077,#7098,#7099));
#7076 = ORIENTED_EDGE('',*,*,#5775,.T.);
#7077 = ORIENTED_EDGE('',*,*,#7078,.T.);
#7078 = EDGE_CURVE('',#5755,#4690,#7079,.T.);
#7079 = SURFACE_CURVE('',#7080,(#7084,#7091),.PCURVE_S1.);
#7080 = LINE('',#7081,#7082);
#7081 = CARTESIAN_POINT('',(24.105582503544,-86.00674653127,-15.));
#7082 = VECTOR('',#7083,1.);
#7083 = DIRECTION('',(0.,0.,1.));
#7084 = PCURVE('',#4730,#7085);
#7085 = DEFINITIONAL_REPRESENTATION('',(#7086),#7090);
#7086 = LINE('',#7087,#7088);
#7087 = CARTESIAN_POINT('',(0.,0.));
#7088 = VECTOR('',#7089,1.);
#7089 = DIRECTION('',(0.,-1.));
#7090 = ( GEOMETRIC_REPRESENTATION_CONTEXT(2) 
PARAMETRIC_REPRESENTATION_CONTEXT() REPRESENTATION_CONTEXT('2D SPACE',''
  ) );
#7091 = PCURVE('',#4704,#7092);
#7092 = DEFINITIONAL_REPRESENTATION('',(#7093),#7097);
#7093 = LINE('',#7094,#7095);
#7094 = CARTESIAN_POINT('',(10.261791741578,0.));
#7095 = VECTOR('',#7096,1.);
#7096 = DIRECTION('',(0.,-1.));
#7097 = ( GEOMETRIC_REPRESENTATION_CONTEXT(2) 
PARAMETRIC_REPRESENTATION_CONTEXT() REPRESENTATION_CONTEXT('2D SPACE',''
  ) );
#7098 = ORIENTED_EDGE('',*,*,#4715,.F.);
#7099 = ORIENTED_EDGE('',*,*,#7024,.F.);
#7100 = ADVANCED_FACE('',(#7101),#4444,.T.);
#7101 = FACE_BOUND('',#7102,.T.);
#7102 = EDGE_LOOP('',(#7103,#7104,#7105,#7106));
#7103 = ORIENTED_EDGE('',*,*,#5544,.T.);
#7104 = ORIENTED_EDGE('',*,*,#7053,.T.);
#7105 = ORIENTED_EDGE('',*,*,#4429,.F.);
#7106 = ORIENTED_EDGE('',*,*,#7107,.F.);
#7107 = EDGE_CURVE('',#5545,#4430,#7108,.T.);
#7108 = SURFACE_CURVE('',#7109,(#7113,#7120),.PCURVE_S1.);
#7109 = LINE('',#7110,#7111);
#7110 = CARTESIAN_POINT('',(-68.62842521529,-57.16973682988,-15.));
#7111 = VECTOR('',#7112,1.);
#7112 = DIRECTION('',(0.,0.,1.));
#7113 = PCURVE('',#4444,#7114);
#7114 = DEFINITIONAL_REPRESENTATION('',(#7115),#7119);
#7115 = LINE('',#7116,#7117);
#7116 = CARTESIAN_POINT('',(10.261791741578,0.));
#7117 = VECTOR('',#7118,1.);
#7118 = DIRECTION('',(0.,-1.));
#7119 = ( GEOMETRIC_REPRESENTATION_CONTEXT(2) 
PARAMETRIC_REPRESENTATION_CONTEXT() REPRESENTATION_CONTEXT('2D SPACE',''
  ) );
#7120 = PCURVE('',#4470,#7121);
#7121 = DEFINITIONAL_REPRESENTATION('',(#7122),#7126);
#7122 = LINE('',#7123,#7124);
#7123 = CARTESIAN_POINT('',(0.,0.));
#7124 = VECTOR('',#7125,1.);
#7125 = DIRECTION('',(0.,-1.));
#7126 = ( GEOMETRIC_REPRESENTATION_CONTEXT(2) 
PARAMETRIC_REPRESENTATION_CONTEXT() REPRESENTATION_CONTEXT('2D SPACE',''
  ) );
#7127 = ADVANCED_FACE('',(#7128),#4704,.T.);
#7128 = FACE_BOUND('',#7129,.T.);
#7129 = EDGE_LOOP('',(#7130,#7131,#7152,#7153));
#7130 = ORIENTED_EDGE('',*,*,#5754,.T.);
#7131 = ORIENTED_EDGE('',*,*,#7132,.T.);
#7132 = EDGE_CURVE('',#5734,#4664,#7133,.T.);
#7133 = SURFACE_CURVE('',#7134,(#7138,#7145),.PCURVE_S1.);
#7134 = LINE('',#7135,#7136);
#7135 = CARTESIAN_POINT('',(14.081785071901,-88.20398452404,-15.));
#7136 = VECTOR('',#7137,1.);
#7137 = DIRECTION('',(0.,0.,1.));
#7138 = PCURVE('',#4704,#7139);
#7139 = DEFINITIONAL_REPRESENTATION('',(#7140),#7144);
#7140 = LINE('',#7141,#7142);
#7141 = CARTESIAN_POINT('',(0.,0.));
#7142 = VECTOR('',#7143,1.);
#7143 = DIRECTION('',(0.,-1.));
#7144 = ( GEOMETRIC_REPRESENTATION_CONTEXT(2) 
PARAMETRIC_REPRESENTATION_CONTEXT() REPRESENTATION_CONTEXT('2D SPACE',''
  ) );
#7145 = PCURVE('',#4678,#7146);
#7146 = DEFINITIONAL_REPRESENTATION('',(#7147),#7151);
#7147 = LINE('',#7148,#7149);
#7148 = CARTESIAN_POINT('',(10.261791741578,0.));
#7149 = VECTOR('',#7150,1.);
#7150 = DIRECTION('',(0.,-1.));
#7151 = ( GEOMETRIC_REPRESENTATION_CONTEXT(2) 
PARAMETRIC_REPRESENTATION_CONTEXT() REPRESENTATION_CONTEXT('2D SPACE',''
  ) );
#7152 = ORIENTED_EDGE('',*,*,#4689,.F.);
#7153 = ORIENTED_EDGE('',*,*,#7078,.F.);
#7154 = ADVANCED_FACE('',(#7155),#4470,.T.);
#7155 = FACE_BOUND('',#7156,.T.);
#7156 = EDGE_LOOP('',(#7157,#7158,#7159,#7160));
#7157 = ORIENTED_EDGE('',*,*,#5565,.T.);
#7158 = ORIENTED_EDGE('',*,*,#7107,.T.);
#7159 = ORIENTED_EDGE('',*,*,#4455,.F.);
#7160 = ORIENTED_EDGE('',*,*,#7161,.F.);
#7161 = EDGE_CURVE('',#5566,#4456,#7162,.T.);
#7162 = SURFACE_CURVE('',#7163,(#7167,#7174),.PCURVE_S1.);
#7163 = LINE('',#7164,#7165);
#7164 = CARTESIAN_POINT('',(-61.61831808844,-64.66391909466,-15.));
#7165 = VECTOR('',#7166,1.);
#7166 = DIRECTION('',(0.,0.,1.));
#7167 = PCURVE('',#4470,#7168);
#7168 = DEFINITIONAL_REPRESENTATION('',(#7169),#7173);
#7169 = LINE('',#7170,#7171);
#7170 = CARTESIAN_POINT('',(10.261791741578,0.));
#7171 = VECTOR('',#7172,1.);
#7172 = DIRECTION('',(0.,-1.));
#7173 = ( GEOMETRIC_REPRESENTATION_CONTEXT(2) 
PARAMETRIC_REPRESENTATION_CONTEXT() REPRESENTATION_CONTEXT('2D SPACE',''
  ) );
#7174 = PCURVE('',#4496,#7175);
#7175 = DEFINITIONAL_REPRESENTATION('',(#7176),#7180);
#7176 = LINE('',#7177,#7178);
#7177 = CARTESIAN_POINT('',(0.,0.));
#7178 = VECTOR('',#7179,1.);
#7179 = DIRECTION('',(0.,-1.));
#7180 = ( GEOMETRIC_REPRESENTATION_CONTEXT(2) 
PARAMETRIC_REPRESENTATION_CONTEXT() REPRESENTATION_CONTEXT('2D SPACE',''
  ) );
#7181 = ADVANCED_FACE('',(#7182),#4678,.T.);
#7182 = FACE_BOUND('',#7183,.T.);
#7183 = EDGE_LOOP('',(#7184,#7185,#7206,#7207));
#7184 = ORIENTED_EDGE('',*,*,#5733,.T.);
#7185 = ORIENTED_EDGE('',*,*,#7186,.T.);
#7186 = EDGE_CURVE('',#5713,#4638,#7187,.T.);
#7187 = SURFACE_CURVE('',#7188,(#7192,#7199),.PCURVE_S1.);
#7188 = LINE('',#7189,#7190);
#7189 = CARTESIAN_POINT('',(3.872122890099,-89.23702270388,-15.));
#7190 = VECTOR('',#7191,1.);
#7191 = DIRECTION('',(0.,0.,1.));
#7192 = PCURVE('',#4678,#7193);
#7193 = DEFINITIONAL_REPRESENTATION('',(#7194),#7198);
#7194 = LINE('',#7195,#7196);
#7195 = CARTESIAN_POINT('',(0.,0.));
#7196 = VECTOR('',#7197,1.);
#7197 = DIRECTION('',(0.,-1.));
#7198 = ( GEOMETRIC_REPRESENTATION_CONTEXT(2) 
PARAMETRIC_REPRESENTATION_CONTEXT() REPRESENTATION_CONTEXT('2D SPACE',''
  ) );
#7199 = PCURVE('',#4652,#7200);
#7200 = DEFINITIONAL_REPRESENTATION('',(#7201),#7205);
#7201 = LINE('',#7202,#7203);
#7202 = CARTESIAN_POINT('',(10.261791741578,0.));
#7203 = VECTOR('',#7204,1.);
#7204 = DIRECTION('',(0.,-1.));
#7205 = ( GEOMETRIC_REPRESENTATION_CONTEXT(2) 
PARAMETRIC_REPRESENTATION_CONTEXT() REPRESENTATION_CONTEXT('2D SPACE',''
  ) );
#7206 = ORIENTED_EDGE('',*,*,#4663,.F.);
#7207 = ORIENTED_EDGE('',*,*,#7132,.F.);
#7208 = ADVANCED_FACE('',(#7209),#4496,.T.);
#7209 = FACE_BOUND('',#7210,.T.);
#7210 = EDGE_LOOP('',(#7211,#7212,#7213,#7214));
#7211 = ORIENTED_EDGE('',*,*,#5586,.T.);
#7212 = ORIENTED_EDGE('',*,*,#7161,.T.);
#7213 = ORIENTED_EDGE('',*,*,#4481,.F.);
#7214 = ORIENTED_EDGE('',*,*,#7215,.F.);
#7215 = EDGE_CURVE('',#5587,#4482,#7216,.T.);
#7216 = SURFACE_CURVE('',#7217,(#7221,#7228),.PCURVE_S1.);
#7217 = LINE('',#7218,#7219);
#7218 = CARTESIAN_POINT('',(-53.79491397984,-71.30460564809,-15.));
#7219 = VECTOR('',#7220,1.);
#7220 = DIRECTION('',(0.,0.,1.));
#7221 = PCURVE('',#4496,#7222);
#7222 = DEFINITIONAL_REPRESENTATION('',(#7223),#7227);
#7223 = LINE('',#7224,#7225);
#7224 = CARTESIAN_POINT('',(10.261791741578,0.));
#7225 = VECTOR('',#7226,1.);
#7226 = DIRECTION('',(0.,-1.));
#7227 = ( GEOMETRIC_REPRESENTATION_CONTEXT(2) 
PARAMETRIC_REPRESENTATION_CONTEXT() REPRESENTATION_CONTEXT('2D SPACE',''
  ) );
#7228 = PCURVE('',#4522,#7229);
#7229 = DEFINITIONAL_REPRESENTATION('',(#7230),#7234);
#7230 = LINE('',#7231,#7232);
#7231 = CARTESIAN_POINT('',(0.,0.));
#7232 = VECTOR('',#7233,1.);
#7233 = DIRECTION('',(0.,-1.));
#7234 = ( GEOMETRIC_REPRESENTATION_CONTEXT(2) 
PARAMETRIC_REPRESENTATION_CONTEXT() REPRESENTATION_CONTEXT('2D SPACE',''
  ) );
#7235 = ADVANCED_FACE('',(#7236),#4652,.T.);
#7236 = FACE_BOUND('',#7237,.T.);
#7237 = EDGE_LOOP('',(#7238,#7239,#7260,#7261));
#7238 = ORIENTED_EDGE('',*,*,#5712,.T.);
#7239 = ORIENTED_EDGE('',*,*,#7240,.T.);
#7240 = EDGE_CURVE('',#5692,#4612,#7241,.T.);
#7241 = SURFACE_CURVE('',#7242,(#7246,#7253),.PCURVE_S1.);
#7242 = LINE('',#7243,#7244);
#7243 = CARTESIAN_POINT('',(-6.388647240721,-89.09222605347,-15.));
#7244 = VECTOR('',#7245,1.);
#7245 = DIRECTION('',(0.,0.,1.));
#7246 = PCURVE('',#4652,#7247);
#7247 = DEFINITIONAL_REPRESENTATION('',(#7248),#7252);
#7248 = LINE('',#7249,#7250);
#7249 = CARTESIAN_POINT('',(0.,0.));
#7250 = VECTOR('',#7251,1.);
#7251 = DIRECTION('',(0.,-1.));
#7252 = ( GEOMETRIC_REPRESENTATION_CONTEXT(2) 
PARAMETRIC_REPRESENTATION_CONTEXT() REPRESENTATION_CONTEXT('2D SPACE',''
  ) );
#7253 = PCURVE('',#4626,#7254);
#7254 = DEFINITIONAL_REPRESENTATION('',(#7255),#7259);
#7255 = LINE('',#7256,#7257);
#7256 = CARTESIAN_POINT('',(10.261791741578,0.));
#7257 = VECTOR('',#7258,1.);
#7258 = DIRECTION('',(0.,-1.));
#7259 = ( GEOMETRIC_REPRESENTATION_CONTEXT(2) 
PARAMETRIC_REPRESENTATION_CONTEXT() REPRESENTATION_CONTEXT('2D SPACE',''
  ) );
#7260 = ORIENTED_EDGE('',*,*,#4637,.F.);
#7261 = ORIENTED_EDGE('',*,*,#7186,.F.);
#7262 = ADVANCED_FACE('',(#7263),#4522,.T.);
#7263 = FACE_BOUND('',#7264,.T.);
#7264 = EDGE_LOOP('',(#7265,#7266,#7267,#7268));
#7265 = ORIENTED_EDGE('',*,*,#5607,.T.);
#7266 = ORIENTED_EDGE('',*,*,#7215,.T.);
#7267 = ORIENTED_EDGE('',*,*,#4507,.F.);
#7268 = ORIENTED_EDGE('',*,*,#7269,.F.);
#7269 = EDGE_CURVE('',#5608,#4508,#7270,.T.);
#7270 = SURFACE_CURVE('',#7271,(#7275,#7282),.PCURVE_S1.);
#7271 = LINE('',#7272,#7273);
#7272 = CARTESIAN_POINT('',(-45.26147359418,-77.00414641311,-15.));
#7273 = VECTOR('',#7274,1.);
#7274 = DIRECTION('',(0.,0.,1.));
#7275 = PCURVE('',#4522,#7276);
#7276 = DEFINITIONAL_REPRESENTATION('',(#7277),#7281);
#7277 = LINE('',#7278,#7279);
#7278 = CARTESIAN_POINT('',(10.261791741578,0.));
#7279 = VECTOR('',#7280,1.);
#7280 = DIRECTION('',(0.,-1.));
#7281 = ( GEOMETRIC_REPRESENTATION_CONTEXT(2) 
PARAMETRIC_REPRESENTATION_CONTEXT() REPRESENTATION_CONTEXT('2D SPACE',''
  ) );
#7282 = PCURVE('',#4548,#7283);
#7283 = DEFINITIONAL_REPRESENTATION('',(#7284),#7288);
#7284 = LINE('',#7285,#7286);
#7285 = CARTESIAN_POINT('',(0.,0.));
#7286 = VECTOR('',#7287,1.);
#7287 = DIRECTION('',(0.,-1.));
#7288 = ( GEOMETRIC_REPRESENTATION_CONTEXT(2) 
PARAMETRIC_REPRESENTATION_CONTEXT() REPRESENTATION_CONTEXT('2D SPACE',''
  ) );
#7289 = ADVANCED_FACE('',(#7290),#4626,.T.);
#7290 = FACE_BOUND('',#7291,.T.);
#7291 = EDGE_LOOP('',(#7292,#7293,#7314,#7315));
#7292 = ORIENTED_EDGE('',*,*,#5691,.T.);
#7293 = ORIENTED_EDGE('',*,*,#7294,.T.);
#7294 = EDGE_CURVE('',#5671,#4586,#7295,.T.);
#7295 = SURFACE_CURVE('',#7296,(#7300,#7307),.PCURVE_S1.);
#7296 = LINE('',#7297,#7298);
#7297 = CARTESIAN_POINT('',(-16.56509394825,-87.77150573628,-15.));
#7298 = VECTOR('',#7299,1.);
#7299 = DIRECTION('',(0.,0.,1.));
#7300 = PCURVE('',#4626,#7301);
#7301 = DEFINITIONAL_REPRESENTATION('',(#7302),#7306);
#7302 = LINE('',#7303,#7304);
#7303 = CARTESIAN_POINT('',(0.,0.));
#7304 = VECTOR('',#7305,1.);
#7305 = DIRECTION('',(0.,-1.));
#7306 = ( GEOMETRIC_REPRESENTATION_CONTEXT(2) 
PARAMETRIC_REPRESENTATION_CONTEXT() REPRESENTATION_CONTEXT('2D SPACE',''
  ) );
#7307 = PCURVE('',#4600,#7308);
#7308 = DEFINITIONAL_REPRESENTATION('',(#7309),#7313);
#7309 = LINE('',#7310,#7311);
#7310 = CARTESIAN_POINT('',(10.261791741578,0.));
#7311 = VECTOR('',#7312,1.);
#7312 = DIRECTION('',(0.,-1.));
#7313 = ( GEOMETRIC_REPRESENTATION_CONTEXT(2) 
PARAMETRIC_REPRESENTATION_CONTEXT() REPRESENTATION_CONTEXT('2D SPACE',''
  ) );
#7314 = ORIENTED_EDGE('',*,*,#4611,.F.);
#7315 = ORIENTED_EDGE('',*,*,#7240,.F.);
#7316 = ADVANCED_FACE('',(#7317),#4548,.T.);
#7317 = FACE_BOUND('',#7318,.T.);
#7318 = EDGE_LOOP('',(#7319,#7320,#7321,#7322));
#7319 = ORIENTED_EDGE('',*,*,#5628,.T.);
#7320 = ORIENTED_EDGE('',*,*,#7269,.T.);
#7321 = ORIENTED_EDGE('',*,*,#4533,.F.);
#7322 = ORIENTED_EDGE('',*,*,#7323,.F.);
#7323 = EDGE_CURVE('',#5629,#4534,#7324,.T.);
#7324 = SURFACE_CURVE('',#7325,(#7329,#7336),.PCURVE_S1.);
#7325 = LINE('',#7326,#7327);
#7326 = CARTESIAN_POINT('',(-36.13062936815,-81.68731344701,-15.));
#7327 = VECTOR('',#7328,1.);
#7328 = DIRECTION('',(0.,0.,1.));
#7329 = PCURVE('',#4548,#7330);
#7330 = DEFINITIONAL_REPRESENTATION('',(#7331),#7335);
#7331 = LINE('',#7332,#7333);
#7332 = CARTESIAN_POINT('',(10.261791741578,0.));
#7333 = VECTOR('',#7334,1.);
#7334 = DIRECTION('',(0.,-1.));
#7335 = ( GEOMETRIC_REPRESENTATION_CONTEXT(2) 
PARAMETRIC_REPRESENTATION_CONTEXT() REPRESENTATION_CONTEXT('2D SPACE',''
  ) );
#7336 = PCURVE('',#4574,#7337);
#7337 = DEFINITIONAL_REPRESENTATION('',(#7338),#7342);
#7338 = LINE('',#7339,#7340);
#7339 = CARTESIAN_POINT('',(0.,0.));
#7340 = VECTOR('',#7341,1.);
#7341 = DIRECTION('',(0.,-1.));
#7342 = ( GEOMETRIC_REPRESENTATION_CONTEXT(2) 
PARAMETRIC_REPRESENTATION_CONTEXT() REPRESENTATION_CONTEXT('2D SPACE',''
  ) );
#7343 = ADVANCED_FACE('',(#7344),#4600,.T.);
#7344 = FACE_BOUND('',#7345,.T.);
#7345 = EDGE_LOOP('',(#7346,#7347,#7368,#7369));
#7346 = ORIENTED_EDGE('',*,*,#5670,.T.);
#7347 = ORIENTED_EDGE('',*,*,#7348,.T.);
#7348 = EDGE_CURVE('',#5650,#4560,#7349,.T.);
#7349 = SURFACE_CURVE('',#7350,(#7354,#7361),.PCURVE_S1.);
#7350 = LINE('',#7351,#7352);
#7351 = CARTESIAN_POINT('',(-26.52289884068,-85.29229387122,-15.));
#7352 = VECTOR('',#7353,1.);
#7353 = DIRECTION('',(0.,0.,1.));
#7354 = PCURVE('',#4600,#7355);
#7355 = DEFINITIONAL_REPRESENTATION('',(#7356),#7360);
#7356 = LINE('',#7357,#7358);
#7357 = CARTESIAN_POINT('',(0.,0.));
#7358 = VECTOR('',#7359,1.);
#7359 = DIRECTION('',(0.,-1.));
#7360 = ( GEOMETRIC_REPRESENTATION_CONTEXT(2) 
PARAMETRIC_REPRESENTATION_CONTEXT() REPRESENTATION_CONTEXT('2D SPACE',''
  ) );
#7361 = PCURVE('',#4574,#7362);
#7362 = DEFINITIONAL_REPRESENTATION('',(#7363),#7367);
#7363 = LINE('',#7364,#7365);
#7364 = CARTESIAN_POINT('',(10.261791741578,0.));
#7365 = VECTOR('',#7366,1.);
#7366 = DIRECTION('',(0.,-1.));
#7367 = ( GEOMETRIC_REPRESENTATION_CONTEXT(2) 
PARAMETRIC_REPRESENTATION_CONTEXT() REPRESENTATION_CONTEXT('2D SPACE',''
  ) );
#7368 = ORIENTED_EDGE('',*,*,#4585,.F.);
#7369 = ORIENTED_EDGE('',*,*,#7294,.F.);
#7370 = ADVANCED_FACE('',(#7371),#4574,.T.);
#7371 = FACE_BOUND('',#7372,.T.);
#7372 = EDGE_LOOP('',(#7373,#7374,#7375,#7376));
#7373 = ORIENTED_EDGE('',*,*,#5649,.T.);
#7374 = ORIENTED_EDGE('',*,*,#7323,.T.);
#7375 = ORIENTED_EDGE('',*,*,#4559,.F.);
#7376 = ORIENTED_EDGE('',*,*,#7348,.F.);
#7377 = ( GEOMETRIC_REPRESENTATION_CONTEXT(3) 
GLOBAL_UNCERTAINTY_ASSIGNED_CONTEXT((#7381)) 
GLOBAL_UNIT_ASSIGNED_CONTEXT((#7378,#7379,#7380)) REPRESENTATION_CONTEXT
('Context #1','3D Context with UNIT and UNCERTAINTY') );
#7378 = ( LENGTH_UNIT() NAMED_UNIT(*) SI_UNIT(.MILLI.,.METRE.) );
#7379 = ( NAMED_UNIT(*) PLANE_ANGLE_UNIT() SI_UNIT($,.RADIAN.) );
#7380 = ( NAMED_UNIT(*) SI_UNIT($,.STERADIAN.) SOLID_ANGLE_UNIT() );
#7381 = UNCERTAINTY_MEASURE_WITH_UNIT(LENGTH_MEASURE(1.E-07),#7378,
  'distance_accuracy_value','confusion accuracy');
#7382 = PRODUCT_RELATED_PRODUCT_CATEGORY('part',$,(#7));
#7383 = MECHANICAL_DESIGN_GEOMETRIC_PRESENTATION_REPRESENTATION('',(
    #7384),#7377);
#7384 = STYLED_ITEM('color',(#7385),#15);
#7385 = PRESENTATION_STYLE_ASSIGNMENT((#7386));
#7386 = SURFACE_STYLE_USAGE(.BOTH.,#7387);
#7387 = SURFACE_SIDE_STYLE('',(#7388));
#7388 = SURFACE_STYLE_FILL_AREA(#7389);
#7389 = FILL_AREA_STYLE('',(#7390));
#7390 = FILL_AREA_STYLE_COLOUR('',#7391);
#7391 = COLOUR_RGB('',0.583831500637,0.583831500637,0.583831500637);
ENDSEC;
END-ISO-10303-21;
