ISO-10303-21;
HEADER;
FILE_DESCRIPTION(('Open CASCADE Model'),'2;1');
FILE_NAME('Open CASCADE Shape Model','2026-10-02T07:31:16',('Author'),(
    'Open CASCADE'),'Open CASCADE STEP processor 7.9','Open CASCADE 7.9'
  ,'Unknown');
FILE_SCHEMA(('AUTOMOTIVE_DESIGN { 1 0 10303 214 1 1 1 1 }'));
ENDSEC;
DATA;
#1 = APPLICATION_PROTOCOL_DEFINITION('international standard',
  'automotive_design',2000,#2);
#2 = APPLICATION_CONTEXT(
  'core data for automotive mechanical design processes');
#3 = SHAPE_DEFINITION_REPRESENTATION(#4,#10);
#4 = PRODUCT_DEFINITION_SHAPE('','',#5);
#5 = PRODUCT_DEFINITION('design','',#6,#9);
#6 = PRODUCT_DEFINITION_FORMATION('','',#7);
#7 = PRODUCT('C-DRV-07_Chain_428_66_links','C-DRV-07_Chain_428_66_links'
  ,'',(#8));
#8 = PRODUCT_CONTEXT('',#2,'mechanical');
#9 = PRODUCT_DEFINITION_CONTEXT('part definition',#2,'design');
#10 = ADVANCED_BREP_SHAPE_REPRESENTATION('',(#11,#15),#9709);
#11 = AXIS2_PLACEMENT_3D('',#12,#13,#14);
#12 = CARTESIAN_POINT('',(0.,0.,0.));
#13 = DIRECTION('',(0.,0.,1.));
#14 = DIRECTION('',(1.,0.,-0.));
#15 = MANIFOLD_SOLID_BREP('',#16);
#16 = CLOSED_SHELL('',(#17,#137,#213,#289,#365,#441,#517,#593,#669,#745,
    #821,#897,#973,#1049,#1125,#1201,#1277,#1353,#1429,#1505,#1581,#1657
    ,#1733,#1809,#1885,#1961,#2037,#2113,#2189,#2265,#2341,#2417,#2493,
    #2569,#2645,#2721,#2797,#2873,#2949,#3025,#3101,#3177,#3253,#3329,
    #3405,#3481,#3557,#3633,#3709,#3785,#3861,#3937,#4013,#4089,#4165,
    #4241,#4317,#4393,#4469,#4545,#4621,#4692,#4739,#4849,#4925,#5001,
    #5077,#5153,#5229,#5305,#5381,#5457,#5533,#5609,#5685,#5761,#5837,
    #5913,#5989,#6065,#6141,#6217,#6293,#6369,#6445,#6521,#6597,#6673,
    #6749,#6825,#6901,#6977,#7053,#7129,#7205,#7281,#7357,#7433,#7509,
    #7585,#7661,#7737,#7813,#7889,#7965,#8041,#8117,#8193,#8269,#8345,
    #8421,#8497,#8573,#8649,#8725,#8801,#8877,#8953,#9029,#9105,#9181,
    #9257,#9333,#9404,#9451,#9580));
#17 = ADVANCED_FACE('',(#18),#32,.F.);
#18 = FACE_BOUND('',#19,.F.);
#19 = EDGE_LOOP('',(#20,#55,#83,#111));
#20 = ORIENTED_EDGE('',*,*,#21,.T.);
#21 = EDGE_CURVE('',#22,#24,#26,.T.);
#22 = VERTEX_POINT('',#23);
#23 = CARTESIAN_POINT('',(-14.49264433075,72.894259487908,-3.75));
#24 = VERTEX_POINT('',#25);
#25 = CARTESIAN_POINT('',(-14.49264433075,72.894259487908,3.75));
#26 = SURFACE_CURVE('',#27,(#31,#43),.PCURVE_S1.);
#27 = LINE('',#28,#29);
#28 = CARTESIAN_POINT('',(-14.49264433075,72.894259487908,-3.75));
#29 = VECTOR('',#30,1.);
#30 = DIRECTION('',(0.,0.,1.));
#31 = PCURVE('',#32,#37);
#32 = PLANE('',#33);
#33 = AXIS2_PLACEMENT_3D('',#34,#35,#36);
#34 = CARTESIAN_POINT('',(-14.49264433075,72.894259487908,-3.75));
#35 = DIRECTION('',(0.237085177572,-0.971488866934,0.));
#36 = DIRECTION('',(-0.971488866934,-0.237085177572,0.));
#37 = DEFINITIONAL_REPRESENTATION('',(#38),#42);
#38 = LINE('',#39,#40);
#39 = CARTESIAN_POINT('',(0.,0.));
#40 = VECTOR('',#41,1.);
#41 = DIRECTION('',(0.,-1.));
#42 = ( GEOMETRIC_REPRESENTATION_CONTEXT(2) 
PARAMETRIC_REPRESENTATION_CONTEXT() REPRESENTATION_CONTEXT('2D SPACE',''
  ) );
#43 = PCURVE('',#44,#49);
#44 = PLANE('',#45);
#45 = AXIS2_PLACEMENT_3D('',#46,#47,#48);
#46 = CARTESIAN_POINT('',(240.96283167748,123.68324317662,-3.75));
#47 = DIRECTION('',(0.195000685553,-0.980803105946,0.));
#48 = DIRECTION('',(-0.980803105946,-0.195000685553,0.));
#49 = DEFINITIONAL_REPRESENTATION('',(#50),#54);
#50 = LINE('',#51,#52);
#51 = CARTESIAN_POINT('',(260.45541093771,0.));
#52 = VECTOR('',#53,1.);
#53 = DIRECTION('',(0.,-1.));
#54 = ( GEOMETRIC_REPRESENTATION_CONTEXT(2) 
PARAMETRIC_REPRESENTATION_CONTEXT() REPRESENTATION_CONTEXT('2D SPACE',''
  ) );
#55 = ORIENTED_EDGE('',*,*,#56,.T.);
#56 = EDGE_CURVE('',#24,#57,#59,.T.);
#57 = VERTEX_POINT('',#58);
#58 = CARTESIAN_POINT('',(-20.71543045608,71.375631324755,3.75));
#59 = SURFACE_CURVE('',#60,(#64,#71),.PCURVE_S1.);
#60 = LINE('',#61,#62);
#61 = CARTESIAN_POINT('',(-14.49264433075,72.894259487908,3.75));
#62 = VECTOR('',#63,1.);
#63 = DIRECTION('',(-0.971488866934,-0.237085177572,0.));
#64 = PCURVE('',#32,#65);
#65 = DEFINITIONAL_REPRESENTATION('',(#66),#70);
#66 = LINE('',#67,#68);
#67 = CARTESIAN_POINT('',(0.,-7.5));
#68 = VECTOR('',#69,1.);
#69 = DIRECTION('',(1.,0.));
#70 = ( GEOMETRIC_REPRESENTATION_CONTEXT(2) 
PARAMETRIC_REPRESENTATION_CONTEXT() REPRESENTATION_CONTEXT('2D SPACE',''
  ) );
#71 = PCURVE('',#72,#77);
#72 = PLANE('',#73);
#73 = AXIS2_PLACEMENT_3D('',#74,#75,#76);
#74 = CARTESIAN_POINT('',(96.515802372124,35.199422270609,3.75));
#75 = DIRECTION('',(0.,0.,1.));
#76 = DIRECTION('',(1.,0.,-0.));
#77 = DEFINITIONAL_REPRESENTATION('',(#78),#82);
#78 = LINE('',#79,#80);
#79 = CARTESIAN_POINT('',(-111.0084467028,37.694837217299));
#80 = VECTOR('',#81,1.);
#81 = DIRECTION('',(-0.971488866934,-0.237085177572));
#82 = ( GEOMETRIC_REPRESENTATION_CONTEXT(2) 
PARAMETRIC_REPRESENTATION_CONTEXT() REPRESENTATION_CONTEXT('2D SPACE',''
  ) );
#83 = ORIENTED_EDGE('',*,*,#84,.F.);
#84 = EDGE_CURVE('',#85,#57,#87,.T.);
#85 = VERTEX_POINT('',#86);
#86 = CARTESIAN_POINT('',(-20.71543045608,71.375631324755,-3.75));
#87 = SURFACE_CURVE('',#88,(#92,#99),.PCURVE_S1.);
#88 = LINE('',#89,#90);
#89 = CARTESIAN_POINT('',(-20.71543045608,71.375631324755,-3.75));
#90 = VECTOR('',#91,1.);
#91 = DIRECTION('',(0.,0.,1.));
#92 = PCURVE('',#32,#93);
#93 = DEFINITIONAL_REPRESENTATION('',(#94),#98);
#94 = LINE('',#95,#96);
#95 = CARTESIAN_POINT('',(6.40541166979,0.));
#96 = VECTOR('',#97,1.);
#97 = DIRECTION('',(0.,-1.));
#98 = ( GEOMETRIC_REPRESENTATION_CONTEXT(2) 
PARAMETRIC_REPRESENTATION_CONTEXT() REPRESENTATION_CONTEXT('2D SPACE',''
  ) );
#99 = PCURVE('',#100,#105);
#100 = PLANE('',#101);
#101 = AXIS2_PLACEMENT_3D('',#102,#103,#104);
#102 = CARTESIAN_POINT('',(-20.71543045608,71.375631324755,-3.75));
#103 = DIRECTION('',(0.319855380009,-0.947466377176,0.));
#104 = DIRECTION('',(-0.947466377176,-0.319855380009,0.));
#105 = DEFINITIONAL_REPRESENTATION('',(#106),#110);
#106 = LINE('',#107,#108);
#107 = CARTESIAN_POINT('',(0.,0.));
#108 = VECTOR('',#109,1.);
#109 = DIRECTION('',(0.,-1.));
#110 = ( GEOMETRIC_REPRESENTATION_CONTEXT(2) 
PARAMETRIC_REPRESENTATION_CONTEXT() REPRESENTATION_CONTEXT('2D SPACE',''
  ) );
#111 = ORIENTED_EDGE('',*,*,#112,.F.);
#112 = EDGE_CURVE('',#22,#85,#113,.T.);
#113 = SURFACE_CURVE('',#114,(#118,#125),.PCURVE_S1.);
#114 = LINE('',#115,#116);
#115 = CARTESIAN_POINT('',(-14.49264433075,72.894259487908,-3.75));
#116 = VECTOR('',#117,1.);
#117 = DIRECTION('',(-0.971488866934,-0.237085177572,0.));
#118 = PCURVE('',#32,#119);
#119 = DEFINITIONAL_REPRESENTATION('',(#120),#124);
#120 = LINE('',#121,#122);
#121 = CARTESIAN_POINT('',(0.,0.));
#122 = VECTOR('',#123,1.);
#123 = DIRECTION('',(1.,0.));
#124 = ( GEOMETRIC_REPRESENTATION_CONTEXT(2) 
PARAMETRIC_REPRESENTATION_CONTEXT() REPRESENTATION_CONTEXT('2D SPACE',''
  ) );
#125 = PCURVE('',#126,#131);
#126 = PLANE('',#127);
#127 = AXIS2_PLACEMENT_3D('',#128,#129,#130);
#128 = CARTESIAN_POINT('',(96.515802372124,35.199422270609,-3.75));
#129 = DIRECTION('',(0.,0.,1.));
#130 = DIRECTION('',(1.,0.,-0.));
#131 = DEFINITIONAL_REPRESENTATION('',(#132),#136);
#132 = LINE('',#133,#134);
#133 = CARTESIAN_POINT('',(-111.0084467028,37.694837217299));
#134 = VECTOR('',#135,1.);
#135 = DIRECTION('',(-0.971488866934,-0.237085177572));
#136 = ( GEOMETRIC_REPRESENTATION_CONTEXT(2) 
PARAMETRIC_REPRESENTATION_CONTEXT() REPRESENTATION_CONTEXT('2D SPACE',''
  ) );
#137 = ADVANCED_FACE('',(#138),#100,.F.);
#138 = FACE_BOUND('',#139,.F.);
#139 = EDGE_LOOP('',(#140,#141,#164,#192));
#140 = ORIENTED_EDGE('',*,*,#84,.T.);
#141 = ORIENTED_EDGE('',*,*,#142,.T.);
#142 = EDGE_CURVE('',#57,#143,#145,.T.);
#143 = VERTEX_POINT('',#144);
#144 = CARTESIAN_POINT('',(-26.78434264518,69.326825941,3.75));
#145 = SURFACE_CURVE('',#146,(#150,#157),.PCURVE_S1.);
#146 = LINE('',#147,#148);
#147 = CARTESIAN_POINT('',(-20.71543045608,71.375631324755,3.75));
#148 = VECTOR('',#149,1.);
#149 = DIRECTION('',(-0.947466377176,-0.319855380009,0.));
#150 = PCURVE('',#100,#151);
#151 = DEFINITIONAL_REPRESENTATION('',(#152),#156);
#152 = LINE('',#153,#154);
#153 = CARTESIAN_POINT('',(0.,-7.5));
#154 = VECTOR('',#155,1.);
#155 = DIRECTION('',(1.,0.));
#156 = ( GEOMETRIC_REPRESENTATION_CONTEXT(2) 
PARAMETRIC_REPRESENTATION_CONTEXT() REPRESENTATION_CONTEXT('2D SPACE',''
  ) );
#157 = PCURVE('',#72,#158);
#158 = DEFINITIONAL_REPRESENTATION('',(#159),#163);
#159 = LINE('',#160,#161);
#160 = CARTESIAN_POINT('',(-117.2312328282,36.176209054146));
#161 = VECTOR('',#162,1.);
#162 = DIRECTION('',(-0.947466377176,-0.319855380009));
#163 = ( GEOMETRIC_REPRESENTATION_CONTEXT(2) 
PARAMETRIC_REPRESENTATION_CONTEXT() REPRESENTATION_CONTEXT('2D SPACE',''
  ) );
#164 = ORIENTED_EDGE('',*,*,#165,.F.);
#165 = EDGE_CURVE('',#166,#143,#168,.T.);
#166 = VERTEX_POINT('',#167);
#167 = CARTESIAN_POINT('',(-26.78434264518,69.326825941,-3.75));
#168 = SURFACE_CURVE('',#169,(#173,#180),.PCURVE_S1.);
#169 = LINE('',#170,#171);
#170 = CARTESIAN_POINT('',(-26.78434264518,69.326825941,-3.75));
#171 = VECTOR('',#172,1.);
#172 = DIRECTION('',(0.,0.,1.));
#173 = PCURVE('',#100,#174);
#174 = DEFINITIONAL_REPRESENTATION('',(#175),#179);
#175 = LINE('',#176,#177);
#176 = CARTESIAN_POINT('',(6.40541166979,0.));
#177 = VECTOR('',#178,1.);
#178 = DIRECTION('',(0.,-1.));
#179 = ( GEOMETRIC_REPRESENTATION_CONTEXT(2) 
PARAMETRIC_REPRESENTATION_CONTEXT() REPRESENTATION_CONTEXT('2D SPACE',''
  ) );
#180 = PCURVE('',#181,#186);
#181 = PLANE('',#182);
#182 = AXIS2_PLACEMENT_3D('',#183,#184,#185);
#183 = CARTESIAN_POINT('',(-26.78434264518,69.326825941,-3.75));
#184 = DIRECTION('',(0.400249701025,-0.91640612003,0.));
#185 = DIRECTION('',(-0.91640612003,-0.400249701025,0.));
#186 = DEFINITIONAL_REPRESENTATION('',(#187),#191);
#187 = LINE('',#188,#189);
#188 = CARTESIAN_POINT('',(0.,0.));
#189 = VECTOR('',#190,1.);
#190 = DIRECTION('',(0.,-1.));
#191 = ( GEOMETRIC_REPRESENTATION_CONTEXT(2) 
PARAMETRIC_REPRESENTATION_CONTEXT() REPRESENTATION_CONTEXT('2D SPACE',''
  ) );
#192 = ORIENTED_EDGE('',*,*,#193,.F.);
#193 = EDGE_CURVE('',#85,#166,#194,.T.);
#194 = SURFACE_CURVE('',#195,(#199,#206),.PCURVE_S1.);
#195 = LINE('',#196,#197);
#196 = CARTESIAN_POINT('',(-20.71543045608,71.375631324755,-3.75));
#197 = VECTOR('',#198,1.);
#198 = DIRECTION('',(-0.947466377176,-0.319855380009,0.));
#199 = PCURVE('',#100,#200);
#200 = DEFINITIONAL_REPRESENTATION('',(#201),#205);
#201 = LINE('',#202,#203);
#202 = CARTESIAN_POINT('',(0.,0.));
#203 = VECTOR('',#204,1.);
#204 = DIRECTION('',(1.,0.));
#205 = ( GEOMETRIC_REPRESENTATION_CONTEXT(2) 
PARAMETRIC_REPRESENTATION_CONTEXT() REPRESENTATION_CONTEXT('2D SPACE',''
  ) );
#206 = PCURVE('',#126,#207);
#207 = DEFINITIONAL_REPRESENTATION('',(#208),#212);
#208 = LINE('',#209,#210);
#209 = CARTESIAN_POINT('',(-117.2312328282,36.176209054146));
#210 = VECTOR('',#211,1.);
#211 = DIRECTION('',(-0.947466377176,-0.319855380009));
#212 = ( GEOMETRIC_REPRESENTATION_CONTEXT(2) 
PARAMETRIC_REPRESENTATION_CONTEXT() REPRESENTATION_CONTEXT('2D SPACE',''
  ) );
#213 = ADVANCED_FACE('',(#214),#181,.F.);
#214 = FACE_BOUND('',#215,.F.);
#215 = EDGE_LOOP('',(#216,#217,#240,#268));
#216 = ORIENTED_EDGE('',*,*,#165,.T.);
#217 = ORIENTED_EDGE('',*,*,#218,.T.);
#218 = EDGE_CURVE('',#143,#219,#221,.T.);
#219 = VERTEX_POINT('',#220);
#220 = CARTESIAN_POINT('',(-32.65430110069,66.763061835221,3.75));
#221 = SURFACE_CURVE('',#222,(#226,#233),.PCURVE_S1.);
#222 = LINE('',#223,#224);
#223 = CARTESIAN_POINT('',(-26.78434264518,69.326825941,3.75));
#224 = VECTOR('',#225,1.);
#225 = DIRECTION('',(-0.91640612003,-0.400249701025,0.));
#226 = PCURVE('',#181,#227);
#227 = DEFINITIONAL_REPRESENTATION('',(#228),#232);
#228 = LINE('',#229,#230);
#229 = CARTESIAN_POINT('',(0.,-7.5));
#230 = VECTOR('',#231,1.);
#231 = DIRECTION('',(1.,0.));
#232 = ( GEOMETRIC_REPRESENTATION_CONTEXT(2) 
PARAMETRIC_REPRESENTATION_CONTEXT() REPRESENTATION_CONTEXT('2D SPACE',''
  ) );
#233 = PCURVE('',#72,#234);
#234 = DEFINITIONAL_REPRESENTATION('',(#235),#239);
#235 = LINE('',#236,#237);
#236 = CARTESIAN_POINT('',(-123.3001450173,34.127403670391));
#237 = VECTOR('',#238,1.);
#238 = DIRECTION('',(-0.91640612003,-0.400249701025));
#239 = ( GEOMETRIC_REPRESENTATION_CONTEXT(2) 
PARAMETRIC_REPRESENTATION_CONTEXT() REPRESENTATION_CONTEXT('2D SPACE',''
  ) );
#240 = ORIENTED_EDGE('',*,*,#241,.F.);
#241 = EDGE_CURVE('',#242,#219,#244,.T.);
#242 = VERTEX_POINT('',#243);
#243 = CARTESIAN_POINT('',(-32.65430110069,66.763061835221,-3.75));
#244 = SURFACE_CURVE('',#245,(#249,#256),.PCURVE_S1.);
#245 = LINE('',#246,#247);
#246 = CARTESIAN_POINT('',(-32.65430110069,66.763061835221,-3.75));
#247 = VECTOR('',#248,1.);
#248 = DIRECTION('',(0.,0.,1.));
#249 = PCURVE('',#181,#250);
#250 = DEFINITIONAL_REPRESENTATION('',(#251),#255);
#251 = LINE('',#252,#253);
#252 = CARTESIAN_POINT('',(6.40541166979,0.));
#253 = VECTOR('',#254,1.);
#254 = DIRECTION('',(0.,-1.));
#255 = ( GEOMETRIC_REPRESENTATION_CONTEXT(2) 
PARAMETRIC_REPRESENTATION_CONTEXT() REPRESENTATION_CONTEXT('2D SPACE',''
  ) );
#256 = PCURVE('',#257,#262);
#257 = PLANE('',#258);
#258 = AXIS2_PLACEMENT_3D('',#259,#260,#261);
#259 = CARTESIAN_POINT('',(-32.65430110069,66.763061835221,-3.75));
#260 = DIRECTION('',(0.477670972696,-0.878538810665,0.));
#261 = DIRECTION('',(-0.878538810665,-0.477670972696,0.));
#262 = DEFINITIONAL_REPRESENTATION('',(#263),#267);
#263 = LINE('',#264,#265);
#264 = CARTESIAN_POINT('',(0.,0.));
#265 = VECTOR('',#266,1.);
#266 = DIRECTION('',(0.,-1.));
#267 = ( GEOMETRIC_REPRESENTATION_CONTEXT(2) 
PARAMETRIC_REPRESENTATION_CONTEXT() REPRESENTATION_CONTEXT('2D SPACE',''
  ) );
#268 = ORIENTED_EDGE('',*,*,#269,.F.);
#269 = EDGE_CURVE('',#166,#242,#270,.T.);
#270 = SURFACE_CURVE('',#271,(#275,#282),.PCURVE_S1.);
#271 = LINE('',#272,#273);
#272 = CARTESIAN_POINT('',(-26.78434264518,69.326825941,-3.75));
#273 = VECTOR('',#274,1.);
#274 = DIRECTION('',(-0.91640612003,-0.400249701025,0.));
#275 = PCURVE('',#181,#276);
#276 = DEFINITIONAL_REPRESENTATION('',(#277),#281);
#277 = LINE('',#278,#279);
#278 = CARTESIAN_POINT('',(0.,0.));
#279 = VECTOR('',#280,1.);
#280 = DIRECTION('',(1.,0.));
#281 = ( GEOMETRIC_REPRESENTATION_CONTEXT(2) 
PARAMETRIC_REPRESENTATION_CONTEXT() REPRESENTATION_CONTEXT('2D SPACE',''
  ) );
#282 = PCURVE('',#126,#283);
#283 = DEFINITIONAL_REPRESENTATION('',(#284),#288);
#284 = LINE('',#285,#286);
#285 = CARTESIAN_POINT('',(-123.3001450173,34.127403670391));
#286 = VECTOR('',#287,1.);
#287 = DIRECTION('',(-0.91640612003,-0.400249701025));
#288 = ( GEOMETRIC_REPRESENTATION_CONTEXT(2) 
PARAMETRIC_REPRESENTATION_CONTEXT() REPRESENTATION_CONTEXT('2D SPACE',''
  ) );
#289 = ADVANCED_FACE('',(#290),#257,.F.);
#290 = FACE_BOUND('',#291,.F.);
#291 = EDGE_LOOP('',(#292,#293,#316,#344));
#292 = ORIENTED_EDGE('',*,*,#241,.T.);
#293 = ORIENTED_EDGE('',*,*,#294,.T.);
#294 = EDGE_CURVE('',#219,#295,#297,.T.);
#295 = VERTEX_POINT('',#296);
#296 = CARTESIAN_POINT('',(-38.28170385088,63.703382612396,3.75));
#297 = SURFACE_CURVE('',#298,(#302,#309),.PCURVE_S1.);
#298 = LINE('',#299,#300);
#299 = CARTESIAN_POINT('',(-32.65430110069,66.763061835221,3.75));
#300 = VECTOR('',#301,1.);
#301 = DIRECTION('',(-0.878538810665,-0.477670972696,0.));
#302 = PCURVE('',#257,#303);
#303 = DEFINITIONAL_REPRESENTATION('',(#304),#308);
#304 = LINE('',#305,#306);
#305 = CARTESIAN_POINT('',(0.,-7.5));
#306 = VECTOR('',#307,1.);
#307 = DIRECTION('',(1.,0.));
#308 = ( GEOMETRIC_REPRESENTATION_CONTEXT(2) 
PARAMETRIC_REPRESENTATION_CONTEXT() REPRESENTATION_CONTEXT('2D SPACE',''
  ) );
#309 = PCURVE('',#72,#310);
#310 = DEFINITIONAL_REPRESENTATION('',(#311),#315);
#311 = LINE('',#312,#313);
#312 = CARTESIAN_POINT('',(-129.1701034728,31.563639564613));
#313 = VECTOR('',#314,1.);
#314 = DIRECTION('',(-0.878538810665,-0.477670972696));
#315 = ( GEOMETRIC_REPRESENTATION_CONTEXT(2) 
PARAMETRIC_REPRESENTATION_CONTEXT() REPRESENTATION_CONTEXT('2D SPACE',''
  ) );
#316 = ORIENTED_EDGE('',*,*,#317,.F.);
#317 = EDGE_CURVE('',#318,#295,#320,.T.);
#318 = VERTEX_POINT('',#319);
#319 = CARTESIAN_POINT('',(-38.28170385088,63.703382612396,-3.75));
#320 = SURFACE_CURVE('',#321,(#325,#332),.PCURVE_S1.);
#321 = LINE('',#322,#323);
#322 = CARTESIAN_POINT('',(-38.28170385088,63.703382612396,-3.75));
#323 = VECTOR('',#324,1.);
#324 = DIRECTION('',(0.,0.,1.));
#325 = PCURVE('',#257,#326);
#326 = DEFINITIONAL_REPRESENTATION('',(#327),#331);
#327 = LINE('',#328,#329);
#328 = CARTESIAN_POINT('',(6.40541166979,0.));
#329 = VECTOR('',#330,1.);
#330 = DIRECTION('',(0.,-1.));
#331 = ( GEOMETRIC_REPRESENTATION_CONTEXT(2) 
PARAMETRIC_REPRESENTATION_CONTEXT() REPRESENTATION_CONTEXT('2D SPACE',''
  ) );
#332 = PCURVE('',#333,#338);
#333 = PLANE('',#334);
#334 = AXIS2_PLACEMENT_3D('',#335,#336,#337);
#335 = CARTESIAN_POINT('',(-38.28170385088,63.703382612396,-3.75));
#336 = DIRECTION('',(0.551544110865,-0.834145726939,0.));
#337 = DIRECTION('',(-0.834145726939,-0.551544110865,0.));
#338 = DEFINITIONAL_REPRESENTATION('',(#339),#343);
#339 = LINE('',#340,#341);
#340 = CARTESIAN_POINT('',(0.,0.));
#341 = VECTOR('',#342,1.);
#342 = DIRECTION('',(0.,-1.));
#343 = ( GEOMETRIC_REPRESENTATION_CONTEXT(2) 
PARAMETRIC_REPRESENTATION_CONTEXT() REPRESENTATION_CONTEXT('2D SPACE',''
  ) );
#344 = ORIENTED_EDGE('',*,*,#345,.F.);
#345 = EDGE_CURVE('',#242,#318,#346,.T.);
#346 = SURFACE_CURVE('',#347,(#351,#358),.PCURVE_S1.);
#347 = LINE('',#348,#349);
#348 = CARTESIAN_POINT('',(-32.65430110069,66.763061835221,-3.75));
#349 = VECTOR('',#350,1.);
#350 = DIRECTION('',(-0.878538810665,-0.477670972696,0.));
#351 = PCURVE('',#257,#352);
#352 = DEFINITIONAL_REPRESENTATION('',(#353),#357);
#353 = LINE('',#354,#355);
#354 = CARTESIAN_POINT('',(0.,0.));
#355 = VECTOR('',#356,1.);
#356 = DIRECTION('',(1.,0.));
#357 = ( GEOMETRIC_REPRESENTATION_CONTEXT(2) 
PARAMETRIC_REPRESENTATION_CONTEXT() REPRESENTATION_CONTEXT('2D SPACE',''
  ) );
#358 = PCURVE('',#126,#359);
#359 = DEFINITIONAL_REPRESENTATION('',(#360),#364);
#360 = LINE('',#361,#362);
#361 = CARTESIAN_POINT('',(-129.1701034728,31.563639564613));
#362 = VECTOR('',#363,1.);
#363 = DIRECTION('',(-0.878538810665,-0.477670972696));
#364 = ( GEOMETRIC_REPRESENTATION_CONTEXT(2) 
PARAMETRIC_REPRESENTATION_CONTEXT() REPRESENTATION_CONTEXT('2D SPACE',''
  ) );
#365 = ADVANCED_FACE('',(#366),#333,.F.);
#366 = FACE_BOUND('',#367,.F.);
#367 = EDGE_LOOP('',(#368,#369,#392,#420));
#368 = ORIENTED_EDGE('',*,*,#317,.T.);
#369 = ORIENTED_EDGE('',*,*,#370,.T.);
#370 = EDGE_CURVE('',#295,#371,#373,.T.);
#371 = VERTEX_POINT('',#372);
#372 = CARTESIAN_POINT('',(-43.62475062452,60.170515528258,3.75));
#373 = SURFACE_CURVE('',#374,(#378,#385),.PCURVE_S1.);
#374 = LINE('',#375,#376);
#375 = CARTESIAN_POINT('',(-38.28170385088,63.703382612396,3.75));
#376 = VECTOR('',#377,1.);
#377 = DIRECTION('',(-0.834145726939,-0.551544110865,0.));
#378 = PCURVE('',#333,#379);
#379 = DEFINITIONAL_REPRESENTATION('',(#380),#384);
#380 = LINE('',#381,#382);
#381 = CARTESIAN_POINT('',(0.,-7.5));
#382 = VECTOR('',#383,1.);
#383 = DIRECTION('',(1.,0.));
#384 = ( GEOMETRIC_REPRESENTATION_CONTEXT(2) 
PARAMETRIC_REPRESENTATION_CONTEXT() REPRESENTATION_CONTEXT('2D SPACE',''
  ) );
#385 = PCURVE('',#72,#386);
#386 = DEFINITIONAL_REPRESENTATION('',(#387),#391);
#387 = LINE('',#388,#389);
#388 = CARTESIAN_POINT('',(-134.797506223,28.503960341787));
#389 = VECTOR('',#390,1.);
#390 = DIRECTION('',(-0.834145726939,-0.551544110865));
#391 = ( GEOMETRIC_REPRESENTATION_CONTEXT(2) 
PARAMETRIC_REPRESENTATION_CONTEXT() REPRESENTATION_CONTEXT('2D SPACE',''
  ) );
#392 = ORIENTED_EDGE('',*,*,#393,.F.);
#393 = EDGE_CURVE('',#394,#371,#396,.T.);
#394 = VERTEX_POINT('',#395);
#395 = CARTESIAN_POINT('',(-43.62475062452,60.170515528258,-3.75));
#396 = SURFACE_CURVE('',#397,(#401,#408),.PCURVE_S1.);
#397 = LINE('',#398,#399);
#398 = CARTESIAN_POINT('',(-43.62475062452,60.170515528258,-3.75));
#399 = VECTOR('',#400,1.);
#400 = DIRECTION('',(0.,0.,1.));
#401 = PCURVE('',#333,#402);
#402 = DEFINITIONAL_REPRESENTATION('',(#403),#407);
#403 = LINE('',#404,#405);
#404 = CARTESIAN_POINT('',(6.40541166979,0.));
#405 = VECTOR('',#406,1.);
#406 = DIRECTION('',(0.,-1.));
#407 = ( GEOMETRIC_REPRESENTATION_CONTEXT(2) 
PARAMETRIC_REPRESENTATION_CONTEXT() REPRESENTATION_CONTEXT('2D SPACE',''
  ) );
#408 = PCURVE('',#409,#414);
#409 = PLANE('',#410);
#410 = AXIS2_PLACEMENT_3D('',#411,#412,#413);
#411 = CARTESIAN_POINT('',(-43.62475062452,60.170515528258,-3.75));
#412 = DIRECTION('',(0.621320386866,-0.783556620076,0.));
#413 = DIRECTION('',(-0.783556620076,-0.621320386866,0.));
#414 = DEFINITIONAL_REPRESENTATION('',(#415),#419);
#415 = LINE('',#416,#417);
#416 = CARTESIAN_POINT('',(0.,0.));
#417 = VECTOR('',#418,1.);
#418 = DIRECTION('',(0.,-1.));
#419 = ( GEOMETRIC_REPRESENTATION_CONTEXT(2) 
PARAMETRIC_REPRESENTATION_CONTEXT() REPRESENTATION_CONTEXT('2D SPACE',''
  ) );
#420 = ORIENTED_EDGE('',*,*,#421,.F.);
#421 = EDGE_CURVE('',#318,#394,#422,.T.);
#422 = SURFACE_CURVE('',#423,(#427,#434),.PCURVE_S1.);
#423 = LINE('',#424,#425);
#424 = CARTESIAN_POINT('',(-38.28170385088,63.703382612396,-3.75));
#425 = VECTOR('',#426,1.);
#426 = DIRECTION('',(-0.834145726939,-0.551544110865,0.));
#427 = PCURVE('',#333,#428);
#428 = DEFINITIONAL_REPRESENTATION('',(#429),#433);
#429 = LINE('',#430,#431);
#430 = CARTESIAN_POINT('',(0.,0.));
#431 = VECTOR('',#432,1.);
#432 = DIRECTION('',(1.,0.));
#433 = ( GEOMETRIC_REPRESENTATION_CONTEXT(2) 
PARAMETRIC_REPRESENTATION_CONTEXT() REPRESENTATION_CONTEXT('2D SPACE',''
  ) );
#434 = PCURVE('',#126,#435);
#435 = DEFINITIONAL_REPRESENTATION('',(#436),#440);
#436 = LINE('',#437,#438);
#437 = CARTESIAN_POINT('',(-134.797506223,28.503960341787));
#438 = VECTOR('',#439,1.);
#439 = DIRECTION('',(-0.834145726939,-0.551544110865));
#440 = ( GEOMETRIC_REPRESENTATION_CONTEXT(2) 
PARAMETRIC_REPRESENTATION_CONTEXT() REPRESENTATION_CONTEXT('2D SPACE',''
  ) );
#441 = ADVANCED_FACE('',(#442),#409,.F.);
#442 = FACE_BOUND('',#443,.F.);
#443 = EDGE_LOOP('',(#444,#445,#468,#496));
#444 = ORIENTED_EDGE('',*,*,#393,.T.);
#445 = ORIENTED_EDGE('',*,*,#446,.T.);
#446 = EDGE_CURVE('',#371,#447,#449,.T.);
#447 = VERTEX_POINT('',#448);
#448 = CARTESIAN_POINT('',(-48.6437533427,56.190702671551,3.75));
#449 = SURFACE_CURVE('',#450,(#454,#461),.PCURVE_S1.);
#450 = LINE('',#451,#452);
#451 = CARTESIAN_POINT('',(-43.62475062452,60.170515528258,3.75));
#452 = VECTOR('',#453,1.);
#453 = DIRECTION('',(-0.783556620076,-0.621320386866,0.));
#454 = PCURVE('',#409,#455);
#455 = DEFINITIONAL_REPRESENTATION('',(#456),#460);
#456 = LINE('',#457,#458);
#457 = CARTESIAN_POINT('',(0.,-7.5));
#458 = VECTOR('',#459,1.);
#459 = DIRECTION('',(1.,0.));
#460 = ( GEOMETRIC_REPRESENTATION_CONTEXT(2) 
PARAMETRIC_REPRESENTATION_CONTEXT() REPRESENTATION_CONTEXT('2D SPACE',''
  ) );
#461 = PCURVE('',#72,#462);
#462 = DEFINITIONAL_REPRESENTATION('',(#463),#467);
#463 = LINE('',#464,#465);
#464 = CARTESIAN_POINT('',(-140.1405529966,24.971093257649));
#465 = VECTOR('',#466,1.);
#466 = DIRECTION('',(-0.783556620076,-0.621320386866));
#467 = ( GEOMETRIC_REPRESENTATION_CONTEXT(2) 
PARAMETRIC_REPRESENTATION_CONTEXT() REPRESENTATION_CONTEXT('2D SPACE',''
  ) );
#468 = ORIENTED_EDGE('',*,*,#469,.F.);
#469 = EDGE_CURVE('',#470,#447,#472,.T.);
#470 = VERTEX_POINT('',#471);
#471 = CARTESIAN_POINT('',(-48.6437533427,56.190702671551,-3.75));
#472 = SURFACE_CURVE('',#473,(#477,#484),.PCURVE_S1.);
#473 = LINE('',#474,#475);
#474 = CARTESIAN_POINT('',(-48.6437533427,56.190702671551,-3.75));
#475 = VECTOR('',#476,1.);
#476 = DIRECTION('',(0.,0.,1.));
#477 = PCURVE('',#409,#478);
#478 = DEFINITIONAL_REPRESENTATION('',(#479),#483);
#479 = LINE('',#480,#481);
#480 = CARTESIAN_POINT('',(6.40541166979,0.));
#481 = VECTOR('',#482,1.);
#482 = DIRECTION('',(0.,-1.));
#483 = ( GEOMETRIC_REPRESENTATION_CONTEXT(2) 
PARAMETRIC_REPRESENTATION_CONTEXT() REPRESENTATION_CONTEXT('2D SPACE',''
  ) );
#484 = PCURVE('',#485,#490);
#485 = PLANE('',#486);
#486 = AXIS2_PLACEMENT_3D('',#487,#488,#489);
#487 = CARTESIAN_POINT('',(-48.6437533427,56.190702671551,-3.75));
#488 = DIRECTION('',(0.686481503466,-0.727147265276,0.));
#489 = DIRECTION('',(-0.727147265276,-0.686481503466,0.));
#490 = DEFINITIONAL_REPRESENTATION('',(#491),#495);
#491 = LINE('',#492,#493);
#492 = CARTESIAN_POINT('',(0.,0.));
#493 = VECTOR('',#494,1.);
#494 = DIRECTION('',(0.,-1.));
#495 = ( GEOMETRIC_REPRESENTATION_CONTEXT(2) 
PARAMETRIC_REPRESENTATION_CONTEXT() REPRESENTATION_CONTEXT('2D SPACE',''
  ) );
#496 = ORIENTED_EDGE('',*,*,#497,.F.);
#497 = EDGE_CURVE('',#394,#470,#498,.T.);
#498 = SURFACE_CURVE('',#499,(#503,#510),.PCURVE_S1.);
#499 = LINE('',#500,#501);
#500 = CARTESIAN_POINT('',(-43.62475062452,60.170515528258,-3.75));
#501 = VECTOR('',#502,1.);
#502 = DIRECTION('',(-0.783556620076,-0.621320386866,0.));
#503 = PCURVE('',#409,#504);
#504 = DEFINITIONAL_REPRESENTATION('',(#505),#509);
#505 = LINE('',#506,#507);
#506 = CARTESIAN_POINT('',(0.,0.));
#507 = VECTOR('',#508,1.);
#508 = DIRECTION('',(1.,0.));
#509 = ( GEOMETRIC_REPRESENTATION_CONTEXT(2) 
PARAMETRIC_REPRESENTATION_CONTEXT() REPRESENTATION_CONTEXT('2D SPACE',''
  ) );
#510 = PCURVE('',#126,#511);
#511 = DEFINITIONAL_REPRESENTATION('',(#512),#516);
#512 = LINE('',#513,#514);
#513 = CARTESIAN_POINT('',(-140.1405529966,24.971093257649));
#514 = VECTOR('',#515,1.);
#515 = DIRECTION('',(-0.783556620076,-0.621320386866));
#516 = ( GEOMETRIC_REPRESENTATION_CONTEXT(2) 
PARAMETRIC_REPRESENTATION_CONTEXT() REPRESENTATION_CONTEXT('2D SPACE',''
  ) );
#517 = ADVANCED_FACE('',(#518),#485,.F.);
#518 = FACE_BOUND('',#519,.F.);
#519 = EDGE_LOOP('',(#520,#521,#544,#572));
#520 = ORIENTED_EDGE('',*,*,#469,.T.);
#521 = ORIENTED_EDGE('',*,*,#522,.T.);
#522 = EDGE_CURVE('',#447,#523,#525,.T.);
#523 = VERTEX_POINT('',#524);
#524 = CARTESIAN_POINT('',(-53.30143092135,51.793506038152,3.75));
#525 = SURFACE_CURVE('',#526,(#530,#537),.PCURVE_S1.);
#526 = LINE('',#527,#528);
#527 = CARTESIAN_POINT('',(-48.6437533427,56.190702671551,3.75));
#528 = VECTOR('',#529,1.);
#529 = DIRECTION('',(-0.727147265276,-0.686481503466,0.));
#530 = PCURVE('',#485,#531);
#531 = DEFINITIONAL_REPRESENTATION('',(#532),#536);
#532 = LINE('',#533,#534);
#533 = CARTESIAN_POINT('',(0.,-7.5));
#534 = VECTOR('',#535,1.);
#535 = DIRECTION('',(1.,0.));
#536 = ( GEOMETRIC_REPRESENTATION_CONTEXT(2) 
PARAMETRIC_REPRESENTATION_CONTEXT() REPRESENTATION_CONTEXT('2D SPACE',''
  ) );
#537 = PCURVE('',#72,#538);
#538 = DEFINITIONAL_REPRESENTATION('',(#539),#543);
#539 = LINE('',#540,#541);
#540 = CARTESIAN_POINT('',(-145.1595557148,20.991280400942));
#541 = VECTOR('',#542,1.);
#542 = DIRECTION('',(-0.727147265276,-0.686481503466));
#543 = ( GEOMETRIC_REPRESENTATION_CONTEXT(2) 
PARAMETRIC_REPRESENTATION_CONTEXT() REPRESENTATION_CONTEXT('2D SPACE',''
  ) );
#544 = ORIENTED_EDGE('',*,*,#545,.F.);
#545 = EDGE_CURVE('',#546,#523,#548,.T.);
#546 = VERTEX_POINT('',#547);
#547 = CARTESIAN_POINT('',(-53.30143092135,51.793506038152,-3.75));
#548 = SURFACE_CURVE('',#549,(#553,#560),.PCURVE_S1.);
#549 = LINE('',#550,#551);
#550 = CARTESIAN_POINT('',(-53.30143092135,51.793506038152,-3.75));
#551 = VECTOR('',#552,1.);
#552 = DIRECTION('',(0.,0.,1.));
#553 = PCURVE('',#485,#554);
#554 = DEFINITIONAL_REPRESENTATION('',(#555),#559);
#555 = LINE('',#556,#557);
#556 = CARTESIAN_POINT('',(6.40541166979,0.));
#557 = VECTOR('',#558,1.);
#558 = DIRECTION('',(0.,-1.));
#559 = ( GEOMETRIC_REPRESENTATION_CONTEXT(2) 
PARAMETRIC_REPRESENTATION_CONTEXT() REPRESENTATION_CONTEXT('2D SPACE',''
  ) );
#560 = PCURVE('',#561,#566);
#561 = PLANE('',#562);
#562 = AXIS2_PLACEMENT_3D('',#563,#564,#565);
#563 = CARTESIAN_POINT('',(-53.30143092135,51.793506038152,-3.75));
#564 = DIRECTION('',(0.746543444778,-0.66533667046,0.));
#565 = DIRECTION('',(-0.66533667046,-0.746543444778,0.));
#566 = DEFINITIONAL_REPRESENTATION('',(#567),#571);
#567 = LINE('',#568,#569);
#568 = CARTESIAN_POINT('',(0.,0.));
#569 = VECTOR('',#570,1.);
#570 = DIRECTION('',(0.,-1.));
#571 = ( GEOMETRIC_REPRESENTATION_CONTEXT(2) 
PARAMETRIC_REPRESENTATION_CONTEXT() REPRESENTATION_CONTEXT('2D SPACE',''
  ) );
#572 = ORIENTED_EDGE('',*,*,#573,.F.);
#573 = EDGE_CURVE('',#470,#546,#574,.T.);
#574 = SURFACE_CURVE('',#575,(#579,#586),.PCURVE_S1.);
#575 = LINE('',#576,#577);
#576 = CARTESIAN_POINT('',(-48.6437533427,56.190702671551,-3.75));
#577 = VECTOR('',#578,1.);
#578 = DIRECTION('',(-0.727147265276,-0.686481503466,0.));
#579 = PCURVE('',#485,#580);
#580 = DEFINITIONAL_REPRESENTATION('',(#581),#585);
#581 = LINE('',#582,#583);
#582 = CARTESIAN_POINT('',(0.,0.));
#583 = VECTOR('',#584,1.);
#584 = DIRECTION('',(1.,0.));
#585 = ( GEOMETRIC_REPRESENTATION_CONTEXT(2) 
PARAMETRIC_REPRESENTATION_CONTEXT() REPRESENTATION_CONTEXT('2D SPACE',''
  ) );
#586 = PCURVE('',#126,#587);
#587 = DEFINITIONAL_REPRESENTATION('',(#588),#592);
#588 = LINE('',#589,#590);
#589 = CARTESIAN_POINT('',(-145.1595557148,20.991280400942));
#590 = VECTOR('',#591,1.);
#591 = DIRECTION('',(-0.727147265276,-0.686481503466));
#592 = ( GEOMETRIC_REPRESENTATION_CONTEXT(2) 
PARAMETRIC_REPRESENTATION_CONTEXT() REPRESENTATION_CONTEXT('2D SPACE',''
  ) );
#593 = ADVANCED_FACE('',(#594),#561,.F.);
#594 = FACE_BOUND('',#595,.F.);
#595 = EDGE_LOOP('',(#596,#597,#620,#648));
#596 = ORIENTED_EDGE('',*,*,#545,.T.);
#597 = ORIENTED_EDGE('',*,*,#598,.T.);
#598 = EDGE_CURVE('',#523,#599,#601,.T.);
#599 = VERTEX_POINT('',#600);
#600 = CARTESIAN_POINT('',(-57.56318619466,47.011587944964,3.75));
#601 = SURFACE_CURVE('',#602,(#606,#613),.PCURVE_S1.);
#602 = LINE('',#603,#604);
#603 = CARTESIAN_POINT('',(-53.30143092135,51.793506038152,3.75));
#604 = VECTOR('',#605,1.);
#605 = DIRECTION('',(-0.66533667046,-0.746543444778,0.));
#606 = PCURVE('',#561,#607);
#607 = DEFINITIONAL_REPRESENTATION('',(#608),#612);
#608 = LINE('',#609,#610);
#609 = CARTESIAN_POINT('',(0.,-7.5));
#610 = VECTOR('',#611,1.);
#611 = DIRECTION('',(1.,0.));
#612 = ( GEOMETRIC_REPRESENTATION_CONTEXT(2) 
PARAMETRIC_REPRESENTATION_CONTEXT() REPRESENTATION_CONTEXT('2D SPACE',''
  ) );
#613 = PCURVE('',#72,#614);
#614 = DEFINITIONAL_REPRESENTATION('',(#615),#619);
#615 = LINE('',#616,#617);
#616 = CARTESIAN_POINT('',(-149.8172332934,16.594083767543));
#617 = VECTOR('',#618,1.);
#618 = DIRECTION('',(-0.66533667046,-0.746543444778));
#619 = ( GEOMETRIC_REPRESENTATION_CONTEXT(2) 
PARAMETRIC_REPRESENTATION_CONTEXT() REPRESENTATION_CONTEXT('2D SPACE',''
  ) );
#620 = ORIENTED_EDGE('',*,*,#621,.F.);
#621 = EDGE_CURVE('',#622,#599,#624,.T.);
#622 = VERTEX_POINT('',#623);
#623 = CARTESIAN_POINT('',(-57.56318619466,47.011587944964,-3.75));
#624 = SURFACE_CURVE('',#625,(#629,#636),.PCURVE_S1.);
#625 = LINE('',#626,#627);
#626 = CARTESIAN_POINT('',(-57.56318619466,47.011587944964,-3.75));
#627 = VECTOR('',#628,1.);
#628 = DIRECTION('',(0.,0.,1.));
#629 = PCURVE('',#561,#630);
#630 = DEFINITIONAL_REPRESENTATION('',(#631),#635);
#631 = LINE('',#632,#633);
#632 = CARTESIAN_POINT('',(6.40541166979,0.));
#633 = VECTOR('',#634,1.);
#634 = DIRECTION('',(0.,-1.));
#635 = ( GEOMETRIC_REPRESENTATION_CONTEXT(2) 
PARAMETRIC_REPRESENTATION_CONTEXT() REPRESENTATION_CONTEXT('2D SPACE',''
  ) );
#636 = PCURVE('',#637,#642);
#637 = PLANE('',#638);
#638 = AXIS2_PLACEMENT_3D('',#639,#640,#641);
#639 = CARTESIAN_POINT('',(-57.56318619466,47.011587944964,-3.75));
#640 = DIRECTION('',(0.801060071516,-0.598583963887,0.));
#641 = DIRECTION('',(-0.598583963887,-0.801060071516,0.));
#642 = DEFINITIONAL_REPRESENTATION('',(#643),#647);
#643 = LINE('',#644,#645);
#644 = CARTESIAN_POINT('',(0.,0.));
#645 = VECTOR('',#646,1.);
#646 = DIRECTION('',(0.,-1.));
#647 = ( GEOMETRIC_REPRESENTATION_CONTEXT(2) 
PARAMETRIC_REPRESENTATION_CONTEXT() REPRESENTATION_CONTEXT('2D SPACE',''
  ) );
#648 = ORIENTED_EDGE('',*,*,#649,.F.);
#649 = EDGE_CURVE('',#546,#622,#650,.T.);
#650 = SURFACE_CURVE('',#651,(#655,#662),.PCURVE_S1.);
#651 = LINE('',#652,#653);
#652 = CARTESIAN_POINT('',(-53.30143092135,51.793506038152,-3.75));
#653 = VECTOR('',#654,1.);
#654 = DIRECTION('',(-0.66533667046,-0.746543444778,0.));
#655 = PCURVE('',#561,#656);
#656 = DEFINITIONAL_REPRESENTATION('',(#657),#661);
#657 = LINE('',#658,#659);
#658 = CARTESIAN_POINT('',(0.,0.));
#659 = VECTOR('',#660,1.);
#660 = DIRECTION('',(1.,0.));
#661 = ( GEOMETRIC_REPRESENTATION_CONTEXT(2) 
PARAMETRIC_REPRESENTATION_CONTEXT() REPRESENTATION_CONTEXT('2D SPACE',''
  ) );
#662 = PCURVE('',#126,#663);
#663 = DEFINITIONAL_REPRESENTATION('',(#664),#668);
#664 = LINE('',#665,#666);
#665 = CARTESIAN_POINT('',(-149.8172332934,16.594083767543));
#666 = VECTOR('',#667,1.);
#667 = DIRECTION('',(-0.66533667046,-0.746543444778));
#668 = ( GEOMETRIC_REPRESENTATION_CONTEXT(2) 
PARAMETRIC_REPRESENTATION_CONTEXT() REPRESENTATION_CONTEXT('2D SPACE',''
  ) );
#669 = ADVANCED_FACE('',(#670),#637,.F.);
#670 = FACE_BOUND('',#671,.F.);
#671 = EDGE_LOOP('',(#672,#673,#696,#724));
#672 = ORIENTED_EDGE('',*,*,#621,.T.);
#673 = ORIENTED_EDGE('',*,*,#674,.T.);
#674 = EDGE_CURVE('',#599,#675,#677,.T.);
#675 = VERTEX_POINT('',#676);
#676 = CARTESIAN_POINT('',(-61.39736290229,41.880468414674,3.75));
#677 = SURFACE_CURVE('',#678,(#682,#689),.PCURVE_S1.);
#678 = LINE('',#679,#680);
#679 = CARTESIAN_POINT('',(-57.56318619466,47.011587944964,3.75));
#680 = VECTOR('',#681,1.);
#681 = DIRECTION('',(-0.598583963887,-0.801060071516,0.));
#682 = PCURVE('',#637,#683);
#683 = DEFINITIONAL_REPRESENTATION('',(#684),#688);
#684 = LINE('',#685,#686);
#685 = CARTESIAN_POINT('',(0.,-7.5));
#686 = VECTOR('',#687,1.);
#687 = DIRECTION('',(1.,0.));
#688 = ( GEOMETRIC_REPRESENTATION_CONTEXT(2) 
PARAMETRIC_REPRESENTATION_CONTEXT() REPRESENTATION_CONTEXT('2D SPACE',''
  ) );
#689 = PCURVE('',#72,#690);
#690 = DEFINITIONAL_REPRESENTATION('',(#691),#695);
#691 = LINE('',#692,#693);
#692 = CARTESIAN_POINT('',(-154.0789885667,11.812165674355));
#693 = VECTOR('',#694,1.);
#694 = DIRECTION('',(-0.598583963887,-0.801060071516));
#695 = ( GEOMETRIC_REPRESENTATION_CONTEXT(2) 
PARAMETRIC_REPRESENTATION_CONTEXT() REPRESENTATION_CONTEXT('2D SPACE',''
  ) );
#696 = ORIENTED_EDGE('',*,*,#697,.F.);
#697 = EDGE_CURVE('',#698,#675,#700,.T.);
#698 = VERTEX_POINT('',#699);
#699 = CARTESIAN_POINT('',(-61.39736290229,41.880468414674,-3.75));
#700 = SURFACE_CURVE('',#701,(#705,#712),.PCURVE_S1.);
#701 = LINE('',#702,#703);
#702 = CARTESIAN_POINT('',(-61.39736290229,41.880468414674,-3.75));
#703 = VECTOR('',#704,1.);
#704 = DIRECTION('',(0.,0.,1.));
#705 = PCURVE('',#637,#706);
#706 = DEFINITIONAL_REPRESENTATION('',(#707),#711);
#707 = LINE('',#708,#709);
#708 = CARTESIAN_POINT('',(6.40541166979,0.));
#709 = VECTOR('',#710,1.);
#710 = DIRECTION('',(0.,-1.));
#711 = ( GEOMETRIC_REPRESENTATION_CONTEXT(2) 
PARAMETRIC_REPRESENTATION_CONTEXT() REPRESENTATION_CONTEXT('2D SPACE',''
  ) );
#712 = PCURVE('',#713,#718);
#713 = PLANE('',#714);
#714 = AXIS2_PLACEMENT_3D('',#715,#716,#717);
#715 = CARTESIAN_POINT('',(-61.39736290229,41.880468414674,-3.75));
#716 = DIRECTION('',(0.849626434916,-0.527384983756,0.));
#717 = DIRECTION('',(-0.527384983756,-0.849626434916,0.));
#718 = DEFINITIONAL_REPRESENTATION('',(#719),#723);
#719 = LINE('',#720,#721);
#720 = CARTESIAN_POINT('',(0.,0.));
#721 = VECTOR('',#722,1.);
#722 = DIRECTION('',(0.,-1.));
#723 = ( GEOMETRIC_REPRESENTATION_CONTEXT(2) 
PARAMETRIC_REPRESENTATION_CONTEXT() REPRESENTATION_CONTEXT('2D SPACE',''
  ) );
#724 = ORIENTED_EDGE('',*,*,#725,.F.);
#725 = EDGE_CURVE('',#622,#698,#726,.T.);
#726 = SURFACE_CURVE('',#727,(#731,#738),.PCURVE_S1.);
#727 = LINE('',#728,#729);
#728 = CARTESIAN_POINT('',(-57.56318619466,47.011587944964,-3.75));
#729 = VECTOR('',#730,1.);
#730 = DIRECTION('',(-0.598583963887,-0.801060071516,0.));
#731 = PCURVE('',#637,#732);
#732 = DEFINITIONAL_REPRESENTATION('',(#733),#737);
#733 = LINE('',#734,#735);
#734 = CARTESIAN_POINT('',(0.,0.));
#735 = VECTOR('',#736,1.);
#736 = DIRECTION('',(1.,0.));
#737 = ( GEOMETRIC_REPRESENTATION_CONTEXT(2) 
PARAMETRIC_REPRESENTATION_CONTEXT() REPRESENTATION_CONTEXT('2D SPACE',''
  ) );
#738 = PCURVE('',#126,#739);
#739 = DEFINITIONAL_REPRESENTATION('',(#740),#744);
#740 = LINE('',#741,#742);
#741 = CARTESIAN_POINT('',(-154.0789885667,11.812165674355));
#742 = VECTOR('',#743,1.);
#743 = DIRECTION('',(-0.598583963887,-0.801060071516));
#744 = ( GEOMETRIC_REPRESENTATION_CONTEXT(2) 
PARAMETRIC_REPRESENTATION_CONTEXT() REPRESENTATION_CONTEXT('2D SPACE',''
  ) );
#745 = ADVANCED_FACE('',(#746),#713,.F.);
#746 = FACE_BOUND('',#747,.F.);
#747 = EDGE_LOOP('',(#748,#749,#772,#800));
#748 = ORIENTED_EDGE('',*,*,#697,.T.);
#749 = ORIENTED_EDGE('',*,*,#750,.T.);
#750 = EDGE_CURVE('',#675,#751,#753,.T.);
#751 = VERTEX_POINT('',#752);
#752 = CARTESIAN_POINT('',(-64.77548083171,36.438261333499,3.75));
#753 = SURFACE_CURVE('',#754,(#758,#765),.PCURVE_S1.);
#754 = LINE('',#755,#756);
#755 = CARTESIAN_POINT('',(-61.39736290229,41.880468414674,3.75));
#756 = VECTOR('',#757,1.);
#757 = DIRECTION('',(-0.527384983756,-0.849626434916,0.));
#758 = PCURVE('',#713,#759);
#759 = DEFINITIONAL_REPRESENTATION('',(#760),#764);
#760 = LINE('',#761,#762);
#761 = CARTESIAN_POINT('',(0.,-7.5));
#762 = VECTOR('',#763,1.);
#763 = DIRECTION('',(1.,0.));
#764 = ( GEOMETRIC_REPRESENTATION_CONTEXT(2) 
PARAMETRIC_REPRESENTATION_CONTEXT() REPRESENTATION_CONTEXT('2D SPACE',''
  ) );
#765 = PCURVE('',#72,#766);
#766 = DEFINITIONAL_REPRESENTATION('',(#767),#771);
#767 = LINE('',#768,#769);
#768 = CARTESIAN_POINT('',(-157.9131652744,6.681046144065));
#769 = VECTOR('',#770,1.);
#770 = DIRECTION('',(-0.527384983756,-0.849626434916));
#771 = ( GEOMETRIC_REPRESENTATION_CONTEXT(2) 
PARAMETRIC_REPRESENTATION_CONTEXT() REPRESENTATION_CONTEXT('2D SPACE',''
  ) );
#772 = ORIENTED_EDGE('',*,*,#773,.F.);
#773 = EDGE_CURVE('',#774,#751,#776,.T.);
#774 = VERTEX_POINT('',#775);
#775 = CARTESIAN_POINT('',(-64.77548083171,36.438261333499,-3.75));
#776 = SURFACE_CURVE('',#777,(#781,#788),.PCURVE_S1.);
#777 = LINE('',#778,#779);
#778 = CARTESIAN_POINT('',(-64.77548083171,36.438261333499,-3.75));
#779 = VECTOR('',#780,1.);
#780 = DIRECTION('',(0.,0.,1.));
#781 = PCURVE('',#713,#782);
#782 = DEFINITIONAL_REPRESENTATION('',(#783),#787);
#783 = LINE('',#784,#785);
#784 = CARTESIAN_POINT('',(6.40541166979,0.));
#785 = VECTOR('',#786,1.);
#786 = DIRECTION('',(0.,-1.));
#787 = ( GEOMETRIC_REPRESENTATION_CONTEXT(2) 
PARAMETRIC_REPRESENTATION_CONTEXT() REPRESENTATION_CONTEXT('2D SPACE',''
  ) );
#788 = PCURVE('',#789,#794);
#789 = PLANE('',#790);
#790 = AXIS2_PLACEMENT_3D('',#791,#792,#793);
#791 = CARTESIAN_POINT('',(-64.77548083171,36.438261333499,-3.75));
#792 = DIRECTION('',(0.891881784691,-0.452268595124,0.));
#793 = DIRECTION('',(-0.452268595124,-0.891881784691,0.));
#794 = DEFINITIONAL_REPRESENTATION('',(#795),#799);
#795 = LINE('',#796,#797);
#796 = CARTESIAN_POINT('',(0.,0.));
#797 = VECTOR('',#798,1.);
#798 = DIRECTION('',(0.,-1.));
#799 = ( GEOMETRIC_REPRESENTATION_CONTEXT(2) 
PARAMETRIC_REPRESENTATION_CONTEXT() REPRESENTATION_CONTEXT('2D SPACE',''
  ) );
#800 = ORIENTED_EDGE('',*,*,#801,.F.);
#801 = EDGE_CURVE('',#698,#774,#802,.T.);
#802 = SURFACE_CURVE('',#803,(#807,#814),.PCURVE_S1.);
#803 = LINE('',#804,#805);
#804 = CARTESIAN_POINT('',(-61.39736290229,41.880468414674,-3.75));
#805 = VECTOR('',#806,1.);
#806 = DIRECTION('',(-0.527384983756,-0.849626434916,0.));
#807 = PCURVE('',#713,#808);
#808 = DEFINITIONAL_REPRESENTATION('',(#809),#813);
#809 = LINE('',#810,#811);
#810 = CARTESIAN_POINT('',(0.,0.));
#811 = VECTOR('',#812,1.);
#812 = DIRECTION('',(1.,0.));
#813 = ( GEOMETRIC_REPRESENTATION_CONTEXT(2) 
PARAMETRIC_REPRESENTATION_CONTEXT() REPRESENTATION_CONTEXT('2D SPACE',''
  ) );
#814 = PCURVE('',#126,#815);
#815 = DEFINITIONAL_REPRESENTATION('',(#816),#820);
#816 = LINE('',#817,#818);
#817 = CARTESIAN_POINT('',(-157.9131652744,6.681046144065));
#818 = VECTOR('',#819,1.);
#819 = DIRECTION('',(-0.527384983756,-0.849626434916));
#820 = ( GEOMETRIC_REPRESENTATION_CONTEXT(2) 
PARAMETRIC_REPRESENTATION_CONTEXT() REPRESENTATION_CONTEXT('2D SPACE',''
  ) );
#821 = ADVANCED_FACE('',(#822),#789,.F.);
#822 = FACE_BOUND('',#823,.F.);
#823 = EDGE_LOOP('',(#824,#825,#848,#876));
#824 = ORIENTED_EDGE('',*,*,#773,.T.);
#825 = ORIENTED_EDGE('',*,*,#826,.T.);
#826 = EDGE_CURVE('',#751,#827,#829,.T.);
#827 = VERTEX_POINT('',#828);
#828 = CARTESIAN_POINT('',(-67.6724473688,30.725391341764,3.75));
#829 = SURFACE_CURVE('',#830,(#834,#841),.PCURVE_S1.);
#830 = LINE('',#831,#832);
#831 = CARTESIAN_POINT('',(-64.77548083171,36.438261333499,3.75));
#832 = VECTOR('',#833,1.);
#833 = DIRECTION('',(-0.452268595124,-0.891881784691,0.));
#834 = PCURVE('',#789,#835);
#835 = DEFINITIONAL_REPRESENTATION('',(#836),#840);
#836 = LINE('',#837,#838);
#837 = CARTESIAN_POINT('',(0.,-7.5));
#838 = VECTOR('',#839,1.);
#839 = DIRECTION('',(1.,0.));
#840 = ( GEOMETRIC_REPRESENTATION_CONTEXT(2) 
PARAMETRIC_REPRESENTATION_CONTEXT() REPRESENTATION_CONTEXT('2D SPACE',''
  ) );
#841 = PCURVE('',#72,#842);
#842 = DEFINITIONAL_REPRESENTATION('',(#843),#847);
#843 = LINE('',#844,#845);
#844 = CARTESIAN_POINT('',(-161.2912832038,1.23883906289));
#845 = VECTOR('',#846,1.);
#846 = DIRECTION('',(-0.452268595124,-0.891881784691));
#847 = ( GEOMETRIC_REPRESENTATION_CONTEXT(2) 
PARAMETRIC_REPRESENTATION_CONTEXT() REPRESENTATION_CONTEXT('2D SPACE',''
  ) );
#848 = ORIENTED_EDGE('',*,*,#849,.F.);
#849 = EDGE_CURVE('',#850,#827,#852,.T.);
#850 = VERTEX_POINT('',#851);
#851 = CARTESIAN_POINT('',(-67.6724473688,30.725391341764,-3.75));
#852 = SURFACE_CURVE('',#853,(#857,#864),.PCURVE_S1.);
#853 = LINE('',#854,#855);
#854 = CARTESIAN_POINT('',(-67.6724473688,30.725391341764,-3.75));
#855 = VECTOR('',#856,1.);
#856 = DIRECTION('',(0.,0.,1.));
#857 = PCURVE('',#789,#858);
#858 = DEFINITIONAL_REPRESENTATION('',(#859),#863);
#859 = LINE('',#860,#861);
#860 = CARTESIAN_POINT('',(6.40541166979,0.));
#861 = VECTOR('',#862,1.);
#862 = DIRECTION('',(0.,-1.));
#863 = ( GEOMETRIC_REPRESENTATION_CONTEXT(2) 
PARAMETRIC_REPRESENTATION_CONTEXT() REPRESENTATION_CONTEXT('2D SPACE',''
  ) );
#864 = PCURVE('',#865,#870);
#865 = PLANE('',#866);
#866 = AXIS2_PLACEMENT_3D('',#867,#868,#869);
#867 = CARTESIAN_POINT('',(-67.6724473688,30.725391341764,-3.75));
#868 = DIRECTION('',(0.927512248676,-0.373792761508,0.));
#869 = DIRECTION('',(-0.373792761508,-0.927512248676,0.));
#870 = DEFINITIONAL_REPRESENTATION('',(#871),#875);
#871 = LINE('',#872,#873);
#872 = CARTESIAN_POINT('',(0.,0.));
#873 = VECTOR('',#874,1.);
#874 = DIRECTION('',(0.,-1.));
#875 = ( GEOMETRIC_REPRESENTATION_CONTEXT(2) 
PARAMETRIC_REPRESENTATION_CONTEXT() REPRESENTATION_CONTEXT('2D SPACE',''
  ) );
#876 = ORIENTED_EDGE('',*,*,#877,.F.);
#877 = EDGE_CURVE('',#774,#850,#878,.T.);
#878 = SURFACE_CURVE('',#879,(#883,#890),.PCURVE_S1.);
#879 = LINE('',#880,#881);
#880 = CARTESIAN_POINT('',(-64.77548083171,36.438261333499,-3.75));
#881 = VECTOR('',#882,1.);
#882 = DIRECTION('',(-0.452268595124,-0.891881784691,0.));
#883 = PCURVE('',#789,#884);
#884 = DEFINITIONAL_REPRESENTATION('',(#885),#889);
#885 = LINE('',#886,#887);
#886 = CARTESIAN_POINT('',(0.,0.));
#887 = VECTOR('',#888,1.);
#888 = DIRECTION('',(1.,0.));
#889 = ( GEOMETRIC_REPRESENTATION_CONTEXT(2) 
PARAMETRIC_REPRESENTATION_CONTEXT() REPRESENTATION_CONTEXT('2D SPACE',''
  ) );
#890 = PCURVE('',#126,#891);
#891 = DEFINITIONAL_REPRESENTATION('',(#892),#896);
#892 = LINE('',#893,#894);
#893 = CARTESIAN_POINT('',(-161.2912832038,1.23883906289));
#894 = VECTOR('',#895,1.);
#895 = DIRECTION('',(-0.452268595124,-0.891881784691));
#896 = ( GEOMETRIC_REPRESENTATION_CONTEXT(2) 
PARAMETRIC_REPRESENTATION_CONTEXT() REPRESENTATION_CONTEXT('2D SPACE',''
  ) );
#897 = ADVANCED_FACE('',(#898),#865,.F.);
#898 = FACE_BOUND('',#899,.F.);
#899 = EDGE_LOOP('',(#900,#901,#924,#952));
#900 = ORIENTED_EDGE('',*,*,#849,.T.);
#901 = ORIENTED_EDGE('',*,*,#902,.T.);
#902 = EDGE_CURVE('',#827,#903,#905,.T.);
#903 = VERTEX_POINT('',#904);
#904 = CARTESIAN_POINT('',(-70.06674388544,24.78429356022,3.75));
#905 = SURFACE_CURVE('',#906,(#910,#917),.PCURVE_S1.);
#906 = LINE('',#907,#908);
#907 = CARTESIAN_POINT('',(-67.6724473688,30.725391341764,3.75));
#908 = VECTOR('',#909,1.);
#909 = DIRECTION('',(-0.373792761508,-0.927512248676,0.));
#910 = PCURVE('',#865,#911);
#911 = DEFINITIONAL_REPRESENTATION('',(#912),#916);
#912 = LINE('',#913,#914);
#913 = CARTESIAN_POINT('',(0.,-7.5));
#914 = VECTOR('',#915,1.);
#915 = DIRECTION('',(1.,0.));
#916 = ( GEOMETRIC_REPRESENTATION_CONTEXT(2) 
PARAMETRIC_REPRESENTATION_CONTEXT() REPRESENTATION_CONTEXT('2D SPACE',''
  ) );
#917 = PCURVE('',#72,#918);
#918 = DEFINITIONAL_REPRESENTATION('',(#919),#923);
#919 = LINE('',#920,#921);
#920 = CARTESIAN_POINT('',(-164.1882497409,-4.474030928845));
#921 = VECTOR('',#922,1.);
#922 = DIRECTION('',(-0.373792761508,-0.927512248676));
#923 = ( GEOMETRIC_REPRESENTATION_CONTEXT(2) 
PARAMETRIC_REPRESENTATION_CONTEXT() REPRESENTATION_CONTEXT('2D SPACE',''
  ) );
#924 = ORIENTED_EDGE('',*,*,#925,.F.);
#925 = EDGE_CURVE('',#926,#903,#928,.T.);
#926 = VERTEX_POINT('',#927);
#927 = CARTESIAN_POINT('',(-70.06674388544,24.78429356022,-3.75));
#928 = SURFACE_CURVE('',#929,(#933,#940),.PCURVE_S1.);
#929 = LINE('',#930,#931);
#930 = CARTESIAN_POINT('',(-70.06674388544,24.78429356022,-3.75));
#931 = VECTOR('',#932,1.);
#932 = DIRECTION('',(0.,0.,1.));
#933 = PCURVE('',#865,#934);
#934 = DEFINITIONAL_REPRESENTATION('',(#935),#939);
#935 = LINE('',#936,#937);
#936 = CARTESIAN_POINT('',(6.40541166979,0.));
#937 = VECTOR('',#938,1.);
#938 = DIRECTION('',(0.,-1.));
#939 = ( GEOMETRIC_REPRESENTATION_CONTEXT(2) 
PARAMETRIC_REPRESENTATION_CONTEXT() REPRESENTATION_CONTEXT('2D SPACE',''
  ) );
#940 = PCURVE('',#941,#946);
#941 = PLANE('',#942);
#942 = AXIS2_PLACEMENT_3D('',#943,#944,#945);
#943 = CARTESIAN_POINT('',(-70.06674388544,24.78429356022,-3.75));
#944 = DIRECTION('',(0.956253164268,-0.292540400332,0.));
#945 = DIRECTION('',(-0.292540400332,-0.956253164268,0.));
#946 = DEFINITIONAL_REPRESENTATION('',(#947),#951);
#947 = LINE('',#948,#949);
#948 = CARTESIAN_POINT('',(0.,0.));
#949 = VECTOR('',#950,1.);
#950 = DIRECTION('',(0.,-1.));
#951 = ( GEOMETRIC_REPRESENTATION_CONTEXT(2) 
PARAMETRIC_REPRESENTATION_CONTEXT() REPRESENTATION_CONTEXT('2D SPACE',''
  ) );
#952 = ORIENTED_EDGE('',*,*,#953,.F.);
#953 = EDGE_CURVE('',#850,#926,#954,.T.);
#954 = SURFACE_CURVE('',#955,(#959,#966),.PCURVE_S1.);
#955 = LINE('',#956,#957);
#956 = CARTESIAN_POINT('',(-67.6724473688,30.725391341764,-3.75));
#957 = VECTOR('',#958,1.);
#958 = DIRECTION('',(-0.373792761508,-0.927512248676,0.));
#959 = PCURVE('',#865,#960);
#960 = DEFINITIONAL_REPRESENTATION('',(#961),#965);
#961 = LINE('',#962,#963);
#962 = CARTESIAN_POINT('',(0.,0.));
#963 = VECTOR('',#964,1.);
#964 = DIRECTION('',(1.,0.));
#965 = ( GEOMETRIC_REPRESENTATION_CONTEXT(2) 
PARAMETRIC_REPRESENTATION_CONTEXT() REPRESENTATION_CONTEXT('2D SPACE',''
  ) );
#966 = PCURVE('',#126,#967);
#967 = DEFINITIONAL_REPRESENTATION('',(#968),#972);
#968 = LINE('',#969,#970);
#969 = CARTESIAN_POINT('',(-164.1882497409,-4.474030928845));
#970 = VECTOR('',#971,1.);
#971 = DIRECTION('',(-0.373792761508,-0.927512248676));
#972 = ( GEOMETRIC_REPRESENTATION_CONTEXT(2) 
PARAMETRIC_REPRESENTATION_CONTEXT() REPRESENTATION_CONTEXT('2D SPACE',''
  ) );
#973 = ADVANCED_FACE('',(#974),#941,.F.);
#974 = FACE_BOUND('',#975,.F.);
#975 = EDGE_LOOP('',(#976,#977,#1000,#1028));
#976 = ORIENTED_EDGE('',*,*,#925,.T.);
#977 = ORIENTED_EDGE('',*,*,#978,.T.);
#978 = EDGE_CURVE('',#903,#979,#981,.T.);
#979 = VERTEX_POINT('',#980);
#980 = CARTESIAN_POINT('',(-71.94058557962,18.659098382541,3.75));
#981 = SURFACE_CURVE('',#982,(#986,#993),.PCURVE_S1.);
#982 = LINE('',#983,#984);
#983 = CARTESIAN_POINT('',(-70.06674388544,24.78429356022,3.75));
#984 = VECTOR('',#985,1.);
#985 = DIRECTION('',(-0.292540400332,-0.956253164268,0.));
#986 = PCURVE('',#941,#987);
#987 = DEFINITIONAL_REPRESENTATION('',(#988),#992);
#988 = LINE('',#989,#990);
#989 = CARTESIAN_POINT('',(0.,-7.5));
#990 = VECTOR('',#991,1.);
#991 = DIRECTION('',(1.,0.));
#992 = ( GEOMETRIC_REPRESENTATION_CONTEXT(2) 
PARAMETRIC_REPRESENTATION_CONTEXT() REPRESENTATION_CONTEXT('2D SPACE',''
  ) );
#993 = PCURVE('',#72,#994);
#994 = DEFINITIONAL_REPRESENTATION('',(#995),#999);
#995 = LINE('',#996,#997);
#996 = CARTESIAN_POINT('',(-166.5825462575,-10.41512871038));
#997 = VECTOR('',#998,1.);
#998 = DIRECTION('',(-0.292540400332,-0.956253164268));
#999 = ( GEOMETRIC_REPRESENTATION_CONTEXT(2) 
PARAMETRIC_REPRESENTATION_CONTEXT() REPRESENTATION_CONTEXT('2D SPACE',''
  ) );
#1000 = ORIENTED_EDGE('',*,*,#1001,.F.);
#1001 = EDGE_CURVE('',#1002,#979,#1004,.T.);
#1002 = VERTEX_POINT('',#1003);
#1003 = CARTESIAN_POINT('',(-71.94058557962,18.659098382541,-3.75));
#1004 = SURFACE_CURVE('',#1005,(#1009,#1016),.PCURVE_S1.);
#1005 = LINE('',#1006,#1007);
#1006 = CARTESIAN_POINT('',(-71.94058557962,18.659098382541,-3.75));
#1007 = VECTOR('',#1008,1.);
#1008 = DIRECTION('',(0.,0.,1.));
#1009 = PCURVE('',#941,#1010);
#1010 = DEFINITIONAL_REPRESENTATION('',(#1011),#1015);
#1011 = LINE('',#1012,#1013);
#1012 = CARTESIAN_POINT('',(6.40541166979,0.));
#1013 = VECTOR('',#1014,1.);
#1014 = DIRECTION('',(0.,-1.));
#1015 = ( GEOMETRIC_REPRESENTATION_CONTEXT(2) 
PARAMETRIC_REPRESENTATION_CONTEXT() REPRESENTATION_CONTEXT('2D SPACE',''
  ) );
#1016 = PCURVE('',#1017,#1022);
#1017 = PLANE('',#1018);
#1018 = AXIS2_PLACEMENT_3D('',#1019,#1020,#1021);
#1019 = CARTESIAN_POINT('',(-71.94058557962,18.659098382541,-3.75));
#1020 = DIRECTION('',(0.977891044337,-0.209115053034,0.));
#1021 = DIRECTION('',(-0.209115053034,-0.977891044337,0.));
#1022 = DEFINITIONAL_REPRESENTATION('',(#1023),#1027);
#1023 = LINE('',#1024,#1025);
#1024 = CARTESIAN_POINT('',(0.,0.));
#1025 = VECTOR('',#1026,1.);
#1026 = DIRECTION('',(0.,-1.));
#1027 = ( GEOMETRIC_REPRESENTATION_CONTEXT(2) 
PARAMETRIC_REPRESENTATION_CONTEXT() REPRESENTATION_CONTEXT('2D SPACE',''
  ) );
#1028 = ORIENTED_EDGE('',*,*,#1029,.F.);
#1029 = EDGE_CURVE('',#926,#1002,#1030,.T.);
#1030 = SURFACE_CURVE('',#1031,(#1035,#1042),.PCURVE_S1.);
#1031 = LINE('',#1032,#1033);
#1032 = CARTESIAN_POINT('',(-70.06674388544,24.78429356022,-3.75));
#1033 = VECTOR('',#1034,1.);
#1034 = DIRECTION('',(-0.292540400332,-0.956253164268,0.));
#1035 = PCURVE('',#941,#1036);
#1036 = DEFINITIONAL_REPRESENTATION('',(#1037),#1041);
#1037 = LINE('',#1038,#1039);
#1038 = CARTESIAN_POINT('',(0.,0.));
#1039 = VECTOR('',#1040,1.);
#1040 = DIRECTION('',(1.,0.));
#1041 = ( GEOMETRIC_REPRESENTATION_CONTEXT(2) 
PARAMETRIC_REPRESENTATION_CONTEXT() REPRESENTATION_CONTEXT('2D SPACE',''
  ) );
#1042 = PCURVE('',#126,#1043);
#1043 = DEFINITIONAL_REPRESENTATION('',(#1044),#1048);
#1044 = LINE('',#1045,#1046);
#1045 = CARTESIAN_POINT('',(-166.5825462575,-10.41512871038));
#1046 = VECTOR('',#1047,1.);
#1047 = DIRECTION('',(-0.292540400332,-0.956253164268));
#1048 = ( GEOMETRIC_REPRESENTATION_CONTEXT(2) 
PARAMETRIC_REPRESENTATION_CONTEXT() REPRESENTATION_CONTEXT('2D SPACE',''
  ) );
#1049 = ADVANCED_FACE('',(#1050),#1017,.F.);
#1050 = FACE_BOUND('',#1051,.F.);
#1051 = EDGE_LOOP('',(#1052,#1053,#1076,#1104));
#1052 = ORIENTED_EDGE('',*,*,#1001,.T.);
#1053 = ORIENTED_EDGE('',*,*,#1054,.T.);
#1054 = EDGE_CURVE('',#979,#1055,#1057,.T.);
#1055 = VERTEX_POINT('',#1056);
#1056 = CARTESIAN_POINT('',(-73.28005358065,12.395303675362,3.75));
#1057 = SURFACE_CURVE('',#1058,(#1062,#1069),.PCURVE_S1.);
#1058 = LINE('',#1059,#1060);
#1059 = CARTESIAN_POINT('',(-71.94058557962,18.659098382541,3.75));
#1060 = VECTOR('',#1061,1.);
#1061 = DIRECTION('',(-0.209115053034,-0.977891044337,0.));
#1062 = PCURVE('',#1017,#1063);
#1063 = DEFINITIONAL_REPRESENTATION('',(#1064),#1068);
#1064 = LINE('',#1065,#1066);
#1065 = CARTESIAN_POINT('',(0.,-7.5));
#1066 = VECTOR('',#1067,1.);
#1067 = DIRECTION('',(1.,0.));
#1068 = ( GEOMETRIC_REPRESENTATION_CONTEXT(2) 
PARAMETRIC_REPRESENTATION_CONTEXT() REPRESENTATION_CONTEXT('2D SPACE',''
  ) );
#1069 = PCURVE('',#72,#1070);
#1070 = DEFINITIONAL_REPRESENTATION('',(#1071),#1075);
#1071 = LINE('',#1072,#1073);
#1072 = CARTESIAN_POINT('',(-168.4563879517,-16.54032388806));
#1073 = VECTOR('',#1074,1.);
#1074 = DIRECTION('',(-0.209115053034,-0.977891044337));
#1075 = ( GEOMETRIC_REPRESENTATION_CONTEXT(2) 
PARAMETRIC_REPRESENTATION_CONTEXT() REPRESENTATION_CONTEXT('2D SPACE',''
  ) );
#1076 = ORIENTED_EDGE('',*,*,#1077,.F.);
#1077 = EDGE_CURVE('',#1078,#1055,#1080,.T.);
#1078 = VERTEX_POINT('',#1079);
#1079 = CARTESIAN_POINT('',(-73.28005358065,12.395303675362,-3.75));
#1080 = SURFACE_CURVE('',#1081,(#1085,#1092),.PCURVE_S1.);
#1081 = LINE('',#1082,#1083);
#1082 = CARTESIAN_POINT('',(-73.28005358065,12.395303675362,-3.75));
#1083 = VECTOR('',#1084,1.);
#1084 = DIRECTION('',(0.,0.,1.));
#1085 = PCURVE('',#1017,#1086);
#1086 = DEFINITIONAL_REPRESENTATION('',(#1087),#1091);
#1087 = LINE('',#1088,#1089);
#1088 = CARTESIAN_POINT('',(6.40541166979,0.));
#1089 = VECTOR('',#1090,1.);
#1090 = DIRECTION('',(0.,-1.));
#1091 = ( GEOMETRIC_REPRESENTATION_CONTEXT(2) 
PARAMETRIC_REPRESENTATION_CONTEXT() REPRESENTATION_CONTEXT('2D SPACE',''
  ) );
#1092 = PCURVE('',#1093,#1098);
#1093 = PLANE('',#1094);
#1094 = AXIS2_PLACEMENT_3D('',#1095,#1096,#1097);
#1095 = CARTESIAN_POINT('',(-73.28005358065,12.395303675362,-3.75));
#1096 = DIRECTION('',(0.992265163002,-0.124136401961,0.));
#1097 = DIRECTION('',(-0.124136401961,-0.992265163002,0.));
#1098 = DEFINITIONAL_REPRESENTATION('',(#1099),#1103);
#1099 = LINE('',#1100,#1101);
#1100 = CARTESIAN_POINT('',(0.,0.));
#1101 = VECTOR('',#1102,1.);
#1102 = DIRECTION('',(0.,-1.));
#1103 = ( GEOMETRIC_REPRESENTATION_CONTEXT(2) 
PARAMETRIC_REPRESENTATION_CONTEXT() REPRESENTATION_CONTEXT('2D SPACE',''
  ) );
#1104 = ORIENTED_EDGE('',*,*,#1105,.F.);
#1105 = EDGE_CURVE('',#1002,#1078,#1106,.T.);
#1106 = SURFACE_CURVE('',#1107,(#1111,#1118),.PCURVE_S1.);
#1107 = LINE('',#1108,#1109);
#1108 = CARTESIAN_POINT('',(-71.94058557962,18.659098382541,-3.75));
#1109 = VECTOR('',#1110,1.);
#1110 = DIRECTION('',(-0.209115053034,-0.977891044337,0.));
#1111 = PCURVE('',#1017,#1112);
#1112 = DEFINITIONAL_REPRESENTATION('',(#1113),#1117);
#1113 = LINE('',#1114,#1115);
#1114 = CARTESIAN_POINT('',(0.,0.));
#1115 = VECTOR('',#1116,1.);
#1116 = DIRECTION('',(1.,0.));
#1117 = ( GEOMETRIC_REPRESENTATION_CONTEXT(2) 
PARAMETRIC_REPRESENTATION_CONTEXT() REPRESENTATION_CONTEXT('2D SPACE',''
  ) );
#1118 = PCURVE('',#126,#1119);
#1119 = DEFINITIONAL_REPRESENTATION('',(#1120),#1124);
#1120 = LINE('',#1121,#1122);
#1121 = CARTESIAN_POINT('',(-168.4563879517,-16.54032388806));
#1122 = VECTOR('',#1123,1.);
#1123 = DIRECTION('',(-0.209115053034,-0.977891044337));
#1124 = ( GEOMETRIC_REPRESENTATION_CONTEXT(2) 
PARAMETRIC_REPRESENTATION_CONTEXT() REPRESENTATION_CONTEXT('2D SPACE',''
  ) );
#1125 = ADVANCED_FACE('',(#1126),#1093,.F.);
#1126 = FACE_BOUND('',#1127,.F.);
#1127 = EDGE_LOOP('',(#1128,#1129,#1152,#1180));
#1128 = ORIENTED_EDGE('',*,*,#1077,.T.);
#1129 = ORIENTED_EDGE('',*,*,#1130,.T.);
#1130 = EDGE_CURVE('',#1055,#1131,#1133,.T.);
#1131 = VERTEX_POINT('',#1132);
#1132 = CARTESIAN_POINT('',(-74.07519833842,6.03943682074,3.75));
#1133 = SURFACE_CURVE('',#1134,(#1138,#1145),.PCURVE_S1.);
#1134 = LINE('',#1135,#1136);
#1135 = CARTESIAN_POINT('',(-73.28005358065,12.395303675362,3.75));
#1136 = VECTOR('',#1137,1.);
#1137 = DIRECTION('',(-0.124136401961,-0.992265163002,0.));
#1138 = PCURVE('',#1093,#1139);
#1139 = DEFINITIONAL_REPRESENTATION('',(#1140),#1144);
#1140 = LINE('',#1141,#1142);
#1141 = CARTESIAN_POINT('',(0.,-7.5));
#1142 = VECTOR('',#1143,1.);
#1143 = DIRECTION('',(1.,0.));
#1144 = ( GEOMETRIC_REPRESENTATION_CONTEXT(2) 
PARAMETRIC_REPRESENTATION_CONTEXT() REPRESENTATION_CONTEXT('2D SPACE',''
  ) );
#1145 = PCURVE('',#72,#1146);
#1146 = DEFINITIONAL_REPRESENTATION('',(#1147),#1151);
#1147 = LINE('',#1148,#1149);
#1148 = CARTESIAN_POINT('',(-169.7958559527,-22.80411859524));
#1149 = VECTOR('',#1150,1.);
#1150 = DIRECTION('',(-0.124136401961,-0.992265163002));
#1151 = ( GEOMETRIC_REPRESENTATION_CONTEXT(2) 
PARAMETRIC_REPRESENTATION_CONTEXT() REPRESENTATION_CONTEXT('2D SPACE',''
  ) );
#1152 = ORIENTED_EDGE('',*,*,#1153,.F.);
#1153 = EDGE_CURVE('',#1154,#1131,#1156,.T.);
#1154 = VERTEX_POINT('',#1155);
#1155 = CARTESIAN_POINT('',(-74.07519833842,6.03943682074,-3.75));
#1156 = SURFACE_CURVE('',#1157,(#1161,#1168),.PCURVE_S1.);
#1157 = LINE('',#1158,#1159);
#1158 = CARTESIAN_POINT('',(-74.07519833842,6.03943682074,-3.75));
#1159 = VECTOR('',#1160,1.);
#1160 = DIRECTION('',(0.,0.,1.));
#1161 = PCURVE('',#1093,#1162);
#1162 = DEFINITIONAL_REPRESENTATION('',(#1163),#1167);
#1163 = LINE('',#1164,#1165);
#1164 = CARTESIAN_POINT('',(6.40541166979,0.));
#1165 = VECTOR('',#1166,1.);
#1166 = DIRECTION('',(0.,-1.));
#1167 = ( GEOMETRIC_REPRESENTATION_CONTEXT(2) 
PARAMETRIC_REPRESENTATION_CONTEXT() REPRESENTATION_CONTEXT('2D SPACE',''
  ) );
#1168 = PCURVE('',#1169,#1174);
#1169 = PLANE('',#1170);
#1170 = AXIS2_PLACEMENT_3D('',#1171,#1172,#1173);
#1171 = CARTESIAN_POINT('',(-74.07519833842,6.03943682074,-3.75));
#1172 = DIRECTION('',(0.999268749506,-3.823566737884E-02,0.));
#1173 = DIRECTION('',(-3.823566737884E-02,-0.999268749506,0.));
#1174 = DEFINITIONAL_REPRESENTATION('',(#1175),#1179);
#1175 = LINE('',#1176,#1177);
#1176 = CARTESIAN_POINT('',(0.,0.));
#1177 = VECTOR('',#1178,1.);
#1178 = DIRECTION('',(0.,-1.));
#1179 = ( GEOMETRIC_REPRESENTATION_CONTEXT(2) 
PARAMETRIC_REPRESENTATION_CONTEXT() REPRESENTATION_CONTEXT('2D SPACE',''
  ) );
#1180 = ORIENTED_EDGE('',*,*,#1181,.F.);
#1181 = EDGE_CURVE('',#1078,#1154,#1182,.T.);
#1182 = SURFACE_CURVE('',#1183,(#1187,#1194),.PCURVE_S1.);
#1183 = LINE('',#1184,#1185);
#1184 = CARTESIAN_POINT('',(-73.28005358065,12.395303675362,-3.75));
#1185 = VECTOR('',#1186,1.);
#1186 = DIRECTION('',(-0.124136401961,-0.992265163002,0.));
#1187 = PCURVE('',#1093,#1188);
#1188 = DEFINITIONAL_REPRESENTATION('',(#1189),#1193);
#1189 = LINE('',#1190,#1191);
#1190 = CARTESIAN_POINT('',(0.,0.));
#1191 = VECTOR('',#1192,1.);
#1192 = DIRECTION('',(1.,0.));
#1193 = ( GEOMETRIC_REPRESENTATION_CONTEXT(2) 
PARAMETRIC_REPRESENTATION_CONTEXT() REPRESENTATION_CONTEXT('2D SPACE',''
  ) );
#1194 = PCURVE('',#126,#1195);
#1195 = DEFINITIONAL_REPRESENTATION('',(#1196),#1200);
#1196 = LINE('',#1197,#1198);
#1197 = CARTESIAN_POINT('',(-169.7958559527,-22.80411859524));
#1198 = VECTOR('',#1199,1.);
#1199 = DIRECTION('',(-0.124136401961,-0.992265163002));
#1200 = ( GEOMETRIC_REPRESENTATION_CONTEXT(2) 
PARAMETRIC_REPRESENTATION_CONTEXT() REPRESENTATION_CONTEXT('2D SPACE',''
  ) );
#1201 = ADVANCED_FACE('',(#1202),#1169,.F.);
#1202 = FACE_BOUND('',#1203,.F.);
#1203 = EDGE_LOOP('',(#1204,#1205,#1228,#1256));
#1204 = ORIENTED_EDGE('',*,*,#1153,.T.);
#1205 = ORIENTED_EDGE('',*,*,#1206,.T.);
#1206 = EDGE_CURVE('',#1131,#1207,#1209,.T.);
#1207 = VERTEX_POINT('',#1208);
#1208 = CARTESIAN_POINT('',(-74.32011352845,-0.361290888604,3.75));
#1209 = SURFACE_CURVE('',#1210,(#1214,#1221),.PCURVE_S1.);
#1210 = LINE('',#1211,#1212);
#1211 = CARTESIAN_POINT('',(-74.07519833842,6.03943682074,3.75));
#1212 = VECTOR('',#1213,1.);
#1213 = DIRECTION('',(-3.823566737884E-02,-0.999268749506,0.));
#1214 = PCURVE('',#1169,#1215);
#1215 = DEFINITIONAL_REPRESENTATION('',(#1216),#1220);
#1216 = LINE('',#1217,#1218);
#1217 = CARTESIAN_POINT('',(0.,-7.5));
#1218 = VECTOR('',#1219,1.);
#1219 = DIRECTION('',(1.,0.));
#1220 = ( GEOMETRIC_REPRESENTATION_CONTEXT(2) 
PARAMETRIC_REPRESENTATION_CONTEXT() REPRESENTATION_CONTEXT('2D SPACE',''
  ) );
#1221 = PCURVE('',#72,#1222);
#1222 = DEFINITIONAL_REPRESENTATION('',(#1223),#1227);
#1223 = LINE('',#1224,#1225);
#1224 = CARTESIAN_POINT('',(-170.5910007105,-29.15998544986));
#1225 = VECTOR('',#1226,1.);
#1226 = DIRECTION('',(-3.823566737884E-02,-0.999268749506));
#1227 = ( GEOMETRIC_REPRESENTATION_CONTEXT(2) 
PARAMETRIC_REPRESENTATION_CONTEXT() REPRESENTATION_CONTEXT('2D SPACE',''
  ) );
#1228 = ORIENTED_EDGE('',*,*,#1229,.F.);
#1229 = EDGE_CURVE('',#1230,#1207,#1232,.T.);
#1230 = VERTEX_POINT('',#1231);
#1231 = CARTESIAN_POINT('',(-74.32011352845,-0.361290888604,-3.75));
#1232 = SURFACE_CURVE('',#1233,(#1237,#1244),.PCURVE_S1.);
#1233 = LINE('',#1234,#1235);
#1234 = CARTESIAN_POINT('',(-74.32011352845,-0.361290888604,-3.75));
#1235 = VECTOR('',#1236,1.);
#1236 = DIRECTION('',(0.,0.,1.));
#1237 = PCURVE('',#1169,#1238);
#1238 = DEFINITIONAL_REPRESENTATION('',(#1239),#1243);
#1239 = LINE('',#1240,#1241);
#1240 = CARTESIAN_POINT('',(6.40541166979,0.));
#1241 = VECTOR('',#1242,1.);
#1242 = DIRECTION('',(0.,-1.));
#1243 = ( GEOMETRIC_REPRESENTATION_CONTEXT(2) 
PARAMETRIC_REPRESENTATION_CONTEXT() REPRESENTATION_CONTEXT('2D SPACE',''
  ) );
#1244 = PCURVE('',#1245,#1250);
#1245 = PLANE('',#1246);
#1246 = AXIS2_PLACEMENT_3D('',#1247,#1248,#1249);
#1247 = CARTESIAN_POINT('',(-74.32011352845,-0.361290888604,-3.75));
#1248 = DIRECTION('',(0.998849781303,4.794908122147E-02,-0.));
#1249 = DIRECTION('',(4.794908122147E-02,-0.998849781303,0.));
#1250 = DEFINITIONAL_REPRESENTATION('',(#1251),#1255);
#1251 = LINE('',#1252,#1253);
#1252 = CARTESIAN_POINT('',(0.,0.));
#1253 = VECTOR('',#1254,1.);
#1254 = DIRECTION('',(0.,-1.));
#1255 = ( GEOMETRIC_REPRESENTATION_CONTEXT(2) 
PARAMETRIC_REPRESENTATION_CONTEXT() REPRESENTATION_CONTEXT('2D SPACE',''
  ) );
#1256 = ORIENTED_EDGE('',*,*,#1257,.F.);
#1257 = EDGE_CURVE('',#1154,#1230,#1258,.T.);
#1258 = SURFACE_CURVE('',#1259,(#1263,#1270),.PCURVE_S1.);
#1259 = LINE('',#1260,#1261);
#1260 = CARTESIAN_POINT('',(-74.07519833842,6.03943682074,-3.75));
#1261 = VECTOR('',#1262,1.);
#1262 = DIRECTION('',(-3.823566737884E-02,-0.999268749506,0.));
#1263 = PCURVE('',#1169,#1264);
#1264 = DEFINITIONAL_REPRESENTATION('',(#1265),#1269);
#1265 = LINE('',#1266,#1267);
#1266 = CARTESIAN_POINT('',(0.,0.));
#1267 = VECTOR('',#1268,1.);
#1268 = DIRECTION('',(1.,0.));
#1269 = ( GEOMETRIC_REPRESENTATION_CONTEXT(2) 
PARAMETRIC_REPRESENTATION_CONTEXT() REPRESENTATION_CONTEXT('2D SPACE',''
  ) );
#1270 = PCURVE('',#126,#1271);
#1271 = DEFINITIONAL_REPRESENTATION('',(#1272),#1276);
#1272 = LINE('',#1273,#1274);
#1273 = CARTESIAN_POINT('',(-170.5910007105,-29.15998544986));
#1274 = VECTOR('',#1275,1.);
#1275 = DIRECTION('',(-3.823566737884E-02,-0.999268749506));
#1276 = ( GEOMETRIC_REPRESENTATION_CONTEXT(2) 
PARAMETRIC_REPRESENTATION_CONTEXT() REPRESENTATION_CONTEXT('2D SPACE',''
  ) );
#1277 = ADVANCED_FACE('',(#1278),#1245,.F.);
#1278 = FACE_BOUND('',#1279,.F.);
#1279 = EDGE_LOOP('',(#1280,#1281,#1304,#1332));
#1280 = ORIENTED_EDGE('',*,*,#1229,.T.);
#1281 = ORIENTED_EDGE('',*,*,#1282,.T.);
#1282 = EDGE_CURVE('',#1207,#1283,#1285,.T.);
#1283 = VERTEX_POINT('',#1284);
#1284 = CARTESIAN_POINT('',(-74.01297992404,-6.759334934133,3.75));
#1285 = SURFACE_CURVE('',#1286,(#1290,#1297),.PCURVE_S1.);
#1286 = LINE('',#1287,#1288);
#1287 = CARTESIAN_POINT('',(-74.32011352845,-0.361290888604,3.75));
#1288 = VECTOR('',#1289,1.);
#1289 = DIRECTION('',(4.794908122147E-02,-0.998849781303,0.));
#1290 = PCURVE('',#1245,#1291);
#1291 = DEFINITIONAL_REPRESENTATION('',(#1292),#1296);
#1292 = LINE('',#1293,#1294);
#1293 = CARTESIAN_POINT('',(0.,-7.5));
#1294 = VECTOR('',#1295,1.);
#1295 = DIRECTION('',(1.,0.));
#1296 = ( GEOMETRIC_REPRESENTATION_CONTEXT(2) 
PARAMETRIC_REPRESENTATION_CONTEXT() REPRESENTATION_CONTEXT('2D SPACE',''
  ) );
#1297 = PCURVE('',#72,#1298);
#1298 = DEFINITIONAL_REPRESENTATION('',(#1299),#1303);
#1299 = LINE('',#1300,#1301);
#1300 = CARTESIAN_POINT('',(-170.8359159005,-35.56071315921));
#1301 = VECTOR('',#1302,1.);
#1302 = DIRECTION('',(4.794908122147E-02,-0.998849781303));
#1303 = ( GEOMETRIC_REPRESENTATION_CONTEXT(2) 
PARAMETRIC_REPRESENTATION_CONTEXT() REPRESENTATION_CONTEXT('2D SPACE',''
  ) );
#1304 = ORIENTED_EDGE('',*,*,#1305,.F.);
#1305 = EDGE_CURVE('',#1306,#1283,#1308,.T.);
#1306 = VERTEX_POINT('',#1307);
#1307 = CARTESIAN_POINT('',(-74.01297992404,-6.759334934133,-3.75));
#1308 = SURFACE_CURVE('',#1309,(#1313,#1320),.PCURVE_S1.);
#1309 = LINE('',#1310,#1311);
#1310 = CARTESIAN_POINT('',(-74.01297992404,-6.759334934133,-3.75));
#1311 = VECTOR('',#1312,1.);
#1312 = DIRECTION('',(0.,0.,1.));
#1313 = PCURVE('',#1245,#1314);
#1314 = DEFINITIONAL_REPRESENTATION('',(#1315),#1319);
#1315 = LINE('',#1316,#1317);
#1316 = CARTESIAN_POINT('',(6.40541166979,0.));
#1317 = VECTOR('',#1318,1.);
#1318 = DIRECTION('',(0.,-1.));
#1319 = ( GEOMETRIC_REPRESENTATION_CONTEXT(2) 
PARAMETRIC_REPRESENTATION_CONTEXT() REPRESENTATION_CONTEXT('2D SPACE',''
  ) );
#1320 = PCURVE('',#1321,#1326);
#1321 = PLANE('',#1322);
#1322 = AXIS2_PLACEMENT_3D('',#1323,#1324,#1325);
#1323 = CARTESIAN_POINT('',(-74.01297992404,-6.759334934133,-3.75));
#1324 = DIRECTION('',(0.991011370484,0.133777664697,-0.));
#1325 = DIRECTION('',(0.133777664697,-0.991011370484,0.));
#1326 = DEFINITIONAL_REPRESENTATION('',(#1327),#1331);
#1327 = LINE('',#1328,#1329);
#1328 = CARTESIAN_POINT('',(0.,0.));
#1329 = VECTOR('',#1330,1.);
#1330 = DIRECTION('',(0.,-1.));
#1331 = ( GEOMETRIC_REPRESENTATION_CONTEXT(2) 
PARAMETRIC_REPRESENTATION_CONTEXT() REPRESENTATION_CONTEXT('2D SPACE',''
  ) );
#1332 = ORIENTED_EDGE('',*,*,#1333,.F.);
#1333 = EDGE_CURVE('',#1230,#1306,#1334,.T.);
#1334 = SURFACE_CURVE('',#1335,(#1339,#1346),.PCURVE_S1.);
#1335 = LINE('',#1336,#1337);
#1336 = CARTESIAN_POINT('',(-74.32011352845,-0.361290888604,-3.75));
#1337 = VECTOR('',#1338,1.);
#1338 = DIRECTION('',(4.794908122147E-02,-0.998849781303,0.));
#1339 = PCURVE('',#1245,#1340);
#1340 = DEFINITIONAL_REPRESENTATION('',(#1341),#1345);
#1341 = LINE('',#1342,#1343);
#1342 = CARTESIAN_POINT('',(0.,0.));
#1343 = VECTOR('',#1344,1.);
#1344 = DIRECTION('',(1.,0.));
#1345 = ( GEOMETRIC_REPRESENTATION_CONTEXT(2) 
PARAMETRIC_REPRESENTATION_CONTEXT() REPRESENTATION_CONTEXT('2D SPACE',''
  ) );
#1346 = PCURVE('',#126,#1347);
#1347 = DEFINITIONAL_REPRESENTATION('',(#1348),#1352);
#1348 = LINE('',#1349,#1350);
#1349 = CARTESIAN_POINT('',(-170.8359159005,-35.56071315921));
#1350 = VECTOR('',#1351,1.);
#1351 = DIRECTION('',(4.794908122147E-02,-0.998849781303));
#1352 = ( GEOMETRIC_REPRESENTATION_CONTEXT(2) 
PARAMETRIC_REPRESENTATION_CONTEXT() REPRESENTATION_CONTEXT('2D SPACE',''
  ) );
#1353 = ADVANCED_FACE('',(#1354),#1321,.F.);
#1354 = FACE_BOUND('',#1355,.F.);
#1355 = EDGE_LOOP('',(#1356,#1357,#1380,#1408));
#1356 = ORIENTED_EDGE('',*,*,#1305,.T.);
#1357 = ORIENTED_EDGE('',*,*,#1358,.T.);
#1358 = EDGE_CURVE('',#1283,#1359,#1361,.T.);
#1359 = VERTEX_POINT('',#1360);
#1360 = CARTESIAN_POINT('',(-73.15607890943,-13.10717073152,3.75));
#1361 = SURFACE_CURVE('',#1362,(#1366,#1373),.PCURVE_S1.);
#1362 = LINE('',#1363,#1364);
#1363 = CARTESIAN_POINT('',(-74.01297992404,-6.759334934133,3.75));
#1364 = VECTOR('',#1365,1.);
#1365 = DIRECTION('',(0.133777664697,-0.991011370484,0.));
#1366 = PCURVE('',#1321,#1367);
#1367 = DEFINITIONAL_REPRESENTATION('',(#1368),#1372);
#1368 = LINE('',#1369,#1370);
#1369 = CARTESIAN_POINT('',(0.,-7.5));
#1370 = VECTOR('',#1371,1.);
#1371 = DIRECTION('',(1.,0.));
#1372 = ( GEOMETRIC_REPRESENTATION_CONTEXT(2) 
PARAMETRIC_REPRESENTATION_CONTEXT() REPRESENTATION_CONTEXT('2D SPACE',''
  ) );
#1373 = PCURVE('',#72,#1374);
#1374 = DEFINITIONAL_REPRESENTATION('',(#1375),#1379);
#1375 = LINE('',#1376,#1377);
#1376 = CARTESIAN_POINT('',(-170.5287822961,-41.95875720474));
#1377 = VECTOR('',#1378,1.);
#1378 = DIRECTION('',(0.133777664697,-0.991011370484));
#1379 = ( GEOMETRIC_REPRESENTATION_CONTEXT(2) 
PARAMETRIC_REPRESENTATION_CONTEXT() REPRESENTATION_CONTEXT('2D SPACE',''
  ) );
#1380 = ORIENTED_EDGE('',*,*,#1381,.F.);
#1381 = EDGE_CURVE('',#1382,#1359,#1384,.T.);
#1382 = VERTEX_POINT('',#1383);
#1383 = CARTESIAN_POINT('',(-73.15607890943,-13.10717073152,-3.75));
#1384 = SURFACE_CURVE('',#1385,(#1389,#1396),.PCURVE_S1.);
#1385 = LINE('',#1386,#1387);
#1386 = CARTESIAN_POINT('',(-73.15607890943,-13.10717073152,-3.75));
#1387 = VECTOR('',#1388,1.);
#1388 = DIRECTION('',(0.,0.,1.));
#1389 = PCURVE('',#1321,#1390);
#1390 = DEFINITIONAL_REPRESENTATION('',(#1391),#1395);
#1391 = LINE('',#1392,#1393);
#1392 = CARTESIAN_POINT('',(6.40541166979,0.));
#1393 = VECTOR('',#1394,1.);
#1394 = DIRECTION('',(0.,-1.));
#1395 = ( GEOMETRIC_REPRESENTATION_CONTEXT(2) 
PARAMETRIC_REPRESENTATION_CONTEXT() REPRESENTATION_CONTEXT('2D SPACE',''
  ) );
#1396 = PCURVE('',#1397,#1402);
#1397 = PLANE('',#1398);
#1398 = AXIS2_PLACEMENT_3D('',#1399,#1400,#1401);
#1399 = CARTESIAN_POINT('',(-73.15607890943,-13.10717073152,-3.75));
#1400 = DIRECTION('',(0.975811740656,0.218612549496,-0.));
#1401 = DIRECTION('',(0.218612549496,-0.975811740656,0.));
#1402 = DEFINITIONAL_REPRESENTATION('',(#1403),#1407);
#1403 = LINE('',#1404,#1405);
#1404 = CARTESIAN_POINT('',(0.,0.));
#1405 = VECTOR('',#1406,1.);
#1406 = DIRECTION('',(0.,-1.));
#1407 = ( GEOMETRIC_REPRESENTATION_CONTEXT(2) 
PARAMETRIC_REPRESENTATION_CONTEXT() REPRESENTATION_CONTEXT('2D SPACE',''
  ) );
#1408 = ORIENTED_EDGE('',*,*,#1409,.F.);
#1409 = EDGE_CURVE('',#1306,#1382,#1410,.T.);
#1410 = SURFACE_CURVE('',#1411,(#1415,#1422),.PCURVE_S1.);
#1411 = LINE('',#1412,#1413);
#1412 = CARTESIAN_POINT('',(-74.01297992404,-6.759334934133,-3.75));
#1413 = VECTOR('',#1414,1.);
#1414 = DIRECTION('',(0.133777664697,-0.991011370484,0.));
#1415 = PCURVE('',#1321,#1416);
#1416 = DEFINITIONAL_REPRESENTATION('',(#1417),#1421);
#1417 = LINE('',#1418,#1419);
#1418 = CARTESIAN_POINT('',(0.,0.));
#1419 = VECTOR('',#1420,1.);
#1420 = DIRECTION('',(1.,0.));
#1421 = ( GEOMETRIC_REPRESENTATION_CONTEXT(2) 
PARAMETRIC_REPRESENTATION_CONTEXT() REPRESENTATION_CONTEXT('2D SPACE',''
  ) );
#1422 = PCURVE('',#126,#1423);
#1423 = DEFINITIONAL_REPRESENTATION('',(#1424),#1428);
#1424 = LINE('',#1425,#1426);
#1425 = CARTESIAN_POINT('',(-170.5287822961,-41.95875720474));
#1426 = VECTOR('',#1427,1.);
#1427 = DIRECTION('',(0.133777664697,-0.991011370484));
#1428 = ( GEOMETRIC_REPRESENTATION_CONTEXT(2) 
PARAMETRIC_REPRESENTATION_CONTEXT() REPRESENTATION_CONTEXT('2D SPACE',''
  ) );
#1429 = ADVANCED_FACE('',(#1430),#1397,.F.);
#1430 = FACE_BOUND('',#1431,.F.);
#1431 = EDGE_LOOP('',(#1432,#1433,#1456,#1484));
#1432 = ORIENTED_EDGE('',*,*,#1381,.T.);
#1433 = ORIENTED_EDGE('',*,*,#1434,.T.);
#1434 = EDGE_CURVE('',#1359,#1435,#1437,.T.);
#1435 = VERTEX_POINT('',#1436);
#1436 = CARTESIAN_POINT('',(-71.75577553372,-19.35764664264,3.75));
#1437 = SURFACE_CURVE('',#1438,(#1442,#1449),.PCURVE_S1.);
#1438 = LINE('',#1439,#1440);
#1439 = CARTESIAN_POINT('',(-73.15607890943,-13.10717073152,3.75));
#1440 = VECTOR('',#1441,1.);
#1441 = DIRECTION('',(0.218612549496,-0.975811740656,0.));
#1442 = PCURVE('',#1397,#1443);
#1443 = DEFINITIONAL_REPRESENTATION('',(#1444),#1448);
#1444 = LINE('',#1445,#1446);
#1445 = CARTESIAN_POINT('',(0.,-7.5));
#1446 = VECTOR('',#1447,1.);
#1447 = DIRECTION('',(1.,0.));
#1448 = ( GEOMETRIC_REPRESENTATION_CONTEXT(2) 
PARAMETRIC_REPRESENTATION_CONTEXT() REPRESENTATION_CONTEXT('2D SPACE',''
  ) );
#1449 = PCURVE('',#72,#1450);
#1450 = DEFINITIONAL_REPRESENTATION('',(#1451),#1455);
#1451 = LINE('',#1452,#1453);
#1452 = CARTESIAN_POINT('',(-169.6718812815,-48.30659300213));
#1453 = VECTOR('',#1454,1.);
#1454 = DIRECTION('',(0.218612549496,-0.975811740656));
#1455 = ( GEOMETRIC_REPRESENTATION_CONTEXT(2) 
PARAMETRIC_REPRESENTATION_CONTEXT() REPRESENTATION_CONTEXT('2D SPACE',''
  ) );
#1456 = ORIENTED_EDGE('',*,*,#1457,.F.);
#1457 = EDGE_CURVE('',#1458,#1435,#1460,.T.);
#1458 = VERTEX_POINT('',#1459);
#1459 = CARTESIAN_POINT('',(-71.75577553372,-19.35764664264,-3.75));
#1460 = SURFACE_CURVE('',#1461,(#1465,#1472),.PCURVE_S1.);
#1461 = LINE('',#1462,#1463);
#1462 = CARTESIAN_POINT('',(-71.75577553372,-19.35764664264,-3.75));
#1463 = VECTOR('',#1464,1.);
#1464 = DIRECTION('',(0.,0.,1.));
#1465 = PCURVE('',#1397,#1466);
#1466 = DEFINITIONAL_REPRESENTATION('',(#1467),#1471);
#1467 = LINE('',#1468,#1469);
#1468 = CARTESIAN_POINT('',(6.40541166979,0.));
#1469 = VECTOR('',#1470,1.);
#1470 = DIRECTION('',(0.,-1.));
#1471 = ( GEOMETRIC_REPRESENTATION_CONTEXT(2) 
PARAMETRIC_REPRESENTATION_CONTEXT() REPRESENTATION_CONTEXT('2D SPACE',''
  ) );
#1472 = PCURVE('',#1473,#1478);
#1473 = PLANE('',#1474);
#1474 = AXIS2_PLACEMENT_3D('',#1475,#1476,#1477);
#1475 = CARTESIAN_POINT('',(-71.75577553372,-19.35764664264,-3.75));
#1476 = DIRECTION('',(0.953363794466,0.301823583244,-0.));
#1477 = DIRECTION('',(0.301823583244,-0.953363794466,0.));
#1478 = DEFINITIONAL_REPRESENTATION('',(#1479),#1483);
#1479 = LINE('',#1480,#1481);
#1480 = CARTESIAN_POINT('',(0.,0.));
#1481 = VECTOR('',#1482,1.);
#1482 = DIRECTION('',(0.,-1.));
#1483 = ( GEOMETRIC_REPRESENTATION_CONTEXT(2) 
PARAMETRIC_REPRESENTATION_CONTEXT() REPRESENTATION_CONTEXT('2D SPACE',''
  ) );
#1484 = ORIENTED_EDGE('',*,*,#1485,.F.);
#1485 = EDGE_CURVE('',#1382,#1458,#1486,.T.);
#1486 = SURFACE_CURVE('',#1487,(#1491,#1498),.PCURVE_S1.);
#1487 = LINE('',#1488,#1489);
#1488 = CARTESIAN_POINT('',(-73.15607890943,-13.10717073152,-3.75));
#1489 = VECTOR('',#1490,1.);
#1490 = DIRECTION('',(0.218612549496,-0.975811740656,0.));
#1491 = PCURVE('',#1397,#1492);
#1492 = DEFINITIONAL_REPRESENTATION('',(#1493),#1497);
#1493 = LINE('',#1494,#1495);
#1494 = CARTESIAN_POINT('',(0.,0.));
#1495 = VECTOR('',#1496,1.);
#1496 = DIRECTION('',(1.,0.));
#1497 = ( GEOMETRIC_REPRESENTATION_CONTEXT(2) 
PARAMETRIC_REPRESENTATION_CONTEXT() REPRESENTATION_CONTEXT('2D SPACE',''
  ) );
#1498 = PCURVE('',#126,#1499);
#1499 = DEFINITIONAL_REPRESENTATION('',(#1500),#1504);
#1500 = LINE('',#1501,#1502);
#1501 = CARTESIAN_POINT('',(-169.6718812815,-48.30659300213));
#1502 = VECTOR('',#1503,1.);
#1503 = DIRECTION('',(0.218612549496,-0.975811740656));
#1504 = ( GEOMETRIC_REPRESENTATION_CONTEXT(2) 
PARAMETRIC_REPRESENTATION_CONTEXT() REPRESENTATION_CONTEXT('2D SPACE',''
  ) );
#1505 = ADVANCED_FACE('',(#1506),#1473,.F.);
#1506 = FACE_BOUND('',#1507,.F.);
#1507 = EDGE_LOOP('',(#1508,#1509,#1532,#1560));
#1508 = ORIENTED_EDGE('',*,*,#1457,.T.);
#1509 = ORIENTED_EDGE('',*,*,#1510,.T.);
#1510 = EDGE_CURVE('',#1435,#1511,#1513,.T.);
#1511 = VERTEX_POINT('',#1512);
#1512 = CARTESIAN_POINT('',(-69.82247123139,-25.46433421726,3.75));
#1513 = SURFACE_CURVE('',#1514,(#1518,#1525),.PCURVE_S1.);
#1514 = LINE('',#1515,#1516);
#1515 = CARTESIAN_POINT('',(-71.75577553372,-19.35764664264,3.75));
#1516 = VECTOR('',#1517,1.);
#1517 = DIRECTION('',(0.301823583244,-0.953363794466,0.));
#1518 = PCURVE('',#1473,#1519);
#1519 = DEFINITIONAL_REPRESENTATION('',(#1520),#1524);
#1520 = LINE('',#1521,#1522);
#1521 = CARTESIAN_POINT('',(0.,-7.5));
#1522 = VECTOR('',#1523,1.);
#1523 = DIRECTION('',(1.,0.));
#1524 = ( GEOMETRIC_REPRESENTATION_CONTEXT(2) 
PARAMETRIC_REPRESENTATION_CONTEXT() REPRESENTATION_CONTEXT('2D SPACE',''
  ) );
#1525 = PCURVE('',#72,#1526);
#1526 = DEFINITIONAL_REPRESENTATION('',(#1527),#1531);
#1527 = LINE('',#1528,#1529);
#1528 = CARTESIAN_POINT('',(-168.2715779058,-54.55706891325));
#1529 = VECTOR('',#1530,1.);
#1530 = DIRECTION('',(0.301823583244,-0.953363794466));
#1531 = ( GEOMETRIC_REPRESENTATION_CONTEXT(2) 
PARAMETRIC_REPRESENTATION_CONTEXT() REPRESENTATION_CONTEXT('2D SPACE',''
  ) );
#1532 = ORIENTED_EDGE('',*,*,#1533,.F.);
#1533 = EDGE_CURVE('',#1534,#1511,#1536,.T.);
#1534 = VERTEX_POINT('',#1535);
#1535 = CARTESIAN_POINT('',(-69.82247123139,-25.46433421726,-3.75));
#1536 = SURFACE_CURVE('',#1537,(#1541,#1548),.PCURVE_S1.);
#1537 = LINE('',#1538,#1539);
#1538 = CARTESIAN_POINT('',(-69.82247123139,-25.46433421726,-3.75));
#1539 = VECTOR('',#1540,1.);
#1540 = DIRECTION('',(0.,0.,1.));
#1541 = PCURVE('',#1473,#1542);
#1542 = DEFINITIONAL_REPRESENTATION('',(#1543),#1547);
#1543 = LINE('',#1544,#1545);
#1544 = CARTESIAN_POINT('',(6.40541166979,0.));
#1545 = VECTOR('',#1546,1.);
#1546 = DIRECTION('',(0.,-1.));
#1547 = ( GEOMETRIC_REPRESENTATION_CONTEXT(2) 
PARAMETRIC_REPRESENTATION_CONTEXT() REPRESENTATION_CONTEXT('2D SPACE',''
  ) );
#1548 = PCURVE('',#1549,#1554);
#1549 = PLANE('',#1550);
#1550 = AXIS2_PLACEMENT_3D('',#1551,#1552,#1553);
#1551 = CARTESIAN_POINT('',(-69.82247123139,-25.46433421726,-3.75));
#1552 = DIRECTION('',(0.923834274951,0.382792675513,-0.));
#1553 = DIRECTION('',(0.382792675513,-0.923834274951,0.));
#1554 = DEFINITIONAL_REPRESENTATION('',(#1555),#1559);
#1555 = LINE('',#1556,#1557);
#1556 = CARTESIAN_POINT('',(0.,0.));
#1557 = VECTOR('',#1558,1.);
#1558 = DIRECTION('',(0.,-1.));
#1559 = ( GEOMETRIC_REPRESENTATION_CONTEXT(2) 
PARAMETRIC_REPRESENTATION_CONTEXT() REPRESENTATION_CONTEXT('2D SPACE',''
  ) );
#1560 = ORIENTED_EDGE('',*,*,#1561,.F.);
#1561 = EDGE_CURVE('',#1458,#1534,#1562,.T.);
#1562 = SURFACE_CURVE('',#1563,(#1567,#1574),.PCURVE_S1.);
#1563 = LINE('',#1564,#1565);
#1564 = CARTESIAN_POINT('',(-71.75577553372,-19.35764664264,-3.75));
#1565 = VECTOR('',#1566,1.);
#1566 = DIRECTION('',(0.301823583244,-0.953363794466,0.));
#1567 = PCURVE('',#1473,#1568);
#1568 = DEFINITIONAL_REPRESENTATION('',(#1569),#1573);
#1569 = LINE('',#1570,#1571);
#1570 = CARTESIAN_POINT('',(0.,0.));
#1571 = VECTOR('',#1572,1.);
#1572 = DIRECTION('',(1.,0.));
#1573 = ( GEOMETRIC_REPRESENTATION_CONTEXT(2) 
PARAMETRIC_REPRESENTATION_CONTEXT() REPRESENTATION_CONTEXT('2D SPACE',''
  ) );
#1574 = PCURVE('',#126,#1575);
#1575 = DEFINITIONAL_REPRESENTATION('',(#1576),#1580);
#1576 = LINE('',#1577,#1578);
#1577 = CARTESIAN_POINT('',(-168.2715779058,-54.55706891325));
#1578 = VECTOR('',#1579,1.);
#1579 = DIRECTION('',(0.301823583244,-0.953363794466));
#1580 = ( GEOMETRIC_REPRESENTATION_CONTEXT(2) 
PARAMETRIC_REPRESENTATION_CONTEXT() REPRESENTATION_CONTEXT('2D SPACE',''
  ) );
#1581 = ADVANCED_FACE('',(#1582),#1549,.F.);
#1582 = FACE_BOUND('',#1583,.F.);
#1583 = EDGE_LOOP('',(#1584,#1585,#1608,#1636));
#1584 = ORIENTED_EDGE('',*,*,#1533,.T.);
#1585 = ORIENTED_EDGE('',*,*,#1586,.T.);
#1586 = EDGE_CURVE('',#1511,#1587,#1589,.T.);
#1587 = VERTEX_POINT('',#1588);
#1588 = CARTESIAN_POINT('',(-67.37052656055,-31.38187306298,3.75));
#1589 = SURFACE_CURVE('',#1590,(#1594,#1601),.PCURVE_S1.);
#1590 = LINE('',#1591,#1592);
#1591 = CARTESIAN_POINT('',(-69.82247123139,-25.46433421726,3.75));
#1592 = VECTOR('',#1593,1.);
#1593 = DIRECTION('',(0.382792675513,-0.923834274951,0.));
#1594 = PCURVE('',#1549,#1595);
#1595 = DEFINITIONAL_REPRESENTATION('',(#1596),#1600);
#1596 = LINE('',#1597,#1598);
#1597 = CARTESIAN_POINT('',(0.,-7.5));
#1598 = VECTOR('',#1599,1.);
#1599 = DIRECTION('',(1.,0.));
#1600 = ( GEOMETRIC_REPRESENTATION_CONTEXT(2) 
PARAMETRIC_REPRESENTATION_CONTEXT() REPRESENTATION_CONTEXT('2D SPACE',''
  ) );
#1601 = PCURVE('',#72,#1602);
#1602 = DEFINITIONAL_REPRESENTATION('',(#1603),#1607);
#1603 = LINE('',#1604,#1605);
#1604 = CARTESIAN_POINT('',(-166.3382736035,-60.66375648787));
#1605 = VECTOR('',#1606,1.);
#1606 = DIRECTION('',(0.382792675513,-0.923834274951));
#1607 = ( GEOMETRIC_REPRESENTATION_CONTEXT(2) 
PARAMETRIC_REPRESENTATION_CONTEXT() REPRESENTATION_CONTEXT('2D SPACE',''
  ) );
#1608 = ORIENTED_EDGE('',*,*,#1609,.F.);
#1609 = EDGE_CURVE('',#1610,#1587,#1612,.T.);
#1610 = VERTEX_POINT('',#1611);
#1611 = CARTESIAN_POINT('',(-67.37052656055,-31.38187306298,-3.75));
#1612 = SURFACE_CURVE('',#1613,(#1617,#1624),.PCURVE_S1.);
#1613 = LINE('',#1614,#1615);
#1614 = CARTESIAN_POINT('',(-67.37052656055,-31.38187306298,-3.75));
#1615 = VECTOR('',#1616,1.);
#1616 = DIRECTION('',(0.,0.,1.));
#1617 = PCURVE('',#1549,#1618);
#1618 = DEFINITIONAL_REPRESENTATION('',(#1619),#1623);
#1619 = LINE('',#1620,#1621);
#1620 = CARTESIAN_POINT('',(6.40541166979,0.));
#1621 = VECTOR('',#1622,1.);
#1622 = DIRECTION('',(0.,-1.));
#1623 = ( GEOMETRIC_REPRESENTATION_CONTEXT(2) 
PARAMETRIC_REPRESENTATION_CONTEXT() REPRESENTATION_CONTEXT('2D SPACE',''
  ) );
#1624 = PCURVE('',#1625,#1630);
#1625 = PLANE('',#1626);
#1626 = AXIS2_PLACEMENT_3D('',#1627,#1628,#1629);
#1627 = CARTESIAN_POINT('',(-67.37052656055,-31.38187306298,-3.75));
#1628 = DIRECTION('',(0.887442526982,0.460918388985,-0.));
#1629 = DIRECTION('',(0.460918388985,-0.887442526982,0.));
#1630 = DEFINITIONAL_REPRESENTATION('',(#1631),#1635);
#1631 = LINE('',#1632,#1633);
#1632 = CARTESIAN_POINT('',(0.,0.));
#1633 = VECTOR('',#1634,1.);
#1634 = DIRECTION('',(0.,-1.));
#1635 = ( GEOMETRIC_REPRESENTATION_CONTEXT(2) 
PARAMETRIC_REPRESENTATION_CONTEXT() REPRESENTATION_CONTEXT('2D SPACE',''
  ) );
#1636 = ORIENTED_EDGE('',*,*,#1637,.F.);
#1637 = EDGE_CURVE('',#1534,#1610,#1638,.T.);
#1638 = SURFACE_CURVE('',#1639,(#1643,#1650),.PCURVE_S1.);
#1639 = LINE('',#1640,#1641);
#1640 = CARTESIAN_POINT('',(-69.82247123139,-25.46433421726,-3.75));
#1641 = VECTOR('',#1642,1.);
#1642 = DIRECTION('',(0.382792675513,-0.923834274951,0.));
#1643 = PCURVE('',#1549,#1644);
#1644 = DEFINITIONAL_REPRESENTATION('',(#1645),#1649);
#1645 = LINE('',#1646,#1647);
#1646 = CARTESIAN_POINT('',(0.,0.));
#1647 = VECTOR('',#1648,1.);
#1648 = DIRECTION('',(1.,0.));
#1649 = ( GEOMETRIC_REPRESENTATION_CONTEXT(2) 
PARAMETRIC_REPRESENTATION_CONTEXT() REPRESENTATION_CONTEXT('2D SPACE',''
  ) );
#1650 = PCURVE('',#126,#1651);
#1651 = DEFINITIONAL_REPRESENTATION('',(#1652),#1656);
#1652 = LINE('',#1653,#1654);
#1653 = CARTESIAN_POINT('',(-166.3382736035,-60.66375648787));
#1654 = VECTOR('',#1655,1.);
#1655 = DIRECTION('',(0.382792675513,-0.923834274951));
#1656 = ( GEOMETRIC_REPRESENTATION_CONTEXT(2) 
PARAMETRIC_REPRESENTATION_CONTEXT() REPRESENTATION_CONTEXT('2D SPACE',''
  ) );
#1657 = ADVANCED_FACE('',(#1658),#1625,.F.);
#1658 = FACE_BOUND('',#1659,.F.);
#1659 = EDGE_LOOP('',(#1660,#1661,#1684,#1712));
#1660 = ORIENTED_EDGE('',*,*,#1609,.T.);
#1661 = ORIENTED_EDGE('',*,*,#1662,.T.);
#1662 = EDGE_CURVE('',#1587,#1663,#1665,.T.);
#1663 = VERTEX_POINT('',#1664);
#1664 = CARTESIAN_POINT('',(-64.41815453293,-37.06630778158,3.75));
#1665 = SURFACE_CURVE('',#1666,(#1670,#1677),.PCURVE_S1.);
#1666 = LINE('',#1667,#1668);
#1667 = CARTESIAN_POINT('',(-67.37052656055,-31.38187306298,3.75));
#1668 = VECTOR('',#1669,1.);
#1669 = DIRECTION('',(0.460918388985,-0.887442526982,0.));
#1670 = PCURVE('',#1625,#1671);
#1671 = DEFINITIONAL_REPRESENTATION('',(#1672),#1676);
#1672 = LINE('',#1673,#1674);
#1673 = CARTESIAN_POINT('',(0.,-7.5));
#1674 = VECTOR('',#1675,1.);
#1675 = DIRECTION('',(1.,0.));
#1676 = ( GEOMETRIC_REPRESENTATION_CONTEXT(2) 
PARAMETRIC_REPRESENTATION_CONTEXT() REPRESENTATION_CONTEXT('2D SPACE',''
  ) );
#1677 = PCURVE('',#72,#1678);
#1678 = DEFINITIONAL_REPRESENTATION('',(#1679),#1683);
#1679 = LINE('',#1680,#1681);
#1680 = CARTESIAN_POINT('',(-163.8863289326,-66.58129533359));
#1681 = VECTOR('',#1682,1.);
#1682 = DIRECTION('',(0.460918388985,-0.887442526982));
#1683 = ( GEOMETRIC_REPRESENTATION_CONTEXT(2) 
PARAMETRIC_REPRESENTATION_CONTEXT() REPRESENTATION_CONTEXT('2D SPACE',''
  ) );
#1684 = ORIENTED_EDGE('',*,*,#1685,.F.);
#1685 = EDGE_CURVE('',#1686,#1663,#1688,.T.);
#1686 = VERTEX_POINT('',#1687);
#1687 = CARTESIAN_POINT('',(-64.41815453293,-37.06630778158,-3.75));
#1688 = SURFACE_CURVE('',#1689,(#1693,#1700),.PCURVE_S1.);
#1689 = LINE('',#1690,#1691);
#1690 = CARTESIAN_POINT('',(-64.41815453293,-37.06630778158,-3.75));
#1691 = VECTOR('',#1692,1.);
#1692 = DIRECTION('',(0.,0.,1.));
#1693 = PCURVE('',#1625,#1694);
#1694 = DEFINITIONAL_REPRESENTATION('',(#1695),#1699);
#1695 = LINE('',#1696,#1697);
#1696 = CARTESIAN_POINT('',(6.40541166979,0.));
#1697 = VECTOR('',#1698,1.);
#1698 = DIRECTION('',(0.,-1.));
#1699 = ( GEOMETRIC_REPRESENTATION_CONTEXT(2) 
PARAMETRIC_REPRESENTATION_CONTEXT() REPRESENTATION_CONTEXT('2D SPACE',''
  ) );
#1700 = PCURVE('',#1701,#1706);
#1701 = PLANE('',#1702);
#1702 = AXIS2_PLACEMENT_3D('',#1703,#1704,#1705);
#1703 = CARTESIAN_POINT('',(-64.41815453293,-37.06630778158,-3.75));
#1704 = DIRECTION('',(0.844458867969,0.535620406919,-0.));
#1705 = DIRECTION('',(0.535620406919,-0.844458867969,0.));
#1706 = DEFINITIONAL_REPRESENTATION('',(#1707),#1711);
#1707 = LINE('',#1708,#1709);
#1708 = CARTESIAN_POINT('',(0.,0.));
#1709 = VECTOR('',#1710,1.);
#1710 = DIRECTION('',(0.,-1.));
#1711 = ( GEOMETRIC_REPRESENTATION_CONTEXT(2) 
PARAMETRIC_REPRESENTATION_CONTEXT() REPRESENTATION_CONTEXT('2D SPACE',''
  ) );
#1712 = ORIENTED_EDGE('',*,*,#1713,.F.);
#1713 = EDGE_CURVE('',#1610,#1686,#1714,.T.);
#1714 = SURFACE_CURVE('',#1715,(#1719,#1726),.PCURVE_S1.);
#1715 = LINE('',#1716,#1717);
#1716 = CARTESIAN_POINT('',(-67.37052656055,-31.38187306298,-3.75));
#1717 = VECTOR('',#1718,1.);
#1718 = DIRECTION('',(0.460918388985,-0.887442526982,0.));
#1719 = PCURVE('',#1625,#1720);
#1720 = DEFINITIONAL_REPRESENTATION('',(#1721),#1725);
#1721 = LINE('',#1722,#1723);
#1722 = CARTESIAN_POINT('',(0.,0.));
#1723 = VECTOR('',#1724,1.);
#1724 = DIRECTION('',(1.,0.));
#1725 = ( GEOMETRIC_REPRESENTATION_CONTEXT(2) 
PARAMETRIC_REPRESENTATION_CONTEXT() REPRESENTATION_CONTEXT('2D SPACE',''
  ) );
#1726 = PCURVE('',#126,#1727);
#1727 = DEFINITIONAL_REPRESENTATION('',(#1728),#1732);
#1728 = LINE('',#1729,#1730);
#1729 = CARTESIAN_POINT('',(-163.8863289326,-66.58129533359));
#1730 = VECTOR('',#1731,1.);
#1731 = DIRECTION('',(0.460918388985,-0.887442526982));
#1732 = ( GEOMETRIC_REPRESENTATION_CONTEXT(2) 
PARAMETRIC_REPRESENTATION_CONTEXT() REPRESENTATION_CONTEXT('2D SPACE',''
  ) );
#1733 = ADVANCED_FACE('',(#1734),#1701,.F.);
#1734 = FACE_BOUND('',#1735,.F.);
#1735 = EDGE_LOOP('',(#1736,#1737,#1760,#1788));
#1736 = ORIENTED_EDGE('',*,*,#1685,.T.);
#1737 = ORIENTED_EDGE('',*,*,#1738,.T.);
#1738 = EDGE_CURVE('',#1663,#1739,#1741,.T.);
#1739 = VERTEX_POINT('',#1740);
#1740 = CARTESIAN_POINT('',(-60.98728532787,-42.47541446913,3.75));
#1741 = SURFACE_CURVE('',#1742,(#1746,#1753),.PCURVE_S1.);
#1742 = LINE('',#1743,#1744);
#1743 = CARTESIAN_POINT('',(-64.41815453293,-37.06630778158,3.75));
#1744 = VECTOR('',#1745,1.);
#1745 = DIRECTION('',(0.535620406919,-0.844458867969,0.));
#1746 = PCURVE('',#1701,#1747);
#1747 = DEFINITIONAL_REPRESENTATION('',(#1748),#1752);
#1748 = LINE('',#1749,#1750);
#1749 = CARTESIAN_POINT('',(0.,-7.5));
#1750 = VECTOR('',#1751,1.);
#1751 = DIRECTION('',(1.,0.));
#1752 = ( GEOMETRIC_REPRESENTATION_CONTEXT(2) 
PARAMETRIC_REPRESENTATION_CONTEXT() REPRESENTATION_CONTEXT('2D SPACE',''
  ) );
#1753 = PCURVE('',#72,#1754);
#1754 = DEFINITIONAL_REPRESENTATION('',(#1755),#1759);
#1755 = LINE('',#1756,#1757);
#1756 = CARTESIAN_POINT('',(-160.933956905,-72.26573005219));
#1757 = VECTOR('',#1758,1.);
#1758 = DIRECTION('',(0.535620406919,-0.844458867969));
#1759 = ( GEOMETRIC_REPRESENTATION_CONTEXT(2) 
PARAMETRIC_REPRESENTATION_CONTEXT() REPRESENTATION_CONTEXT('2D SPACE',''
  ) );
#1760 = ORIENTED_EDGE('',*,*,#1761,.F.);
#1761 = EDGE_CURVE('',#1762,#1739,#1764,.T.);
#1762 = VERTEX_POINT('',#1763);
#1763 = CARTESIAN_POINT('',(-60.98728532787,-42.47541446913,-3.75));
#1764 = SURFACE_CURVE('',#1765,(#1769,#1776),.PCURVE_S1.);
#1765 = LINE('',#1766,#1767);
#1766 = CARTESIAN_POINT('',(-60.98728532787,-42.47541446913,-3.75));
#1767 = VECTOR('',#1768,1.);
#1768 = DIRECTION('',(0.,0.,1.));
#1769 = PCURVE('',#1701,#1770);
#1770 = DEFINITIONAL_REPRESENTATION('',(#1771),#1775);
#1771 = LINE('',#1772,#1773);
#1772 = CARTESIAN_POINT('',(6.40541166979,0.));
#1773 = VECTOR('',#1774,1.);
#1774 = DIRECTION('',(0.,-1.));
#1775 = ( GEOMETRIC_REPRESENTATION_CONTEXT(2) 
PARAMETRIC_REPRESENTATION_CONTEXT() REPRESENTATION_CONTEXT('2D SPACE',''
  ) );
#1776 = PCURVE('',#1777,#1782);
#1777 = PLANE('',#1778);
#1778 = AXIS2_PLACEMENT_3D('',#1779,#1780,#1781);
#1779 = CARTESIAN_POINT('',(-60.98728532787,-42.47541446913,-3.75));
#1780 = DIRECTION('',(0.795202579948,0.606343843742,-0.));
#1781 = DIRECTION('',(0.606343843742,-0.795202579948,0.));
#1782 = DEFINITIONAL_REPRESENTATION('',(#1783),#1787);
#1783 = LINE('',#1784,#1785);
#1784 = CARTESIAN_POINT('',(0.,0.));
#1785 = VECTOR('',#1786,1.);
#1786 = DIRECTION('',(0.,-1.));
#1787 = ( GEOMETRIC_REPRESENTATION_CONTEXT(2) 
PARAMETRIC_REPRESENTATION_CONTEXT() REPRESENTATION_CONTEXT('2D SPACE',''
  ) );
#1788 = ORIENTED_EDGE('',*,*,#1789,.F.);
#1789 = EDGE_CURVE('',#1686,#1762,#1790,.T.);
#1790 = SURFACE_CURVE('',#1791,(#1795,#1802),.PCURVE_S1.);
#1791 = LINE('',#1792,#1793);
#1792 = CARTESIAN_POINT('',(-64.41815453293,-37.06630778158,-3.75));
#1793 = VECTOR('',#1794,1.);
#1794 = DIRECTION('',(0.535620406919,-0.844458867969,0.));
#1795 = PCURVE('',#1701,#1796);
#1796 = DEFINITIONAL_REPRESENTATION('',(#1797),#1801);
#1797 = LINE('',#1798,#1799);
#1798 = CARTESIAN_POINT('',(0.,0.));
#1799 = VECTOR('',#1800,1.);
#1800 = DIRECTION('',(1.,0.));
#1801 = ( GEOMETRIC_REPRESENTATION_CONTEXT(2) 
PARAMETRIC_REPRESENTATION_CONTEXT() REPRESENTATION_CONTEXT('2D SPACE',''
  ) );
#1802 = PCURVE('',#126,#1803);
#1803 = DEFINITIONAL_REPRESENTATION('',(#1804),#1808);
#1804 = LINE('',#1805,#1806);
#1805 = CARTESIAN_POINT('',(-160.933956905,-72.26573005219));
#1806 = VECTOR('',#1807,1.);
#1807 = DIRECTION('',(0.535620406919,-0.844458867969));
#1808 = ( GEOMETRIC_REPRESENTATION_CONTEXT(2) 
PARAMETRIC_REPRESENTATION_CONTEXT() REPRESENTATION_CONTEXT('2D SPACE',''
  ) );
#1809 = ADVANCED_FACE('',(#1810),#1777,.F.);
#1810 = FACE_BOUND('',#1811,.F.);
#1811 = EDGE_LOOP('',(#1812,#1813,#1836,#1864));
#1812 = ORIENTED_EDGE('',*,*,#1761,.T.);
#1813 = ORIENTED_EDGE('',*,*,#1814,.T.);
#1814 = EDGE_CURVE('',#1739,#1815,#1817,.T.);
#1815 = VERTEX_POINT('',#1816);
#1816 = CARTESIAN_POINT('',(-57.10340339526,-47.56901435457,3.75));
#1817 = SURFACE_CURVE('',#1818,(#1822,#1829),.PCURVE_S1.);
#1818 = LINE('',#1819,#1820);
#1819 = CARTESIAN_POINT('',(-60.98728532787,-42.47541446913,3.75));
#1820 = VECTOR('',#1821,1.);
#1821 = DIRECTION('',(0.606343843742,-0.795202579948,0.));
#1822 = PCURVE('',#1777,#1823);
#1823 = DEFINITIONAL_REPRESENTATION('',(#1824),#1828);
#1824 = LINE('',#1825,#1826);
#1825 = CARTESIAN_POINT('',(0.,-7.5));
#1826 = VECTOR('',#1827,1.);
#1827 = DIRECTION('',(1.,0.));
#1828 = ( GEOMETRIC_REPRESENTATION_CONTEXT(2) 
PARAMETRIC_REPRESENTATION_CONTEXT() REPRESENTATION_CONTEXT('2D SPACE',''
  ) );
#1829 = PCURVE('',#72,#1830);
#1830 = DEFINITIONAL_REPRESENTATION('',(#1831),#1835);
#1831 = LINE('',#1832,#1833);
#1832 = CARTESIAN_POINT('',(-157.5030877,-77.67483673974));
#1833 = VECTOR('',#1834,1.);
#1834 = DIRECTION('',(0.606343843742,-0.795202579948));
#1835 = ( GEOMETRIC_REPRESENTATION_CONTEXT(2) 
PARAMETRIC_REPRESENTATION_CONTEXT() REPRESENTATION_CONTEXT('2D SPACE',''
  ) );
#1836 = ORIENTED_EDGE('',*,*,#1837,.F.);
#1837 = EDGE_CURVE('',#1838,#1815,#1840,.T.);
#1838 = VERTEX_POINT('',#1839);
#1839 = CARTESIAN_POINT('',(-57.10340339526,-47.56901435457,-3.75));
#1840 = SURFACE_CURVE('',#1841,(#1845,#1852),.PCURVE_S1.);
#1841 = LINE('',#1842,#1843);
#1842 = CARTESIAN_POINT('',(-57.10340339526,-47.56901435457,-3.75));
#1843 = VECTOR('',#1844,1.);
#1844 = DIRECTION('',(0.,0.,1.));
#1845 = PCURVE('',#1777,#1846);
#1846 = DEFINITIONAL_REPRESENTATION('',(#1847),#1851);
#1847 = LINE('',#1848,#1849);
#1848 = CARTESIAN_POINT('',(6.40541166979,0.));
#1849 = VECTOR('',#1850,1.);
#1850 = DIRECTION('',(0.,-1.));
#1851 = ( GEOMETRIC_REPRESENTATION_CONTEXT(2) 
PARAMETRIC_REPRESENTATION_CONTEXT() REPRESENTATION_CONTEXT('2D SPACE',''
  ) );
#1852 = PCURVE('',#1853,#1858);
#1853 = PLANE('',#1854);
#1854 = AXIS2_PLACEMENT_3D('',#1855,#1856,#1857);
#1855 = CARTESIAN_POINT('',(-57.10340339526,-47.56901435457,-3.75));
#1856 = DIRECTION('',(0.740039537957,0.672563366724,-0.));
#1857 = DIRECTION('',(0.672563366724,-0.740039537957,0.));
#1858 = DEFINITIONAL_REPRESENTATION('',(#1859),#1863);
#1859 = LINE('',#1860,#1861);
#1860 = CARTESIAN_POINT('',(0.,0.));
#1861 = VECTOR('',#1862,1.);
#1862 = DIRECTION('',(0.,-1.));
#1863 = ( GEOMETRIC_REPRESENTATION_CONTEXT(2) 
PARAMETRIC_REPRESENTATION_CONTEXT() REPRESENTATION_CONTEXT('2D SPACE',''
  ) );
#1864 = ORIENTED_EDGE('',*,*,#1865,.F.);
#1865 = EDGE_CURVE('',#1762,#1838,#1866,.T.);
#1866 = SURFACE_CURVE('',#1867,(#1871,#1878),.PCURVE_S1.);
#1867 = LINE('',#1868,#1869);
#1868 = CARTESIAN_POINT('',(-60.98728532787,-42.47541446913,-3.75));
#1869 = VECTOR('',#1870,1.);
#1870 = DIRECTION('',(0.606343843742,-0.795202579948,0.));
#1871 = PCURVE('',#1777,#1872);
#1872 = DEFINITIONAL_REPRESENTATION('',(#1873),#1877);
#1873 = LINE('',#1874,#1875);
#1874 = CARTESIAN_POINT('',(0.,0.));
#1875 = VECTOR('',#1876,1.);
#1876 = DIRECTION('',(1.,0.));
#1877 = ( GEOMETRIC_REPRESENTATION_CONTEXT(2) 
PARAMETRIC_REPRESENTATION_CONTEXT() REPRESENTATION_CONTEXT('2D SPACE',''
  ) );
#1878 = PCURVE('',#126,#1879);
#1879 = DEFINITIONAL_REPRESENTATION('',(#1880),#1884);
#1880 = LINE('',#1881,#1882);
#1881 = CARTESIAN_POINT('',(-157.5030877,-77.67483673974));
#1882 = VECTOR('',#1883,1.);
#1883 = DIRECTION('',(0.606343843742,-0.795202579948));
#1884 = ( GEOMETRIC_REPRESENTATION_CONTEXT(2) 
PARAMETRIC_REPRESENTATION_CONTEXT() REPRESENTATION_CONTEXT('2D SPACE',''
  ) );
#1885 = ADVANCED_FACE('',(#1886),#1853,.F.);
#1886 = FACE_BOUND('',#1887,.F.);
#1887 = EDGE_LOOP('',(#1888,#1889,#1912,#1940));
#1888 = ORIENTED_EDGE('',*,*,#1837,.T.);
#1889 = ORIENTED_EDGE('',*,*,#1890,.T.);
#1890 = EDGE_CURVE('',#1815,#1891,#1893,.T.);
#1891 = VERTEX_POINT('',#1892);
#1892 = CARTESIAN_POINT('',(-52.79535815737,-52.30927224711,3.75));
#1893 = SURFACE_CURVE('',#1894,(#1898,#1905),.PCURVE_S1.);
#1894 = LINE('',#1895,#1896);
#1895 = CARTESIAN_POINT('',(-57.10340339526,-47.56901435457,3.75));
#1896 = VECTOR('',#1897,1.);
#1897 = DIRECTION('',(0.672563366724,-0.740039537957,0.));
#1898 = PCURVE('',#1853,#1899);
#1899 = DEFINITIONAL_REPRESENTATION('',(#1900),#1904);
#1900 = LINE('',#1901,#1902);
#1901 = CARTESIAN_POINT('',(0.,-7.5));
#1902 = VECTOR('',#1903,1.);
#1903 = DIRECTION('',(1.,0.));
#1904 = ( GEOMETRIC_REPRESENTATION_CONTEXT(2) 
PARAMETRIC_REPRESENTATION_CONTEXT() REPRESENTATION_CONTEXT('2D SPACE',''
  ) );
#1905 = PCURVE('',#72,#1906);
#1906 = DEFINITIONAL_REPRESENTATION('',(#1907),#1911);
#1907 = LINE('',#1908,#1909);
#1908 = CARTESIAN_POINT('',(-153.6192057673,-82.76843662518));
#1909 = VECTOR('',#1910,1.);
#1910 = DIRECTION('',(0.672563366724,-0.740039537957));
#1911 = ( GEOMETRIC_REPRESENTATION_CONTEXT(2) 
PARAMETRIC_REPRESENTATION_CONTEXT() REPRESENTATION_CONTEXT('2D SPACE',''
  ) );
#1912 = ORIENTED_EDGE('',*,*,#1913,.F.);
#1913 = EDGE_CURVE('',#1914,#1891,#1916,.T.);
#1914 = VERTEX_POINT('',#1915);
#1915 = CARTESIAN_POINT('',(-52.79535815737,-52.30927224711,-3.75));
#1916 = SURFACE_CURVE('',#1917,(#1921,#1928),.PCURVE_S1.);
#1917 = LINE('',#1918,#1919);
#1918 = CARTESIAN_POINT('',(-52.79535815737,-52.30927224711,-3.75));
#1919 = VECTOR('',#1920,1.);
#1920 = DIRECTION('',(0.,0.,1.));
#1921 = PCURVE('',#1853,#1922);
#1922 = DEFINITIONAL_REPRESENTATION('',(#1923),#1927);
#1923 = LINE('',#1924,#1925);
#1924 = CARTESIAN_POINT('',(6.40541166979,0.));
#1925 = VECTOR('',#1926,1.);
#1926 = DIRECTION('',(0.,-1.));
#1927 = ( GEOMETRIC_REPRESENTATION_CONTEXT(2) 
PARAMETRIC_REPRESENTATION_CONTEXT() REPRESENTATION_CONTEXT('2D SPACE',''
  ) );
#1928 = PCURVE('',#1929,#1934);
#1929 = PLANE('',#1930);
#1930 = AXIS2_PLACEMENT_3D('',#1931,#1932,#1933);
#1931 = CARTESIAN_POINT('',(-52.79535815737,-52.30927224711,-3.75));
#1932 = DIRECTION('',(0.679379492324,0.733787098148,-0.));
#1933 = DIRECTION('',(0.733787098148,-0.679379492324,0.));
#1934 = DEFINITIONAL_REPRESENTATION('',(#1935),#1939);
#1935 = LINE('',#1936,#1937);
#1936 = CARTESIAN_POINT('',(0.,0.));
#1937 = VECTOR('',#1938,1.);
#1938 = DIRECTION('',(0.,-1.));
#1939 = ( GEOMETRIC_REPRESENTATION_CONTEXT(2) 
PARAMETRIC_REPRESENTATION_CONTEXT() REPRESENTATION_CONTEXT('2D SPACE',''
  ) );
#1940 = ORIENTED_EDGE('',*,*,#1941,.F.);
#1941 = EDGE_CURVE('',#1838,#1914,#1942,.T.);
#1942 = SURFACE_CURVE('',#1943,(#1947,#1954),.PCURVE_S1.);
#1943 = LINE('',#1944,#1945);
#1944 = CARTESIAN_POINT('',(-57.10340339526,-47.56901435457,-3.75));
#1945 = VECTOR('',#1946,1.);
#1946 = DIRECTION('',(0.672563366724,-0.740039537957,0.));
#1947 = PCURVE('',#1853,#1948);
#1948 = DEFINITIONAL_REPRESENTATION('',(#1949),#1953);
#1949 = LINE('',#1950,#1951);
#1950 = CARTESIAN_POINT('',(0.,0.));
#1951 = VECTOR('',#1952,1.);
#1952 = DIRECTION('',(1.,0.));
#1953 = ( GEOMETRIC_REPRESENTATION_CONTEXT(2) 
PARAMETRIC_REPRESENTATION_CONTEXT() REPRESENTATION_CONTEXT('2D SPACE',''
  ) );
#1954 = PCURVE('',#126,#1955);
#1955 = DEFINITIONAL_REPRESENTATION('',(#1956),#1960);
#1956 = LINE('',#1957,#1958);
#1957 = CARTESIAN_POINT('',(-153.6192057673,-82.76843662518));
#1958 = VECTOR('',#1959,1.);
#1959 = DIRECTION('',(0.672563366724,-0.740039537957));
#1960 = ( GEOMETRIC_REPRESENTATION_CONTEXT(2) 
PARAMETRIC_REPRESENTATION_CONTEXT() REPRESENTATION_CONTEXT('2D SPACE',''
  ) );
#1961 = ADVANCED_FACE('',(#1962),#1929,.F.);
#1962 = FACE_BOUND('',#1963,.F.);
#1963 = EDGE_LOOP('',(#1964,#1965,#1988,#2016));
#1964 = ORIENTED_EDGE('',*,*,#1913,.T.);
#1965 = ORIENTED_EDGE('',*,*,#1966,.T.);
#1966 = EDGE_CURVE('',#1891,#1967,#1969,.T.);
#1967 = VERTEX_POINT('',#1968);
#1968 = CARTESIAN_POINT('',(-48.09514971575,-56.66097757546,3.75));
#1969 = SURFACE_CURVE('',#1970,(#1974,#1981),.PCURVE_S1.);
#1970 = LINE('',#1971,#1972);
#1971 = CARTESIAN_POINT('',(-52.79535815737,-52.30927224711,3.75));
#1972 = VECTOR('',#1973,1.);
#1973 = DIRECTION('',(0.733787098148,-0.679379492324,0.));
#1974 = PCURVE('',#1929,#1975);
#1975 = DEFINITIONAL_REPRESENTATION('',(#1976),#1980);
#1976 = LINE('',#1977,#1978);
#1977 = CARTESIAN_POINT('',(0.,-7.5));
#1978 = VECTOR('',#1979,1.);
#1979 = DIRECTION('',(1.,0.));
#1980 = ( GEOMETRIC_REPRESENTATION_CONTEXT(2) 
PARAMETRIC_REPRESENTATION_CONTEXT() REPRESENTATION_CONTEXT('2D SPACE',''
  ) );
#1981 = PCURVE('',#72,#1982);
#1982 = DEFINITIONAL_REPRESENTATION('',(#1983),#1987);
#1983 = LINE('',#1984,#1985);
#1984 = CARTESIAN_POINT('',(-149.3111605294,-87.50869451772));
#1985 = VECTOR('',#1986,1.);
#1986 = DIRECTION('',(0.733787098148,-0.679379492324));
#1987 = ( GEOMETRIC_REPRESENTATION_CONTEXT(2) 
PARAMETRIC_REPRESENTATION_CONTEXT() REPRESENTATION_CONTEXT('2D SPACE',''
  ) );
#1988 = ORIENTED_EDGE('',*,*,#1989,.F.);
#1989 = EDGE_CURVE('',#1990,#1967,#1992,.T.);
#1990 = VERTEX_POINT('',#1991);
#1991 = CARTESIAN_POINT('',(-48.09514971575,-56.66097757546,-3.75));
#1992 = SURFACE_CURVE('',#1993,(#1997,#2004),.PCURVE_S1.);
#1993 = LINE('',#1994,#1995);
#1994 = CARTESIAN_POINT('',(-48.09514971575,-56.66097757546,-3.75));
#1995 = VECTOR('',#1996,1.);
#1996 = DIRECTION('',(0.,0.,1.));
#1997 = PCURVE('',#1929,#1998);
#1998 = DEFINITIONAL_REPRESENTATION('',(#1999),#2003);
#1999 = LINE('',#2000,#2001);
#2000 = CARTESIAN_POINT('',(6.40541166979,0.));
#2001 = VECTOR('',#2002,1.);
#2002 = DIRECTION('',(0.,-1.));
#2003 = ( GEOMETRIC_REPRESENTATION_CONTEXT(2) 
PARAMETRIC_REPRESENTATION_CONTEXT() REPRESENTATION_CONTEXT('2D SPACE',''
  ) );
#2004 = PCURVE('',#2005,#2010);
#2005 = PLANE('',#2006);
#2006 = AXIS2_PLACEMENT_3D('',#2007,#2008,#2009);
#2007 = CARTESIAN_POINT('',(-48.09514971575,-56.66097757546,-3.75));
#2008 = DIRECTION('',(0.613673025045,0.789560268968,-0.));
#2009 = DIRECTION('',(0.789560268968,-0.613673025045,0.));
#2010 = DEFINITIONAL_REPRESENTATION('',(#2011),#2015);
#2011 = LINE('',#2012,#2013);
#2012 = CARTESIAN_POINT('',(0.,0.));
#2013 = VECTOR('',#2014,1.);
#2014 = DIRECTION('',(0.,-1.));
#2015 = ( GEOMETRIC_REPRESENTATION_CONTEXT(2) 
PARAMETRIC_REPRESENTATION_CONTEXT() REPRESENTATION_CONTEXT('2D SPACE',''
  ) );
#2016 = ORIENTED_EDGE('',*,*,#2017,.F.);
#2017 = EDGE_CURVE('',#1914,#1990,#2018,.T.);
#2018 = SURFACE_CURVE('',#2019,(#2023,#2030),.PCURVE_S1.);
#2019 = LINE('',#2020,#2021);
#2020 = CARTESIAN_POINT('',(-52.79535815737,-52.30927224711,-3.75));
#2021 = VECTOR('',#2022,1.);
#2022 = DIRECTION('',(0.733787098148,-0.679379492324,0.));
#2023 = PCURVE('',#1929,#2024);
#2024 = DEFINITIONAL_REPRESENTATION('',(#2025),#2029);
#2025 = LINE('',#2026,#2027);
#2026 = CARTESIAN_POINT('',(0.,0.));
#2027 = VECTOR('',#2028,1.);
#2028 = DIRECTION('',(1.,0.));
#2029 = ( GEOMETRIC_REPRESENTATION_CONTEXT(2) 
PARAMETRIC_REPRESENTATION_CONTEXT() REPRESENTATION_CONTEXT('2D SPACE',''
  ) );
#2030 = PCURVE('',#126,#2031);
#2031 = DEFINITIONAL_REPRESENTATION('',(#2032),#2036);
#2032 = LINE('',#2033,#2034);
#2033 = CARTESIAN_POINT('',(-149.3111605294,-87.50869451772));
#2034 = VECTOR('',#2035,1.);
#2035 = DIRECTION('',(0.733787098148,-0.679379492324));
#2036 = ( GEOMETRIC_REPRESENTATION_CONTEXT(2) 
PARAMETRIC_REPRESENTATION_CONTEXT() REPRESENTATION_CONTEXT('2D SPACE',''
  ) );
#2037 = ADVANCED_FACE('',(#2038),#2005,.F.);
#2038 = FACE_BOUND('',#2039,.F.);
#2039 = EDGE_LOOP('',(#2040,#2041,#2064,#2092));
#2040 = ORIENTED_EDGE('',*,*,#1989,.T.);
#2041 = ORIENTED_EDGE('',*,*,#2042,.T.);
#2042 = EDGE_CURVE('',#1967,#2043,#2045,.T.);
#2043 = VERTEX_POINT('',#2044);
#2044 = CARTESIAN_POINT('',(-43.0376911549,-60.59180593152,3.75));
#2045 = SURFACE_CURVE('',#2046,(#2050,#2057),.PCURVE_S1.);
#2046 = LINE('',#2047,#2048);
#2047 = CARTESIAN_POINT('',(-48.09514971575,-56.66097757546,3.75));
#2048 = VECTOR('',#2049,1.);
#2049 = DIRECTION('',(0.789560268968,-0.613673025045,0.));
#2050 = PCURVE('',#2005,#2051);
#2051 = DEFINITIONAL_REPRESENTATION('',(#2052),#2056);
#2052 = LINE('',#2053,#2054);
#2053 = CARTESIAN_POINT('',(0.,-7.5));
#2054 = VECTOR('',#2055,1.);
#2055 = DIRECTION('',(1.,0.));
#2056 = ( GEOMETRIC_REPRESENTATION_CONTEXT(2) 
PARAMETRIC_REPRESENTATION_CONTEXT() REPRESENTATION_CONTEXT('2D SPACE',''
  ) );
#2057 = PCURVE('',#72,#2058);
#2058 = DEFINITIONAL_REPRESENTATION('',(#2059),#2063);
#2059 = LINE('',#2060,#2061);
#2060 = CARTESIAN_POINT('',(-144.6109520878,-91.86039984607));
#2061 = VECTOR('',#2062,1.);
#2062 = DIRECTION('',(0.789560268968,-0.613673025045));
#2063 = ( GEOMETRIC_REPRESENTATION_CONTEXT(2) 
PARAMETRIC_REPRESENTATION_CONTEXT() REPRESENTATION_CONTEXT('2D SPACE',''
  ) );
#2064 = ORIENTED_EDGE('',*,*,#2065,.F.);
#2065 = EDGE_CURVE('',#2066,#2043,#2068,.T.);
#2066 = VERTEX_POINT('',#2067);
#2067 = CARTESIAN_POINT('',(-43.0376911549,-60.59180593152,-3.75));
#2068 = SURFACE_CURVE('',#2069,(#2073,#2080),.PCURVE_S1.);
#2069 = LINE('',#2070,#2071);
#2070 = CARTESIAN_POINT('',(-43.0376911549,-60.59180593152,-3.75));
#2071 = VECTOR('',#2072,1.);
#2072 = DIRECTION('',(0.,0.,1.));
#2073 = PCURVE('',#2005,#2074);
#2074 = DEFINITIONAL_REPRESENTATION('',(#2075),#2079);
#2075 = LINE('',#2076,#2077);
#2076 = CARTESIAN_POINT('',(6.40541166979,0.));
#2077 = VECTOR('',#2078,1.);
#2078 = DIRECTION('',(0.,-1.));
#2079 = ( GEOMETRIC_REPRESENTATION_CONTEXT(2) 
PARAMETRIC_REPRESENTATION_CONTEXT() REPRESENTATION_CONTEXT('2D SPACE',''
  ) );
#2080 = PCURVE('',#2081,#2086);
#2081 = PLANE('',#2082);
#2082 = AXIS2_PLACEMENT_3D('',#2083,#2084,#2085);
#2083 = CARTESIAN_POINT('',(-43.0376911549,-60.59180593152,-3.75));
#2084 = DIRECTION('',(0.543408202865,0.839468596827,-0.));
#2085 = DIRECTION('',(0.839468596827,-0.543408202865,0.));
#2086 = DEFINITIONAL_REPRESENTATION('',(#2087),#2091);
#2087 = LINE('',#2088,#2089);
#2088 = CARTESIAN_POINT('',(0.,0.));
#2089 = VECTOR('',#2090,1.);
#2090 = DIRECTION('',(0.,-1.));
#2091 = ( GEOMETRIC_REPRESENTATION_CONTEXT(2) 
PARAMETRIC_REPRESENTATION_CONTEXT() REPRESENTATION_CONTEXT('2D SPACE',''
  ) );
#2092 = ORIENTED_EDGE('',*,*,#2093,.F.);
#2093 = EDGE_CURVE('',#1990,#2066,#2094,.T.);
#2094 = SURFACE_CURVE('',#2095,(#2099,#2106),.PCURVE_S1.);
#2095 = LINE('',#2096,#2097);
#2096 = CARTESIAN_POINT('',(-48.09514971575,-56.66097757546,-3.75));
#2097 = VECTOR('',#2098,1.);
#2098 = DIRECTION('',(0.789560268968,-0.613673025045,0.));
#2099 = PCURVE('',#2005,#2100);
#2100 = DEFINITIONAL_REPRESENTATION('',(#2101),#2105);
#2101 = LINE('',#2102,#2103);
#2102 = CARTESIAN_POINT('',(0.,0.));
#2103 = VECTOR('',#2104,1.);
#2104 = DIRECTION('',(1.,0.));
#2105 = ( GEOMETRIC_REPRESENTATION_CONTEXT(2) 
PARAMETRIC_REPRESENTATION_CONTEXT() REPRESENTATION_CONTEXT('2D SPACE',''
  ) );
#2106 = PCURVE('',#126,#2107);
#2107 = DEFINITIONAL_REPRESENTATION('',(#2108),#2112);
#2108 = LINE('',#2109,#2110);
#2109 = CARTESIAN_POINT('',(-144.6109520878,-91.86039984607));
#2110 = VECTOR('',#2111,1.);
#2111 = DIRECTION('',(0.789560268968,-0.613673025045));
#2112 = ( GEOMETRIC_REPRESENTATION_CONTEXT(2) 
PARAMETRIC_REPRESENTATION_CONTEXT() REPRESENTATION_CONTEXT('2D SPACE',''
  ) );
#2113 = ADVANCED_FACE('',(#2114),#2081,.F.);
#2114 = FACE_BOUND('',#2115,.F.);
#2115 = EDGE_LOOP('',(#2116,#2117,#2140,#2168));
#2116 = ORIENTED_EDGE('',*,*,#2065,.T.);
#2117 = ORIENTED_EDGE('',*,*,#2118,.T.);
#2118 = EDGE_CURVE('',#2043,#2119,#2121,.T.);
#2119 = VERTEX_POINT('',#2120);
#2120 = CARTESIAN_POINT('',(-37.66054920836,-64.07255917561,3.75));
#2121 = SURFACE_CURVE('',#2122,(#2126,#2133),.PCURVE_S1.);
#2122 = LINE('',#2123,#2124);
#2123 = CARTESIAN_POINT('',(-43.0376911549,-60.59180593152,3.75));
#2124 = VECTOR('',#2125,1.);
#2125 = DIRECTION('',(0.839468596827,-0.543408202865,0.));
#2126 = PCURVE('',#2081,#2127);
#2127 = DEFINITIONAL_REPRESENTATION('',(#2128),#2132);
#2128 = LINE('',#2129,#2130);
#2129 = CARTESIAN_POINT('',(0.,-7.5));
#2130 = VECTOR('',#2131,1.);
#2131 = DIRECTION('',(1.,0.));
#2132 = ( GEOMETRIC_REPRESENTATION_CONTEXT(2) 
PARAMETRIC_REPRESENTATION_CONTEXT() REPRESENTATION_CONTEXT('2D SPACE',''
  ) );
#2133 = PCURVE('',#72,#2134);
#2134 = DEFINITIONAL_REPRESENTATION('',(#2135),#2139);
#2135 = LINE('',#2136,#2137);
#2136 = CARTESIAN_POINT('',(-139.553493527,-95.79122820213));
#2137 = VECTOR('',#2138,1.);
#2138 = DIRECTION('',(0.839468596827,-0.543408202865));
#2139 = ( GEOMETRIC_REPRESENTATION_CONTEXT(2) 
PARAMETRIC_REPRESENTATION_CONTEXT() REPRESENTATION_CONTEXT('2D SPACE',''
  ) );
#2140 = ORIENTED_EDGE('',*,*,#2141,.F.);
#2141 = EDGE_CURVE('',#2142,#2119,#2144,.T.);
#2142 = VERTEX_POINT('',#2143);
#2143 = CARTESIAN_POINT('',(-37.66054920836,-64.07255917561,-3.75));
#2144 = SURFACE_CURVE('',#2145,(#2149,#2156),.PCURVE_S1.);
#2145 = LINE('',#2146,#2147);
#2146 = CARTESIAN_POINT('',(-37.66054920836,-64.07255917561,-3.75));
#2147 = VECTOR('',#2148,1.);
#2148 = DIRECTION('',(0.,0.,1.));
#2149 = PCURVE('',#2081,#2150);
#2150 = DEFINITIONAL_REPRESENTATION('',(#2151),#2155);
#2151 = LINE('',#2152,#2153);
#2152 = CARTESIAN_POINT('',(6.40541166979,0.));
#2153 = VECTOR('',#2154,1.);
#2154 = DIRECTION('',(0.,-1.));
#2155 = ( GEOMETRIC_REPRESENTATION_CONTEXT(2) 
PARAMETRIC_REPRESENTATION_CONTEXT() REPRESENTATION_CONTEXT('2D SPACE',''
  ) );
#2156 = PCURVE('',#2157,#2162);
#2157 = PLANE('',#2158);
#2158 = AXIS2_PLACEMENT_3D('',#2159,#2160,#2161);
#2159 = CARTESIAN_POINT('',(-37.66054920836,-64.07255917561,-3.75));
#2160 = DIRECTION('',(0.469106951931,0.883141363345,-0.));
#2161 = DIRECTION('',(0.883141363345,-0.469106951931,0.));
#2162 = DEFINITIONAL_REPRESENTATION('',(#2163),#2167);
#2163 = LINE('',#2164,#2165);
#2164 = CARTESIAN_POINT('',(0.,0.));
#2165 = VECTOR('',#2166,1.);
#2166 = DIRECTION('',(0.,-1.));
#2167 = ( GEOMETRIC_REPRESENTATION_CONTEXT(2) 
PARAMETRIC_REPRESENTATION_CONTEXT() REPRESENTATION_CONTEXT('2D SPACE',''
  ) );
#2168 = ORIENTED_EDGE('',*,*,#2169,.F.);
#2169 = EDGE_CURVE('',#2066,#2142,#2170,.T.);
#2170 = SURFACE_CURVE('',#2171,(#2175,#2182),.PCURVE_S1.);
#2171 = LINE('',#2172,#2173);
#2172 = CARTESIAN_POINT('',(-43.0376911549,-60.59180593152,-3.75));
#2173 = VECTOR('',#2174,1.);
#2174 = DIRECTION('',(0.839468596827,-0.543408202865,0.));
#2175 = PCURVE('',#2081,#2176);
#2176 = DEFINITIONAL_REPRESENTATION('',(#2177),#2181);
#2177 = LINE('',#2178,#2179);
#2178 = CARTESIAN_POINT('',(0.,0.));
#2179 = VECTOR('',#2180,1.);
#2180 = DIRECTION('',(1.,0.));
#2181 = ( GEOMETRIC_REPRESENTATION_CONTEXT(2) 
PARAMETRIC_REPRESENTATION_CONTEXT() REPRESENTATION_CONTEXT('2D SPACE',''
  ) );
#2182 = PCURVE('',#126,#2183);
#2183 = DEFINITIONAL_REPRESENTATION('',(#2184),#2188);
#2184 = LINE('',#2185,#2186);
#2185 = CARTESIAN_POINT('',(-139.553493527,-95.79122820213));
#2186 = VECTOR('',#2187,1.);
#2187 = DIRECTION('',(0.839468596827,-0.543408202865));
#2188 = ( GEOMETRIC_REPRESENTATION_CONTEXT(2) 
PARAMETRIC_REPRESENTATION_CONTEXT() REPRESENTATION_CONTEXT('2D SPACE',''
  ) );
#2189 = ADVANCED_FACE('',(#2190),#2157,.F.);
#2190 = FACE_BOUND('',#2191,.F.);
#2191 = EDGE_LOOP('',(#2192,#2193,#2216,#2244));
#2192 = ORIENTED_EDGE('',*,*,#2141,.T.);
#2193 = ORIENTED_EDGE('',*,*,#2194,.T.);
#2194 = EDGE_CURVE('',#2119,#2195,#2197,.T.);
#2195 = VERTEX_POINT('',#2196);
#2196 = CARTESIAN_POINT('',(-32.00366521352,-67.07738231989,3.75));
#2197 = SURFACE_CURVE('',#2198,(#2202,#2209),.PCURVE_S1.);
#2198 = LINE('',#2199,#2200);
#2199 = CARTESIAN_POINT('',(-37.66054920836,-64.07255917561,3.75));
#2200 = VECTOR('',#2201,1.);
#2201 = DIRECTION('',(0.883141363345,-0.469106951931,0.));
#2202 = PCURVE('',#2157,#2203);
#2203 = DEFINITIONAL_REPRESENTATION('',(#2204),#2208);
#2204 = LINE('',#2205,#2206);
#2205 = CARTESIAN_POINT('',(0.,-7.5));
#2206 = VECTOR('',#2207,1.);
#2207 = DIRECTION('',(1.,0.));
#2208 = ( GEOMETRIC_REPRESENTATION_CONTEXT(2) 
PARAMETRIC_REPRESENTATION_CONTEXT() REPRESENTATION_CONTEXT('2D SPACE',''
  ) );
#2209 = PCURVE('',#72,#2210);
#2210 = DEFINITIONAL_REPRESENTATION('',(#2211),#2215);
#2211 = LINE('',#2212,#2213);
#2212 = CARTESIAN_POINT('',(-134.1763515804,-99.27198144622));
#2213 = VECTOR('',#2214,1.);
#2214 = DIRECTION('',(0.883141363345,-0.469106951931));
#2215 = ( GEOMETRIC_REPRESENTATION_CONTEXT(2) 
PARAMETRIC_REPRESENTATION_CONTEXT() REPRESENTATION_CONTEXT('2D SPACE',''
  ) );
#2216 = ORIENTED_EDGE('',*,*,#2217,.F.);
#2217 = EDGE_CURVE('',#2218,#2195,#2220,.T.);
#2218 = VERTEX_POINT('',#2219);
#2219 = CARTESIAN_POINT('',(-32.00366521352,-67.07738231989,-3.75));
#2220 = SURFACE_CURVE('',#2221,(#2225,#2232),.PCURVE_S1.);
#2221 = LINE('',#2222,#2223);
#2222 = CARTESIAN_POINT('',(-32.00366521352,-67.07738231989,-3.75));
#2223 = VECTOR('',#2224,1.);
#2224 = DIRECTION('',(0.,0.,1.));
#2225 = PCURVE('',#2157,#2226);
#2226 = DEFINITIONAL_REPRESENTATION('',(#2227),#2231);
#2227 = LINE('',#2228,#2229);
#2228 = CARTESIAN_POINT('',(6.40541166979,0.));
#2229 = VECTOR('',#2230,1.);
#2230 = DIRECTION('',(0.,-1.));
#2231 = ( GEOMETRIC_REPRESENTATION_CONTEXT(2) 
PARAMETRIC_REPRESENTATION_CONTEXT() REPRESENTATION_CONTEXT('2D SPACE',''
  ) );
#2232 = PCURVE('',#2233,#2238);
#2233 = PLANE('',#2234);
#2234 = AXIS2_PLACEMENT_3D('',#2235,#2236,#2237);
#2235 = CARTESIAN_POINT('',(-32.00366521352,-67.07738231989,-3.75));
#2236 = DIRECTION('',(0.391321180926,0.920254167803,-0.));
#2237 = DIRECTION('',(0.920254167803,-0.391321180926,0.));
#2238 = DEFINITIONAL_REPRESENTATION('',(#2239),#2243);
#2239 = LINE('',#2240,#2241);
#2240 = CARTESIAN_POINT('',(0.,0.));
#2241 = VECTOR('',#2242,1.);
#2242 = DIRECTION('',(0.,-1.));
#2243 = ( GEOMETRIC_REPRESENTATION_CONTEXT(2) 
PARAMETRIC_REPRESENTATION_CONTEXT() REPRESENTATION_CONTEXT('2D SPACE',''
  ) );
#2244 = ORIENTED_EDGE('',*,*,#2245,.F.);
#2245 = EDGE_CURVE('',#2142,#2218,#2246,.T.);
#2246 = SURFACE_CURVE('',#2247,(#2251,#2258),.PCURVE_S1.);
#2247 = LINE('',#2248,#2249);
#2248 = CARTESIAN_POINT('',(-37.66054920836,-64.07255917561,-3.75));
#2249 = VECTOR('',#2250,1.);
#2250 = DIRECTION('',(0.883141363345,-0.469106951931,0.));
#2251 = PCURVE('',#2157,#2252);
#2252 = DEFINITIONAL_REPRESENTATION('',(#2253),#2257);
#2253 = LINE('',#2254,#2255);
#2254 = CARTESIAN_POINT('',(0.,0.));
#2255 = VECTOR('',#2256,1.);
#2256 = DIRECTION('',(1.,0.));
#2257 = ( GEOMETRIC_REPRESENTATION_CONTEXT(2) 
PARAMETRIC_REPRESENTATION_CONTEXT() REPRESENTATION_CONTEXT('2D SPACE',''
  ) );
#2258 = PCURVE('',#126,#2259);
#2259 = DEFINITIONAL_REPRESENTATION('',(#2260),#2264);
#2260 = LINE('',#2261,#2262);
#2261 = CARTESIAN_POINT('',(-134.1763515804,-99.27198144622));
#2262 = VECTOR('',#2263,1.);
#2263 = DIRECTION('',(0.883141363345,-0.469106951931));
#2264 = ( GEOMETRIC_REPRESENTATION_CONTEXT(2) 
PARAMETRIC_REPRESENTATION_CONTEXT() REPRESENTATION_CONTEXT('2D SPACE',''
  ) );
#2265 = ADVANCED_FACE('',(#2266),#2233,.F.);
#2266 = FACE_BOUND('',#2267,.F.);
#2267 = EDGE_LOOP('',(#2268,#2269,#2292,#2320));
#2268 = ORIENTED_EDGE('',*,*,#2217,.T.);
#2269 = ORIENTED_EDGE('',*,*,#2270,.T.);
#2270 = EDGE_CURVE('',#2195,#2271,#2273,.T.);
#2271 = VERTEX_POINT('',#2272);
#2272 = CARTESIAN_POINT('',(-26.1090584279,-69.58395557882,3.75));
#2273 = SURFACE_CURVE('',#2274,(#2278,#2285),.PCURVE_S1.);
#2274 = LINE('',#2275,#2276);
#2275 = CARTESIAN_POINT('',(-32.00366521352,-67.07738231989,3.75));
#2276 = VECTOR('',#2277,1.);
#2277 = DIRECTION('',(0.920254167803,-0.391321180926,0.));
#2278 = PCURVE('',#2233,#2279);
#2279 = DEFINITIONAL_REPRESENTATION('',(#2280),#2284);
#2280 = LINE('',#2281,#2282);
#2281 = CARTESIAN_POINT('',(0.,-7.5));
#2282 = VECTOR('',#2283,1.);
#2283 = DIRECTION('',(1.,0.));
#2284 = ( GEOMETRIC_REPRESENTATION_CONTEXT(2) 
PARAMETRIC_REPRESENTATION_CONTEXT() REPRESENTATION_CONTEXT('2D SPACE',''
  ) );
#2285 = PCURVE('',#72,#2286);
#2286 = DEFINITIONAL_REPRESENTATION('',(#2287),#2291);
#2287 = LINE('',#2288,#2289);
#2288 = CARTESIAN_POINT('',(-128.5194675856,-102.2768045905));
#2289 = VECTOR('',#2290,1.);
#2290 = DIRECTION('',(0.920254167803,-0.391321180926));
#2291 = ( GEOMETRIC_REPRESENTATION_CONTEXT(2) 
PARAMETRIC_REPRESENTATION_CONTEXT() REPRESENTATION_CONTEXT('2D SPACE',''
  ) );
#2292 = ORIENTED_EDGE('',*,*,#2293,.F.);
#2293 = EDGE_CURVE('',#2294,#2271,#2296,.T.);
#2294 = VERTEX_POINT('',#2295);
#2295 = CARTESIAN_POINT('',(-26.1090584279,-69.58395557882,-3.75));
#2296 = SURFACE_CURVE('',#2297,(#2301,#2308),.PCURVE_S1.);
#2297 = LINE('',#2298,#2299);
#2298 = CARTESIAN_POINT('',(-26.1090584279,-69.58395557882,-3.75));
#2299 = VECTOR('',#2300,1.);
#2300 = DIRECTION('',(0.,0.,1.));
#2301 = PCURVE('',#2233,#2302);
#2302 = DEFINITIONAL_REPRESENTATION('',(#2303),#2307);
#2303 = LINE('',#2304,#2305);
#2304 = CARTESIAN_POINT('',(6.40541166979,0.));
#2305 = VECTOR('',#2306,1.);
#2306 = DIRECTION('',(0.,-1.));
#2307 = ( GEOMETRIC_REPRESENTATION_CONTEXT(2) 
PARAMETRIC_REPRESENTATION_CONTEXT() REPRESENTATION_CONTEXT('2D SPACE',''
  ) );
#2308 = PCURVE('',#2309,#2314);
#2309 = PLANE('',#2310);
#2310 = AXIS2_PLACEMENT_3D('',#2311,#2312,#2313);
#2311 = CARTESIAN_POINT('',(-26.1090584279,-69.58395557882,-3.75));
#2312 = DIRECTION('',(0.310628681501,0.950531336795,-0.));
#2313 = DIRECTION('',(0.950531336795,-0.310628681501,0.));
#2314 = DEFINITIONAL_REPRESENTATION('',(#2315),#2319);
#2315 = LINE('',#2316,#2317);
#2316 = CARTESIAN_POINT('',(0.,0.));
#2317 = VECTOR('',#2318,1.);
#2318 = DIRECTION('',(0.,-1.));
#2319 = ( GEOMETRIC_REPRESENTATION_CONTEXT(2) 
PARAMETRIC_REPRESENTATION_CONTEXT() REPRESENTATION_CONTEXT('2D SPACE',''
  ) );
#2320 = ORIENTED_EDGE('',*,*,#2321,.F.);
#2321 = EDGE_CURVE('',#2218,#2294,#2322,.T.);
#2322 = SURFACE_CURVE('',#2323,(#2327,#2334),.PCURVE_S1.);
#2323 = LINE('',#2324,#2325);
#2324 = CARTESIAN_POINT('',(-32.00366521352,-67.07738231989,-3.75));
#2325 = VECTOR('',#2326,1.);
#2326 = DIRECTION('',(0.920254167803,-0.391321180926,0.));
#2327 = PCURVE('',#2233,#2328);
#2328 = DEFINITIONAL_REPRESENTATION('',(#2329),#2333);
#2329 = LINE('',#2330,#2331);
#2330 = CARTESIAN_POINT('',(0.,0.));
#2331 = VECTOR('',#2332,1.);
#2332 = DIRECTION('',(1.,0.));
#2333 = ( GEOMETRIC_REPRESENTATION_CONTEXT(2) 
PARAMETRIC_REPRESENTATION_CONTEXT() REPRESENTATION_CONTEXT('2D SPACE',''
  ) );
#2334 = PCURVE('',#126,#2335);
#2335 = DEFINITIONAL_REPRESENTATION('',(#2336),#2340);
#2336 = LINE('',#2337,#2338);
#2337 = CARTESIAN_POINT('',(-128.5194675856,-102.2768045905));
#2338 = VECTOR('',#2339,1.);
#2339 = DIRECTION('',(0.920254167803,-0.391321180926));
#2340 = ( GEOMETRIC_REPRESENTATION_CONTEXT(2) 
PARAMETRIC_REPRESENTATION_CONTEXT() REPRESENTATION_CONTEXT('2D SPACE',''
  ) );
#2341 = ADVANCED_FACE('',(#2342),#2309,.F.);
#2342 = FACE_BOUND('',#2343,.F.);
#2343 = EDGE_LOOP('',(#2344,#2345,#2368,#2396));
#2344 = ORIENTED_EDGE('',*,*,#2293,.T.);
#2345 = ORIENTED_EDGE('',*,*,#2346,.T.);
#2346 = EDGE_CURVE('',#2271,#2347,#2349,.T.);
#2347 = VERTEX_POINT('',#2348);
#2348 = CARTESIAN_POINT('',(-20.02051391069,-71.57366016028,3.75));
#2349 = SURFACE_CURVE('',#2350,(#2354,#2361),.PCURVE_S1.);
#2350 = LINE('',#2351,#2352);
#2351 = CARTESIAN_POINT('',(-26.1090584279,-69.58395557882,3.75));
#2352 = VECTOR('',#2353,1.);
#2353 = DIRECTION('',(0.950531336795,-0.310628681501,0.));
#2354 = PCURVE('',#2309,#2355);
#2355 = DEFINITIONAL_REPRESENTATION('',(#2356),#2360);
#2356 = LINE('',#2357,#2358);
#2357 = CARTESIAN_POINT('',(0.,-7.5));
#2358 = VECTOR('',#2359,1.);
#2359 = DIRECTION('',(1.,0.));
#2360 = ( GEOMETRIC_REPRESENTATION_CONTEXT(2) 
PARAMETRIC_REPRESENTATION_CONTEXT() REPRESENTATION_CONTEXT('2D SPACE',''
  ) );
#2361 = PCURVE('',#72,#2362);
#2362 = DEFINITIONAL_REPRESENTATION('',(#2363),#2367);
#2363 = LINE('',#2364,#2365);
#2364 = CARTESIAN_POINT('',(-122.6248608,-104.7833778494));
#2365 = VECTOR('',#2366,1.);
#2366 = DIRECTION('',(0.950531336795,-0.310628681501));
#2367 = ( GEOMETRIC_REPRESENTATION_CONTEXT(2) 
PARAMETRIC_REPRESENTATION_CONTEXT() REPRESENTATION_CONTEXT('2D SPACE',''
  ) );
#2368 = ORIENTED_EDGE('',*,*,#2369,.F.);
#2369 = EDGE_CURVE('',#2370,#2347,#2372,.T.);
#2370 = VERTEX_POINT('',#2371);
#2371 = CARTESIAN_POINT('',(-20.02051391069,-71.57366016028,-3.75));
#2372 = SURFACE_CURVE('',#2373,(#2377,#2384),.PCURVE_S1.);
#2373 = LINE('',#2374,#2375);
#2374 = CARTESIAN_POINT('',(-20.02051391069,-71.57366016028,-3.75));
#2375 = VECTOR('',#2376,1.);
#2376 = DIRECTION('',(0.,0.,1.));
#2377 = PCURVE('',#2309,#2378);
#2378 = DEFINITIONAL_REPRESENTATION('',(#2379),#2383);
#2379 = LINE('',#2380,#2381);
#2380 = CARTESIAN_POINT('',(6.40541166979,0.));
#2381 = VECTOR('',#2382,1.);
#2382 = DIRECTION('',(0.,-1.));
#2383 = ( GEOMETRIC_REPRESENTATION_CONTEXT(2) 
PARAMETRIC_REPRESENTATION_CONTEXT() REPRESENTATION_CONTEXT('2D SPACE',''
  ) );
#2384 = PCURVE('',#2385,#2390);
#2385 = PLANE('',#2386);
#2386 = AXIS2_PLACEMENT_3D('',#2387,#2388,#2389);
#2387 = CARTESIAN_POINT('',(-20.02051391069,-71.57366016028,-3.75));
#2388 = DIRECTION('',(0.227628836446,0.97374797192,-0.));
#2389 = DIRECTION('',(0.97374797192,-0.227628836446,0.));
#2390 = DEFINITIONAL_REPRESENTATION('',(#2391),#2395);
#2391 = LINE('',#2392,#2393);
#2392 = CARTESIAN_POINT('',(0.,0.));
#2393 = VECTOR('',#2394,1.);
#2394 = DIRECTION('',(0.,-1.));
#2395 = ( GEOMETRIC_REPRESENTATION_CONTEXT(2) 
PARAMETRIC_REPRESENTATION_CONTEXT() REPRESENTATION_CONTEXT('2D SPACE',''
  ) );
#2396 = ORIENTED_EDGE('',*,*,#2397,.F.);
#2397 = EDGE_CURVE('',#2294,#2370,#2398,.T.);
#2398 = SURFACE_CURVE('',#2399,(#2403,#2410),.PCURVE_S1.);
#2399 = LINE('',#2400,#2401);
#2400 = CARTESIAN_POINT('',(-26.1090584279,-69.58395557882,-3.75));
#2401 = VECTOR('',#2402,1.);
#2402 = DIRECTION('',(0.950531336795,-0.310628681501,0.));
#2403 = PCURVE('',#2309,#2404);
#2404 = DEFINITIONAL_REPRESENTATION('',(#2405),#2409);
#2405 = LINE('',#2406,#2407);
#2406 = CARTESIAN_POINT('',(0.,0.));
#2407 = VECTOR('',#2408,1.);
#2408 = DIRECTION('',(1.,0.));
#2409 = ( GEOMETRIC_REPRESENTATION_CONTEXT(2) 
PARAMETRIC_REPRESENTATION_CONTEXT() REPRESENTATION_CONTEXT('2D SPACE',''
  ) );
#2410 = PCURVE('',#126,#2411);
#2411 = DEFINITIONAL_REPRESENTATION('',(#2412),#2416);
#2412 = LINE('',#2413,#2414);
#2413 = CARTESIAN_POINT('',(-122.6248608,-104.7833778494));
#2414 = VECTOR('',#2415,1.);
#2415 = DIRECTION('',(0.950531336795,-0.310628681501));
#2416 = ( GEOMETRIC_REPRESENTATION_CONTEXT(2) 
PARAMETRIC_REPRESENTATION_CONTEXT() REPRESENTATION_CONTEXT('2D SPACE',''
  ) );
#2417 = ADVANCED_FACE('',(#2418),#2385,.F.);
#2418 = FACE_BOUND('',#2419,.F.);
#2419 = EDGE_LOOP('',(#2420,#2421,#2444,#2472));
#2420 = ORIENTED_EDGE('',*,*,#2369,.T.);
#2421 = ORIENTED_EDGE('',*,*,#2422,.T.);
#2422 = EDGE_CURVE('',#2347,#2423,#2425,.T.);
#2423 = VERTEX_POINT('',#2424);
#2424 = CARTESIAN_POINT('',(-13.78325728792,-73.03171656563,3.75));
#2425 = SURFACE_CURVE('',#2426,(#2430,#2437),.PCURVE_S1.);
#2426 = LINE('',#2427,#2428);
#2427 = CARTESIAN_POINT('',(-20.02051391069,-71.57366016028,3.75));
#2428 = VECTOR('',#2429,1.);
#2429 = DIRECTION('',(0.97374797192,-0.227628836446,0.));
#2430 = PCURVE('',#2385,#2431);
#2431 = DEFINITIONAL_REPRESENTATION('',(#2432),#2436);
#2432 = LINE('',#2433,#2434);
#2433 = CARTESIAN_POINT('',(0.,-7.5));
#2434 = VECTOR('',#2435,1.);
#2435 = DIRECTION('',(1.,0.));
#2436 = ( GEOMETRIC_REPRESENTATION_CONTEXT(2) 
PARAMETRIC_REPRESENTATION_CONTEXT() REPRESENTATION_CONTEXT('2D SPACE',''
  ) );
#2437 = PCURVE('',#72,#2438);
#2438 = DEFINITIONAL_REPRESENTATION('',(#2439),#2443);
#2439 = LINE('',#2440,#2441);
#2440 = CARTESIAN_POINT('',(-116.5363162828,-106.7730824308));
#2441 = VECTOR('',#2442,1.);
#2442 = DIRECTION('',(0.97374797192,-0.227628836446));
#2443 = ( GEOMETRIC_REPRESENTATION_CONTEXT(2) 
PARAMETRIC_REPRESENTATION_CONTEXT() REPRESENTATION_CONTEXT('2D SPACE',''
  ) );
#2444 = ORIENTED_EDGE('',*,*,#2445,.F.);
#2445 = EDGE_CURVE('',#2446,#2423,#2448,.T.);
#2446 = VERTEX_POINT('',#2447);
#2447 = CARTESIAN_POINT('',(-13.78325728792,-73.03171656563,-3.75));
#2448 = SURFACE_CURVE('',#2449,(#2453,#2460),.PCURVE_S1.);
#2449 = LINE('',#2450,#2451);
#2450 = CARTESIAN_POINT('',(-13.78325728792,-73.03171656563,-3.75));
#2451 = VECTOR('',#2452,1.);
#2452 = DIRECTION('',(0.,0.,1.));
#2453 = PCURVE('',#2385,#2454);
#2454 = DEFINITIONAL_REPRESENTATION('',(#2455),#2459);
#2455 = LINE('',#2456,#2457);
#2456 = CARTESIAN_POINT('',(6.40541166979,0.));
#2457 = VECTOR('',#2458,1.);
#2458 = DIRECTION('',(0.,-1.));
#2459 = ( GEOMETRIC_REPRESENTATION_CONTEXT(2) 
PARAMETRIC_REPRESENTATION_CONTEXT() REPRESENTATION_CONTEXT('2D SPACE',''
  ) );
#2460 = PCURVE('',#2461,#2466);
#2461 = PLANE('',#2462);
#2462 = AXIS2_PLACEMENT_3D('',#2463,#2464,#2465);
#2463 = CARTESIAN_POINT('',(-13.78325728792,-73.03171656563,-3.75));
#2464 = DIRECTION('',(0.142938167484,0.989731620328,-0.));
#2465 = DIRECTION('',(0.989731620328,-0.142938167484,0.));
#2466 = DEFINITIONAL_REPRESENTATION('',(#2467),#2471);
#2467 = LINE('',#2468,#2469);
#2468 = CARTESIAN_POINT('',(0.,0.));
#2469 = VECTOR('',#2470,1.);
#2470 = DIRECTION('',(0.,-1.));
#2471 = ( GEOMETRIC_REPRESENTATION_CONTEXT(2) 
PARAMETRIC_REPRESENTATION_CONTEXT() REPRESENTATION_CONTEXT('2D SPACE',''
  ) );
#2472 = ORIENTED_EDGE('',*,*,#2473,.F.);
#2473 = EDGE_CURVE('',#2370,#2446,#2474,.T.);
#2474 = SURFACE_CURVE('',#2475,(#2479,#2486),.PCURVE_S1.);
#2475 = LINE('',#2476,#2477);
#2476 = CARTESIAN_POINT('',(-20.02051391069,-71.57366016028,-3.75));
#2477 = VECTOR('',#2478,1.);
#2478 = DIRECTION('',(0.97374797192,-0.227628836446,0.));
#2479 = PCURVE('',#2385,#2480);
#2480 = DEFINITIONAL_REPRESENTATION('',(#2481),#2485);
#2481 = LINE('',#2482,#2483);
#2482 = CARTESIAN_POINT('',(0.,0.));
#2483 = VECTOR('',#2484,1.);
#2484 = DIRECTION('',(1.,0.));
#2485 = ( GEOMETRIC_REPRESENTATION_CONTEXT(2) 
PARAMETRIC_REPRESENTATION_CONTEXT() REPRESENTATION_CONTEXT('2D SPACE',''
  ) );
#2486 = PCURVE('',#126,#2487);
#2487 = DEFINITIONAL_REPRESENTATION('',(#2488),#2492);
#2488 = LINE('',#2489,#2490);
#2489 = CARTESIAN_POINT('',(-116.5363162828,-106.7730824308));
#2490 = VECTOR('',#2491,1.);
#2491 = DIRECTION('',(0.97374797192,-0.227628836446));
#2492 = ( GEOMETRIC_REPRESENTATION_CONTEXT(2) 
PARAMETRIC_REPRESENTATION_CONTEXT() REPRESENTATION_CONTEXT('2D SPACE',''
  ) );
#2493 = ADVANCED_FACE('',(#2494),#2461,.F.);
#2494 = FACE_BOUND('',#2495,.F.);
#2495 = EDGE_LOOP('',(#2496,#2497,#2520,#2548));
#2496 = ORIENTED_EDGE('',*,*,#2445,.T.);
#2497 = ORIENTED_EDGE('',*,*,#2498,.T.);
#2498 = EDGE_CURVE('',#2423,#2499,#2501,.T.);
#2499 = VERTEX_POINT('',#2500);
#2500 = CARTESIAN_POINT('',(-7.443618817121,-73.94729437169,3.75));
#2501 = SURFACE_CURVE('',#2502,(#2506,#2513),.PCURVE_S1.);
#2502 = LINE('',#2503,#2504);
#2503 = CARTESIAN_POINT('',(-13.78325728792,-73.03171656563,3.75));
#2504 = VECTOR('',#2505,1.);
#2505 = DIRECTION('',(0.989731620328,-0.142938167484,0.));
#2506 = PCURVE('',#2461,#2507);
#2507 = DEFINITIONAL_REPRESENTATION('',(#2508),#2512);
#2508 = LINE('',#2509,#2510);
#2509 = CARTESIAN_POINT('',(0.,-7.5));
#2510 = VECTOR('',#2511,1.);
#2511 = DIRECTION('',(1.,0.));
#2512 = ( GEOMETRIC_REPRESENTATION_CONTEXT(2) 
PARAMETRIC_REPRESENTATION_CONTEXT() REPRESENTATION_CONTEXT('2D SPACE',''
  ) );
#2513 = PCURVE('',#72,#2514);
#2514 = DEFINITIONAL_REPRESENTATION('',(#2515),#2519);
#2515 = LINE('',#2516,#2517);
#2516 = CARTESIAN_POINT('',(-110.29905966,-108.2311388362));
#2517 = VECTOR('',#2518,1.);
#2518 = DIRECTION('',(0.989731620328,-0.142938167484));
#2519 = ( GEOMETRIC_REPRESENTATION_CONTEXT(2) 
PARAMETRIC_REPRESENTATION_CONTEXT() REPRESENTATION_CONTEXT('2D SPACE',''
  ) );
#2520 = ORIENTED_EDGE('',*,*,#2521,.F.);
#2521 = EDGE_CURVE('',#2522,#2499,#2524,.T.);
#2522 = VERTEX_POINT('',#2523);
#2523 = CARTESIAN_POINT('',(-7.443618817121,-73.94729437169,-3.75));
#2524 = SURFACE_CURVE('',#2525,(#2529,#2536),.PCURVE_S1.);
#2525 = LINE('',#2526,#2527);
#2526 = CARTESIAN_POINT('',(-7.443618817121,-73.94729437169,-3.75));
#2527 = VECTOR('',#2528,1.);
#2528 = DIRECTION('',(0.,0.,1.));
#2529 = PCURVE('',#2461,#2530);
#2530 = DEFINITIONAL_REPRESENTATION('',(#2531),#2535);
#2531 = LINE('',#2532,#2533);
#2532 = CARTESIAN_POINT('',(6.40541166979,0.));
#2533 = VECTOR('',#2534,1.);
#2534 = DIRECTION('',(0.,-1.));
#2535 = ( GEOMETRIC_REPRESENTATION_CONTEXT(2) 
PARAMETRIC_REPRESENTATION_CONTEXT() REPRESENTATION_CONTEXT('2D SPACE',''
  ) );
#2536 = PCURVE('',#2537,#2542);
#2537 = PLANE('',#2538);
#2538 = AXIS2_PLACEMENT_3D('',#2539,#2540,#2541);
#2539 = CARTESIAN_POINT('',(-7.443618817121,-73.94729437169,-3.75));
#2540 = DIRECTION('',(5.718575575388E-02,0.998363555694,-0.));
#2541 = DIRECTION('',(0.998363555694,-5.718575575388E-02,0.));
#2542 = DEFINITIONAL_REPRESENTATION('',(#2543),#2547);
#2543 = LINE('',#2544,#2545);
#2544 = CARTESIAN_POINT('',(0.,0.));
#2545 = VECTOR('',#2546,1.);
#2546 = DIRECTION('',(0.,-1.));
#2547 = ( GEOMETRIC_REPRESENTATION_CONTEXT(2) 
PARAMETRIC_REPRESENTATION_CONTEXT() REPRESENTATION_CONTEXT('2D SPACE',''
  ) );
#2548 = ORIENTED_EDGE('',*,*,#2549,.F.);
#2549 = EDGE_CURVE('',#2446,#2522,#2550,.T.);
#2550 = SURFACE_CURVE('',#2551,(#2555,#2562),.PCURVE_S1.);
#2551 = LINE('',#2552,#2553);
#2552 = CARTESIAN_POINT('',(-13.78325728792,-73.03171656563,-3.75));
#2553 = VECTOR('',#2554,1.);
#2554 = DIRECTION('',(0.989731620328,-0.142938167484,0.));
#2555 = PCURVE('',#2461,#2556);
#2556 = DEFINITIONAL_REPRESENTATION('',(#2557),#2561);
#2557 = LINE('',#2558,#2559);
#2558 = CARTESIAN_POINT('',(0.,0.));
#2559 = VECTOR('',#2560,1.);
#2560 = DIRECTION('',(1.,0.));
#2561 = ( GEOMETRIC_REPRESENTATION_CONTEXT(2) 
PARAMETRIC_REPRESENTATION_CONTEXT() REPRESENTATION_CONTEXT('2D SPACE',''
  ) );
#2562 = PCURVE('',#126,#2563);
#2563 = DEFINITIONAL_REPRESENTATION('',(#2564),#2568);
#2564 = LINE('',#2565,#2566);
#2565 = CARTESIAN_POINT('',(-110.29905966,-108.2311388362));
#2566 = VECTOR('',#2567,1.);
#2567 = DIRECTION('',(0.989731620328,-0.142938167484));
#2568 = ( GEOMETRIC_REPRESENTATION_CONTEXT(2) 
PARAMETRIC_REPRESENTATION_CONTEXT() REPRESENTATION_CONTEXT('2D SPACE',''
  ) );
#2569 = ADVANCED_FACE('',(#2570),#2537,.F.);
#2570 = FACE_BOUND('',#2571,.F.);
#2571 = EDGE_LOOP('',(#2572,#2573,#2596,#2624));
#2572 = ORIENTED_EDGE('',*,*,#2521,.T.);
#2573 = ORIENTED_EDGE('',*,*,#2574,.T.);
#2574 = EDGE_CURVE('',#2499,#2575,#2577,.T.);
#2575 = VERTEX_POINT('',#2576);
#2576 = CARTESIAN_POINT('',(-1.048689246783,-74.31359267894,3.75));
#2577 = SURFACE_CURVE('',#2578,(#2582,#2589),.PCURVE_S1.);
#2578 = LINE('',#2579,#2580);
#2579 = CARTESIAN_POINT('',(-7.443618817121,-73.94729437169,3.75));
#2580 = VECTOR('',#2581,1.);
#2581 = DIRECTION('',(0.998363555694,-5.718575575388E-02,0.));
#2582 = PCURVE('',#2537,#2583);
#2583 = DEFINITIONAL_REPRESENTATION('',(#2584),#2588);
#2584 = LINE('',#2585,#2586);
#2585 = CARTESIAN_POINT('',(0.,-7.5));
#2586 = VECTOR('',#2587,1.);
#2587 = DIRECTION('',(1.,0.));
#2588 = ( GEOMETRIC_REPRESENTATION_CONTEXT(2) 
PARAMETRIC_REPRESENTATION_CONTEXT() REPRESENTATION_CONTEXT('2D SPACE',''
  ) );
#2589 = PCURVE('',#72,#2590);
#2590 = DEFINITIONAL_REPRESENTATION('',(#2591),#2595);
#2591 = LINE('',#2592,#2593);
#2592 = CARTESIAN_POINT('',(-103.9594211892,-109.1467166423));
#2593 = VECTOR('',#2594,1.);
#2594 = DIRECTION('',(0.998363555694,-5.718575575388E-02));
#2595 = ( GEOMETRIC_REPRESENTATION_CONTEXT(2) 
PARAMETRIC_REPRESENTATION_CONTEXT() REPRESENTATION_CONTEXT('2D SPACE',''
  ) );
#2596 = ORIENTED_EDGE('',*,*,#2597,.F.);
#2597 = EDGE_CURVE('',#2598,#2575,#2600,.T.);
#2598 = VERTEX_POINT('',#2599);
#2599 = CARTESIAN_POINT('',(-1.048689246783,-74.31359267894,-3.75));
#2600 = SURFACE_CURVE('',#2601,(#2605,#2612),.PCURVE_S1.);
#2601 = LINE('',#2602,#2603);
#2602 = CARTESIAN_POINT('',(-1.048689246783,-74.31359267894,-3.75));
#2603 = VECTOR('',#2604,1.);
#2604 = DIRECTION('',(0.,0.,1.));
#2605 = PCURVE('',#2537,#2606);
#2606 = DEFINITIONAL_REPRESENTATION('',(#2607),#2611);
#2607 = LINE('',#2608,#2609);
#2608 = CARTESIAN_POINT('',(6.40541166979,0.));
#2609 = VECTOR('',#2610,1.);
#2610 = DIRECTION('',(0.,-1.));
#2611 = ( GEOMETRIC_REPRESENTATION_CONTEXT(2) 
PARAMETRIC_REPRESENTATION_CONTEXT() REPRESENTATION_CONTEXT('2D SPACE',''
  ) );
#2612 = PCURVE('',#2613,#2618);
#2613 = PLANE('',#2614);
#2614 = AXIS2_PLACEMENT_3D('',#2615,#2616,#2617);
#2615 = CARTESIAN_POINT('',(-1.048689246783,-74.31359267894,-3.75));
#2616 = DIRECTION('',(-2.899143099339E-02,0.999579660122,0.));
#2617 = DIRECTION('',(0.999579660122,2.899143099339E-02,0.));
#2618 = DEFINITIONAL_REPRESENTATION('',(#2619),#2623);
#2619 = LINE('',#2620,#2621);
#2620 = CARTESIAN_POINT('',(0.,0.));
#2621 = VECTOR('',#2622,1.);
#2622 = DIRECTION('',(0.,-1.));
#2623 = ( GEOMETRIC_REPRESENTATION_CONTEXT(2) 
PARAMETRIC_REPRESENTATION_CONTEXT() REPRESENTATION_CONTEXT('2D SPACE',''
  ) );
#2624 = ORIENTED_EDGE('',*,*,#2625,.F.);
#2625 = EDGE_CURVE('',#2522,#2598,#2626,.T.);
#2626 = SURFACE_CURVE('',#2627,(#2631,#2638),.PCURVE_S1.);
#2627 = LINE('',#2628,#2629);
#2628 = CARTESIAN_POINT('',(-7.443618817121,-73.94729437169,-3.75));
#2629 = VECTOR('',#2630,1.);
#2630 = DIRECTION('',(0.998363555694,-5.718575575388E-02,0.));
#2631 = PCURVE('',#2537,#2632);
#2632 = DEFINITIONAL_REPRESENTATION('',(#2633),#2637);
#2633 = LINE('',#2634,#2635);
#2634 = CARTESIAN_POINT('',(0.,0.));
#2635 = VECTOR('',#2636,1.);
#2636 = DIRECTION('',(1.,0.));
#2637 = ( GEOMETRIC_REPRESENTATION_CONTEXT(2) 
PARAMETRIC_REPRESENTATION_CONTEXT() REPRESENTATION_CONTEXT('2D SPACE',''
  ) );
#2638 = PCURVE('',#126,#2639);
#2639 = DEFINITIONAL_REPRESENTATION('',(#2640),#2644);
#2640 = LINE('',#2641,#2642);
#2641 = CARTESIAN_POINT('',(-103.9594211892,-109.1467166423));
#2642 = VECTOR('',#2643,1.);
#2643 = DIRECTION('',(0.998363555694,-5.718575575388E-02));
#2644 = ( GEOMETRIC_REPRESENTATION_CONTEXT(2) 
PARAMETRIC_REPRESENTATION_CONTEXT() REPRESENTATION_CONTEXT('2D SPACE',''
  ) );
#2645 = ADVANCED_FACE('',(#2646),#2613,.F.);
#2646 = FACE_BOUND('',#2647,.F.);
#2647 = EDGE_LOOP('',(#2648,#2649,#2672,#2700));
#2648 = ORIENTED_EDGE('',*,*,#2597,.T.);
#2649 = ORIENTED_EDGE('',*,*,#2650,.T.);
#2650 = EDGE_CURVE('',#2575,#2651,#2653,.T.);
#2651 = VERTEX_POINT('',#2652);
#2652 = CARTESIAN_POINT('',(5.354029973045,-74.12789062853,3.75));
#2653 = SURFACE_CURVE('',#2654,(#2658,#2665),.PCURVE_S1.);
#2654 = LINE('',#2655,#2656);
#2655 = CARTESIAN_POINT('',(-1.048689246783,-74.31359267894,3.75));
#2656 = VECTOR('',#2657,1.);
#2657 = DIRECTION('',(0.999579660122,2.899143099339E-02,0.));
#2658 = PCURVE('',#2613,#2659);
#2659 = DEFINITIONAL_REPRESENTATION('',(#2660),#2664);
#2660 = LINE('',#2661,#2662);
#2661 = CARTESIAN_POINT('',(0.,-7.5));
#2662 = VECTOR('',#2663,1.);
#2663 = DIRECTION('',(1.,0.));
#2664 = ( GEOMETRIC_REPRESENTATION_CONTEXT(2) 
PARAMETRIC_REPRESENTATION_CONTEXT() REPRESENTATION_CONTEXT('2D SPACE',''
  ) );
#2665 = PCURVE('',#72,#2666);
#2666 = DEFINITIONAL_REPRESENTATION('',(#2667),#2671);
#2667 = LINE('',#2668,#2669);
#2668 = CARTESIAN_POINT('',(-97.5644916189,-109.5130149495));
#2669 = VECTOR('',#2670,1.);
#2670 = DIRECTION('',(0.999579660122,2.899143099339E-02));
#2671 = ( GEOMETRIC_REPRESENTATION_CONTEXT(2) 
PARAMETRIC_REPRESENTATION_CONTEXT() REPRESENTATION_CONTEXT('2D SPACE',''
  ) );
#2672 = ORIENTED_EDGE('',*,*,#2673,.F.);
#2673 = EDGE_CURVE('',#2674,#2651,#2676,.T.);
#2674 = VERTEX_POINT('',#2675);
#2675 = CARTESIAN_POINT('',(5.354029973045,-74.12789062853,-3.75));
#2676 = SURFACE_CURVE('',#2677,(#2681,#2688),.PCURVE_S1.);
#2677 = LINE('',#2678,#2679);
#2678 = CARTESIAN_POINT('',(5.354029973045,-74.12789062853,-3.75));
#2679 = VECTOR('',#2680,1.);
#2680 = DIRECTION('',(0.,0.,1.));
#2681 = PCURVE('',#2613,#2682);
#2682 = DEFINITIONAL_REPRESENTATION('',(#2683),#2687);
#2683 = LINE('',#2684,#2685);
#2684 = CARTESIAN_POINT('',(6.40541166979,0.));
#2685 = VECTOR('',#2686,1.);
#2686 = DIRECTION('',(0.,-1.));
#2687 = ( GEOMETRIC_REPRESENTATION_CONTEXT(2) 
PARAMETRIC_REPRESENTATION_CONTEXT() REPRESENTATION_CONTEXT('2D SPACE',''
  ) );
#2688 = PCURVE('',#2689,#2694);
#2689 = PLANE('',#2690);
#2690 = AXIS2_PLACEMENT_3D('',#2691,#2692,#2693);
#2691 = CARTESIAN_POINT('',(5.354029973045,-74.12789062853,-3.75));
#2692 = DIRECTION('',(-0.114953269785,0.993370900402,0.));
#2693 = DIRECTION('',(0.993370900402,0.114953269785,0.));
#2694 = DEFINITIONAL_REPRESENTATION('',(#2695),#2699);
#2695 = LINE('',#2696,#2697);
#2696 = CARTESIAN_POINT('',(0.,0.));
#2697 = VECTOR('',#2698,1.);
#2698 = DIRECTION('',(0.,-1.));
#2699 = ( GEOMETRIC_REPRESENTATION_CONTEXT(2) 
PARAMETRIC_REPRESENTATION_CONTEXT() REPRESENTATION_CONTEXT('2D SPACE',''
  ) );
#2700 = ORIENTED_EDGE('',*,*,#2701,.F.);
#2701 = EDGE_CURVE('',#2598,#2674,#2702,.T.);
#2702 = SURFACE_CURVE('',#2703,(#2707,#2714),.PCURVE_S1.);
#2703 = LINE('',#2704,#2705);
#2704 = CARTESIAN_POINT('',(-1.048689246783,-74.31359267894,-3.75));
#2705 = VECTOR('',#2706,1.);
#2706 = DIRECTION('',(0.999579660122,2.899143099339E-02,0.));
#2707 = PCURVE('',#2613,#2708);
#2708 = DEFINITIONAL_REPRESENTATION('',(#2709),#2713);
#2709 = LINE('',#2710,#2711);
#2710 = CARTESIAN_POINT('',(0.,0.));
#2711 = VECTOR('',#2712,1.);
#2712 = DIRECTION('',(1.,0.));
#2713 = ( GEOMETRIC_REPRESENTATION_CONTEXT(2) 
PARAMETRIC_REPRESENTATION_CONTEXT() REPRESENTATION_CONTEXT('2D SPACE',''
  ) );
#2714 = PCURVE('',#126,#2715);
#2715 = DEFINITIONAL_REPRESENTATION('',(#2716),#2720);
#2716 = LINE('',#2717,#2718);
#2717 = CARTESIAN_POINT('',(-97.5644916189,-109.5130149495));
#2718 = VECTOR('',#2719,1.);
#2719 = DIRECTION('',(0.999579660122,2.899143099339E-02));
#2720 = ( GEOMETRIC_REPRESENTATION_CONTEXT(2) 
PARAMETRIC_REPRESENTATION_CONTEXT() REPRESENTATION_CONTEXT('2D SPACE',''
  ) );
#2721 = ADVANCED_FACE('',(#2722),#2689,.F.);
#2722 = FACE_BOUND('',#2723,.F.);
#2723 = EDGE_LOOP('',(#2724,#2725,#2748,#2776));
#2724 = ORIENTED_EDGE('',*,*,#2673,.T.);
#2725 = ORIENTED_EDGE('',*,*,#2726,.T.);
#2726 = EDGE_CURVE('',#2651,#2727,#2729,.T.);
#2727 = VERTEX_POINT('',#2728);
#2728 = CARTESIAN_POINT('',(11.71697953091,-73.39156761277,3.75));
#2729 = SURFACE_CURVE('',#2730,(#2734,#2741),.PCURVE_S1.);
#2730 = LINE('',#2731,#2732);
#2731 = CARTESIAN_POINT('',(5.354029973045,-74.12789062853,3.75));
#2732 = VECTOR('',#2733,1.);
#2733 = DIRECTION('',(0.993370900402,0.114953269785,0.));
#2734 = PCURVE('',#2689,#2735);
#2735 = DEFINITIONAL_REPRESENTATION('',(#2736),#2740);
#2736 = LINE('',#2737,#2738);
#2737 = CARTESIAN_POINT('',(0.,-7.5));
#2738 = VECTOR('',#2739,1.);
#2739 = DIRECTION('',(1.,0.));
#2740 = ( GEOMETRIC_REPRESENTATION_CONTEXT(2) 
PARAMETRIC_REPRESENTATION_CONTEXT() REPRESENTATION_CONTEXT('2D SPACE',''
  ) );
#2741 = PCURVE('',#72,#2742);
#2742 = DEFINITIONAL_REPRESENTATION('',(#2743),#2747);
#2743 = LINE('',#2744,#2745);
#2744 = CARTESIAN_POINT('',(-91.16177239907,-109.3273128991));
#2745 = VECTOR('',#2746,1.);
#2746 = DIRECTION('',(0.993370900402,0.114953269785));
#2747 = ( GEOMETRIC_REPRESENTATION_CONTEXT(2) 
PARAMETRIC_REPRESENTATION_CONTEXT() REPRESENTATION_CONTEXT('2D SPACE',''
  ) );
#2748 = ORIENTED_EDGE('',*,*,#2749,.F.);
#2749 = EDGE_CURVE('',#2750,#2727,#2752,.T.);
#2750 = VERTEX_POINT('',#2751);
#2751 = CARTESIAN_POINT('',(11.71697953091,-73.39156761277,-3.75));
#2752 = SURFACE_CURVE('',#2753,(#2757,#2764),.PCURVE_S1.);
#2753 = LINE('',#2754,#2755);
#2754 = CARTESIAN_POINT('',(11.71697953091,-73.39156761277,-3.75));
#2755 = VECTOR('',#2756,1.);
#2756 = DIRECTION('',(0.,0.,1.));
#2757 = PCURVE('',#2689,#2758);
#2758 = DEFINITIONAL_REPRESENTATION('',(#2759),#2763);
#2759 = LINE('',#2760,#2761);
#2760 = CARTESIAN_POINT('',(6.40541166979,0.));
#2761 = VECTOR('',#2762,1.);
#2762 = DIRECTION('',(0.,-1.));
#2763 = ( GEOMETRIC_REPRESENTATION_CONTEXT(2) 
PARAMETRIC_REPRESENTATION_CONTEXT() REPRESENTATION_CONTEXT('2D SPACE',''
  ) );
#2764 = PCURVE('',#2765,#2770);
#2765 = PLANE('',#2766);
#2766 = AXIS2_PLACEMENT_3D('',#2767,#2768,#2769);
#2767 = CARTESIAN_POINT('',(11.71697953091,-73.39156761277,-3.75));
#2768 = DIRECTION('',(-0.200061237249,0.979783395119,0.));
#2769 = DIRECTION('',(0.979783395119,0.200061237249,0.));
#2770 = DEFINITIONAL_REPRESENTATION('',(#2771),#2775);
#2771 = LINE('',#2772,#2773);
#2772 = CARTESIAN_POINT('',(0.,0.));
#2773 = VECTOR('',#2774,1.);
#2774 = DIRECTION('',(0.,-1.));
#2775 = ( GEOMETRIC_REPRESENTATION_CONTEXT(2) 
PARAMETRIC_REPRESENTATION_CONTEXT() REPRESENTATION_CONTEXT('2D SPACE',''
  ) );
#2776 = ORIENTED_EDGE('',*,*,#2777,.F.);
#2777 = EDGE_CURVE('',#2674,#2750,#2778,.T.);
#2778 = SURFACE_CURVE('',#2779,(#2783,#2790),.PCURVE_S1.);
#2779 = LINE('',#2780,#2781);
#2780 = CARTESIAN_POINT('',(5.354029973045,-74.12789062853,-3.75));
#2781 = VECTOR('',#2782,1.);
#2782 = DIRECTION('',(0.993370900402,0.114953269785,0.));
#2783 = PCURVE('',#2689,#2784);
#2784 = DEFINITIONAL_REPRESENTATION('',(#2785),#2789);
#2785 = LINE('',#2786,#2787);
#2786 = CARTESIAN_POINT('',(0.,0.));
#2787 = VECTOR('',#2788,1.);
#2788 = DIRECTION('',(1.,0.));
#2789 = ( GEOMETRIC_REPRESENTATION_CONTEXT(2) 
PARAMETRIC_REPRESENTATION_CONTEXT() REPRESENTATION_CONTEXT('2D SPACE',''
  ) );
#2790 = PCURVE('',#126,#2791);
#2791 = DEFINITIONAL_REPRESENTATION('',(#2792),#2796);
#2792 = LINE('',#2793,#2794);
#2793 = CARTESIAN_POINT('',(-91.16177239907,-109.3273128991));
#2794 = VECTOR('',#2795,1.);
#2795 = DIRECTION('',(0.993370900402,0.114953269785));
#2796 = ( GEOMETRIC_REPRESENTATION_CONTEXT(2) 
PARAMETRIC_REPRESENTATION_CONTEXT() REPRESENTATION_CONTEXT('2D SPACE',''
  ) );
#2797 = ADVANCED_FACE('',(#2798),#2765,.F.);
#2798 = FACE_BOUND('',#2799,.F.);
#2799 = EDGE_LOOP('',(#2800,#2801,#2824,#2852));
#2800 = ORIENTED_EDGE('',*,*,#2749,.T.);
#2801 = ORIENTED_EDGE('',*,*,#2802,.T.);
#2802 = EDGE_CURVE('',#2727,#2803,#2805,.T.);
#2803 = VERTEX_POINT('',#2804);
#2804 = CARTESIAN_POINT('',(17.992895523871,-72.11009302903,3.75));
#2805 = SURFACE_CURVE('',#2806,(#2810,#2817),.PCURVE_S1.);
#2806 = LINE('',#2807,#2808);
#2807 = CARTESIAN_POINT('',(11.71697953091,-73.39156761277,3.75));
#2808 = VECTOR('',#2809,1.);
#2809 = DIRECTION('',(0.979783395119,0.200061237249,0.));
#2810 = PCURVE('',#2765,#2811);
#2811 = DEFINITIONAL_REPRESENTATION('',(#2812),#2816);
#2812 = LINE('',#2813,#2814);
#2813 = CARTESIAN_POINT('',(0.,-7.5));
#2814 = VECTOR('',#2815,1.);
#2815 = DIRECTION('',(1.,0.));
#2816 = ( GEOMETRIC_REPRESENTATION_CONTEXT(2) 
PARAMETRIC_REPRESENTATION_CONTEXT() REPRESENTATION_CONTEXT('2D SPACE',''
  ) );
#2817 = PCURVE('',#72,#2818);
#2818 = DEFINITIONAL_REPRESENTATION('',(#2819),#2823);
#2819 = LINE('',#2820,#2821);
#2820 = CARTESIAN_POINT('',(-84.79882284121,-108.5909898833));
#2821 = VECTOR('',#2822,1.);
#2822 = DIRECTION('',(0.979783395119,0.200061237249));
#2823 = ( GEOMETRIC_REPRESENTATION_CONTEXT(2) 
PARAMETRIC_REPRESENTATION_CONTEXT() REPRESENTATION_CONTEXT('2D SPACE',''
  ) );
#2824 = ORIENTED_EDGE('',*,*,#2825,.F.);
#2825 = EDGE_CURVE('',#2826,#2803,#2828,.T.);
#2826 = VERTEX_POINT('',#2827);
#2827 = CARTESIAN_POINT('',(17.992895523871,-72.11009302903,-3.75));
#2828 = SURFACE_CURVE('',#2829,(#2833,#2840),.PCURVE_S1.);
#2829 = LINE('',#2830,#2831);
#2830 = CARTESIAN_POINT('',(17.992895523871,-72.11009302903,-3.75));
#2831 = VECTOR('',#2832,1.);
#2832 = DIRECTION('',(0.,0.,1.));
#2833 = PCURVE('',#2765,#2834);
#2834 = DEFINITIONAL_REPRESENTATION('',(#2835),#2839);
#2835 = LINE('',#2836,#2837);
#2836 = CARTESIAN_POINT('',(6.40541166979,0.));
#2837 = VECTOR('',#2838,1.);
#2838 = DIRECTION('',(0.,-1.));
#2839 = ( GEOMETRIC_REPRESENTATION_CONTEXT(2) 
PARAMETRIC_REPRESENTATION_CONTEXT() REPRESENTATION_CONTEXT('2D SPACE',''
  ) );
#2840 = PCURVE('',#2841,#2846);
#2841 = PLANE('',#2842);
#2842 = AXIS2_PLACEMENT_3D('',#2843,#2844,#2845);
#2843 = CARTESIAN_POINT('',(17.992895523871,-72.11009302903,-3.75));
#2844 = DIRECTION('',(-0.283683152558,0.958918072076,0.));
#2845 = DIRECTION('',(0.958918072076,0.283683152558,0.));
#2846 = DEFINITIONAL_REPRESENTATION('',(#2847),#2851);
#2847 = LINE('',#2848,#2849);
#2848 = CARTESIAN_POINT('',(0.,0.));
#2849 = VECTOR('',#2850,1.);
#2850 = DIRECTION('',(0.,-1.));
#2851 = ( GEOMETRIC_REPRESENTATION_CONTEXT(2) 
PARAMETRIC_REPRESENTATION_CONTEXT() REPRESENTATION_CONTEXT('2D SPACE',''
  ) );
#2852 = ORIENTED_EDGE('',*,*,#2853,.F.);
#2853 = EDGE_CURVE('',#2750,#2826,#2854,.T.);
#2854 = SURFACE_CURVE('',#2855,(#2859,#2866),.PCURVE_S1.);
#2855 = LINE('',#2856,#2857);
#2856 = CARTESIAN_POINT('',(11.71697953091,-73.39156761277,-3.75));
#2857 = VECTOR('',#2858,1.);
#2858 = DIRECTION('',(0.979783395119,0.200061237249,0.));
#2859 = PCURVE('',#2765,#2860);
#2860 = DEFINITIONAL_REPRESENTATION('',(#2861),#2865);
#2861 = LINE('',#2862,#2863);
#2862 = CARTESIAN_POINT('',(0.,0.));
#2863 = VECTOR('',#2864,1.);
#2864 = DIRECTION('',(1.,0.));
#2865 = ( GEOMETRIC_REPRESENTATION_CONTEXT(2) 
PARAMETRIC_REPRESENTATION_CONTEXT() REPRESENTATION_CONTEXT('2D SPACE',''
  ) );
#2866 = PCURVE('',#126,#2867);
#2867 = DEFINITIONAL_REPRESENTATION('',(#2868),#2872);
#2868 = LINE('',#2869,#2870);
#2869 = CARTESIAN_POINT('',(-84.79882284121,-108.5909898833));
#2870 = VECTOR('',#2871,1.);
#2871 = DIRECTION('',(0.979783395119,0.200061237249));
#2872 = ( GEOMETRIC_REPRESENTATION_CONTEXT(2) 
PARAMETRIC_REPRESENTATION_CONTEXT() REPRESENTATION_CONTEXT('2D SPACE',''
  ) );
#2873 = ADVANCED_FACE('',(#2874),#2841,.F.);
#2874 = FACE_BOUND('',#2875,.F.);
#2875 = EDGE_LOOP('',(#2876,#2877,#2900,#2928));
#2876 = ORIENTED_EDGE('',*,*,#2825,.T.);
#2877 = ORIENTED_EDGE('',*,*,#2878,.T.);
#2878 = EDGE_CURVE('',#2803,#2879,#2881,.T.);
#2879 = VERTEX_POINT('',#2880);
#2880 = CARTESIAN_POINT('',(24.135160533122,-70.29298565311,3.75));
#2881 = SURFACE_CURVE('',#2882,(#2886,#2893),.PCURVE_S1.);
#2882 = LINE('',#2883,#2884);
#2883 = CARTESIAN_POINT('',(17.992895523871,-72.11009302903,3.75));
#2884 = VECTOR('',#2885,1.);
#2885 = DIRECTION('',(0.958918072076,0.283683152558,0.));
#2886 = PCURVE('',#2841,#2887);
#2887 = DEFINITIONAL_REPRESENTATION('',(#2888),#2892);
#2888 = LINE('',#2889,#2890);
#2889 = CARTESIAN_POINT('',(0.,-7.5));
#2890 = VECTOR('',#2891,1.);
#2891 = DIRECTION('',(1.,0.));
#2892 = ( GEOMETRIC_REPRESENTATION_CONTEXT(2) 
PARAMETRIC_REPRESENTATION_CONTEXT() REPRESENTATION_CONTEXT('2D SPACE',''
  ) );
#2893 = PCURVE('',#72,#2894);
#2894 = DEFINITIONAL_REPRESENTATION('',(#2895),#2899);
#2895 = LINE('',#2896,#2897);
#2896 = CARTESIAN_POINT('',(-78.52290684825,-107.3095152996));
#2897 = VECTOR('',#2898,1.);
#2898 = DIRECTION('',(0.958918072076,0.283683152558));
#2899 = ( GEOMETRIC_REPRESENTATION_CONTEXT(2) 
PARAMETRIC_REPRESENTATION_CONTEXT() REPRESENTATION_CONTEXT('2D SPACE',''
  ) );
#2900 = ORIENTED_EDGE('',*,*,#2901,.F.);
#2901 = EDGE_CURVE('',#2902,#2879,#2904,.T.);
#2902 = VERTEX_POINT('',#2903);
#2903 = CARTESIAN_POINT('',(24.135160533122,-70.29298565311,-3.75));
#2904 = SURFACE_CURVE('',#2905,(#2909,#2916),.PCURVE_S1.);
#2905 = LINE('',#2906,#2907);
#2906 = CARTESIAN_POINT('',(24.135160533122,-70.29298565311,-3.75));
#2907 = VECTOR('',#2908,1.);
#2908 = DIRECTION('',(0.,0.,1.));
#2909 = PCURVE('',#2841,#2910);
#2910 = DEFINITIONAL_REPRESENTATION('',(#2911),#2915);
#2911 = LINE('',#2912,#2913);
#2912 = CARTESIAN_POINT('',(6.40541166979,0.));
#2913 = VECTOR('',#2914,1.);
#2914 = DIRECTION('',(0.,-1.));
#2915 = ( GEOMETRIC_REPRESENTATION_CONTEXT(2) 
PARAMETRIC_REPRESENTATION_CONTEXT() REPRESENTATION_CONTEXT('2D SPACE',''
  ) );
#2916 = PCURVE('',#2917,#2922);
#2917 = PLANE('',#2918);
#2918 = AXIS2_PLACEMENT_3D('',#2919,#2920,#2921);
#2919 = CARTESIAN_POINT('',(24.135160533122,-70.29298565311,-3.75));
#2920 = DIRECTION('',(-0.365197873261,0.930929918611,0.));
#2921 = DIRECTION('',(0.930929918611,0.365197873261,0.));
#2922 = DEFINITIONAL_REPRESENTATION('',(#2923),#2927);
#2923 = LINE('',#2924,#2925);
#2924 = CARTESIAN_POINT('',(0.,0.));
#2925 = VECTOR('',#2926,1.);
#2926 = DIRECTION('',(0.,-1.));
#2927 = ( GEOMETRIC_REPRESENTATION_CONTEXT(2) 
PARAMETRIC_REPRESENTATION_CONTEXT() REPRESENTATION_CONTEXT('2D SPACE',''
  ) );
#2928 = ORIENTED_EDGE('',*,*,#2929,.F.);
#2929 = EDGE_CURVE('',#2826,#2902,#2930,.T.);
#2930 = SURFACE_CURVE('',#2931,(#2935,#2942),.PCURVE_S1.);
#2931 = LINE('',#2932,#2933);
#2932 = CARTESIAN_POINT('',(17.992895523871,-72.11009302903,-3.75));
#2933 = VECTOR('',#2934,1.);
#2934 = DIRECTION('',(0.958918072076,0.283683152558,0.));
#2935 = PCURVE('',#2841,#2936);
#2936 = DEFINITIONAL_REPRESENTATION('',(#2937),#2941);
#2937 = LINE('',#2938,#2939);
#2938 = CARTESIAN_POINT('',(0.,0.));
#2939 = VECTOR('',#2940,1.);
#2940 = DIRECTION('',(1.,0.));
#2941 = ( GEOMETRIC_REPRESENTATION_CONTEXT(2) 
PARAMETRIC_REPRESENTATION_CONTEXT() REPRESENTATION_CONTEXT('2D SPACE',''
  ) );
#2942 = PCURVE('',#126,#2943);
#2943 = DEFINITIONAL_REPRESENTATION('',(#2944),#2948);
#2944 = LINE('',#2945,#2946);
#2945 = CARTESIAN_POINT('',(-78.52290684825,-107.3095152996));
#2946 = VECTOR('',#2947,1.);
#2947 = DIRECTION('',(0.958918072076,0.283683152558));
#2948 = ( GEOMETRIC_REPRESENTATION_CONTEXT(2) 
PARAMETRIC_REPRESENTATION_CONTEXT() REPRESENTATION_CONTEXT('2D SPACE',''
  ) );
#2949 = ADVANCED_FACE('',(#2950),#2917,.F.);
#2950 = FACE_BOUND('',#2951,.F.);
#2951 = EDGE_LOOP('',(#2952,#2953,#2976,#3004));
#2952 = ORIENTED_EDGE('',*,*,#2901,.T.);
#2953 = ORIENTED_EDGE('',*,*,#2954,.T.);
#2954 = EDGE_CURVE('',#2879,#2955,#2957,.T.);
#2955 = VERTEX_POINT('',#2956);
#2956 = CARTESIAN_POINT('',(30.098149897552,-67.95374293394,3.75));
#2957 = SURFACE_CURVE('',#2958,(#2962,#2969),.PCURVE_S1.);
#2958 = LINE('',#2959,#2960);
#2959 = CARTESIAN_POINT('',(24.135160533122,-70.29298565311,3.75));
#2960 = VECTOR('',#2961,1.);
#2961 = DIRECTION('',(0.930929918611,0.365197873261,0.));
#2962 = PCURVE('',#2917,#2963);
#2963 = DEFINITIONAL_REPRESENTATION('',(#2964),#2968);
#2964 = LINE('',#2965,#2966);
#2965 = CARTESIAN_POINT('',(0.,-7.5));
#2966 = VECTOR('',#2967,1.);
#2967 = DIRECTION('',(1.,0.));
#2968 = ( GEOMETRIC_REPRESENTATION_CONTEXT(2) 
PARAMETRIC_REPRESENTATION_CONTEXT() REPRESENTATION_CONTEXT('2D SPACE',''
  ) );
#2969 = PCURVE('',#72,#2970);
#2970 = DEFINITIONAL_REPRESENTATION('',(#2971),#2975);
#2971 = LINE('',#2972,#2973);
#2972 = CARTESIAN_POINT('',(-72.380641839,-105.4924079237));
#2973 = VECTOR('',#2974,1.);
#2974 = DIRECTION('',(0.930929918611,0.365197873261));
#2975 = ( GEOMETRIC_REPRESENTATION_CONTEXT(2) 
PARAMETRIC_REPRESENTATION_CONTEXT() REPRESENTATION_CONTEXT('2D SPACE',''
  ) );
#2976 = ORIENTED_EDGE('',*,*,#2977,.F.);
#2977 = EDGE_CURVE('',#2978,#2955,#2980,.T.);
#2978 = VERTEX_POINT('',#2979);
#2979 = CARTESIAN_POINT('',(30.098149897552,-67.95374293394,-3.75));
#2980 = SURFACE_CURVE('',#2981,(#2985,#2992),.PCURVE_S1.);
#2981 = LINE('',#2982,#2983);
#2982 = CARTESIAN_POINT('',(30.098149897552,-67.95374293394,-3.75));
#2983 = VECTOR('',#2984,1.);
#2984 = DIRECTION('',(0.,0.,1.));
#2985 = PCURVE('',#2917,#2986);
#2986 = DEFINITIONAL_REPRESENTATION('',(#2987),#2991);
#2987 = LINE('',#2988,#2989);
#2988 = CARTESIAN_POINT('',(6.40541166979,0.));
#2989 = VECTOR('',#2990,1.);
#2990 = DIRECTION('',(0.,-1.));
#2991 = ( GEOMETRIC_REPRESENTATION_CONTEXT(2) 
PARAMETRIC_REPRESENTATION_CONTEXT() REPRESENTATION_CONTEXT('2D SPACE',''
  ) );
#2992 = PCURVE('',#2993,#2998);
#2993 = PLANE('',#2994);
#2994 = AXIS2_PLACEMENT_3D('',#2995,#2996,#2997);
#2995 = CARTESIAN_POINT('',(30.098149897552,-67.95374293394,-3.75));
#2996 = DIRECTION('',(-0.443999909118,0.896026830348,0.));
#2997 = DIRECTION('',(0.896026830348,0.443999909118,0.));
#2998 = DEFINITIONAL_REPRESENTATION('',(#2999),#3003);
#2999 = LINE('',#3000,#3001);
#3000 = CARTESIAN_POINT('',(0.,0.));
#3001 = VECTOR('',#3002,1.);
#3002 = DIRECTION('',(0.,-1.));
#3003 = ( GEOMETRIC_REPRESENTATION_CONTEXT(2) 
PARAMETRIC_REPRESENTATION_CONTEXT() REPRESENTATION_CONTEXT('2D SPACE',''
  ) );
#3004 = ORIENTED_EDGE('',*,*,#3005,.F.);
#3005 = EDGE_CURVE('',#2902,#2978,#3006,.T.);
#3006 = SURFACE_CURVE('',#3007,(#3011,#3018),.PCURVE_S1.);
#3007 = LINE('',#3008,#3009);
#3008 = CARTESIAN_POINT('',(24.135160533122,-70.29298565311,-3.75));
#3009 = VECTOR('',#3010,1.);
#3010 = DIRECTION('',(0.930929918611,0.365197873261,0.));
#3011 = PCURVE('',#2917,#3012);
#3012 = DEFINITIONAL_REPRESENTATION('',(#3013),#3017);
#3013 = LINE('',#3014,#3015);
#3014 = CARTESIAN_POINT('',(0.,0.));
#3015 = VECTOR('',#3016,1.);
#3016 = DIRECTION('',(1.,0.));
#3017 = ( GEOMETRIC_REPRESENTATION_CONTEXT(2) 
PARAMETRIC_REPRESENTATION_CONTEXT() REPRESENTATION_CONTEXT('2D SPACE',''
  ) );
#3018 = PCURVE('',#126,#3019);
#3019 = DEFINITIONAL_REPRESENTATION('',(#3020),#3024);
#3020 = LINE('',#3021,#3022);
#3021 = CARTESIAN_POINT('',(-72.380641839,-105.4924079237));
#3022 = VECTOR('',#3023,1.);
#3023 = DIRECTION('',(0.930929918611,0.365197873261));
#3024 = ( GEOMETRIC_REPRESENTATION_CONTEXT(2) 
PARAMETRIC_REPRESENTATION_CONTEXT() REPRESENTATION_CONTEXT('2D SPACE',''
  ) );
#3025 = ADVANCED_FACE('',(#3026),#2993,.F.);
#3026 = FACE_BOUND('',#3027,.F.);
#3027 = EDGE_LOOP('',(#3028,#3029,#3052,#3080));
#3028 = ORIENTED_EDGE('',*,*,#2977,.T.);
#3029 = ORIENTED_EDGE('',*,*,#3030,.T.);
#3030 = EDGE_CURVE('',#2955,#3031,#3033,.T.);
#3031 = VERTEX_POINT('',#3032);
#3032 = CARTESIAN_POINT('',(35.837570613105,-65.10974073469,3.75));
#3033 = SURFACE_CURVE('',#3034,(#3038,#3045),.PCURVE_S1.);
#3034 = LINE('',#3035,#3036);
#3035 = CARTESIAN_POINT('',(30.098149897552,-67.95374293394,3.75));
#3036 = VECTOR('',#3037,1.);
#3037 = DIRECTION('',(0.896026830348,0.443999909118,0.));
#3038 = PCURVE('',#2993,#3039);
#3039 = DEFINITIONAL_REPRESENTATION('',(#3040),#3044);
#3040 = LINE('',#3041,#3042);
#3041 = CARTESIAN_POINT('',(0.,-7.5));
#3042 = VECTOR('',#3043,1.);
#3043 = DIRECTION('',(1.,0.));
#3044 = ( GEOMETRIC_REPRESENTATION_CONTEXT(2) 
PARAMETRIC_REPRESENTATION_CONTEXT() REPRESENTATION_CONTEXT('2D SPACE',''
  ) );
#3045 = PCURVE('',#72,#3046);
#3046 = DEFINITIONAL_REPRESENTATION('',(#3047),#3051);
#3047 = LINE('',#3048,#3049);
#3048 = CARTESIAN_POINT('',(-66.41765247457,-103.1531652045));
#3049 = VECTOR('',#3050,1.);
#3050 = DIRECTION('',(0.896026830348,0.443999909118));
#3051 = ( GEOMETRIC_REPRESENTATION_CONTEXT(2) 
PARAMETRIC_REPRESENTATION_CONTEXT() REPRESENTATION_CONTEXT('2D SPACE',''
  ) );
#3052 = ORIENTED_EDGE('',*,*,#3053,.F.);
#3053 = EDGE_CURVE('',#3054,#3031,#3056,.T.);
#3054 = VERTEX_POINT('',#3055);
#3055 = CARTESIAN_POINT('',(35.837570613105,-65.10974073469,-3.75));
#3056 = SURFACE_CURVE('',#3057,(#3061,#3068),.PCURVE_S1.);
#3057 = LINE('',#3058,#3059);
#3058 = CARTESIAN_POINT('',(35.837570613105,-65.10974073469,-3.75));
#3059 = VECTOR('',#3060,1.);
#3060 = DIRECTION('',(0.,0.,1.));
#3061 = PCURVE('',#2993,#3062);
#3062 = DEFINITIONAL_REPRESENTATION('',(#3063),#3067);
#3063 = LINE('',#3064,#3065);
#3064 = CARTESIAN_POINT('',(6.40541166979,0.));
#3065 = VECTOR('',#3066,1.);
#3066 = DIRECTION('',(0.,-1.));
#3067 = ( GEOMETRIC_REPRESENTATION_CONTEXT(2) 
PARAMETRIC_REPRESENTATION_CONTEXT() REPRESENTATION_CONTEXT('2D SPACE',''
  ) );
#3068 = PCURVE('',#3069,#3074);
#3069 = PLANE('',#3070);
#3070 = AXIS2_PLACEMENT_3D('',#3071,#3072,#3073);
#3071 = CARTESIAN_POINT('',(35.837570613105,-65.10974073469,-3.75));
#3072 = DIRECTION('',(-0.482199844183,0.876061248013,0.));
#3073 = DIRECTION('',(0.876061248013,0.482199844183,0.));
#3074 = DEFINITIONAL_REPRESENTATION('',(#3075),#3079);
#3075 = LINE('',#3076,#3077);
#3076 = CARTESIAN_POINT('',(0.,0.));
#3077 = VECTOR('',#3078,1.);
#3078 = DIRECTION('',(0.,-1.));
#3079 = ( GEOMETRIC_REPRESENTATION_CONTEXT(2) 
PARAMETRIC_REPRESENTATION_CONTEXT() REPRESENTATION_CONTEXT('2D SPACE',''
  ) );
#3080 = ORIENTED_EDGE('',*,*,#3081,.F.);
#3081 = EDGE_CURVE('',#2978,#3054,#3082,.T.);
#3082 = SURFACE_CURVE('',#3083,(#3087,#3094),.PCURVE_S1.);
#3083 = LINE('',#3084,#3085);
#3084 = CARTESIAN_POINT('',(30.098149897552,-67.95374293394,-3.75));
#3085 = VECTOR('',#3086,1.);
#3086 = DIRECTION('',(0.896026830348,0.443999909118,0.));
#3087 = PCURVE('',#2993,#3088);
#3088 = DEFINITIONAL_REPRESENTATION('',(#3089),#3093);
#3089 = LINE('',#3090,#3091);
#3090 = CARTESIAN_POINT('',(0.,0.));
#3091 = VECTOR('',#3092,1.);
#3092 = DIRECTION('',(1.,0.));
#3093 = ( GEOMETRIC_REPRESENTATION_CONTEXT(2) 
PARAMETRIC_REPRESENTATION_CONTEXT() REPRESENTATION_CONTEXT('2D SPACE',''
  ) );
#3094 = PCURVE('',#126,#3095);
#3095 = DEFINITIONAL_REPRESENTATION('',(#3096),#3100);
#3096 = LINE('',#3097,#3098);
#3097 = CARTESIAN_POINT('',(-66.41765247457,-103.1531652045));
#3098 = VECTOR('',#3099,1.);
#3099 = DIRECTION('',(0.896026830348,0.443999909118));
#3100 = ( GEOMETRIC_REPRESENTATION_CONTEXT(2) 
PARAMETRIC_REPRESENTATION_CONTEXT() REPRESENTATION_CONTEXT('2D SPACE',''
  ) );
#3101 = ADVANCED_FACE('',(#3102),#3069,.F.);
#3102 = FACE_BOUND('',#3103,.F.);
#3103 = EDGE_LOOP('',(#3104,#3105,#3128,#3156));
#3104 = ORIENTED_EDGE('',*,*,#3053,.T.);
#3105 = ORIENTED_EDGE('',*,*,#3106,.T.);
#3106 = EDGE_CURVE('',#3031,#3107,#3109,.T.);
#3107 = VERTEX_POINT('',#3108);
#3108 = CARTESIAN_POINT('',(264.0124629709,60.481817836098,3.75));
#3109 = SURFACE_CURVE('',#3110,(#3114,#3121),.PCURVE_S1.);
#3110 = LINE('',#3111,#3112);
#3111 = CARTESIAN_POINT('',(35.837570613105,-65.10974073469,3.75));
#3112 = VECTOR('',#3113,1.);
#3113 = DIRECTION('',(0.876061248013,0.482199844183,0.));
#3114 = PCURVE('',#3069,#3115);
#3115 = DEFINITIONAL_REPRESENTATION('',(#3116),#3120);
#3116 = LINE('',#3117,#3118);
#3117 = CARTESIAN_POINT('',(0.,-7.5));
#3118 = VECTOR('',#3119,1.);
#3119 = DIRECTION('',(1.,0.));
#3120 = ( GEOMETRIC_REPRESENTATION_CONTEXT(2) 
PARAMETRIC_REPRESENTATION_CONTEXT() REPRESENTATION_CONTEXT('2D SPACE',''
  ) );
#3121 = PCURVE('',#72,#3122);
#3122 = DEFINITIONAL_REPRESENTATION('',(#3123),#3127);
#3123 = LINE('',#3124,#3125);
#3124 = CARTESIAN_POINT('',(-60.67823175901,-100.3091630053));
#3125 = VECTOR('',#3126,1.);
#3126 = DIRECTION('',(0.876061248013,0.482199844183));
#3127 = ( GEOMETRIC_REPRESENTATION_CONTEXT(2) 
PARAMETRIC_REPRESENTATION_CONTEXT() REPRESENTATION_CONTEXT('2D SPACE',''
  ) );
#3128 = ORIENTED_EDGE('',*,*,#3129,.F.);
#3129 = EDGE_CURVE('',#3130,#3107,#3132,.T.);
#3130 = VERTEX_POINT('',#3131);
#3131 = CARTESIAN_POINT('',(264.0124629709,60.481817836098,-3.75));
#3132 = SURFACE_CURVE('',#3133,(#3137,#3144),.PCURVE_S1.);
#3133 = LINE('',#3134,#3135);
#3134 = CARTESIAN_POINT('',(264.0124629709,60.481817836098,-3.75));
#3135 = VECTOR('',#3136,1.);
#3136 = DIRECTION('',(0.,0.,1.));
#3137 = PCURVE('',#3069,#3138);
#3138 = DEFINITIONAL_REPRESENTATION('',(#3139),#3143);
#3139 = LINE('',#3140,#3141);
#3140 = CARTESIAN_POINT('',(260.45541093771,0.));
#3141 = VECTOR('',#3142,1.);
#3142 = DIRECTION('',(0.,-1.));
#3143 = ( GEOMETRIC_REPRESENTATION_CONTEXT(2) 
PARAMETRIC_REPRESENTATION_CONTEXT() REPRESENTATION_CONTEXT('2D SPACE',''
  ) );
#3144 = PCURVE('',#3145,#3150);
#3145 = PLANE('',#3146);
#3146 = AXIS2_PLACEMENT_3D('',#3147,#3148,#3149);
#3147 = CARTESIAN_POINT('',(264.0124629709,60.481817836098,-3.75));
#3148 = DIRECTION('',(-0.543021537149,0.839718768513,0.));
#3149 = DIRECTION('',(0.839718768513,0.543021537149,0.));
#3150 = DEFINITIONAL_REPRESENTATION('',(#3151),#3155);
#3151 = LINE('',#3152,#3153);
#3152 = CARTESIAN_POINT('',(0.,0.));
#3153 = VECTOR('',#3154,1.);
#3154 = DIRECTION('',(0.,-1.));
#3155 = ( GEOMETRIC_REPRESENTATION_CONTEXT(2) 
PARAMETRIC_REPRESENTATION_CONTEXT() REPRESENTATION_CONTEXT('2D SPACE',''
  ) );
#3156 = ORIENTED_EDGE('',*,*,#3157,.F.);
#3157 = EDGE_CURVE('',#3054,#3130,#3158,.T.);
#3158 = SURFACE_CURVE('',#3159,(#3163,#3170),.PCURVE_S1.);
#3159 = LINE('',#3160,#3161);
#3160 = CARTESIAN_POINT('',(35.837570613105,-65.10974073469,-3.75));
#3161 = VECTOR('',#3162,1.);
#3162 = DIRECTION('',(0.876061248013,0.482199844183,0.));
#3163 = PCURVE('',#3069,#3164);
#3164 = DEFINITIONAL_REPRESENTATION('',(#3165),#3169);
#3165 = LINE('',#3166,#3167);
#3166 = CARTESIAN_POINT('',(0.,0.));
#3167 = VECTOR('',#3168,1.);
#3168 = DIRECTION('',(1.,0.));
#3169 = ( GEOMETRIC_REPRESENTATION_CONTEXT(2) 
PARAMETRIC_REPRESENTATION_CONTEXT() REPRESENTATION_CONTEXT('2D SPACE',''
  ) );
#3170 = PCURVE('',#126,#3171);
#3171 = DEFINITIONAL_REPRESENTATION('',(#3172),#3176);
#3172 = LINE('',#3173,#3174);
#3173 = CARTESIAN_POINT('',(-60.67823175901,-100.3091630053));
#3174 = VECTOR('',#3175,1.);
#3175 = DIRECTION('',(0.876061248013,0.482199844183));
#3176 = ( GEOMETRIC_REPRESENTATION_CONTEXT(2) 
PARAMETRIC_REPRESENTATION_CONTEXT() REPRESENTATION_CONTEXT('2D SPACE',''
  ) );
#3177 = ADVANCED_FACE('',(#3178),#3145,.F.);
#3178 = FACE_BOUND('',#3179,.F.);
#3179 = EDGE_LOOP('',(#3180,#3181,#3204,#3232));
#3180 = ORIENTED_EDGE('',*,*,#3129,.T.);
#3181 = ORIENTED_EDGE('',*,*,#3182,.T.);
#3182 = EDGE_CURVE('',#3107,#3183,#3185,.T.);
#3183 = VERTEX_POINT('',#3184);
#3184 = CARTESIAN_POINT('',(268.06001142494,63.099248892318,3.75));
#3185 = SURFACE_CURVE('',#3186,(#3190,#3197),.PCURVE_S1.);
#3186 = LINE('',#3187,#3188);
#3187 = CARTESIAN_POINT('',(264.0124629709,60.481817836098,3.75));
#3188 = VECTOR('',#3189,1.);
#3189 = DIRECTION('',(0.839718768513,0.543021537149,0.));
#3190 = PCURVE('',#3145,#3191);
#3191 = DEFINITIONAL_REPRESENTATION('',(#3192),#3196);
#3192 = LINE('',#3193,#3194);
#3193 = CARTESIAN_POINT('',(0.,-7.5));
#3194 = VECTOR('',#3195,1.);
#3195 = DIRECTION('',(1.,0.));
#3196 = ( GEOMETRIC_REPRESENTATION_CONTEXT(2) 
PARAMETRIC_REPRESENTATION_CONTEXT() REPRESENTATION_CONTEXT('2D SPACE',''
  ) );
#3197 = PCURVE('',#72,#3198);
#3198 = DEFINITIONAL_REPRESENTATION('',(#3199),#3203);
#3199 = LINE('',#3200,#3201);
#3200 = CARTESIAN_POINT('',(167.49666059878,25.28239556549));
#3201 = VECTOR('',#3202,1.);
#3202 = DIRECTION('',(0.839718768513,0.543021537149));
#3203 = ( GEOMETRIC_REPRESENTATION_CONTEXT(2) 
PARAMETRIC_REPRESENTATION_CONTEXT() REPRESENTATION_CONTEXT('2D SPACE',''
  ) );
#3204 = ORIENTED_EDGE('',*,*,#3205,.F.);
#3205 = EDGE_CURVE('',#3206,#3183,#3208,.T.);
#3206 = VERTEX_POINT('',#3207);
#3207 = CARTESIAN_POINT('',(268.06001142494,63.099248892318,-3.75));
#3208 = SURFACE_CURVE('',#3209,(#3213,#3220),.PCURVE_S1.);
#3209 = LINE('',#3210,#3211);
#3210 = CARTESIAN_POINT('',(268.06001142494,63.099248892318,-3.75));
#3211 = VECTOR('',#3212,1.);
#3212 = DIRECTION('',(0.,0.,1.));
#3213 = PCURVE('',#3145,#3214);
#3214 = DEFINITIONAL_REPRESENTATION('',(#3215),#3219);
#3215 = LINE('',#3216,#3217);
#3216 = CARTESIAN_POINT('',(4.820123838852,0.));
#3217 = VECTOR('',#3218,1.);
#3218 = DIRECTION('',(0.,-1.));
#3219 = ( GEOMETRIC_REPRESENTATION_CONTEXT(2) 
PARAMETRIC_REPRESENTATION_CONTEXT() REPRESENTATION_CONTEXT('2D SPACE',''
  ) );
#3220 = PCURVE('',#3221,#3226);
#3221 = PLANE('',#3222);
#3222 = AXIS2_PLACEMENT_3D('',#3223,#3224,#3225);
#3223 = CARTESIAN_POINT('',(268.06001142494,63.099248892318,-3.75));
#3224 = DIRECTION('',(-0.656195286977,0.754591111364,0.));
#3225 = DIRECTION('',(0.754591111364,0.656195286977,0.));
#3226 = DEFINITIONAL_REPRESENTATION('',(#3227),#3231);
#3227 = LINE('',#3228,#3229);
#3228 = CARTESIAN_POINT('',(0.,0.));
#3229 = VECTOR('',#3230,1.);
#3230 = DIRECTION('',(0.,-1.));
#3231 = ( GEOMETRIC_REPRESENTATION_CONTEXT(2) 
PARAMETRIC_REPRESENTATION_CONTEXT() REPRESENTATION_CONTEXT('2D SPACE',''
  ) );
#3232 = ORIENTED_EDGE('',*,*,#3233,.F.);
#3233 = EDGE_CURVE('',#3130,#3206,#3234,.T.);
#3234 = SURFACE_CURVE('',#3235,(#3239,#3246),.PCURVE_S1.);
#3235 = LINE('',#3236,#3237);
#3236 = CARTESIAN_POINT('',(264.0124629709,60.481817836098,-3.75));
#3237 = VECTOR('',#3238,1.);
#3238 = DIRECTION('',(0.839718768513,0.543021537149,0.));
#3239 = PCURVE('',#3145,#3240);
#3240 = DEFINITIONAL_REPRESENTATION('',(#3241),#3245);
#3241 = LINE('',#3242,#3243);
#3242 = CARTESIAN_POINT('',(0.,0.));
#3243 = VECTOR('',#3244,1.);
#3244 = DIRECTION('',(1.,0.));
#3245 = ( GEOMETRIC_REPRESENTATION_CONTEXT(2) 
PARAMETRIC_REPRESENTATION_CONTEXT() REPRESENTATION_CONTEXT('2D SPACE',''
  ) );
#3246 = PCURVE('',#126,#3247);
#3247 = DEFINITIONAL_REPRESENTATION('',(#3248),#3252);
#3248 = LINE('',#3249,#3250);
#3249 = CARTESIAN_POINT('',(167.49666059878,25.28239556549));
#3250 = VECTOR('',#3251,1.);
#3251 = DIRECTION('',(0.839718768513,0.543021537149));
#3252 = ( GEOMETRIC_REPRESENTATION_CONTEXT(2) 
PARAMETRIC_REPRESENTATION_CONTEXT() REPRESENTATION_CONTEXT('2D SPACE',''
  ) );
#3253 = ADVANCED_FACE('',(#3254),#3221,.F.);
#3254 = FACE_BOUND('',#3255,.F.);
#3255 = EDGE_LOOP('',(#3256,#3257,#3280,#3308));
#3256 = ORIENTED_EDGE('',*,*,#3205,.T.);
#3257 = ORIENTED_EDGE('',*,*,#3258,.T.);
#3258 = EDGE_CURVE('',#3183,#3259,#3261,.T.);
#3259 = VERTEX_POINT('',#3260);
#3260 = CARTESIAN_POINT('',(271.69723402941,66.262191438018,3.75));
#3261 = SURFACE_CURVE('',#3262,(#3266,#3273),.PCURVE_S1.);
#3262 = LINE('',#3263,#3264);
#3263 = CARTESIAN_POINT('',(268.06001142494,63.099248892318,3.75));
#3264 = VECTOR('',#3265,1.);
#3265 = DIRECTION('',(0.754591111364,0.656195286977,0.));
#3266 = PCURVE('',#3221,#3267);
#3267 = DEFINITIONAL_REPRESENTATION('',(#3268),#3272);
#3268 = LINE('',#3269,#3270);
#3269 = CARTESIAN_POINT('',(0.,-7.5));
#3270 = VECTOR('',#3271,1.);
#3271 = DIRECTION('',(1.,0.));
#3272 = ( GEOMETRIC_REPRESENTATION_CONTEXT(2) 
PARAMETRIC_REPRESENTATION_CONTEXT() REPRESENTATION_CONTEXT('2D SPACE',''
  ) );
#3273 = PCURVE('',#72,#3274);
#3274 = DEFINITIONAL_REPRESENTATION('',(#3275),#3279);
#3275 = LINE('',#3276,#3277);
#3276 = CARTESIAN_POINT('',(171.54420905282,27.89982662171));
#3277 = VECTOR('',#3278,1.);
#3278 = DIRECTION('',(0.754591111364,0.656195286977));
#3279 = ( GEOMETRIC_REPRESENTATION_CONTEXT(2) 
PARAMETRIC_REPRESENTATION_CONTEXT() REPRESENTATION_CONTEXT('2D SPACE',''
  ) );
#3280 = ORIENTED_EDGE('',*,*,#3281,.F.);
#3281 = EDGE_CURVE('',#3282,#3259,#3284,.T.);
#3282 = VERTEX_POINT('',#3283);
#3283 = CARTESIAN_POINT('',(271.69723402941,66.262191438018,-3.75));
#3284 = SURFACE_CURVE('',#3285,(#3289,#3296),.PCURVE_S1.);
#3285 = LINE('',#3286,#3287);
#3286 = CARTESIAN_POINT('',(271.69723402941,66.262191438018,-3.75));
#3287 = VECTOR('',#3288,1.);
#3288 = DIRECTION('',(0.,0.,1.));
#3289 = PCURVE('',#3221,#3290);
#3290 = DEFINITIONAL_REPRESENTATION('',(#3291),#3295);
#3291 = LINE('',#3292,#3293);
#3292 = CARTESIAN_POINT('',(4.820123838852,0.));
#3293 = VECTOR('',#3294,1.);
#3294 = DIRECTION('',(0.,-1.));
#3295 = ( GEOMETRIC_REPRESENTATION_CONTEXT(2) 
PARAMETRIC_REPRESENTATION_CONTEXT() REPRESENTATION_CONTEXT('2D SPACE',''
  ) );
#3296 = PCURVE('',#3297,#3302);
#3297 = PLANE('',#3298);
#3298 = AXIS2_PLACEMENT_3D('',#3299,#3300,#3301);
#3299 = CARTESIAN_POINT('',(271.69723402941,66.262191438018,-3.75));
#3300 = DIRECTION('',(-0.756209030048,0.654330117658,0.));
#3301 = DIRECTION('',(0.654330117658,0.756209030048,0.));
#3302 = DEFINITIONAL_REPRESENTATION('',(#3303),#3307);
#3303 = LINE('',#3304,#3305);
#3304 = CARTESIAN_POINT('',(0.,0.));
#3305 = VECTOR('',#3306,1.);
#3306 = DIRECTION('',(0.,-1.));
#3307 = ( GEOMETRIC_REPRESENTATION_CONTEXT(2) 
PARAMETRIC_REPRESENTATION_CONTEXT() REPRESENTATION_CONTEXT('2D SPACE',''
  ) );
#3308 = ORIENTED_EDGE('',*,*,#3309,.F.);
#3309 = EDGE_CURVE('',#3206,#3282,#3310,.T.);
#3310 = SURFACE_CURVE('',#3311,(#3315,#3322),.PCURVE_S1.);
#3311 = LINE('',#3312,#3313);
#3312 = CARTESIAN_POINT('',(268.06001142494,63.099248892318,-3.75));
#3313 = VECTOR('',#3314,1.);
#3314 = DIRECTION('',(0.754591111364,0.656195286977,0.));
#3315 = PCURVE('',#3221,#3316);
#3316 = DEFINITIONAL_REPRESENTATION('',(#3317),#3321);
#3317 = LINE('',#3318,#3319);
#3318 = CARTESIAN_POINT('',(0.,0.));
#3319 = VECTOR('',#3320,1.);
#3320 = DIRECTION('',(1.,0.));
#3321 = ( GEOMETRIC_REPRESENTATION_CONTEXT(2) 
PARAMETRIC_REPRESENTATION_CONTEXT() REPRESENTATION_CONTEXT('2D SPACE',''
  ) );
#3322 = PCURVE('',#126,#3323);
#3323 = DEFINITIONAL_REPRESENTATION('',(#3324),#3328);
#3324 = LINE('',#3325,#3326);
#3325 = CARTESIAN_POINT('',(171.54420905282,27.89982662171));
#3326 = VECTOR('',#3327,1.);
#3327 = DIRECTION('',(0.754591111364,0.656195286977));
#3328 = ( GEOMETRIC_REPRESENTATION_CONTEXT(2) 
PARAMETRIC_REPRESENTATION_CONTEXT() REPRESENTATION_CONTEXT('2D SPACE',''
  ) );
#3329 = ADVANCED_FACE('',(#3330),#3297,.F.);
#3330 = FACE_BOUND('',#3331,.F.);
#3331 = EDGE_LOOP('',(#3332,#3333,#3356,#3384));
#3332 = ORIENTED_EDGE('',*,*,#3281,.T.);
#3333 = ORIENTED_EDGE('',*,*,#3334,.T.);
#3334 = EDGE_CURVE('',#3259,#3335,#3337,.T.);
#3335 = VERTEX_POINT('',#3336);
#3336 = CARTESIAN_POINT('',(274.85118622801,69.907212610906,3.75));
#3337 = SURFACE_CURVE('',#3338,(#3342,#3349),.PCURVE_S1.);
#3338 = LINE('',#3339,#3340);
#3339 = CARTESIAN_POINT('',(271.69723402941,66.262191438018,3.75));
#3340 = VECTOR('',#3341,1.);
#3341 = DIRECTION('',(0.654330117658,0.756209030048,0.));
#3342 = PCURVE('',#3297,#3343);
#3343 = DEFINITIONAL_REPRESENTATION('',(#3344),#3348);
#3344 = LINE('',#3345,#3346);
#3345 = CARTESIAN_POINT('',(0.,-7.5));
#3346 = VECTOR('',#3347,1.);
#3347 = DIRECTION('',(1.,0.));
#3348 = ( GEOMETRIC_REPRESENTATION_CONTEXT(2) 
PARAMETRIC_REPRESENTATION_CONTEXT() REPRESENTATION_CONTEXT('2D SPACE',''
  ) );
#3349 = PCURVE('',#72,#3350);
#3350 = DEFINITIONAL_REPRESENTATION('',(#3351),#3355);
#3351 = LINE('',#3352,#3353);
#3352 = CARTESIAN_POINT('',(175.18143165729,31.062769167409));
#3353 = VECTOR('',#3354,1.);
#3354 = DIRECTION('',(0.654330117658,0.756209030048));
#3355 = ( GEOMETRIC_REPRESENTATION_CONTEXT(2) 
PARAMETRIC_REPRESENTATION_CONTEXT() REPRESENTATION_CONTEXT('2D SPACE',''
  ) );
#3356 = ORIENTED_EDGE('',*,*,#3357,.F.);
#3357 = EDGE_CURVE('',#3358,#3335,#3360,.T.);
#3358 = VERTEX_POINT('',#3359);
#3359 = CARTESIAN_POINT('',(274.85118622801,69.907212610906,-3.75));
#3360 = SURFACE_CURVE('',#3361,(#3365,#3372),.PCURVE_S1.);
#3361 = LINE('',#3362,#3363);
#3362 = CARTESIAN_POINT('',(274.85118622801,69.907212610906,-3.75));
#3363 = VECTOR('',#3364,1.);
#3364 = DIRECTION('',(0.,0.,1.));
#3365 = PCURVE('',#3297,#3366);
#3366 = DEFINITIONAL_REPRESENTATION('',(#3367),#3371);
#3367 = LINE('',#3368,#3369);
#3368 = CARTESIAN_POINT('',(4.820123838852,0.));
#3369 = VECTOR('',#3370,1.);
#3370 = DIRECTION('',(0.,-1.));
#3371 = ( GEOMETRIC_REPRESENTATION_CONTEXT(2) 
PARAMETRIC_REPRESENTATION_CONTEXT() REPRESENTATION_CONTEXT('2D SPACE',''
  ) );
#3372 = PCURVE('',#3373,#3378);
#3373 = PLANE('',#3374);
#3374 = AXIS2_PLACEMENT_3D('',#3375,#3376,#3377);
#3375 = CARTESIAN_POINT('',(274.85118622801,69.907212610906,-3.75));
#3376 = DIRECTION('',(-0.841056989177,0.540946523195,0.));
#3377 = DIRECTION('',(0.540946523195,0.841056989177,0.));
#3378 = DEFINITIONAL_REPRESENTATION('',(#3379),#3383);
#3379 = LINE('',#3380,#3381);
#3380 = CARTESIAN_POINT('',(0.,0.));
#3381 = VECTOR('',#3382,1.);
#3382 = DIRECTION('',(0.,-1.));
#3383 = ( GEOMETRIC_REPRESENTATION_CONTEXT(2) 
PARAMETRIC_REPRESENTATION_CONTEXT() REPRESENTATION_CONTEXT('2D SPACE',''
  ) );
#3384 = ORIENTED_EDGE('',*,*,#3385,.F.);
#3385 = EDGE_CURVE('',#3282,#3358,#3386,.T.);
#3386 = SURFACE_CURVE('',#3387,(#3391,#3398),.PCURVE_S1.);
#3387 = LINE('',#3388,#3389);
#3388 = CARTESIAN_POINT('',(271.69723402941,66.262191438018,-3.75));
#3389 = VECTOR('',#3390,1.);
#3390 = DIRECTION('',(0.654330117658,0.756209030048,0.));
#3391 = PCURVE('',#3297,#3392);
#3392 = DEFINITIONAL_REPRESENTATION('',(#3393),#3397);
#3393 = LINE('',#3394,#3395);
#3394 = CARTESIAN_POINT('',(0.,0.));
#3395 = VECTOR('',#3396,1.);
#3396 = DIRECTION('',(1.,0.));
#3397 = ( GEOMETRIC_REPRESENTATION_CONTEXT(2) 
PARAMETRIC_REPRESENTATION_CONTEXT() REPRESENTATION_CONTEXT('2D SPACE',''
  ) );
#3398 = PCURVE('',#126,#3399);
#3399 = DEFINITIONAL_REPRESENTATION('',(#3400),#3404);
#3400 = LINE('',#3401,#3402);
#3401 = CARTESIAN_POINT('',(175.18143165729,31.062769167409));
#3402 = VECTOR('',#3403,1.);
#3403 = DIRECTION('',(0.654330117658,0.756209030048));
#3404 = ( GEOMETRIC_REPRESENTATION_CONTEXT(2) 
PARAMETRIC_REPRESENTATION_CONTEXT() REPRESENTATION_CONTEXT('2D SPACE',''
  ) );
#3405 = ADVANCED_FACE('',(#3406),#3373,.F.);
#3406 = FACE_BOUND('',#3407,.F.);
#3407 = EDGE_LOOP('',(#3408,#3409,#3432,#3460));
#3408 = ORIENTED_EDGE('',*,*,#3357,.T.);
#3409 = ORIENTED_EDGE('',*,*,#3410,.T.);
#3410 = EDGE_CURVE('',#3335,#3411,#3413,.T.);
#3411 = VERTEX_POINT('',#3412);
#3412 = CARTESIAN_POINT('',(277.45861546001,73.961211454273,3.75));
#3413 = SURFACE_CURVE('',#3414,(#3418,#3425),.PCURVE_S1.);
#3414 = LINE('',#3415,#3416);
#3415 = CARTESIAN_POINT('',(274.85118622801,69.907212610906,3.75));
#3416 = VECTOR('',#3417,1.);
#3417 = DIRECTION('',(0.540946523195,0.841056989177,0.));
#3418 = PCURVE('',#3373,#3419);
#3419 = DEFINITIONAL_REPRESENTATION('',(#3420),#3424);
#3420 = LINE('',#3421,#3422);
#3421 = CARTESIAN_POINT('',(0.,-7.5));
#3422 = VECTOR('',#3423,1.);
#3423 = DIRECTION('',(1.,0.));
#3424 = ( GEOMETRIC_REPRESENTATION_CONTEXT(2) 
PARAMETRIC_REPRESENTATION_CONTEXT() REPRESENTATION_CONTEXT('2D SPACE',''
  ) );
#3425 = PCURVE('',#72,#3426);
#3426 = DEFINITIONAL_REPRESENTATION('',(#3427),#3431);
#3427 = LINE('',#3428,#3429);
#3428 = CARTESIAN_POINT('',(178.33538385589,34.707790340298));
#3429 = VECTOR('',#3430,1.);
#3430 = DIRECTION('',(0.540946523195,0.841056989177));
#3431 = ( GEOMETRIC_REPRESENTATION_CONTEXT(2) 
PARAMETRIC_REPRESENTATION_CONTEXT() REPRESENTATION_CONTEXT('2D SPACE',''
  ) );
#3432 = ORIENTED_EDGE('',*,*,#3433,.F.);
#3433 = EDGE_CURVE('',#3434,#3411,#3436,.T.);
#3434 = VERTEX_POINT('',#3435);
#3435 = CARTESIAN_POINT('',(277.45861546001,73.961211454273,-3.75));
#3436 = SURFACE_CURVE('',#3437,(#3441,#3448),.PCURVE_S1.);
#3437 = LINE('',#3438,#3439);
#3438 = CARTESIAN_POINT('',(277.45861546001,73.961211454273,-3.75));
#3439 = VECTOR('',#3440,1.);
#3440 = DIRECTION('',(0.,0.,1.));
#3441 = PCURVE('',#3373,#3442);
#3442 = DEFINITIONAL_REPRESENTATION('',(#3443),#3447);
#3443 = LINE('',#3444,#3445);
#3444 = CARTESIAN_POINT('',(4.820123838852,0.));
#3445 = VECTOR('',#3446,1.);
#3446 = DIRECTION('',(0.,-1.));
#3447 = ( GEOMETRIC_REPRESENTATION_CONTEXT(2) 
PARAMETRIC_REPRESENTATION_CONTEXT() REPRESENTATION_CONTEXT('2D SPACE',''
  ) );
#3448 = PCURVE('',#3449,#3454);
#3449 = PLANE('',#3450);
#3450 = AXIS2_PLACEMENT_3D('',#3451,#3452,#3453);
#3451 = CARTESIAN_POINT('',(277.45861546001,73.961211454273,-3.75));
#3452 = DIRECTION('',(-0.909037537216,0.416714237736,0.));
#3453 = DIRECTION('',(0.416714237736,0.909037537216,0.));
#3454 = DEFINITIONAL_REPRESENTATION('',(#3455),#3459);
#3455 = LINE('',#3456,#3457);
#3456 = CARTESIAN_POINT('',(0.,0.));
#3457 = VECTOR('',#3458,1.);
#3458 = DIRECTION('',(0.,-1.));
#3459 = ( GEOMETRIC_REPRESENTATION_CONTEXT(2) 
PARAMETRIC_REPRESENTATION_CONTEXT() REPRESENTATION_CONTEXT('2D SPACE',''
  ) );
#3460 = ORIENTED_EDGE('',*,*,#3461,.F.);
#3461 = EDGE_CURVE('',#3358,#3434,#3462,.T.);
#3462 = SURFACE_CURVE('',#3463,(#3467,#3474),.PCURVE_S1.);
#3463 = LINE('',#3464,#3465);
#3464 = CARTESIAN_POINT('',(274.85118622801,69.907212610906,-3.75));
#3465 = VECTOR('',#3466,1.);
#3466 = DIRECTION('',(0.540946523195,0.841056989177,0.));
#3467 = PCURVE('',#3373,#3468);
#3468 = DEFINITIONAL_REPRESENTATION('',(#3469),#3473);
#3469 = LINE('',#3470,#3471);
#3470 = CARTESIAN_POINT('',(0.,0.));
#3471 = VECTOR('',#3472,1.);
#3472 = DIRECTION('',(1.,0.));
#3473 = ( GEOMETRIC_REPRESENTATION_CONTEXT(2) 
PARAMETRIC_REPRESENTATION_CONTEXT() REPRESENTATION_CONTEXT('2D SPACE',''
  ) );
#3474 = PCURVE('',#126,#3475);
#3475 = DEFINITIONAL_REPRESENTATION('',(#3476),#3480);
#3476 = LINE('',#3477,#3478);
#3477 = CARTESIAN_POINT('',(178.33538385589,34.707790340298));
#3478 = VECTOR('',#3479,1.);
#3479 = DIRECTION('',(0.540946523195,0.841056989177));
#3480 = ( GEOMETRIC_REPRESENTATION_CONTEXT(2) 
PARAMETRIC_REPRESENTATION_CONTEXT() REPRESENTATION_CONTEXT('2D SPACE',''
  ) );
#3481 = ADVANCED_FACE('',(#3482),#3449,.F.);
#3482 = FACE_BOUND('',#3483,.F.);
#3483 = EDGE_LOOP('',(#3484,#3485,#3508,#3536));
#3484 = ORIENTED_EDGE('',*,*,#3433,.T.);
#3485 = ORIENTED_EDGE('',*,*,#3486,.T.);
#3486 = EDGE_CURVE('',#3411,#3487,#3489,.T.);
#3487 = VERTEX_POINT('',#3488);
#3488 = CARTESIAN_POINT('',(279.46722969131,78.34288495782,3.75));
#3489 = SURFACE_CURVE('',#3490,(#3494,#3501),.PCURVE_S1.);
#3490 = LINE('',#3491,#3492);
#3491 = CARTESIAN_POINT('',(277.45861546001,73.961211454273,3.75));
#3492 = VECTOR('',#3493,1.);
#3493 = DIRECTION('',(0.416714237736,0.909037537216,0.));
#3494 = PCURVE('',#3449,#3495);
#3495 = DEFINITIONAL_REPRESENTATION('',(#3496),#3500);
#3496 = LINE('',#3497,#3498);
#3497 = CARTESIAN_POINT('',(0.,-7.5));
#3498 = VECTOR('',#3499,1.);
#3499 = DIRECTION('',(1.,0.));
#3500 = ( GEOMETRIC_REPRESENTATION_CONTEXT(2) 
PARAMETRIC_REPRESENTATION_CONTEXT() REPRESENTATION_CONTEXT('2D SPACE',''
  ) );
#3501 = PCURVE('',#72,#3502);
#3502 = DEFINITIONAL_REPRESENTATION('',(#3503),#3507);
#3503 = LINE('',#3504,#3505);
#3504 = CARTESIAN_POINT('',(180.94281308788,38.761789183664));
#3505 = VECTOR('',#3506,1.);
#3506 = DIRECTION('',(0.416714237736,0.909037537216));
#3507 = ( GEOMETRIC_REPRESENTATION_CONTEXT(2) 
PARAMETRIC_REPRESENTATION_CONTEXT() REPRESENTATION_CONTEXT('2D SPACE',''
  ) );
#3508 = ORIENTED_EDGE('',*,*,#3509,.F.);
#3509 = EDGE_CURVE('',#3510,#3487,#3512,.T.);
#3510 = VERTEX_POINT('',#3511);
#3511 = CARTESIAN_POINT('',(279.46722969131,78.34288495782,-3.75));
#3512 = SURFACE_CURVE('',#3513,(#3517,#3524),.PCURVE_S1.);
#3513 = LINE('',#3514,#3515);
#3514 = CARTESIAN_POINT('',(279.46722969131,78.34288495782,-3.75));
#3515 = VECTOR('',#3516,1.);
#3516 = DIRECTION('',(0.,0.,1.));
#3517 = PCURVE('',#3449,#3518);
#3518 = DEFINITIONAL_REPRESENTATION('',(#3519),#3523);
#3519 = LINE('',#3520,#3521);
#3520 = CARTESIAN_POINT('',(4.820123838852,0.));
#3521 = VECTOR('',#3522,1.);
#3522 = DIRECTION('',(0.,-1.));
#3523 = ( GEOMETRIC_REPRESENTATION_CONTEXT(2) 
PARAMETRIC_REPRESENTATION_CONTEXT() REPRESENTATION_CONTEXT('2D SPACE',''
  ) );
#3524 = PCURVE('',#3525,#3530);
#3525 = PLANE('',#3526);
#3526 = AXIS2_PLACEMENT_3D('',#3527,#3528,#3529);
#3527 = CARTESIAN_POINT('',(279.46722969131,78.34288495782,-3.75));
#3528 = DIRECTION('',(-0.958787323209,0.284124741713,0.));
#3529 = DIRECTION('',(0.284124741713,0.958787323209,0.));
#3530 = DEFINITIONAL_REPRESENTATION('',(#3531),#3535);
#3531 = LINE('',#3532,#3533);
#3532 = CARTESIAN_POINT('',(0.,0.));
#3533 = VECTOR('',#3534,1.);
#3534 = DIRECTION('',(0.,-1.));
#3535 = ( GEOMETRIC_REPRESENTATION_CONTEXT(2) 
PARAMETRIC_REPRESENTATION_CONTEXT() REPRESENTATION_CONTEXT('2D SPACE',''
  ) );
#3536 = ORIENTED_EDGE('',*,*,#3537,.F.);
#3537 = EDGE_CURVE('',#3434,#3510,#3538,.T.);
#3538 = SURFACE_CURVE('',#3539,(#3543,#3550),.PCURVE_S1.);
#3539 = LINE('',#3540,#3541);
#3540 = CARTESIAN_POINT('',(277.45861546001,73.961211454273,-3.75));
#3541 = VECTOR('',#3542,1.);
#3542 = DIRECTION('',(0.416714237736,0.909037537216,0.));
#3543 = PCURVE('',#3449,#3544);
#3544 = DEFINITIONAL_REPRESENTATION('',(#3545),#3549);
#3545 = LINE('',#3546,#3547);
#3546 = CARTESIAN_POINT('',(0.,0.));
#3547 = VECTOR('',#3548,1.);
#3548 = DIRECTION('',(1.,0.));
#3549 = ( GEOMETRIC_REPRESENTATION_CONTEXT(2) 
PARAMETRIC_REPRESENTATION_CONTEXT() REPRESENTATION_CONTEXT('2D SPACE',''
  ) );
#3550 = PCURVE('',#126,#3551);
#3551 = DEFINITIONAL_REPRESENTATION('',(#3552),#3556);
#3552 = LINE('',#3553,#3554);
#3553 = CARTESIAN_POINT('',(180.94281308788,38.761789183664));
#3554 = VECTOR('',#3555,1.);
#3555 = DIRECTION('',(0.416714237736,0.909037537216));
#3556 = ( GEOMETRIC_REPRESENTATION_CONTEXT(2) 
PARAMETRIC_REPRESENTATION_CONTEXT() REPRESENTATION_CONTEXT('2D SPACE',''
  ) );
#3557 = ADVANCED_FACE('',(#3558),#3525,.F.);
#3558 = FACE_BOUND('',#3559,.F.);
#3559 = EDGE_LOOP('',(#3560,#3561,#3584,#3612));
#3560 = ORIENTED_EDGE('',*,*,#3509,.T.);
#3561 = ORIENTED_EDGE('',*,*,#3562,.T.);
#3562 = EDGE_CURVE('',#3487,#3563,#3565,.T.);
#3563 = VERTEX_POINT('',#3564);
#3564 = CARTESIAN_POINT('',(280.83674613205,82.964358590809,3.75));
#3565 = SURFACE_CURVE('',#3566,(#3570,#3577),.PCURVE_S1.);
#3566 = LINE('',#3567,#3568);
#3567 = CARTESIAN_POINT('',(279.46722969131,78.34288495782,3.75));
#3568 = VECTOR('',#3569,1.);
#3569 = DIRECTION('',(0.284124741713,0.958787323209,0.));
#3570 = PCURVE('',#3525,#3571);
#3571 = DEFINITIONAL_REPRESENTATION('',(#3572),#3576);
#3572 = LINE('',#3573,#3574);
#3573 = CARTESIAN_POINT('',(0.,-7.5));
#3574 = VECTOR('',#3575,1.);
#3575 = DIRECTION('',(1.,0.));
#3576 = ( GEOMETRIC_REPRESENTATION_CONTEXT(2) 
PARAMETRIC_REPRESENTATION_CONTEXT() REPRESENTATION_CONTEXT('2D SPACE',''
  ) );
#3577 = PCURVE('',#72,#3578);
#3578 = DEFINITIONAL_REPRESENTATION('',(#3579),#3583);
#3579 = LINE('',#3580,#3581);
#3580 = CARTESIAN_POINT('',(182.95142731919,43.143462687211));
#3581 = VECTOR('',#3582,1.);
#3582 = DIRECTION('',(0.284124741713,0.958787323209));
#3583 = ( GEOMETRIC_REPRESENTATION_CONTEXT(2) 
PARAMETRIC_REPRESENTATION_CONTEXT() REPRESENTATION_CONTEXT('2D SPACE',''
  ) );
#3584 = ORIENTED_EDGE('',*,*,#3585,.F.);
#3585 = EDGE_CURVE('',#3586,#3563,#3588,.T.);
#3586 = VERTEX_POINT('',#3587);
#3587 = CARTESIAN_POINT('',(280.83674613205,82.964358590809,-3.75));
#3588 = SURFACE_CURVE('',#3589,(#3593,#3600),.PCURVE_S1.);
#3589 = LINE('',#3590,#3591);
#3590 = CARTESIAN_POINT('',(280.83674613205,82.964358590809,-3.75));
#3591 = VECTOR('',#3592,1.);
#3592 = DIRECTION('',(0.,0.,1.));
#3593 = PCURVE('',#3525,#3594);
#3594 = DEFINITIONAL_REPRESENTATION('',(#3595),#3599);
#3595 = LINE('',#3596,#3597);
#3596 = CARTESIAN_POINT('',(4.820123838852,0.));
#3597 = VECTOR('',#3598,1.);
#3598 = DIRECTION('',(0.,-1.));
#3599 = ( GEOMETRIC_REPRESENTATION_CONTEXT(2) 
PARAMETRIC_REPRESENTATION_CONTEXT() REPRESENTATION_CONTEXT('2D SPACE',''
  ) );
#3600 = PCURVE('',#3601,#3606);
#3601 = PLANE('',#3602);
#3602 = AXIS2_PLACEMENT_3D('',#3603,#3604,#3605);
#3603 = CARTESIAN_POINT('',(280.83674613205,82.964358590809,-3.75));
#3604 = DIRECTION('',(-0.989308614418,0.145837119546,0.));
#3605 = DIRECTION('',(0.145837119546,0.989308614418,0.));
#3606 = DEFINITIONAL_REPRESENTATION('',(#3607),#3611);
#3607 = LINE('',#3608,#3609);
#3608 = CARTESIAN_POINT('',(0.,0.));
#3609 = VECTOR('',#3610,1.);
#3610 = DIRECTION('',(0.,-1.));
#3611 = ( GEOMETRIC_REPRESENTATION_CONTEXT(2) 
PARAMETRIC_REPRESENTATION_CONTEXT() REPRESENTATION_CONTEXT('2D SPACE',''
  ) );
#3612 = ORIENTED_EDGE('',*,*,#3613,.F.);
#3613 = EDGE_CURVE('',#3510,#3586,#3614,.T.);
#3614 = SURFACE_CURVE('',#3615,(#3619,#3626),.PCURVE_S1.);
#3615 = LINE('',#3616,#3617);
#3616 = CARTESIAN_POINT('',(279.46722969131,78.34288495782,-3.75));
#3617 = VECTOR('',#3618,1.);
#3618 = DIRECTION('',(0.284124741713,0.958787323209,0.));
#3619 = PCURVE('',#3525,#3620);
#3620 = DEFINITIONAL_REPRESENTATION('',(#3621),#3625);
#3621 = LINE('',#3622,#3623);
#3622 = CARTESIAN_POINT('',(0.,0.));
#3623 = VECTOR('',#3624,1.);
#3624 = DIRECTION('',(1.,0.));
#3625 = ( GEOMETRIC_REPRESENTATION_CONTEXT(2) 
PARAMETRIC_REPRESENTATION_CONTEXT() REPRESENTATION_CONTEXT('2D SPACE',''
  ) );
#3626 = PCURVE('',#126,#3627);
#3627 = DEFINITIONAL_REPRESENTATION('',(#3628),#3632);
#3628 = LINE('',#3629,#3630);
#3629 = CARTESIAN_POINT('',(182.95142731919,43.143462687211));
#3630 = VECTOR('',#3631,1.);
#3631 = DIRECTION('',(0.284124741713,0.958787323209));
#3632 = ( GEOMETRIC_REPRESENTATION_CONTEXT(2) 
PARAMETRIC_REPRESENTATION_CONTEXT() REPRESENTATION_CONTEXT('2D SPACE',''
  ) );
#3633 = ADVANCED_FACE('',(#3634),#3601,.F.);
#3634 = FACE_BOUND('',#3635,.F.);
#3635 = EDGE_LOOP('',(#3636,#3637,#3660,#3688));
#3636 = ORIENTED_EDGE('',*,*,#3585,.T.);
#3637 = ORIENTED_EDGE('',*,*,#3638,.T.);
#3638 = EDGE_CURVE('',#3563,#3639,#3641,.T.);
#3639 = VERTEX_POINT('',#3640);
#3640 = CARTESIAN_POINT('',(281.53969910856,87.73294862715,3.75));
#3641 = SURFACE_CURVE('',#3642,(#3646,#3653),.PCURVE_S1.);
#3642 = LINE('',#3643,#3644);
#3643 = CARTESIAN_POINT('',(280.83674613205,82.964358590809,3.75));
#3644 = VECTOR('',#3645,1.);
#3645 = DIRECTION('',(0.145837119546,0.989308614418,0.));
#3646 = PCURVE('',#3601,#3647);
#3647 = DEFINITIONAL_REPRESENTATION('',(#3648),#3652);
#3648 = LINE('',#3649,#3650);
#3649 = CARTESIAN_POINT('',(0.,-7.5));
#3650 = VECTOR('',#3651,1.);
#3651 = DIRECTION('',(1.,0.));
#3652 = ( GEOMETRIC_REPRESENTATION_CONTEXT(2) 
PARAMETRIC_REPRESENTATION_CONTEXT() REPRESENTATION_CONTEXT('2D SPACE',''
  ) );
#3653 = PCURVE('',#72,#3654);
#3654 = DEFINITIONAL_REPRESENTATION('',(#3655),#3659);
#3655 = LINE('',#3656,#3657);
#3656 = CARTESIAN_POINT('',(184.32094375993,47.7649363202));
#3657 = VECTOR('',#3658,1.);
#3658 = DIRECTION('',(0.145837119546,0.989308614418));
#3659 = ( GEOMETRIC_REPRESENTATION_CONTEXT(2) 
PARAMETRIC_REPRESENTATION_CONTEXT() REPRESENTATION_CONTEXT('2D SPACE',''
  ) );
#3660 = ORIENTED_EDGE('',*,*,#3661,.F.);
#3661 = EDGE_CURVE('',#3662,#3639,#3664,.T.);
#3662 = VERTEX_POINT('',#3663);
#3663 = CARTESIAN_POINT('',(281.53969910856,87.73294862715,-3.75));
#3664 = SURFACE_CURVE('',#3665,(#3669,#3676),.PCURVE_S1.);
#3665 = LINE('',#3666,#3667);
#3666 = CARTESIAN_POINT('',(281.53969910856,87.73294862715,-3.75));
#3667 = VECTOR('',#3668,1.);
#3668 = DIRECTION('',(0.,0.,1.));
#3669 = PCURVE('',#3601,#3670);
#3670 = DEFINITIONAL_REPRESENTATION('',(#3671),#3675);
#3671 = LINE('',#3672,#3673);
#3672 = CARTESIAN_POINT('',(4.820123838852,0.));
#3673 = VECTOR('',#3674,1.);
#3674 = DIRECTION('',(0.,-1.));
#3675 = ( GEOMETRIC_REPRESENTATION_CONTEXT(2) 
PARAMETRIC_REPRESENTATION_CONTEXT() REPRESENTATION_CONTEXT('2D SPACE',''
  ) );
#3676 = PCURVE('',#3677,#3682);
#3677 = PLANE('',#3678);
#3678 = AXIS2_PLACEMENT_3D('',#3679,#3680,#3681);
#3679 = CARTESIAN_POINT('',(281.53969910856,87.73294862715,-3.75));
#3680 = DIRECTION('',(-0.999989305871,4.624731661423E-03,0.));
#3681 = DIRECTION('',(4.624731661423E-03,0.999989305871,0.));
#3682 = DEFINITIONAL_REPRESENTATION('',(#3683),#3687);
#3683 = LINE('',#3684,#3685);
#3684 = CARTESIAN_POINT('',(0.,0.));
#3685 = VECTOR('',#3686,1.);
#3686 = DIRECTION('',(0.,-1.));
#3687 = ( GEOMETRIC_REPRESENTATION_CONTEXT(2) 
PARAMETRIC_REPRESENTATION_CONTEXT() REPRESENTATION_CONTEXT('2D SPACE',''
  ) );
#3688 = ORIENTED_EDGE('',*,*,#3689,.F.);
#3689 = EDGE_CURVE('',#3586,#3662,#3690,.T.);
#3690 = SURFACE_CURVE('',#3691,(#3695,#3702),.PCURVE_S1.);
#3691 = LINE('',#3692,#3693);
#3692 = CARTESIAN_POINT('',(280.83674613205,82.964358590809,-3.75));
#3693 = VECTOR('',#3694,1.);
#3694 = DIRECTION('',(0.145837119546,0.989308614418,0.));
#3695 = PCURVE('',#3601,#3696);
#3696 = DEFINITIONAL_REPRESENTATION('',(#3697),#3701);
#3697 = LINE('',#3698,#3699);
#3698 = CARTESIAN_POINT('',(0.,0.));
#3699 = VECTOR('',#3700,1.);
#3700 = DIRECTION('',(1.,0.));
#3701 = ( GEOMETRIC_REPRESENTATION_CONTEXT(2) 
PARAMETRIC_REPRESENTATION_CONTEXT() REPRESENTATION_CONTEXT('2D SPACE',''
  ) );
#3702 = PCURVE('',#126,#3703);
#3703 = DEFINITIONAL_REPRESENTATION('',(#3704),#3708);
#3704 = LINE('',#3705,#3706);
#3705 = CARTESIAN_POINT('',(184.32094375993,47.7649363202));
#3706 = VECTOR('',#3707,1.);
#3707 = DIRECTION('',(0.145837119546,0.989308614418));
#3708 = ( GEOMETRIC_REPRESENTATION_CONTEXT(2) 
PARAMETRIC_REPRESENTATION_CONTEXT() REPRESENTATION_CONTEXT('2D SPACE',''
  ) );
#3709 = ADVANCED_FACE('',(#3710),#3677,.F.);
#3710 = FACE_BOUND('',#3711,.F.);
#3711 = EDGE_LOOP('',(#3712,#3713,#3736,#3764));
#3712 = ORIENTED_EDGE('',*,*,#3661,.T.);
#3713 = ORIENTED_EDGE('',*,*,#3714,.T.);
#3714 = EDGE_CURVE('',#3639,#3715,#3717,.T.);
#3715 = VERTEX_POINT('',#3716);
#3716 = CARTESIAN_POINT('',(281.56199088789,92.553020918978,3.75));
#3717 = SURFACE_CURVE('',#3718,(#3722,#3729),.PCURVE_S1.);
#3718 = LINE('',#3719,#3720);
#3719 = CARTESIAN_POINT('',(281.53969910856,87.73294862715,3.75));
#3720 = VECTOR('',#3721,1.);
#3721 = DIRECTION('',(4.624731661423E-03,0.999989305871,0.));
#3722 = PCURVE('',#3677,#3723);
#3723 = DEFINITIONAL_REPRESENTATION('',(#3724),#3728);
#3724 = LINE('',#3725,#3726);
#3725 = CARTESIAN_POINT('',(0.,-7.5));
#3726 = VECTOR('',#3727,1.);
#3727 = DIRECTION('',(1.,0.));
#3728 = ( GEOMETRIC_REPRESENTATION_CONTEXT(2) 
PARAMETRIC_REPRESENTATION_CONTEXT() REPRESENTATION_CONTEXT('2D SPACE',''
  ) );
#3729 = PCURVE('',#72,#3730);
#3730 = DEFINITIONAL_REPRESENTATION('',(#3731),#3735);
#3731 = LINE('',#3732,#3733);
#3732 = CARTESIAN_POINT('',(185.02389673644,52.533526356541));
#3733 = VECTOR('',#3734,1.);
#3734 = DIRECTION('',(4.624731661423E-03,0.999989305871));
#3735 = ( GEOMETRIC_REPRESENTATION_CONTEXT(2) 
PARAMETRIC_REPRESENTATION_CONTEXT() REPRESENTATION_CONTEXT('2D SPACE',''
  ) );
#3736 = ORIENTED_EDGE('',*,*,#3737,.F.);
#3737 = EDGE_CURVE('',#3738,#3715,#3740,.T.);
#3738 = VERTEX_POINT('',#3739);
#3739 = CARTESIAN_POINT('',(281.56199088789,92.553020918978,-3.75));
#3740 = SURFACE_CURVE('',#3741,(#3745,#3752),.PCURVE_S1.);
#3741 = LINE('',#3742,#3743);
#3742 = CARTESIAN_POINT('',(281.56199088789,92.553020918978,-3.75));
#3743 = VECTOR('',#3744,1.);
#3744 = DIRECTION('',(0.,0.,1.));
#3745 = PCURVE('',#3677,#3746);
#3746 = DEFINITIONAL_REPRESENTATION('',(#3747),#3751);
#3747 = LINE('',#3748,#3749);
#3748 = CARTESIAN_POINT('',(4.820123838852,0.));
#3749 = VECTOR('',#3750,1.);
#3750 = DIRECTION('',(0.,-1.));
#3751 = ( GEOMETRIC_REPRESENTATION_CONTEXT(2) 
PARAMETRIC_REPRESENTATION_CONTEXT() REPRESENTATION_CONTEXT('2D SPACE',''
  ) );
#3752 = PCURVE('',#3753,#3758);
#3753 = PLANE('',#3754);
#3754 = AXIS2_PLACEMENT_3D('',#3755,#3756,#3757);
#3755 = CARTESIAN_POINT('',(281.56199088789,92.553020918978,-3.75));
#3756 = DIRECTION('',(-0.990615196133,-0.136680405289,0.));
#3757 = DIRECTION('',(-0.136680405289,0.990615196133,0.));
#3758 = DEFINITIONAL_REPRESENTATION('',(#3759),#3763);
#3759 = LINE('',#3760,#3761);
#3760 = CARTESIAN_POINT('',(0.,0.));
#3761 = VECTOR('',#3762,1.);
#3762 = DIRECTION('',(0.,-1.));
#3763 = ( GEOMETRIC_REPRESENTATION_CONTEXT(2) 
PARAMETRIC_REPRESENTATION_CONTEXT() REPRESENTATION_CONTEXT('2D SPACE',''
  ) );
#3764 = ORIENTED_EDGE('',*,*,#3765,.F.);
#3765 = EDGE_CURVE('',#3662,#3738,#3766,.T.);
#3766 = SURFACE_CURVE('',#3767,(#3771,#3778),.PCURVE_S1.);
#3767 = LINE('',#3768,#3769);
#3768 = CARTESIAN_POINT('',(281.53969910856,87.73294862715,-3.75));
#3769 = VECTOR('',#3770,1.);
#3770 = DIRECTION('',(4.624731661423E-03,0.999989305871,0.));
#3771 = PCURVE('',#3677,#3772);
#3772 = DEFINITIONAL_REPRESENTATION('',(#3773),#3777);
#3773 = LINE('',#3774,#3775);
#3774 = CARTESIAN_POINT('',(0.,0.));
#3775 = VECTOR('',#3776,1.);
#3776 = DIRECTION('',(1.,0.));
#3777 = ( GEOMETRIC_REPRESENTATION_CONTEXT(2) 
PARAMETRIC_REPRESENTATION_CONTEXT() REPRESENTATION_CONTEXT('2D SPACE',''
  ) );
#3778 = PCURVE('',#126,#3779);
#3779 = DEFINITIONAL_REPRESENTATION('',(#3780),#3784);
#3780 = LINE('',#3781,#3782);
#3781 = CARTESIAN_POINT('',(185.02389673644,52.533526356541));
#3782 = VECTOR('',#3783,1.);
#3783 = DIRECTION('',(4.624731661423E-03,0.999989305871));
#3784 = ( GEOMETRIC_REPRESENTATION_CONTEXT(2) 
PARAMETRIC_REPRESENTATION_CONTEXT() REPRESENTATION_CONTEXT('2D SPACE',''
  ) );
#3785 = ADVANCED_FACE('',(#3786),#3753,.F.);
#3786 = FACE_BOUND('',#3787,.F.);
#3787 = EDGE_LOOP('',(#3788,#3789,#3812,#3840));
#3788 = ORIENTED_EDGE('',*,*,#3737,.T.);
#3789 = ORIENTED_EDGE('',*,*,#3790,.T.);
#3790 = EDGE_CURVE('',#3715,#3791,#3793,.T.);
#3791 = VERTEX_POINT('',#3792);
#3792 = CARTESIAN_POINT('',(280.90317440806,97.327908840989,3.75));
#3793 = SURFACE_CURVE('',#3794,(#3798,#3805),.PCURVE_S1.);
#3794 = LINE('',#3795,#3796);
#3795 = CARTESIAN_POINT('',(281.56199088789,92.553020918978,3.75));
#3796 = VECTOR('',#3797,1.);
#3797 = DIRECTION('',(-0.136680405289,0.990615196133,0.));
#3798 = PCURVE('',#3753,#3799);
#3799 = DEFINITIONAL_REPRESENTATION('',(#3800),#3804);
#3800 = LINE('',#3801,#3802);
#3801 = CARTESIAN_POINT('',(0.,-7.5));
#3802 = VECTOR('',#3803,1.);
#3803 = DIRECTION('',(1.,0.));
#3804 = ( GEOMETRIC_REPRESENTATION_CONTEXT(2) 
PARAMETRIC_REPRESENTATION_CONTEXT() REPRESENTATION_CONTEXT('2D SPACE',''
  ) );
#3805 = PCURVE('',#72,#3806);
#3806 = DEFINITIONAL_REPRESENTATION('',(#3807),#3811);
#3807 = LINE('',#3808,#3809);
#3808 = CARTESIAN_POINT('',(185.04618851577,57.353598648369));
#3809 = VECTOR('',#3810,1.);
#3810 = DIRECTION('',(-0.136680405289,0.990615196133));
#3811 = ( GEOMETRIC_REPRESENTATION_CONTEXT(2) 
PARAMETRIC_REPRESENTATION_CONTEXT() REPRESENTATION_CONTEXT('2D SPACE',''
  ) );
#3812 = ORIENTED_EDGE('',*,*,#3813,.F.);
#3813 = EDGE_CURVE('',#3814,#3791,#3816,.T.);
#3814 = VERTEX_POINT('',#3815);
#3815 = CARTESIAN_POINT('',(280.90317440806,97.327908840989,-3.75));
#3816 = SURFACE_CURVE('',#3817,(#3821,#3828),.PCURVE_S1.);
#3817 = LINE('',#3818,#3819);
#3818 = CARTESIAN_POINT('',(280.90317440806,97.327908840989,-3.75));
#3819 = VECTOR('',#3820,1.);
#3820 = DIRECTION('',(0.,0.,1.));
#3821 = PCURVE('',#3753,#3822);
#3822 = DEFINITIONAL_REPRESENTATION('',(#3823),#3827);
#3823 = LINE('',#3824,#3825);
#3824 = CARTESIAN_POINT('',(4.820123838852,0.));
#3825 = VECTOR('',#3826,1.);
#3826 = DIRECTION('',(0.,-1.));
#3827 = ( GEOMETRIC_REPRESENTATION_CONTEXT(2) 
PARAMETRIC_REPRESENTATION_CONTEXT() REPRESENTATION_CONTEXT('2D SPACE',''
  ) );
#3828 = PCURVE('',#3829,#3834);
#3829 = PLANE('',#3830);
#3830 = AXIS2_PLACEMENT_3D('',#3831,#3832,#3833);
#3831 = CARTESIAN_POINT('',(280.90317440806,97.327908840989,-3.75));
#3832 = DIRECTION('',(-0.961374283122,-0.27524441457,0.));
#3833 = DIRECTION('',(-0.27524441457,0.961374283122,0.));
#3834 = DEFINITIONAL_REPRESENTATION('',(#3835),#3839);
#3835 = LINE('',#3836,#3837);
#3836 = CARTESIAN_POINT('',(0.,0.));
#3837 = VECTOR('',#3838,1.);
#3838 = DIRECTION('',(0.,-1.));
#3839 = ( GEOMETRIC_REPRESENTATION_CONTEXT(2) 
PARAMETRIC_REPRESENTATION_CONTEXT() REPRESENTATION_CONTEXT('2D SPACE',''
  ) );
#3840 = ORIENTED_EDGE('',*,*,#3841,.F.);
#3841 = EDGE_CURVE('',#3738,#3814,#3842,.T.);
#3842 = SURFACE_CURVE('',#3843,(#3847,#3854),.PCURVE_S1.);
#3843 = LINE('',#3844,#3845);
#3844 = CARTESIAN_POINT('',(281.56199088789,92.553020918978,-3.75));
#3845 = VECTOR('',#3846,1.);
#3846 = DIRECTION('',(-0.136680405289,0.990615196133,0.));
#3847 = PCURVE('',#3753,#3848);
#3848 = DEFINITIONAL_REPRESENTATION('',(#3849),#3853);
#3849 = LINE('',#3850,#3851);
#3850 = CARTESIAN_POINT('',(0.,0.));
#3851 = VECTOR('',#3852,1.);
#3852 = DIRECTION('',(1.,0.));
#3853 = ( GEOMETRIC_REPRESENTATION_CONTEXT(2) 
PARAMETRIC_REPRESENTATION_CONTEXT() REPRESENTATION_CONTEXT('2D SPACE',''
  ) );
#3854 = PCURVE('',#126,#3855);
#3855 = DEFINITIONAL_REPRESENTATION('',(#3856),#3860);
#3856 = LINE('',#3857,#3858);
#3857 = CARTESIAN_POINT('',(185.04618851577,57.353598648369));
#3858 = VECTOR('',#3859,1.);
#3859 = DIRECTION('',(-0.136680405289,0.990615196133));
#3860 = ( GEOMETRIC_REPRESENTATION_CONTEXT(2) 
PARAMETRIC_REPRESENTATION_CONTEXT() REPRESENTATION_CONTEXT('2D SPACE',''
  ) );
#3861 = ADVANCED_FACE('',(#3862),#3829,.F.);
#3862 = FACE_BOUND('',#3863,.F.);
#3863 = EDGE_LOOP('',(#3864,#3865,#3888,#3916));
#3864 = ORIENTED_EDGE('',*,*,#3813,.T.);
#3865 = ORIENTED_EDGE('',*,*,#3866,.T.);
#3866 = EDGE_CURVE('',#3791,#3867,#3869,.T.);
#3867 = VERTEX_POINT('',#3868);
#3868 = CARTESIAN_POINT('',(279.57646224387,101.96185194112,3.75));
#3869 = SURFACE_CURVE('',#3870,(#3874,#3881),.PCURVE_S1.);
#3870 = LINE('',#3871,#3872);
#3871 = CARTESIAN_POINT('',(280.90317440806,97.327908840989,3.75));
#3872 = VECTOR('',#3873,1.);
#3873 = DIRECTION('',(-0.27524441457,0.961374283122,0.));
#3874 = PCURVE('',#3829,#3875);
#3875 = DEFINITIONAL_REPRESENTATION('',(#3876),#3880);
#3876 = LINE('',#3877,#3878);
#3877 = CARTESIAN_POINT('',(0.,-7.5));
#3878 = VECTOR('',#3879,1.);
#3879 = DIRECTION('',(1.,0.));
#3880 = ( GEOMETRIC_REPRESENTATION_CONTEXT(2) 
PARAMETRIC_REPRESENTATION_CONTEXT() REPRESENTATION_CONTEXT('2D SPACE',''
  ) );
#3881 = PCURVE('',#72,#3882);
#3882 = DEFINITIONAL_REPRESENTATION('',(#3883),#3887);
#3883 = LINE('',#3884,#3885);
#3884 = CARTESIAN_POINT('',(184.38737203593,62.12848657038));
#3885 = VECTOR('',#3886,1.);
#3886 = DIRECTION('',(-0.27524441457,0.961374283122));
#3887 = ( GEOMETRIC_REPRESENTATION_CONTEXT(2) 
PARAMETRIC_REPRESENTATION_CONTEXT() REPRESENTATION_CONTEXT('2D SPACE',''
  ) );
#3888 = ORIENTED_EDGE('',*,*,#3889,.F.);
#3889 = EDGE_CURVE('',#3890,#3867,#3892,.T.);
#3890 = VERTEX_POINT('',#3891);
#3891 = CARTESIAN_POINT('',(279.57646224387,101.96185194112,-3.75));
#3892 = SURFACE_CURVE('',#3893,(#3897,#3904),.PCURVE_S1.);
#3893 = LINE('',#3894,#3895);
#3894 = CARTESIAN_POINT('',(279.57646224387,101.96185194112,-3.75));
#3895 = VECTOR('',#3896,1.);
#3896 = DIRECTION('',(0.,0.,1.));
#3897 = PCURVE('',#3829,#3898);
#3898 = DEFINITIONAL_REPRESENTATION('',(#3899),#3903);
#3899 = LINE('',#3900,#3901);
#3900 = CARTESIAN_POINT('',(4.820123838852,0.));
#3901 = VECTOR('',#3902,1.);
#3902 = DIRECTION('',(0.,-1.));
#3903 = ( GEOMETRIC_REPRESENTATION_CONTEXT(2) 
PARAMETRIC_REPRESENTATION_CONTEXT() REPRESENTATION_CONTEXT('2D SPACE',''
  ) );
#3904 = PCURVE('',#3905,#3910);
#3905 = PLANE('',#3906);
#3906 = AXIS2_PLACEMENT_3D('',#3907,#3908,#3909);
#3907 = CARTESIAN_POINT('',(279.57646224387,101.96185194112,-3.75));
#3908 = DIRECTION('',(-0.912852993805,-0.408288392807,0.));
#3909 = DIRECTION('',(-0.408288392807,0.912852993805,0.));
#3910 = DEFINITIONAL_REPRESENTATION('',(#3911),#3915);
#3911 = LINE('',#3912,#3913);
#3912 = CARTESIAN_POINT('',(0.,0.));
#3913 = VECTOR('',#3914,1.);
#3914 = DIRECTION('',(0.,-1.));
#3915 = ( GEOMETRIC_REPRESENTATION_CONTEXT(2) 
PARAMETRIC_REPRESENTATION_CONTEXT() REPRESENTATION_CONTEXT('2D SPACE',''
  ) );
#3916 = ORIENTED_EDGE('',*,*,#3917,.F.);
#3917 = EDGE_CURVE('',#3814,#3890,#3918,.T.);
#3918 = SURFACE_CURVE('',#3919,(#3923,#3930),.PCURVE_S1.);
#3919 = LINE('',#3920,#3921);
#3920 = CARTESIAN_POINT('',(280.90317440806,97.327908840989,-3.75));
#3921 = VECTOR('',#3922,1.);
#3922 = DIRECTION('',(-0.27524441457,0.961374283122,0.));
#3923 = PCURVE('',#3829,#3924);
#3924 = DEFINITIONAL_REPRESENTATION('',(#3925),#3929);
#3925 = LINE('',#3926,#3927);
#3926 = CARTESIAN_POINT('',(0.,0.));
#3927 = VECTOR('',#3928,1.);
#3928 = DIRECTION('',(1.,0.));
#3929 = ( GEOMETRIC_REPRESENTATION_CONTEXT(2) 
PARAMETRIC_REPRESENTATION_CONTEXT() REPRESENTATION_CONTEXT('2D SPACE',''
  ) );
#3930 = PCURVE('',#126,#3931);
#3931 = DEFINITIONAL_REPRESENTATION('',(#3932),#3936);
#3932 = LINE('',#3933,#3934);
#3933 = CARTESIAN_POINT('',(184.38737203593,62.12848657038));
#3934 = VECTOR('',#3935,1.);
#3935 = DIRECTION('',(-0.27524441457,0.961374283122));
#3936 = ( GEOMETRIC_REPRESENTATION_CONTEXT(2) 
PARAMETRIC_REPRESENTATION_CONTEXT() REPRESENTATION_CONTEXT('2D SPACE',''
  ) );
#3937 = ADVANCED_FACE('',(#3938),#3905,.F.);
#3938 = FACE_BOUND('',#3939,.F.);
#3939 = EDGE_LOOP('',(#3940,#3941,#3964,#3992));
#3940 = ORIENTED_EDGE('',*,*,#3889,.T.);
#3941 = ORIENTED_EDGE('',*,*,#3942,.T.);
#3942 = EDGE_CURVE('',#3867,#3943,#3945,.T.);
#3943 = VERTEX_POINT('',#3944);
#3944 = CARTESIAN_POINT('',(277.60846162858,106.36191641793,3.75));
#3945 = SURFACE_CURVE('',#3946,(#3950,#3957),.PCURVE_S1.);
#3946 = LINE('',#3947,#3948);
#3947 = CARTESIAN_POINT('',(279.57646224387,101.96185194112,3.75));
#3948 = VECTOR('',#3949,1.);
#3949 = DIRECTION('',(-0.408288392807,0.912852993805,0.));
#3950 = PCURVE('',#3905,#3951);
#3951 = DEFINITIONAL_REPRESENTATION('',(#3952),#3956);
#3952 = LINE('',#3953,#3954);
#3953 = CARTESIAN_POINT('',(0.,-7.5));
#3954 = VECTOR('',#3955,1.);
#3955 = DIRECTION('',(1.,0.));
#3956 = ( GEOMETRIC_REPRESENTATION_CONTEXT(2) 
PARAMETRIC_REPRESENTATION_CONTEXT() REPRESENTATION_CONTEXT('2D SPACE',''
  ) );
#3957 = PCURVE('',#72,#3958);
#3958 = DEFINITIONAL_REPRESENTATION('',(#3959),#3963);
#3959 = LINE('',#3960,#3961);
#3960 = CARTESIAN_POINT('',(183.06065987175,66.762429670515));
#3961 = VECTOR('',#3962,1.);
#3962 = DIRECTION('',(-0.408288392807,0.912852993805));
#3963 = ( GEOMETRIC_REPRESENTATION_CONTEXT(2) 
PARAMETRIC_REPRESENTATION_CONTEXT() REPRESENTATION_CONTEXT('2D SPACE',''
  ) );
#3964 = ORIENTED_EDGE('',*,*,#3965,.F.);
#3965 = EDGE_CURVE('',#3966,#3943,#3968,.T.);
#3966 = VERTEX_POINT('',#3967);
#3967 = CARTESIAN_POINT('',(277.60846162858,106.36191641793,-3.75));
#3968 = SURFACE_CURVE('',#3969,(#3973,#3980),.PCURVE_S1.);
#3969 = LINE('',#3970,#3971);
#3970 = CARTESIAN_POINT('',(277.60846162858,106.36191641793,-3.75));
#3971 = VECTOR('',#3972,1.);
#3972 = DIRECTION('',(0.,0.,1.));
#3973 = PCURVE('',#3905,#3974);
#3974 = DEFINITIONAL_REPRESENTATION('',(#3975),#3979);
#3975 = LINE('',#3976,#3977);
#3976 = CARTESIAN_POINT('',(4.820123838852,0.));
#3977 = VECTOR('',#3978,1.);
#3978 = DIRECTION('',(0.,-1.));
#3979 = ( GEOMETRIC_REPRESENTATION_CONTEXT(2) 
PARAMETRIC_REPRESENTATION_CONTEXT() REPRESENTATION_CONTEXT('2D SPACE',''
  ) );
#3980 = PCURVE('',#3981,#3986);
#3981 = PLANE('',#3982);
#3982 = AXIS2_PLACEMENT_3D('',#3983,#3984,#3985);
#3983 = CARTESIAN_POINT('',(277.60846162858,106.36191641793,-3.75));
#3984 = DIRECTION('',(-0.846024423401,-0.533144140931,0.));
#3985 = DIRECTION('',(-0.533144140931,0.846024423401,0.));
#3986 = DEFINITIONAL_REPRESENTATION('',(#3987),#3991);
#3987 = LINE('',#3988,#3989);
#3988 = CARTESIAN_POINT('',(0.,0.));
#3989 = VECTOR('',#3990,1.);
#3990 = DIRECTION('',(0.,-1.));
#3991 = ( GEOMETRIC_REPRESENTATION_CONTEXT(2) 
PARAMETRIC_REPRESENTATION_CONTEXT() REPRESENTATION_CONTEXT('2D SPACE',''
  ) );
#3992 = ORIENTED_EDGE('',*,*,#3993,.F.);
#3993 = EDGE_CURVE('',#3890,#3966,#3994,.T.);
#3994 = SURFACE_CURVE('',#3995,(#3999,#4006),.PCURVE_S1.);
#3995 = LINE('',#3996,#3997);
#3996 = CARTESIAN_POINT('',(279.57646224387,101.96185194112,-3.75));
#3997 = VECTOR('',#3998,1.);
#3998 = DIRECTION('',(-0.408288392807,0.912852993805,0.));
#3999 = PCURVE('',#3905,#4000);
#4000 = DEFINITIONAL_REPRESENTATION('',(#4001),#4005);
#4001 = LINE('',#4002,#4003);
#4002 = CARTESIAN_POINT('',(0.,0.));
#4003 = VECTOR('',#4004,1.);
#4004 = DIRECTION('',(1.,0.));
#4005 = ( GEOMETRIC_REPRESENTATION_CONTEXT(2) 
PARAMETRIC_REPRESENTATION_CONTEXT() REPRESENTATION_CONTEXT('2D SPACE',''
  ) );
#4006 = PCURVE('',#126,#4007);
#4007 = DEFINITIONAL_REPRESENTATION('',(#4008),#4012);
#4008 = LINE('',#4009,#4010);
#4009 = CARTESIAN_POINT('',(183.06065987175,66.762429670515));
#4010 = VECTOR('',#4011,1.);
#4011 = DIRECTION('',(-0.408288392807,0.912852993805));
#4012 = ( GEOMETRIC_REPRESENTATION_CONTEXT(2) 
PARAMETRIC_REPRESENTATION_CONTEXT() REPRESENTATION_CONTEXT('2D SPACE',''
  ) );
#4013 = ADVANCED_FACE('',(#4014),#3981,.F.);
#4014 = FACE_BOUND('',#4015,.F.);
#4015 = EDGE_LOOP('',(#4016,#4017,#4040,#4068));
#4016 = ORIENTED_EDGE('',*,*,#3965,.T.);
#4017 = ORIENTED_EDGE('',*,*,#4018,.T.);
#4018 = EDGE_CURVE('',#3943,#4019,#4021,.T.);
#4019 = VERTEX_POINT('',#4020);
#4020 = CARTESIAN_POINT('',(275.03864084534,110.43985890942,3.75));
#4021 = SURFACE_CURVE('',#4022,(#4026,#4033),.PCURVE_S1.);
#4022 = LINE('',#4023,#4024);
#4023 = CARTESIAN_POINT('',(277.60846162858,106.36191641793,3.75));
#4024 = VECTOR('',#4025,1.);
#4025 = DIRECTION('',(-0.533144140931,0.846024423401,0.));
#4026 = PCURVE('',#3981,#4027);
#4027 = DEFINITIONAL_REPRESENTATION('',(#4028),#4032);
#4028 = LINE('',#4029,#4030);
#4029 = CARTESIAN_POINT('',(0.,-7.5));
#4030 = VECTOR('',#4031,1.);
#4031 = DIRECTION('',(1.,0.));
#4032 = ( GEOMETRIC_REPRESENTATION_CONTEXT(2) 
PARAMETRIC_REPRESENTATION_CONTEXT() REPRESENTATION_CONTEXT('2D SPACE',''
  ) );
#4033 = PCURVE('',#72,#4034);
#4034 = DEFINITIONAL_REPRESENTATION('',(#4035),#4039);
#4035 = LINE('',#4036,#4037);
#4036 = CARTESIAN_POINT('',(181.09265925646,71.162494147324));
#4037 = VECTOR('',#4038,1.);
#4038 = DIRECTION('',(-0.533144140931,0.846024423401));
#4039 = ( GEOMETRIC_REPRESENTATION_CONTEXT(2) 
PARAMETRIC_REPRESENTATION_CONTEXT() REPRESENTATION_CONTEXT('2D SPACE',''
  ) );
#4040 = ORIENTED_EDGE('',*,*,#4041,.F.);
#4041 = EDGE_CURVE('',#4042,#4019,#4044,.T.);
#4042 = VERTEX_POINT('',#4043);
#4043 = CARTESIAN_POINT('',(275.03864084534,110.43985890942,-3.75));
#4044 = SURFACE_CURVE('',#4045,(#4049,#4056),.PCURVE_S1.);
#4045 = LINE('',#4046,#4047);
#4046 = CARTESIAN_POINT('',(275.03864084534,110.43985890942,-3.75));
#4047 = VECTOR('',#4048,1.);
#4048 = DIRECTION('',(0.,0.,1.));
#4049 = PCURVE('',#3981,#4050);
#4050 = DEFINITIONAL_REPRESENTATION('',(#4051),#4055);
#4051 = LINE('',#4052,#4053);
#4052 = CARTESIAN_POINT('',(4.820123838852,0.));
#4053 = VECTOR('',#4054,1.);
#4054 = DIRECTION('',(0.,-1.));
#4055 = ( GEOMETRIC_REPRESENTATION_CONTEXT(2) 
PARAMETRIC_REPRESENTATION_CONTEXT() REPRESENTATION_CONTEXT('2D SPACE',''
  ) );
#4056 = PCURVE('',#4057,#4062);
#4057 = PLANE('',#4058);
#4058 = AXIS2_PLACEMENT_3D('',#4059,#4060,#4061);
#4059 = CARTESIAN_POINT('',(275.03864084534,110.43985890942,-3.75));
#4060 = DIRECTION('',(-0.762228819935,-0.647307674958,0.));
#4061 = DIRECTION('',(-0.647307674958,0.762228819935,0.));
#4062 = DEFINITIONAL_REPRESENTATION('',(#4063),#4067);
#4063 = LINE('',#4064,#4065);
#4064 = CARTESIAN_POINT('',(0.,0.));
#4065 = VECTOR('',#4066,1.);
#4066 = DIRECTION('',(0.,-1.));
#4067 = ( GEOMETRIC_REPRESENTATION_CONTEXT(2) 
PARAMETRIC_REPRESENTATION_CONTEXT() REPRESENTATION_CONTEXT('2D SPACE',''
  ) );
#4068 = ORIENTED_EDGE('',*,*,#4069,.F.);
#4069 = EDGE_CURVE('',#3966,#4042,#4070,.T.);
#4070 = SURFACE_CURVE('',#4071,(#4075,#4082),.PCURVE_S1.);
#4071 = LINE('',#4072,#4073);
#4072 = CARTESIAN_POINT('',(277.60846162858,106.36191641793,-3.75));
#4073 = VECTOR('',#4074,1.);
#4074 = DIRECTION('',(-0.533144140931,0.846024423401,0.));
#4075 = PCURVE('',#3981,#4076);
#4076 = DEFINITIONAL_REPRESENTATION('',(#4077),#4081);
#4077 = LINE('',#4078,#4079);
#4078 = CARTESIAN_POINT('',(0.,0.));
#4079 = VECTOR('',#4080,1.);
#4080 = DIRECTION('',(1.,0.));
#4081 = ( GEOMETRIC_REPRESENTATION_CONTEXT(2) 
PARAMETRIC_REPRESENTATION_CONTEXT() REPRESENTATION_CONTEXT('2D SPACE',''
  ) );
#4082 = PCURVE('',#126,#4083);
#4083 = DEFINITIONAL_REPRESENTATION('',(#4084),#4088);
#4084 = LINE('',#4085,#4086);
#4085 = CARTESIAN_POINT('',(181.09265925646,71.162494147324));
#4086 = VECTOR('',#4087,1.);
#4087 = DIRECTION('',(-0.533144140931,0.846024423401));
#4088 = ( GEOMETRIC_REPRESENTATION_CONTEXT(2) 
PARAMETRIC_REPRESENTATION_CONTEXT() REPRESENTATION_CONTEXT('2D SPACE',''
  ) );
#4089 = ADVANCED_FACE('',(#4090),#4057,.F.);
#4090 = FACE_BOUND('',#4091,.F.);
#4091 = EDGE_LOOP('',(#4092,#4093,#4116,#4144));
#4092 = ORIENTED_EDGE('',*,*,#4041,.T.);
#4093 = ORIENTED_EDGE('',*,*,#4094,.T.);
#4094 = EDGE_CURVE('',#4019,#4095,#4097,.T.);
#4095 = VERTEX_POINT('',#4096);
#4096 = CARTESIAN_POINT('',(271.9185376902,114.11389621505,3.75));
#4097 = SURFACE_CURVE('',#4098,(#4102,#4109),.PCURVE_S1.);
#4098 = LINE('',#4099,#4100);
#4099 = CARTESIAN_POINT('',(275.03864084534,110.43985890942,3.75));
#4100 = VECTOR('',#4101,1.);
#4101 = DIRECTION('',(-0.647307674958,0.762228819935,0.));
#4102 = PCURVE('',#4057,#4103);
#4103 = DEFINITIONAL_REPRESENTATION('',(#4104),#4108);
#4104 = LINE('',#4105,#4106);
#4105 = CARTESIAN_POINT('',(0.,-7.5));
#4106 = VECTOR('',#4107,1.);
#4107 = DIRECTION('',(1.,0.));
#4108 = ( GEOMETRIC_REPRESENTATION_CONTEXT(2) 
PARAMETRIC_REPRESENTATION_CONTEXT() REPRESENTATION_CONTEXT('2D SPACE',''
  ) );
#4109 = PCURVE('',#72,#4110);
#4110 = DEFINITIONAL_REPRESENTATION('',(#4111),#4115);
#4111 = LINE('',#4112,#4113);
#4112 = CARTESIAN_POINT('',(178.52283847321,75.240436638811));
#4113 = VECTOR('',#4114,1.);
#4114 = DIRECTION('',(-0.647307674958,0.762228819935));
#4115 = ( GEOMETRIC_REPRESENTATION_CONTEXT(2) 
PARAMETRIC_REPRESENTATION_CONTEXT() REPRESENTATION_CONTEXT('2D SPACE',''
  ) );
#4116 = ORIENTED_EDGE('',*,*,#4117,.F.);
#4117 = EDGE_CURVE('',#4118,#4095,#4120,.T.);
#4118 = VERTEX_POINT('',#4119);
#4119 = CARTESIAN_POINT('',(271.9185376902,114.11389621505,-3.75));
#4120 = SURFACE_CURVE('',#4121,(#4125,#4132),.PCURVE_S1.);
#4121 = LINE('',#4122,#4123);
#4122 = CARTESIAN_POINT('',(271.9185376902,114.11389621505,-3.75));
#4123 = VECTOR('',#4124,1.);
#4124 = DIRECTION('',(0.,0.,1.));
#4125 = PCURVE('',#4057,#4126);
#4126 = DEFINITIONAL_REPRESENTATION('',(#4127),#4131);
#4127 = LINE('',#4128,#4129);
#4128 = CARTESIAN_POINT('',(4.820123838852,0.));
#4129 = VECTOR('',#4130,1.);
#4130 = DIRECTION('',(0.,-1.));
#4131 = ( GEOMETRIC_REPRESENTATION_CONTEXT(2) 
PARAMETRIC_REPRESENTATION_CONTEXT() REPRESENTATION_CONTEXT('2D SPACE',''
  ) );
#4132 = PCURVE('',#4133,#4138);
#4133 = PLANE('',#4134);
#4134 = AXIS2_PLACEMENT_3D('',#4135,#4136,#4137);
#4135 = CARTESIAN_POINT('',(271.9185376902,114.11389621505,-3.75));
#4136 = DIRECTION('',(-0.663146705548,-0.748489443427,0.));
#4137 = DIRECTION('',(-0.748489443427,0.663146705548,0.));
#4138 = DEFINITIONAL_REPRESENTATION('',(#4139),#4143);
#4139 = LINE('',#4140,#4141);
#4140 = CARTESIAN_POINT('',(0.,0.));
#4141 = VECTOR('',#4142,1.);
#4142 = DIRECTION('',(0.,-1.));
#4143 = ( GEOMETRIC_REPRESENTATION_CONTEXT(2) 
PARAMETRIC_REPRESENTATION_CONTEXT() REPRESENTATION_CONTEXT('2D SPACE',''
  ) );
#4144 = ORIENTED_EDGE('',*,*,#4145,.F.);
#4145 = EDGE_CURVE('',#4042,#4118,#4146,.T.);
#4146 = SURFACE_CURVE('',#4147,(#4151,#4158),.PCURVE_S1.);
#4147 = LINE('',#4148,#4149);
#4148 = CARTESIAN_POINT('',(275.03864084534,110.43985890942,-3.75));
#4149 = VECTOR('',#4150,1.);
#4150 = DIRECTION('',(-0.647307674958,0.762228819935,0.));
#4151 = PCURVE('',#4057,#4152);
#4152 = DEFINITIONAL_REPRESENTATION('',(#4153),#4157);
#4153 = LINE('',#4154,#4155);
#4154 = CARTESIAN_POINT('',(0.,0.));
#4155 = VECTOR('',#4156,1.);
#4156 = DIRECTION('',(1.,0.));
#4157 = ( GEOMETRIC_REPRESENTATION_CONTEXT(2) 
PARAMETRIC_REPRESENTATION_CONTEXT() REPRESENTATION_CONTEXT('2D SPACE',''
  ) );
#4158 = PCURVE('',#126,#4159);
#4159 = DEFINITIONAL_REPRESENTATION('',(#4160),#4164);
#4160 = LINE('',#4161,#4162);
#4161 = CARTESIAN_POINT('',(178.52283847321,75.240436638811));
#4162 = VECTOR('',#4163,1.);
#4163 = DIRECTION('',(-0.647307674958,0.762228819935));
#4164 = ( GEOMETRIC_REPRESENTATION_CONTEXT(2) 
PARAMETRIC_REPRESENTATION_CONTEXT() REPRESENTATION_CONTEXT('2D SPACE',''
  ) );
#4165 = ADVANCED_FACE('',(#4166),#4133,.F.);
#4166 = FACE_BOUND('',#4167,.F.);
#4167 = EDGE_LOOP('',(#4168,#4169,#4192,#4220));
#4168 = ORIENTED_EDGE('',*,*,#4117,.T.);
#4169 = ORIENTED_EDGE('',*,*,#4170,.T.);
#4170 = EDGE_CURVE('',#4095,#4171,#4173,.T.);
#4171 = VERTEX_POINT('',#4172);
#4172 = CARTESIAN_POINT('',(268.31072588081,117.31034545911,3.75));
#4173 = SURFACE_CURVE('',#4174,(#4178,#4185),.PCURVE_S1.);
#4174 = LINE('',#4175,#4176);
#4175 = CARTESIAN_POINT('',(271.9185376902,114.11389621505,3.75));
#4176 = VECTOR('',#4177,1.);
#4177 = DIRECTION('',(-0.748489443427,0.663146705548,0.));
#4178 = PCURVE('',#4133,#4179);
#4179 = DEFINITIONAL_REPRESENTATION('',(#4180),#4184);
#4180 = LINE('',#4181,#4182);
#4181 = CARTESIAN_POINT('',(0.,-7.5));
#4182 = VECTOR('',#4183,1.);
#4183 = DIRECTION('',(1.,0.));
#4184 = ( GEOMETRIC_REPRESENTATION_CONTEXT(2) 
PARAMETRIC_REPRESENTATION_CONTEXT() REPRESENTATION_CONTEXT('2D SPACE',''
  ) );
#4185 = PCURVE('',#72,#4186);
#4186 = DEFINITIONAL_REPRESENTATION('',(#4187),#4191);
#4187 = LINE('',#4188,#4189);
#4188 = CARTESIAN_POINT('',(175.40273531807,78.914473944441));
#4189 = VECTOR('',#4190,1.);
#4190 = DIRECTION('',(-0.748489443427,0.663146705548));
#4191 = ( GEOMETRIC_REPRESENTATION_CONTEXT(2) 
PARAMETRIC_REPRESENTATION_CONTEXT() REPRESENTATION_CONTEXT('2D SPACE',''
  ) );
#4192 = ORIENTED_EDGE('',*,*,#4193,.F.);
#4193 = EDGE_CURVE('',#4194,#4171,#4196,.T.);
#4194 = VERTEX_POINT('',#4195);
#4195 = CARTESIAN_POINT('',(268.31072588081,117.31034545911,-3.75));
#4196 = SURFACE_CURVE('',#4197,(#4201,#4208),.PCURVE_S1.);
#4197 = LINE('',#4198,#4199);
#4198 = CARTESIAN_POINT('',(268.31072588081,117.31034545911,-3.75));
#4199 = VECTOR('',#4200,1.);
#4200 = DIRECTION('',(0.,0.,1.));
#4201 = PCURVE('',#4133,#4202);
#4202 = DEFINITIONAL_REPRESENTATION('',(#4203),#4207);
#4203 = LINE('',#4204,#4205);
#4204 = CARTESIAN_POINT('',(4.820123838852,0.));
#4205 = VECTOR('',#4206,1.);
#4206 = DIRECTION('',(0.,-1.));
#4207 = ( GEOMETRIC_REPRESENTATION_CONTEXT(2) 
PARAMETRIC_REPRESENTATION_CONTEXT() REPRESENTATION_CONTEXT('2D SPACE',''
  ) );
#4208 = PCURVE('',#4209,#4214);
#4209 = PLANE('',#4210);
#4210 = AXIS2_PLACEMENT_3D('',#4211,#4212,#4213);
#4211 = CARTESIAN_POINT('',(268.31072588081,117.31034545911,-3.75));
#4212 = DIRECTION('',(-0.550765173594,-0.834660244384,0.));
#4213 = DIRECTION('',(-0.834660244384,0.550765173594,0.));
#4214 = DEFINITIONAL_REPRESENTATION('',(#4215),#4219);
#4215 = LINE('',#4216,#4217);
#4216 = CARTESIAN_POINT('',(0.,0.));
#4217 = VECTOR('',#4218,1.);
#4218 = DIRECTION('',(0.,-1.));
#4219 = ( GEOMETRIC_REPRESENTATION_CONTEXT(2) 
PARAMETRIC_REPRESENTATION_CONTEXT() REPRESENTATION_CONTEXT('2D SPACE',''
  ) );
#4220 = ORIENTED_EDGE('',*,*,#4221,.F.);
#4221 = EDGE_CURVE('',#4118,#4194,#4222,.T.);
#4222 = SURFACE_CURVE('',#4223,(#4227,#4234),.PCURVE_S1.);
#4223 = LINE('',#4224,#4225);
#4224 = CARTESIAN_POINT('',(271.9185376902,114.11389621505,-3.75));
#4225 = VECTOR('',#4226,1.);
#4226 = DIRECTION('',(-0.748489443427,0.663146705548,0.));
#4227 = PCURVE('',#4133,#4228);
#4228 = DEFINITIONAL_REPRESENTATION('',(#4229),#4233);
#4229 = LINE('',#4230,#4231);
#4230 = CARTESIAN_POINT('',(0.,0.));
#4231 = VECTOR('',#4232,1.);
#4232 = DIRECTION('',(1.,0.));
#4233 = ( GEOMETRIC_REPRESENTATION_CONTEXT(2) 
PARAMETRIC_REPRESENTATION_CONTEXT() REPRESENTATION_CONTEXT('2D SPACE',''
  ) );
#4234 = PCURVE('',#126,#4235);
#4235 = DEFINITIONAL_REPRESENTATION('',(#4236),#4240);
#4236 = LINE('',#4237,#4238);
#4237 = CARTESIAN_POINT('',(175.40273531807,78.914473944441));
#4238 = VECTOR('',#4239,1.);
#4239 = DIRECTION('',(-0.748489443427,0.663146705548));
#4240 = ( GEOMETRIC_REPRESENTATION_CONTEXT(2) 
PARAMETRIC_REPRESENTATION_CONTEXT() REPRESENTATION_CONTEXT('2D SPACE',''
  ) );
#4241 = ADVANCED_FACE('',(#4242),#4209,.F.);
#4242 = FACE_BOUND('',#4243,.F.);
#4243 = EDGE_LOOP('',(#4244,#4245,#4268,#4296));
#4244 = ORIENTED_EDGE('',*,*,#4193,.T.);
#4245 = ORIENTED_EDGE('',*,*,#4246,.T.);
#4246 = EDGE_CURVE('',#4171,#4247,#4249,.T.);
#4247 = VERTEX_POINT('',#4248);
#4248 = CARTESIAN_POINT('',(264.28756013951,119.96510180196,3.75));
#4249 = SURFACE_CURVE('',#4250,(#4254,#4261),.PCURVE_S1.);
#4250 = LINE('',#4251,#4252);
#4251 = CARTESIAN_POINT('',(268.31072588081,117.31034545911,3.75));
#4252 = VECTOR('',#4253,1.);
#4253 = DIRECTION('',(-0.834660244384,0.550765173594,0.));
#4254 = PCURVE('',#4209,#4255);
#4255 = DEFINITIONAL_REPRESENTATION('',(#4256),#4260);
#4256 = LINE('',#4257,#4258);
#4257 = CARTESIAN_POINT('',(0.,-7.5));
#4258 = VECTOR('',#4259,1.);
#4259 = DIRECTION('',(1.,0.));
#4260 = ( GEOMETRIC_REPRESENTATION_CONTEXT(2) 
PARAMETRIC_REPRESENTATION_CONTEXT() REPRESENTATION_CONTEXT('2D SPACE',''
  ) );
#4261 = PCURVE('',#72,#4262);
#4262 = DEFINITIONAL_REPRESENTATION('',(#4263),#4267);
#4263 = LINE('',#4264,#4265);
#4264 = CARTESIAN_POINT('',(171.79492350868,82.110923188508));
#4265 = VECTOR('',#4266,1.);
#4266 = DIRECTION('',(-0.834660244384,0.550765173594));
#4267 = ( GEOMETRIC_REPRESENTATION_CONTEXT(2) 
PARAMETRIC_REPRESENTATION_CONTEXT() REPRESENTATION_CONTEXT('2D SPACE',''
  ) );
#4268 = ORIENTED_EDGE('',*,*,#4269,.F.);
#4269 = EDGE_CURVE('',#4270,#4247,#4272,.T.);
#4270 = VERTEX_POINT('',#4271);
#4271 = CARTESIAN_POINT('',(264.28756013951,119.96510180196,-3.75));
#4272 = SURFACE_CURVE('',#4273,(#4277,#4284),.PCURVE_S1.);
#4273 = LINE('',#4274,#4275);
#4274 = CARTESIAN_POINT('',(264.28756013951,119.96510180196,-3.75));
#4275 = VECTOR('',#4276,1.);
#4276 = DIRECTION('',(0.,0.,1.));
#4277 = PCURVE('',#4209,#4278);
#4278 = DEFINITIONAL_REPRESENTATION('',(#4279),#4283);
#4279 = LINE('',#4280,#4281);
#4280 = CARTESIAN_POINT('',(4.820123838852,0.));
#4281 = VECTOR('',#4282,1.);
#4282 = DIRECTION('',(0.,-1.));
#4283 = ( GEOMETRIC_REPRESENTATION_CONTEXT(2) 
PARAMETRIC_REPRESENTATION_CONTEXT() REPRESENTATION_CONTEXT('2D SPACE',''
  ) );
#4284 = PCURVE('',#4285,#4290);
#4285 = PLANE('',#4286);
#4286 = AXIS2_PLACEMENT_3D('',#4287,#4288,#4289);
#4287 = CARTESIAN_POINT('',(264.28756013951,119.96510180196,-3.75));
#4288 = DIRECTION('',(-0.427338037458,-0.904091921069,0.));
#4289 = DIRECTION('',(-0.904091921069,0.427338037458,0.));
#4290 = DEFINITIONAL_REPRESENTATION('',(#4291),#4295);
#4291 = LINE('',#4292,#4293);
#4292 = CARTESIAN_POINT('',(0.,0.));
#4293 = VECTOR('',#4294,1.);
#4294 = DIRECTION('',(0.,-1.));
#4295 = ( GEOMETRIC_REPRESENTATION_CONTEXT(2) 
PARAMETRIC_REPRESENTATION_CONTEXT() REPRESENTATION_CONTEXT('2D SPACE',''
  ) );
#4296 = ORIENTED_EDGE('',*,*,#4297,.F.);
#4297 = EDGE_CURVE('',#4194,#4270,#4298,.T.);
#4298 = SURFACE_CURVE('',#4299,(#4303,#4310),.PCURVE_S1.);
#4299 = LINE('',#4300,#4301);
#4300 = CARTESIAN_POINT('',(268.31072588081,117.31034545911,-3.75));
#4301 = VECTOR('',#4302,1.);
#4302 = DIRECTION('',(-0.834660244384,0.550765173594,0.));
#4303 = PCURVE('',#4209,#4304);
#4304 = DEFINITIONAL_REPRESENTATION('',(#4305),#4309);
#4305 = LINE('',#4306,#4307);
#4306 = CARTESIAN_POINT('',(0.,0.));
#4307 = VECTOR('',#4308,1.);
#4308 = DIRECTION('',(1.,0.));
#4309 = ( GEOMETRIC_REPRESENTATION_CONTEXT(2) 
PARAMETRIC_REPRESENTATION_CONTEXT() REPRESENTATION_CONTEXT('2D SPACE',''
  ) );
#4310 = PCURVE('',#126,#4311);
#4311 = DEFINITIONAL_REPRESENTATION('',(#4312),#4316);
#4312 = LINE('',#4313,#4314);
#4313 = CARTESIAN_POINT('',(171.79492350868,82.110923188508));
#4314 = VECTOR('',#4315,1.);
#4315 = DIRECTION('',(-0.834660244384,0.550765173594));
#4316 = ( GEOMETRIC_REPRESENTATION_CONTEXT(2) 
PARAMETRIC_REPRESENTATION_CONTEXT() REPRESENTATION_CONTEXT('2D SPACE',''
  ) );
#4317 = ADVANCED_FACE('',(#4318),#4285,.F.);
#4318 = FACE_BOUND('',#4319,.F.);
#4319 = EDGE_LOOP('',(#4320,#4321,#4344,#4372));
#4320 = ORIENTED_EDGE('',*,*,#4269,.T.);
#4321 = ORIENTED_EDGE('',*,*,#4322,.T.);
#4322 = EDGE_CURVE('',#4247,#4323,#4325,.T.);
#4323 = VERTEX_POINT('',#4324);
#4324 = CARTESIAN_POINT('',(259.92972511825,122.02492406356,3.75));
#4325 = SURFACE_CURVE('',#4326,(#4330,#4337),.PCURVE_S1.);
#4326 = LINE('',#4327,#4328);
#4327 = CARTESIAN_POINT('',(264.28756013951,119.96510180196,3.75));
#4328 = VECTOR('',#4329,1.);
#4329 = DIRECTION('',(-0.904091921069,0.427338037458,0.));
#4330 = PCURVE('',#4285,#4331);
#4331 = DEFINITIONAL_REPRESENTATION('',(#4332),#4336);
#4332 = LINE('',#4333,#4334);
#4333 = CARTESIAN_POINT('',(0.,-7.5));
#4334 = VECTOR('',#4335,1.);
#4335 = DIRECTION('',(1.,0.));
#4336 = ( GEOMETRIC_REPRESENTATION_CONTEXT(2) 
PARAMETRIC_REPRESENTATION_CONTEXT() REPRESENTATION_CONTEXT('2D SPACE',''
  ) );
#4337 = PCURVE('',#72,#4338);
#4338 = DEFINITIONAL_REPRESENTATION('',(#4339),#4343);
#4339 = LINE('',#4340,#4341);
#4340 = CARTESIAN_POINT('',(167.77175776738,84.765679531359));
#4341 = VECTOR('',#4342,1.);
#4342 = DIRECTION('',(-0.904091921069,0.427338037458));
#4343 = ( GEOMETRIC_REPRESENTATION_CONTEXT(2) 
PARAMETRIC_REPRESENTATION_CONTEXT() REPRESENTATION_CONTEXT('2D SPACE',''
  ) );
#4344 = ORIENTED_EDGE('',*,*,#4345,.F.);
#4345 = EDGE_CURVE('',#4346,#4323,#4348,.T.);
#4346 = VERTEX_POINT('',#4347);
#4347 = CARTESIAN_POINT('',(259.92972511825,122.02492406356,-3.75));
#4348 = SURFACE_CURVE('',#4349,(#4353,#4360),.PCURVE_S1.);
#4349 = LINE('',#4350,#4351);
#4350 = CARTESIAN_POINT('',(259.92972511825,122.02492406356,-3.75));
#4351 = VECTOR('',#4352,1.);
#4352 = DIRECTION('',(0.,0.,1.));
#4353 = PCURVE('',#4285,#4354);
#4354 = DEFINITIONAL_REPRESENTATION('',(#4355),#4359);
#4355 = LINE('',#4356,#4357);
#4356 = CARTESIAN_POINT('',(4.820123838852,0.));
#4357 = VECTOR('',#4358,1.);
#4358 = DIRECTION('',(0.,-1.));
#4359 = ( GEOMETRIC_REPRESENTATION_CONTEXT(2) 
PARAMETRIC_REPRESENTATION_CONTEXT() REPRESENTATION_CONTEXT('2D SPACE',''
  ) );
#4360 = PCURVE('',#4361,#4366);
#4361 = PLANE('',#4362);
#4362 = AXIS2_PLACEMENT_3D('',#4363,#4364,#4365);
#4363 = CARTESIAN_POINT('',(259.92972511825,122.02492406356,-3.75));
#4364 = DIRECTION('',(-0.295340630288,-0.955392020116,0.));
#4365 = DIRECTION('',(-0.955392020116,0.295340630288,0.));
#4366 = DEFINITIONAL_REPRESENTATION('',(#4367),#4371);
#4367 = LINE('',#4368,#4369);
#4368 = CARTESIAN_POINT('',(0.,0.));
#4369 = VECTOR('',#4370,1.);
#4370 = DIRECTION('',(0.,-1.));
#4371 = ( GEOMETRIC_REPRESENTATION_CONTEXT(2) 
PARAMETRIC_REPRESENTATION_CONTEXT() REPRESENTATION_CONTEXT('2D SPACE',''
  ) );
#4372 = ORIENTED_EDGE('',*,*,#4373,.F.);
#4373 = EDGE_CURVE('',#4270,#4346,#4374,.T.);
#4374 = SURFACE_CURVE('',#4375,(#4379,#4386),.PCURVE_S1.);
#4375 = LINE('',#4376,#4377);
#4376 = CARTESIAN_POINT('',(264.28756013951,119.96510180196,-3.75));
#4377 = VECTOR('',#4378,1.);
#4378 = DIRECTION('',(-0.904091921069,0.427338037458,0.));
#4379 = PCURVE('',#4285,#4380);
#4380 = DEFINITIONAL_REPRESENTATION('',(#4381),#4385);
#4381 = LINE('',#4382,#4383);
#4382 = CARTESIAN_POINT('',(0.,0.));
#4383 = VECTOR('',#4384,1.);
#4384 = DIRECTION('',(1.,0.));
#4385 = ( GEOMETRIC_REPRESENTATION_CONTEXT(2) 
PARAMETRIC_REPRESENTATION_CONTEXT() REPRESENTATION_CONTEXT('2D SPACE',''
  ) );
#4386 = PCURVE('',#126,#4387);
#4387 = DEFINITIONAL_REPRESENTATION('',(#4388),#4392);
#4388 = LINE('',#4389,#4390);
#4389 = CARTESIAN_POINT('',(167.77175776738,84.765679531359));
#4390 = VECTOR('',#4391,1.);
#4391 = DIRECTION('',(-0.904091921069,0.427338037458));
#4392 = ( GEOMETRIC_REPRESENTATION_CONTEXT(2) 
PARAMETRIC_REPRESENTATION_CONTEXT() REPRESENTATION_CONTEXT('2D SPACE',''
  ) );
#4393 = ADVANCED_FACE('',(#4394),#4361,.F.);
#4394 = FACE_BOUND('',#4395,.F.);
#4395 = EDGE_LOOP('',(#4396,#4397,#4420,#4448));
#4396 = ORIENTED_EDGE('',*,*,#4345,.T.);
#4397 = ORIENTED_EDGE('',*,*,#4398,.T.);
#4398 = EDGE_CURVE('',#4323,#4399,#4401,.T.);
#4399 = VERTEX_POINT('',#4400);
#4400 = CARTESIAN_POINT('',(255.32461726664,123.4485024762,3.75));
#4401 = SURFACE_CURVE('',#4402,(#4406,#4413),.PCURVE_S1.);
#4402 = LINE('',#4403,#4404);
#4403 = CARTESIAN_POINT('',(259.92972511825,122.02492406356,3.75));
#4404 = VECTOR('',#4405,1.);
#4405 = DIRECTION('',(-0.955392020116,0.295340630288,0.));
#4406 = PCURVE('',#4361,#4407);
#4407 = DEFINITIONAL_REPRESENTATION('',(#4408),#4412);
#4408 = LINE('',#4409,#4410);
#4409 = CARTESIAN_POINT('',(0.,-7.5));
#4410 = VECTOR('',#4411,1.);
#4411 = DIRECTION('',(1.,0.));
#4412 = ( GEOMETRIC_REPRESENTATION_CONTEXT(2) 
PARAMETRIC_REPRESENTATION_CONTEXT() REPRESENTATION_CONTEXT('2D SPACE',''
  ) );
#4413 = PCURVE('',#72,#4414);
#4414 = DEFINITIONAL_REPRESENTATION('',(#4415),#4419);
#4415 = LINE('',#4416,#4417);
#4416 = CARTESIAN_POINT('',(163.41392274613,86.82550179296));
#4417 = VECTOR('',#4418,1.);
#4418 = DIRECTION('',(-0.955392020116,0.295340630288));
#4419 = ( GEOMETRIC_REPRESENTATION_CONTEXT(2) 
PARAMETRIC_REPRESENTATION_CONTEXT() REPRESENTATION_CONTEXT('2D SPACE',''
  ) );
#4420 = ORIENTED_EDGE('',*,*,#4421,.F.);
#4421 = EDGE_CURVE('',#4422,#4399,#4424,.T.);
#4422 = VERTEX_POINT('',#4423);
#4423 = CARTESIAN_POINT('',(255.32461726664,123.4485024762,-3.75));
#4424 = SURFACE_CURVE('',#4425,(#4429,#4436),.PCURVE_S1.);
#4425 = LINE('',#4426,#4427);
#4426 = CARTESIAN_POINT('',(255.32461726664,123.4485024762,-3.75));
#4427 = VECTOR('',#4428,1.);
#4428 = DIRECTION('',(0.,0.,1.));
#4429 = PCURVE('',#4361,#4430);
#4430 = DEFINITIONAL_REPRESENTATION('',(#4431),#4435);
#4431 = LINE('',#4432,#4433);
#4432 = CARTESIAN_POINT('',(4.820123838852,0.));
#4433 = VECTOR('',#4434,1.);
#4434 = DIRECTION('',(0.,-1.));
#4435 = ( GEOMETRIC_REPRESENTATION_CONTEXT(2) 
PARAMETRIC_REPRESENTATION_CONTEXT() REPRESENTATION_CONTEXT('2D SPACE',''
  ) );
#4436 = PCURVE('',#4437,#4442);
#4437 = PLANE('',#4438);
#4438 = AXIS2_PLACEMENT_3D('',#4439,#4440,#4441);
#4439 = CARTESIAN_POINT('',(255.32461726664,123.4485024762,-3.75));
#4440 = DIRECTION('',(-0.157420162152,-0.987531717236,0.));
#4441 = DIRECTION('',(-0.987531717236,0.157420162152,0.));
#4442 = DEFINITIONAL_REPRESENTATION('',(#4443),#4447);
#4443 = LINE('',#4444,#4445);
#4444 = CARTESIAN_POINT('',(0.,0.));
#4445 = VECTOR('',#4446,1.);
#4446 = DIRECTION('',(0.,-1.));
#4447 = ( GEOMETRIC_REPRESENTATION_CONTEXT(2) 
PARAMETRIC_REPRESENTATION_CONTEXT() REPRESENTATION_CONTEXT('2D SPACE',''
  ) );
#4448 = ORIENTED_EDGE('',*,*,#4449,.F.);
#4449 = EDGE_CURVE('',#4346,#4422,#4450,.T.);
#4450 = SURFACE_CURVE('',#4451,(#4455,#4462),.PCURVE_S1.);
#4451 = LINE('',#4452,#4453);
#4452 = CARTESIAN_POINT('',(259.92972511825,122.02492406356,-3.75));
#4453 = VECTOR('',#4454,1.);
#4454 = DIRECTION('',(-0.955392020116,0.295340630288,0.));
#4455 = PCURVE('',#4361,#4456);
#4456 = DEFINITIONAL_REPRESENTATION('',(#4457),#4461);
#4457 = LINE('',#4458,#4459);
#4458 = CARTESIAN_POINT('',(0.,0.));
#4459 = VECTOR('',#4460,1.);
#4460 = DIRECTION('',(1.,0.));
#4461 = ( GEOMETRIC_REPRESENTATION_CONTEXT(2) 
PARAMETRIC_REPRESENTATION_CONTEXT() REPRESENTATION_CONTEXT('2D SPACE',''
  ) );
#4462 = PCURVE('',#126,#4463);
#4463 = DEFINITIONAL_REPRESENTATION('',(#4464),#4468);
#4464 = LINE('',#4465,#4466);
#4465 = CARTESIAN_POINT('',(163.41392274613,86.82550179296));
#4466 = VECTOR('',#4467,1.);
#4467 = DIRECTION('',(-0.955392020116,0.295340630288));
#4468 = ( GEOMETRIC_REPRESENTATION_CONTEXT(2) 
PARAMETRIC_REPRESENTATION_CONTEXT() REPRESENTATION_CONTEXT('2D SPACE',''
  ) );
#4469 = ADVANCED_FACE('',(#4470),#4437,.F.);
#4470 = FACE_BOUND('',#4471,.F.);
#4471 = EDGE_LOOP('',(#4472,#4473,#4496,#4524));
#4472 = ORIENTED_EDGE('',*,*,#4421,.T.);
#4473 = ORIENTED_EDGE('',*,*,#4474,.T.);
#4474 = EDGE_CURVE('',#4399,#4475,#4477,.T.);
#4475 = VERTEX_POINT('',#4476);
#4476 = CARTESIAN_POINT('',(250.56459209476,124.2072871525,3.75));
#4477 = SURFACE_CURVE('',#4478,(#4482,#4489),.PCURVE_S1.);
#4478 = LINE('',#4479,#4480);
#4479 = CARTESIAN_POINT('',(255.32461726664,123.4485024762,3.75));
#4480 = VECTOR('',#4481,1.);
#4481 = DIRECTION('',(-0.987531717236,0.157420162152,0.));
#4482 = PCURVE('',#4437,#4483);
#4483 = DEFINITIONAL_REPRESENTATION('',(#4484),#4488);
#4484 = LINE('',#4485,#4486);
#4485 = CARTESIAN_POINT('',(0.,-7.5));
#4486 = VECTOR('',#4487,1.);
#4487 = DIRECTION('',(1.,0.));
#4488 = ( GEOMETRIC_REPRESENTATION_CONTEXT(2) 
PARAMETRIC_REPRESENTATION_CONTEXT() REPRESENTATION_CONTEXT('2D SPACE',''
  ) );
#4489 = PCURVE('',#72,#4490);
#4490 = DEFINITIONAL_REPRESENTATION('',(#4491),#4495);
#4491 = LINE('',#4492,#4493);
#4492 = CARTESIAN_POINT('',(158.80881489452,88.249080205593));
#4493 = VECTOR('',#4494,1.);
#4494 = DIRECTION('',(-0.987531717236,0.157420162152));
#4495 = ( GEOMETRIC_REPRESENTATION_CONTEXT(2) 
PARAMETRIC_REPRESENTATION_CONTEXT() REPRESENTATION_CONTEXT('2D SPACE',''
  ) );
#4496 = ORIENTED_EDGE('',*,*,#4497,.F.);
#4497 = EDGE_CURVE('',#4498,#4475,#4500,.T.);
#4498 = VERTEX_POINT('',#4499);
#4499 = CARTESIAN_POINT('',(250.56459209476,124.2072871525,-3.75));
#4500 = SURFACE_CURVE('',#4501,(#4505,#4512),.PCURVE_S1.);
#4501 = LINE('',#4502,#4503);
#4502 = CARTESIAN_POINT('',(250.56459209476,124.2072871525,-3.75));
#4503 = VECTOR('',#4504,1.);
#4504 = DIRECTION('',(0.,0.,1.));
#4505 = PCURVE('',#4437,#4506);
#4506 = DEFINITIONAL_REPRESENTATION('',(#4507),#4511);
#4507 = LINE('',#4508,#4509);
#4508 = CARTESIAN_POINT('',(4.820123838852,0.));
#4509 = VECTOR('',#4510,1.);
#4510 = DIRECTION('',(0.,-1.));
#4511 = ( GEOMETRIC_REPRESENTATION_CONTEXT(2) 
PARAMETRIC_REPRESENTATION_CONTEXT() REPRESENTATION_CONTEXT('2D SPACE',''
  ) );
#4512 = PCURVE('',#4513,#4518);
#4513 = PLANE('',#4514);
#4514 = AXIS2_PLACEMENT_3D('',#4515,#4516,#4517);
#4515 = CARTESIAN_POINT('',(250.56459209476,124.2072871525,-3.75));
#4516 = DIRECTION('',(-1.634263019834E-02,-0.999866450301,0.));
#4517 = DIRECTION('',(-0.999866450301,1.634263019834E-02,0.));
#4518 = DEFINITIONAL_REPRESENTATION('',(#4519),#4523);
#4519 = LINE('',#4520,#4521);
#4520 = CARTESIAN_POINT('',(0.,0.));
#4521 = VECTOR('',#4522,1.);
#4522 = DIRECTION('',(0.,-1.));
#4523 = ( GEOMETRIC_REPRESENTATION_CONTEXT(2) 
PARAMETRIC_REPRESENTATION_CONTEXT() REPRESENTATION_CONTEXT('2D SPACE',''
  ) );
#4524 = ORIENTED_EDGE('',*,*,#4525,.F.);
#4525 = EDGE_CURVE('',#4422,#4498,#4526,.T.);
#4526 = SURFACE_CURVE('',#4527,(#4531,#4538),.PCURVE_S1.);
#4527 = LINE('',#4528,#4529);
#4528 = CARTESIAN_POINT('',(255.32461726664,123.4485024762,-3.75));
#4529 = VECTOR('',#4530,1.);
#4530 = DIRECTION('',(-0.987531717236,0.157420162152,0.));
#4531 = PCURVE('',#4437,#4532);
#4532 = DEFINITIONAL_REPRESENTATION('',(#4533),#4537);
#4533 = LINE('',#4534,#4535);
#4534 = CARTESIAN_POINT('',(0.,0.));
#4535 = VECTOR('',#4536,1.);
#4536 = DIRECTION('',(1.,0.));
#4537 = ( GEOMETRIC_REPRESENTATION_CONTEXT(2) 
PARAMETRIC_REPRESENTATION_CONTEXT() REPRESENTATION_CONTEXT('2D SPACE',''
  ) );
#4538 = PCURVE('',#126,#4539);
#4539 = DEFINITIONAL_REPRESENTATION('',(#4540),#4544);
#4540 = LINE('',#4541,#4542);
#4541 = CARTESIAN_POINT('',(158.80881489452,88.249080205593));
#4542 = VECTOR('',#4543,1.);
#4543 = DIRECTION('',(-0.987531717236,0.157420162152));
#4544 = ( GEOMETRIC_REPRESENTATION_CONTEXT(2) 
PARAMETRIC_REPRESENTATION_CONTEXT() REPRESENTATION_CONTEXT('2D SPACE',''
  ) );
#4545 = ADVANCED_FACE('',(#4546),#4513,.F.);
#4546 = FACE_BOUND('',#4547,.F.);
#4547 = EDGE_LOOP('',(#4548,#4549,#4572,#4600));
#4548 = ORIENTED_EDGE('',*,*,#4497,.T.);
#4549 = ORIENTED_EDGE('',*,*,#4550,.T.);
#4550 = EDGE_CURVE('',#4475,#4551,#4553,.T.);
#4551 = VERTEX_POINT('',#4552);
#4552 = CARTESIAN_POINT('',(245.745111982,124.28606065391,3.75));
#4553 = SURFACE_CURVE('',#4554,(#4558,#4565),.PCURVE_S1.);
#4554 = LINE('',#4555,#4556);
#4555 = CARTESIAN_POINT('',(250.56459209476,124.2072871525,3.75));
#4556 = VECTOR('',#4557,1.);
#4557 = DIRECTION('',(-0.999866450301,1.634263019834E-02,0.));
#4558 = PCURVE('',#4513,#4559);
#4559 = DEFINITIONAL_REPRESENTATION('',(#4560),#4564);
#4560 = LINE('',#4561,#4562);
#4561 = CARTESIAN_POINT('',(0.,-7.5));
#4562 = VECTOR('',#4563,1.);
#4563 = DIRECTION('',(1.,0.));
#4564 = ( GEOMETRIC_REPRESENTATION_CONTEXT(2) 
PARAMETRIC_REPRESENTATION_CONTEXT() REPRESENTATION_CONTEXT('2D SPACE',''
  ) );
#4565 = PCURVE('',#72,#4566);
#4566 = DEFINITIONAL_REPRESENTATION('',(#4567),#4571);
#4567 = LINE('',#4568,#4569);
#4568 = CARTESIAN_POINT('',(154.04878972264,89.007864881897));
#4569 = VECTOR('',#4570,1.);
#4570 = DIRECTION('',(-0.999866450301,1.634263019834E-02));
#4571 = ( GEOMETRIC_REPRESENTATION_CONTEXT(2) 
PARAMETRIC_REPRESENTATION_CONTEXT() REPRESENTATION_CONTEXT('2D SPACE',''
  ) );
#4572 = ORIENTED_EDGE('',*,*,#4573,.F.);
#4573 = EDGE_CURVE('',#4574,#4551,#4576,.T.);
#4574 = VERTEX_POINT('',#4575);
#4575 = CARTESIAN_POINT('',(245.745111982,124.28606065391,-3.75));
#4576 = SURFACE_CURVE('',#4577,(#4581,#4588),.PCURVE_S1.);
#4577 = LINE('',#4578,#4579);
#4578 = CARTESIAN_POINT('',(245.745111982,124.28606065391,-3.75));
#4579 = VECTOR('',#4580,1.);
#4580 = DIRECTION('',(0.,0.,1.));
#4581 = PCURVE('',#4513,#4582);
#4582 = DEFINITIONAL_REPRESENTATION('',(#4583),#4587);
#4583 = LINE('',#4584,#4585);
#4584 = CARTESIAN_POINT('',(4.820123838852,0.));
#4585 = VECTOR('',#4586,1.);
#4586 = DIRECTION('',(0.,-1.));
#4587 = ( GEOMETRIC_REPRESENTATION_CONTEXT(2) 
PARAMETRIC_REPRESENTATION_CONTEXT() REPRESENTATION_CONTEXT('2D SPACE',''
  ) );
#4588 = PCURVE('',#4589,#4594);
#4589 = PLANE('',#4590);
#4590 = AXIS2_PLACEMENT_3D('',#4591,#4592,#4593);
#4591 = CARTESIAN_POINT('',(245.745111982,124.28606065391,-3.75));
#4592 = DIRECTION('',(0.12506265346,-0.992148846046,0.));
#4593 = DIRECTION('',(-0.992148846046,-0.12506265346,0.));
#4594 = DEFINITIONAL_REPRESENTATION('',(#4595),#4599);
#4595 = LINE('',#4596,#4597);
#4596 = CARTESIAN_POINT('',(0.,0.));
#4597 = VECTOR('',#4598,1.);
#4598 = DIRECTION('',(0.,-1.));
#4599 = ( GEOMETRIC_REPRESENTATION_CONTEXT(2) 
PARAMETRIC_REPRESENTATION_CONTEXT() REPRESENTATION_CONTEXT('2D SPACE',''
  ) );
#4600 = ORIENTED_EDGE('',*,*,#4601,.F.);
#4601 = EDGE_CURVE('',#4498,#4574,#4602,.T.);
#4602 = SURFACE_CURVE('',#4603,(#4607,#4614),.PCURVE_S1.);
#4603 = LINE('',#4604,#4605);
#4604 = CARTESIAN_POINT('',(250.56459209476,124.2072871525,-3.75));
#4605 = VECTOR('',#4606,1.);
#4606 = DIRECTION('',(-0.999866450301,1.634263019834E-02,0.));
#4607 = PCURVE('',#4513,#4608);
#4608 = DEFINITIONAL_REPRESENTATION('',(#4609),#4613);
#4609 = LINE('',#4610,#4611);
#4610 = CARTESIAN_POINT('',(0.,0.));
#4611 = VECTOR('',#4612,1.);
#4612 = DIRECTION('',(1.,0.));
#4613 = ( GEOMETRIC_REPRESENTATION_CONTEXT(2) 
PARAMETRIC_REPRESENTATION_CONTEXT() REPRESENTATION_CONTEXT('2D SPACE',''
  ) );
#4614 = PCURVE('',#126,#4615);
#4615 = DEFINITIONAL_REPRESENTATION('',(#4616),#4620);
#4616 = LINE('',#4617,#4618);
#4617 = CARTESIAN_POINT('',(154.04878972264,89.007864881897));
#4618 = VECTOR('',#4619,1.);
#4619 = DIRECTION('',(-0.999866450301,1.634263019834E-02));
#4620 = ( GEOMETRIC_REPRESENTATION_CONTEXT(2) 
PARAMETRIC_REPRESENTATION_CONTEXT() REPRESENTATION_CONTEXT('2D SPACE',''
  ) );
#4621 = ADVANCED_FACE('',(#4622),#4589,.F.);
#4622 = FACE_BOUND('',#4623,.F.);
#4623 = EDGE_LOOP('',(#4624,#4625,#4648,#4671));
#4624 = ORIENTED_EDGE('',*,*,#4573,.T.);
#4625 = ORIENTED_EDGE('',*,*,#4626,.T.);
#4626 = EDGE_CURVE('',#4551,#4627,#4629,.T.);
#4627 = VERTEX_POINT('',#4628);
#4628 = CARTESIAN_POINT('',(240.96283167748,123.68324317662,3.75));
#4629 = SURFACE_CURVE('',#4630,(#4634,#4641),.PCURVE_S1.);
#4630 = LINE('',#4631,#4632);
#4631 = CARTESIAN_POINT('',(245.745111982,124.28606065391,3.75));
#4632 = VECTOR('',#4633,1.);
#4633 = DIRECTION('',(-0.992148846046,-0.12506265346,0.));
#4634 = PCURVE('',#4589,#4635);
#4635 = DEFINITIONAL_REPRESENTATION('',(#4636),#4640);
#4636 = LINE('',#4637,#4638);
#4637 = CARTESIAN_POINT('',(0.,-7.5));
#4638 = VECTOR('',#4639,1.);
#4639 = DIRECTION('',(1.,0.));
#4640 = ( GEOMETRIC_REPRESENTATION_CONTEXT(2) 
PARAMETRIC_REPRESENTATION_CONTEXT() REPRESENTATION_CONTEXT('2D SPACE',''
  ) );
#4641 = PCURVE('',#72,#4642);
#4642 = DEFINITIONAL_REPRESENTATION('',(#4643),#4647);
#4643 = LINE('',#4644,#4645);
#4644 = CARTESIAN_POINT('',(149.22930960988,89.086638383306));
#4645 = VECTOR('',#4646,1.);
#4646 = DIRECTION('',(-0.992148846046,-0.12506265346));
#4647 = ( GEOMETRIC_REPRESENTATION_CONTEXT(2) 
PARAMETRIC_REPRESENTATION_CONTEXT() REPRESENTATION_CONTEXT('2D SPACE',''
  ) );
#4648 = ORIENTED_EDGE('',*,*,#4649,.F.);
#4649 = EDGE_CURVE('',#4650,#4627,#4652,.T.);
#4650 = VERTEX_POINT('',#4651);
#4651 = CARTESIAN_POINT('',(240.96283167748,123.68324317662,-3.75));
#4652 = SURFACE_CURVE('',#4653,(#4657,#4664),.PCURVE_S1.);
#4653 = LINE('',#4654,#4655);
#4654 = CARTESIAN_POINT('',(240.96283167748,123.68324317662,-3.75));
#4655 = VECTOR('',#4656,1.);
#4656 = DIRECTION('',(0.,0.,1.));
#4657 = PCURVE('',#4589,#4658);
#4658 = DEFINITIONAL_REPRESENTATION('',(#4659),#4663);
#4659 = LINE('',#4660,#4661);
#4660 = CARTESIAN_POINT('',(4.820123838852,0.));
#4661 = VECTOR('',#4662,1.);
#4662 = DIRECTION('',(0.,-1.));
#4663 = ( GEOMETRIC_REPRESENTATION_CONTEXT(2) 
PARAMETRIC_REPRESENTATION_CONTEXT() REPRESENTATION_CONTEXT('2D SPACE',''
  ) );
#4664 = PCURVE('',#44,#4665);
#4665 = DEFINITIONAL_REPRESENTATION('',(#4666),#4670);
#4666 = LINE('',#4667,#4668);
#4667 = CARTESIAN_POINT('',(0.,0.));
#4668 = VECTOR('',#4669,1.);
#4669 = DIRECTION('',(0.,-1.));
#4670 = ( GEOMETRIC_REPRESENTATION_CONTEXT(2) 
PARAMETRIC_REPRESENTATION_CONTEXT() REPRESENTATION_CONTEXT('2D SPACE',''
  ) );
#4671 = ORIENTED_EDGE('',*,*,#4672,.F.);
#4672 = EDGE_CURVE('',#4574,#4650,#4673,.T.);
#4673 = SURFACE_CURVE('',#4674,(#4678,#4685),.PCURVE_S1.);
#4674 = LINE('',#4675,#4676);
#4675 = CARTESIAN_POINT('',(245.745111982,124.28606065391,-3.75));
#4676 = VECTOR('',#4677,1.);
#4677 = DIRECTION('',(-0.992148846046,-0.12506265346,0.));
#4678 = PCURVE('',#4589,#4679);
#4679 = DEFINITIONAL_REPRESENTATION('',(#4680),#4684);
#4680 = LINE('',#4681,#4682);
#4681 = CARTESIAN_POINT('',(0.,0.));
#4682 = VECTOR('',#4683,1.);
#4683 = DIRECTION('',(1.,0.));
#4684 = ( GEOMETRIC_REPRESENTATION_CONTEXT(2) 
PARAMETRIC_REPRESENTATION_CONTEXT() REPRESENTATION_CONTEXT('2D SPACE',''
  ) );
#4685 = PCURVE('',#126,#4686);
#4686 = DEFINITIONAL_REPRESENTATION('',(#4687),#4691);
#4687 = LINE('',#4688,#4689);
#4688 = CARTESIAN_POINT('',(149.22930960988,89.086638383306));
#4689 = VECTOR('',#4690,1.);
#4690 = DIRECTION('',(-0.992148846046,-0.12506265346));
#4691 = ( GEOMETRIC_REPRESENTATION_CONTEXT(2) 
PARAMETRIC_REPRESENTATION_CONTEXT() REPRESENTATION_CONTEXT('2D SPACE',''
  ) );
#4692 = ADVANCED_FACE('',(#4693),#44,.F.);
#4693 = FACE_BOUND('',#4694,.F.);
#4694 = EDGE_LOOP('',(#4695,#4696,#4717,#4718));
#4695 = ORIENTED_EDGE('',*,*,#4649,.T.);
#4696 = ORIENTED_EDGE('',*,*,#4697,.T.);
#4697 = EDGE_CURVE('',#4627,#24,#4698,.T.);
#4698 = SURFACE_CURVE('',#4699,(#4703,#4710),.PCURVE_S1.);
#4699 = LINE('',#4700,#4701);
#4700 = CARTESIAN_POINT('',(240.96283167748,123.68324317662,3.75));
#4701 = VECTOR('',#4702,1.);
#4702 = DIRECTION('',(-0.980803105946,-0.195000685553,0.));
#4703 = PCURVE('',#44,#4704);
#4704 = DEFINITIONAL_REPRESENTATION('',(#4705),#4709);
#4705 = LINE('',#4706,#4707);
#4706 = CARTESIAN_POINT('',(0.,-7.5));
#4707 = VECTOR('',#4708,1.);
#4708 = DIRECTION('',(1.,0.));
#4709 = ( GEOMETRIC_REPRESENTATION_CONTEXT(2) 
PARAMETRIC_REPRESENTATION_CONTEXT() REPRESENTATION_CONTEXT('2D SPACE',''
  ) );
#4710 = PCURVE('',#72,#4711);
#4711 = DEFINITIONAL_REPRESENTATION('',(#4712),#4716);
#4712 = LINE('',#4713,#4714);
#4713 = CARTESIAN_POINT('',(144.44702930536,88.483820906014));
#4714 = VECTOR('',#4715,1.);
#4715 = DIRECTION('',(-0.980803105946,-0.195000685553));
#4716 = ( GEOMETRIC_REPRESENTATION_CONTEXT(2) 
PARAMETRIC_REPRESENTATION_CONTEXT() REPRESENTATION_CONTEXT('2D SPACE',''
  ) );
#4717 = ORIENTED_EDGE('',*,*,#21,.F.);
#4718 = ORIENTED_EDGE('',*,*,#4719,.F.);
#4719 = EDGE_CURVE('',#4650,#22,#4720,.T.);
#4720 = SURFACE_CURVE('',#4721,(#4725,#4732),.PCURVE_S1.);
#4721 = LINE('',#4722,#4723);
#4722 = CARTESIAN_POINT('',(240.96283167748,123.68324317662,-3.75));
#4723 = VECTOR('',#4724,1.);
#4724 = DIRECTION('',(-0.980803105946,-0.195000685553,0.));
#4725 = PCURVE('',#44,#4726);
#4726 = DEFINITIONAL_REPRESENTATION('',(#4727),#4731);
#4727 = LINE('',#4728,#4729);
#4728 = CARTESIAN_POINT('',(0.,0.));
#4729 = VECTOR('',#4730,1.);
#4730 = DIRECTION('',(1.,0.));
#4731 = ( GEOMETRIC_REPRESENTATION_CONTEXT(2) 
PARAMETRIC_REPRESENTATION_CONTEXT() REPRESENTATION_CONTEXT('2D SPACE',''
  ) );
#4732 = PCURVE('',#126,#4733);
#4733 = DEFINITIONAL_REPRESENTATION('',(#4734),#4738);
#4734 = LINE('',#4735,#4736);
#4735 = CARTESIAN_POINT('',(144.44702930536,88.483820906014));
#4736 = VECTOR('',#4737,1.);
#4737 = DIRECTION('',(-0.980803105946,-0.195000685553));
#4738 = ( GEOMETRIC_REPRESENTATION_CONTEXT(2) 
PARAMETRIC_REPRESENTATION_CONTEXT() REPRESENTATION_CONTEXT('2D SPACE',''
  ) );
#4739 = ADVANCED_FACE('',(#4740),#4754,.T.);
#4740 = FACE_BOUND('',#4741,.T.);
#4741 = EDGE_LOOP('',(#4742,#4777,#4800,#4828));
#4742 = ORIENTED_EDGE('',*,*,#4743,.T.);
#4743 = EDGE_CURVE('',#4744,#4746,#4748,.T.);
#4744 = VERTEX_POINT('',#4745);
#4745 = CARTESIAN_POINT('',(243.10783921856,112.89440901121,-3.75));
#4746 = VERTEX_POINT('',#4747);
#4747 = CARTESIAN_POINT('',(243.10783921856,112.89440901121,3.75));
#4748 = SURFACE_CURVE('',#4749,(#4753,#4765),.PCURVE_S1.);
#4749 = LINE('',#4750,#4751);
#4750 = CARTESIAN_POINT('',(243.10783921856,112.89440901121,-3.75));
#4751 = VECTOR('',#4752,1.);
#4752 = DIRECTION('',(0.,0.,1.));
#4753 = PCURVE('',#4754,#4759);
#4754 = PLANE('',#4755);
#4755 = AXIS2_PLACEMENT_3D('',#4756,#4757,#4758);
#4756 = CARTESIAN_POINT('',(243.10783921856,112.89440901121,-3.75));
#4757 = DIRECTION('',(0.195000685553,-0.980803105946,0.));
#4758 = DIRECTION('',(-0.980803105946,-0.195000685553,0.));
#4759 = DEFINITIONAL_REPRESENTATION('',(#4760),#4764);
#4760 = LINE('',#4761,#4762);
#4761 = CARTESIAN_POINT('',(0.,0.));
#4762 = VECTOR('',#4763,1.);
#4763 = DIRECTION('',(0.,-1.));
#4764 = ( GEOMETRIC_REPRESENTATION_CONTEXT(2) 
PARAMETRIC_REPRESENTATION_CONTEXT() REPRESENTATION_CONTEXT('2D SPACE',''
  ) );
#4765 = PCURVE('',#4766,#4771);
#4766 = PLANE('',#4767);
#4767 = AXIS2_PLACEMENT_3D('',#4768,#4769,#4770);
#4768 = CARTESIAN_POINT('',(246.34457678282,113.30240725658,-3.75));
#4769 = DIRECTION('',(0.12506265346,-0.992148846046,0.));
#4770 = DIRECTION('',(-0.992148846046,-0.12506265346,0.));
#4771 = DEFINITIONAL_REPRESENTATION('',(#4772),#4776);
#4772 = LINE('',#4773,#4774);
#4773 = CARTESIAN_POINT('',(3.262350782503,0.));
#4774 = VECTOR('',#4775,1.);
#4775 = DIRECTION('',(0.,-1.));
#4776 = ( GEOMETRIC_REPRESENTATION_CONTEXT(2) 
PARAMETRIC_REPRESENTATION_CONTEXT() REPRESENTATION_CONTEXT('2D SPACE',''
  ) );
#4777 = ORIENTED_EDGE('',*,*,#4778,.T.);
#4778 = EDGE_CURVE('',#4746,#4779,#4781,.T.);
#4779 = VERTEX_POINT('',#4780);
#4780 = CARTESIAN_POINT('',(-12.34763678968,62.105425322497,3.75));
#4781 = SURFACE_CURVE('',#4782,(#4786,#4793),.PCURVE_S1.);
#4782 = LINE('',#4783,#4784);
#4783 = CARTESIAN_POINT('',(243.10783921856,112.89440901121,3.75));
#4784 = VECTOR('',#4785,1.);
#4785 = DIRECTION('',(-0.980803105946,-0.195000685553,0.));
#4786 = PCURVE('',#4754,#4787);
#4787 = DEFINITIONAL_REPRESENTATION('',(#4788),#4792);
#4788 = LINE('',#4789,#4790);
#4789 = CARTESIAN_POINT('',(0.,-7.5));
#4790 = VECTOR('',#4791,1.);
#4791 = DIRECTION('',(1.,0.));
#4792 = ( GEOMETRIC_REPRESENTATION_CONTEXT(2) 
PARAMETRIC_REPRESENTATION_CONTEXT() REPRESENTATION_CONTEXT('2D SPACE',''
  ) );
#4793 = PCURVE('',#72,#4794);
#4794 = DEFINITIONAL_REPRESENTATION('',(#4795),#4799);
#4795 = LINE('',#4796,#4797);
#4796 = CARTESIAN_POINT('',(146.59203684644,77.694986740604));
#4797 = VECTOR('',#4798,1.);
#4798 = DIRECTION('',(-0.980803105946,-0.195000685553));
#4799 = ( GEOMETRIC_REPRESENTATION_CONTEXT(2) 
PARAMETRIC_REPRESENTATION_CONTEXT() REPRESENTATION_CONTEXT('2D SPACE',''
  ) );
#4800 = ORIENTED_EDGE('',*,*,#4801,.F.);
#4801 = EDGE_CURVE('',#4802,#4779,#4804,.T.);
#4802 = VERTEX_POINT('',#4803);
#4803 = CARTESIAN_POINT('',(-12.34763678968,62.105425322497,-3.75));
#4804 = SURFACE_CURVE('',#4805,(#4809,#4816),.PCURVE_S1.);
#4805 = LINE('',#4806,#4807);
#4806 = CARTESIAN_POINT('',(-12.34763678968,62.105425322497,-3.75));
#4807 = VECTOR('',#4808,1.);
#4808 = DIRECTION('',(0.,0.,1.));
#4809 = PCURVE('',#4754,#4810);
#4810 = DEFINITIONAL_REPRESENTATION('',(#4811),#4815);
#4811 = LINE('',#4812,#4813);
#4812 = CARTESIAN_POINT('',(260.45541093771,0.));
#4813 = VECTOR('',#4814,1.);
#4814 = DIRECTION('',(0.,-1.));
#4815 = ( GEOMETRIC_REPRESENTATION_CONTEXT(2) 
PARAMETRIC_REPRESENTATION_CONTEXT() REPRESENTATION_CONTEXT('2D SPACE',''
  ) );
#4816 = PCURVE('',#4817,#4822);
#4817 = PLANE('',#4818);
#4818 = AXIS2_PLACEMENT_3D('',#4819,#4820,#4821);
#4819 = CARTESIAN_POINT('',(-12.34763678968,62.105425322497,-3.75));
#4820 = DIRECTION('',(0.237085177572,-0.971488866934,0.));
#4821 = DIRECTION('',(-0.971488866934,-0.237085177572,0.));
#4822 = DEFINITIONAL_REPRESENTATION('',(#4823),#4827);
#4823 = LINE('',#4824,#4825);
#4824 = CARTESIAN_POINT('',(0.,0.));
#4825 = VECTOR('',#4826,1.);
#4826 = DIRECTION('',(0.,-1.));
#4827 = ( GEOMETRIC_REPRESENTATION_CONTEXT(2) 
PARAMETRIC_REPRESENTATION_CONTEXT() REPRESENTATION_CONTEXT('2D SPACE',''
  ) );
#4828 = ORIENTED_EDGE('',*,*,#4829,.F.);
#4829 = EDGE_CURVE('',#4744,#4802,#4830,.T.);
#4830 = SURFACE_CURVE('',#4831,(#4835,#4842),.PCURVE_S1.);
#4831 = LINE('',#4832,#4833);
#4832 = CARTESIAN_POINT('',(243.10783921856,112.89440901121,-3.75));
#4833 = VECTOR('',#4834,1.);
#4834 = DIRECTION('',(-0.980803105946,-0.195000685553,0.));
#4835 = PCURVE('',#4754,#4836);
#4836 = DEFINITIONAL_REPRESENTATION('',(#4837),#4841);
#4837 = LINE('',#4838,#4839);
#4838 = CARTESIAN_POINT('',(0.,0.));
#4839 = VECTOR('',#4840,1.);
#4840 = DIRECTION('',(1.,0.));
#4841 = ( GEOMETRIC_REPRESENTATION_CONTEXT(2) 
PARAMETRIC_REPRESENTATION_CONTEXT() REPRESENTATION_CONTEXT('2D SPACE',''
  ) );
#4842 = PCURVE('',#126,#4843);
#4843 = DEFINITIONAL_REPRESENTATION('',(#4844),#4848);
#4844 = LINE('',#4845,#4846);
#4845 = CARTESIAN_POINT('',(146.59203684644,77.694986740604));
#4846 = VECTOR('',#4847,1.);
#4847 = DIRECTION('',(-0.980803105946,-0.195000685553));
#4848 = ( GEOMETRIC_REPRESENTATION_CONTEXT(2) 
PARAMETRIC_REPRESENTATION_CONTEXT() REPRESENTATION_CONTEXT('2D SPACE',''
  ) );
#4849 = ADVANCED_FACE('',(#4850),#4766,.T.);
#4850 = FACE_BOUND('',#4851,.T.);
#4851 = EDGE_LOOP('',(#4852,#4882,#4903,#4904));
#4852 = ORIENTED_EDGE('',*,*,#4853,.T.);
#4853 = EDGE_CURVE('',#4854,#4856,#4858,.T.);
#4854 = VERTEX_POINT('',#4855);
#4855 = CARTESIAN_POINT('',(246.34457678282,113.30240725658,-3.75));
#4856 = VERTEX_POINT('',#4857);
#4857 = CARTESIAN_POINT('',(246.34457678282,113.30240725658,3.75));
#4858 = SURFACE_CURVE('',#4859,(#4863,#4870),.PCURVE_S1.);
#4859 = LINE('',#4860,#4861);
#4860 = CARTESIAN_POINT('',(246.34457678282,113.30240725658,-3.75));
#4861 = VECTOR('',#4862,1.);
#4862 = DIRECTION('',(0.,0.,1.));
#4863 = PCURVE('',#4766,#4864);
#4864 = DEFINITIONAL_REPRESENTATION('',(#4865),#4869);
#4865 = LINE('',#4866,#4867);
#4866 = CARTESIAN_POINT('',(0.,0.));
#4867 = VECTOR('',#4868,1.);
#4868 = DIRECTION('',(0.,-1.));
#4869 = ( GEOMETRIC_REPRESENTATION_CONTEXT(2) 
PARAMETRIC_REPRESENTATION_CONTEXT() REPRESENTATION_CONTEXT('2D SPACE',''
  ) );
#4870 = PCURVE('',#4871,#4876);
#4871 = PLANE('',#4872);
#4872 = AXIS2_PLACEMENT_3D('',#4873,#4874,#4875);
#4873 = CARTESIAN_POINT('',(249.60649187936,113.24909186417,-3.75));
#4874 = DIRECTION('',(-1.634263019835E-02,-0.999866450301,0.));
#4875 = DIRECTION('',(-0.999866450301,1.634263019835E-02,0.));
#4876 = DEFINITIONAL_REPRESENTATION('',(#4877),#4881);
#4877 = LINE('',#4878,#4879);
#4878 = CARTESIAN_POINT('',(3.262350782503,0.));
#4879 = VECTOR('',#4880,1.);
#4880 = DIRECTION('',(0.,-1.));
#4881 = ( GEOMETRIC_REPRESENTATION_CONTEXT(2) 
PARAMETRIC_REPRESENTATION_CONTEXT() REPRESENTATION_CONTEXT('2D SPACE',''
  ) );
#4882 = ORIENTED_EDGE('',*,*,#4883,.T.);
#4883 = EDGE_CURVE('',#4856,#4746,#4884,.T.);
#4884 = SURFACE_CURVE('',#4885,(#4889,#4896),.PCURVE_S1.);
#4885 = LINE('',#4886,#4887);
#4886 = CARTESIAN_POINT('',(246.34457678282,113.30240725658,3.75));
#4887 = VECTOR('',#4888,1.);
#4888 = DIRECTION('',(-0.992148846046,-0.12506265346,0.));
#4889 = PCURVE('',#4766,#4890);
#4890 = DEFINITIONAL_REPRESENTATION('',(#4891),#4895);
#4891 = LINE('',#4892,#4893);
#4892 = CARTESIAN_POINT('',(0.,-7.5));
#4893 = VECTOR('',#4894,1.);
#4894 = DIRECTION('',(1.,0.));
#4895 = ( GEOMETRIC_REPRESENTATION_CONTEXT(2) 
PARAMETRIC_REPRESENTATION_CONTEXT() REPRESENTATION_CONTEXT('2D SPACE',''
  ) );
#4896 = PCURVE('',#72,#4897);
#4897 = DEFINITIONAL_REPRESENTATION('',(#4898),#4902);
#4898 = LINE('',#4899,#4900);
#4899 = CARTESIAN_POINT('',(149.82877441069,78.10298498598));
#4900 = VECTOR('',#4901,1.);
#4901 = DIRECTION('',(-0.992148846046,-0.12506265346));
#4902 = ( GEOMETRIC_REPRESENTATION_CONTEXT(2) 
PARAMETRIC_REPRESENTATION_CONTEXT() REPRESENTATION_CONTEXT('2D SPACE',''
  ) );
#4903 = ORIENTED_EDGE('',*,*,#4743,.F.);
#4904 = ORIENTED_EDGE('',*,*,#4905,.F.);
#4905 = EDGE_CURVE('',#4854,#4744,#4906,.T.);
#4906 = SURFACE_CURVE('',#4907,(#4911,#4918),.PCURVE_S1.);
#4907 = LINE('',#4908,#4909);
#4908 = CARTESIAN_POINT('',(246.34457678282,113.30240725658,-3.75));
#4909 = VECTOR('',#4910,1.);
#4910 = DIRECTION('',(-0.992148846046,-0.12506265346,0.));
#4911 = PCURVE('',#4766,#4912);
#4912 = DEFINITIONAL_REPRESENTATION('',(#4913),#4917);
#4913 = LINE('',#4914,#4915);
#4914 = CARTESIAN_POINT('',(0.,0.));
#4915 = VECTOR('',#4916,1.);
#4916 = DIRECTION('',(1.,0.));
#4917 = ( GEOMETRIC_REPRESENTATION_CONTEXT(2) 
PARAMETRIC_REPRESENTATION_CONTEXT() REPRESENTATION_CONTEXT('2D SPACE',''
  ) );
#4918 = PCURVE('',#126,#4919);
#4919 = DEFINITIONAL_REPRESENTATION('',(#4920),#4924);
#4920 = LINE('',#4921,#4922);
#4921 = CARTESIAN_POINT('',(149.82877441069,78.10298498598));
#4922 = VECTOR('',#4923,1.);
#4923 = DIRECTION('',(-0.992148846046,-0.12506265346));
#4924 = ( GEOMETRIC_REPRESENTATION_CONTEXT(2) 
PARAMETRIC_REPRESENTATION_CONTEXT() REPRESENTATION_CONTEXT('2D SPACE',''
  ) );
#4925 = ADVANCED_FACE('',(#4926),#4871,.T.);
#4926 = FACE_BOUND('',#4927,.T.);
#4927 = EDGE_LOOP('',(#4928,#4958,#4979,#4980));
#4928 = ORIENTED_EDGE('',*,*,#4929,.T.);
#4929 = EDGE_CURVE('',#4930,#4932,#4934,.T.);
#4930 = VERTEX_POINT('',#4931);
#4931 = CARTESIAN_POINT('',(249.60649187936,113.24909186417,-3.75));
#4932 = VERTEX_POINT('',#4933);
#4933 = CARTESIAN_POINT('',(249.60649187936,113.24909186417,3.75));
#4934 = SURFACE_CURVE('',#4935,(#4939,#4946),.PCURVE_S1.);
#4935 = LINE('',#4936,#4937);
#4936 = CARTESIAN_POINT('',(249.60649187936,113.24909186417,-3.75));
#4937 = VECTOR('',#4938,1.);
#4938 = DIRECTION('',(0.,0.,1.));
#4939 = PCURVE('',#4871,#4940);
#4940 = DEFINITIONAL_REPRESENTATION('',(#4941),#4945);
#4941 = LINE('',#4942,#4943);
#4942 = CARTESIAN_POINT('',(0.,0.));
#4943 = VECTOR('',#4944,1.);
#4944 = DIRECTION('',(0.,-1.));
#4945 = ( GEOMETRIC_REPRESENTATION_CONTEXT(2) 
PARAMETRIC_REPRESENTATION_CONTEXT() REPRESENTATION_CONTEXT('2D SPACE',''
  ) );
#4946 = PCURVE('',#4947,#4952);
#4947 = PLANE('',#4948);
#4948 = AXIS2_PLACEMENT_3D('',#4949,#4950,#4951);
#4949 = CARTESIAN_POINT('',(252.82816674983,112.73553207499,-3.75));
#4950 = DIRECTION('',(-0.157420162152,-0.987531717236,0.));
#4951 = DIRECTION('',(-0.987531717236,0.157420162152,0.));
#4952 = DEFINITIONAL_REPRESENTATION('',(#4953),#4957);
#4953 = LINE('',#4954,#4955);
#4954 = CARTESIAN_POINT('',(3.262350782503,0.));
#4955 = VECTOR('',#4956,1.);
#4956 = DIRECTION('',(0.,-1.));
#4957 = ( GEOMETRIC_REPRESENTATION_CONTEXT(2) 
PARAMETRIC_REPRESENTATION_CONTEXT() REPRESENTATION_CONTEXT('2D SPACE',''
  ) );
#4958 = ORIENTED_EDGE('',*,*,#4959,.T.);
#4959 = EDGE_CURVE('',#4932,#4856,#4960,.T.);
#4960 = SURFACE_CURVE('',#4961,(#4965,#4972),.PCURVE_S1.);
#4961 = LINE('',#4962,#4963);
#4962 = CARTESIAN_POINT('',(249.60649187936,113.24909186417,3.75));
#4963 = VECTOR('',#4964,1.);
#4964 = DIRECTION('',(-0.999866450301,1.634263019835E-02,0.));
#4965 = PCURVE('',#4871,#4966);
#4966 = DEFINITIONAL_REPRESENTATION('',(#4967),#4971);
#4967 = LINE('',#4968,#4969);
#4968 = CARTESIAN_POINT('',(0.,-7.5));
#4969 = VECTOR('',#4970,1.);
#4970 = DIRECTION('',(1.,0.));
#4971 = ( GEOMETRIC_REPRESENTATION_CONTEXT(2) 
PARAMETRIC_REPRESENTATION_CONTEXT() REPRESENTATION_CONTEXT('2D SPACE',''
  ) );
#4972 = PCURVE('',#72,#4973);
#4973 = DEFINITIONAL_REPRESENTATION('',(#4974),#4978);
#4974 = LINE('',#4975,#4976);
#4975 = CARTESIAN_POINT('',(153.09068950723,78.049669593565));
#4976 = VECTOR('',#4977,1.);
#4977 = DIRECTION('',(-0.999866450301,1.634263019835E-02));
#4978 = ( GEOMETRIC_REPRESENTATION_CONTEXT(2) 
PARAMETRIC_REPRESENTATION_CONTEXT() REPRESENTATION_CONTEXT('2D SPACE',''
  ) );
#4979 = ORIENTED_EDGE('',*,*,#4853,.F.);
#4980 = ORIENTED_EDGE('',*,*,#4981,.F.);
#4981 = EDGE_CURVE('',#4930,#4854,#4982,.T.);
#4982 = SURFACE_CURVE('',#4983,(#4987,#4994),.PCURVE_S1.);
#4983 = LINE('',#4984,#4985);
#4984 = CARTESIAN_POINT('',(249.60649187936,113.24909186417,-3.75));
#4985 = VECTOR('',#4986,1.);
#4986 = DIRECTION('',(-0.999866450301,1.634263019835E-02,0.));
#4987 = PCURVE('',#4871,#4988);
#4988 = DEFINITIONAL_REPRESENTATION('',(#4989),#4993);
#4989 = LINE('',#4990,#4991);
#4990 = CARTESIAN_POINT('',(0.,0.));
#4991 = VECTOR('',#4992,1.);
#4992 = DIRECTION('',(1.,0.));
#4993 = ( GEOMETRIC_REPRESENTATION_CONTEXT(2) 
PARAMETRIC_REPRESENTATION_CONTEXT() REPRESENTATION_CONTEXT('2D SPACE',''
  ) );
#4994 = PCURVE('',#126,#4995);
#4995 = DEFINITIONAL_REPRESENTATION('',(#4996),#5000);
#4996 = LINE('',#4997,#4998);
#4997 = CARTESIAN_POINT('',(153.09068950723,78.049669593565));
#4998 = VECTOR('',#4999,1.);
#4999 = DIRECTION('',(-0.999866450301,1.634263019835E-02));
#5000 = ( GEOMETRIC_REPRESENTATION_CONTEXT(2) 
PARAMETRIC_REPRESENTATION_CONTEXT() REPRESENTATION_CONTEXT('2D SPACE',''
  ) );
#5001 = ADVANCED_FACE('',(#5002),#4947,.T.);
#5002 = FACE_BOUND('',#5003,.T.);
#5003 = EDGE_LOOP('',(#5004,#5034,#5055,#5056));
#5004 = ORIENTED_EDGE('',*,*,#5005,.T.);
#5005 = EDGE_CURVE('',#5006,#5008,#5010,.T.);
#5006 = VERTEX_POINT('',#5007);
#5007 = CARTESIAN_POINT('',(252.82816674983,112.73553207499,-3.75));
#5008 = VERTEX_POINT('',#5009);
#5009 = CARTESIAN_POINT('',(252.82816674983,112.73553207499,3.75));
#5010 = SURFACE_CURVE('',#5011,(#5015,#5022),.PCURVE_S1.);
#5011 = LINE('',#5012,#5013);
#5012 = CARTESIAN_POINT('',(252.82816674983,112.73553207499,-3.75));
#5013 = VECTOR('',#5014,1.);
#5014 = DIRECTION('',(0.,0.,1.));
#5015 = PCURVE('',#4947,#5016);
#5016 = DEFINITIONAL_REPRESENTATION('',(#5017),#5021);
#5017 = LINE('',#5018,#5019);
#5018 = CARTESIAN_POINT('',(0.,0.));
#5019 = VECTOR('',#5020,1.);
#5020 = DIRECTION('',(0.,-1.));
#5021 = ( GEOMETRIC_REPRESENTATION_CONTEXT(2) 
PARAMETRIC_REPRESENTATION_CONTEXT() REPRESENTATION_CONTEXT('2D SPACE',''
  ) );
#5022 = PCURVE('',#5023,#5028);
#5023 = PLANE('',#5024);
#5024 = AXIS2_PLACEMENT_3D('',#5025,#5026,#5027);
#5025 = CARTESIAN_POINT('',(255.94499065425,111.77202733867,-3.75));
#5026 = DIRECTION('',(-0.295340630288,-0.955392020116,0.));
#5027 = DIRECTION('',(-0.955392020116,0.295340630288,0.));
#5028 = DEFINITIONAL_REPRESENTATION('',(#5029),#5033);
#5029 = LINE('',#5030,#5031);
#5030 = CARTESIAN_POINT('',(3.262350782503,0.));
#5031 = VECTOR('',#5032,1.);
#5032 = DIRECTION('',(0.,-1.));
#5033 = ( GEOMETRIC_REPRESENTATION_CONTEXT(2) 
PARAMETRIC_REPRESENTATION_CONTEXT() REPRESENTATION_CONTEXT('2D SPACE',''
  ) );
#5034 = ORIENTED_EDGE('',*,*,#5035,.T.);
#5035 = EDGE_CURVE('',#5008,#4932,#5036,.T.);
#5036 = SURFACE_CURVE('',#5037,(#5041,#5048),.PCURVE_S1.);
#5037 = LINE('',#5038,#5039);
#5038 = CARTESIAN_POINT('',(252.82816674983,112.73553207499,3.75));
#5039 = VECTOR('',#5040,1.);
#5040 = DIRECTION('',(-0.987531717236,0.157420162152,0.));
#5041 = PCURVE('',#4947,#5042);
#5042 = DEFINITIONAL_REPRESENTATION('',(#5043),#5047);
#5043 = LINE('',#5044,#5045);
#5044 = CARTESIAN_POINT('',(0.,-7.5));
#5045 = VECTOR('',#5046,1.);
#5046 = DIRECTION('',(1.,0.));
#5047 = ( GEOMETRIC_REPRESENTATION_CONTEXT(2) 
PARAMETRIC_REPRESENTATION_CONTEXT() REPRESENTATION_CONTEXT('2D SPACE',''
  ) );
#5048 = PCURVE('',#72,#5049);
#5049 = DEFINITIONAL_REPRESENTATION('',(#5050),#5054);
#5050 = LINE('',#5051,#5052);
#5051 = CARTESIAN_POINT('',(156.31236437771,77.536109804387));
#5052 = VECTOR('',#5053,1.);
#5053 = DIRECTION('',(-0.987531717236,0.157420162152));
#5054 = ( GEOMETRIC_REPRESENTATION_CONTEXT(2) 
PARAMETRIC_REPRESENTATION_CONTEXT() REPRESENTATION_CONTEXT('2D SPACE',''
  ) );
#5055 = ORIENTED_EDGE('',*,*,#4929,.F.);
#5056 = ORIENTED_EDGE('',*,*,#5057,.F.);
#5057 = EDGE_CURVE('',#5006,#4930,#5058,.T.);
#5058 = SURFACE_CURVE('',#5059,(#5063,#5070),.PCURVE_S1.);
#5059 = LINE('',#5060,#5061);
#5060 = CARTESIAN_POINT('',(252.82816674983,112.73553207499,-3.75));
#5061 = VECTOR('',#5062,1.);
#5062 = DIRECTION('',(-0.987531717236,0.157420162152,0.));
#5063 = PCURVE('',#4947,#5064);
#5064 = DEFINITIONAL_REPRESENTATION('',(#5065),#5069);
#5065 = LINE('',#5066,#5067);
#5066 = CARTESIAN_POINT('',(0.,0.));
#5067 = VECTOR('',#5068,1.);
#5068 = DIRECTION('',(1.,0.));
#5069 = ( GEOMETRIC_REPRESENTATION_CONTEXT(2) 
PARAMETRIC_REPRESENTATION_CONTEXT() REPRESENTATION_CONTEXT('2D SPACE',''
  ) );
#5070 = PCURVE('',#126,#5071);
#5071 = DEFINITIONAL_REPRESENTATION('',(#5072),#5076);
#5072 = LINE('',#5073,#5074);
#5073 = CARTESIAN_POINT('',(156.31236437771,77.536109804387));
#5074 = VECTOR('',#5075,1.);
#5075 = DIRECTION('',(-0.987531717236,0.157420162152));
#5076 = ( GEOMETRIC_REPRESENTATION_CONTEXT(2) 
PARAMETRIC_REPRESENTATION_CONTEXT() REPRESENTATION_CONTEXT('2D SPACE',''
  ) );
#5077 = ADVANCED_FACE('',(#5078),#5023,.T.);
#5078 = FACE_BOUND('',#5079,.T.);
#5079 = EDGE_LOOP('',(#5080,#5110,#5131,#5132));
#5080 = ORIENTED_EDGE('',*,*,#5081,.T.);
#5081 = EDGE_CURVE('',#5082,#5084,#5086,.T.);
#5082 = VERTEX_POINT('',#5083);
#5083 = CARTESIAN_POINT('',(255.94499065425,111.77202733867,-3.75));
#5084 = VERTEX_POINT('',#5085);
#5085 = CARTESIAN_POINT('',(255.94499065425,111.77202733867,3.75));
#5086 = SURFACE_CURVE('',#5087,(#5091,#5098),.PCURVE_S1.);
#5087 = LINE('',#5088,#5089);
#5088 = CARTESIAN_POINT('',(255.94499065425,111.77202733867,-3.75));
#5089 = VECTOR('',#5090,1.);
#5090 = DIRECTION('',(0.,0.,1.));
#5091 = PCURVE('',#5023,#5092);
#5092 = DEFINITIONAL_REPRESENTATION('',(#5093),#5097);
#5093 = LINE('',#5094,#5095);
#5094 = CARTESIAN_POINT('',(0.,0.));
#5095 = VECTOR('',#5096,1.);
#5096 = DIRECTION('',(0.,-1.));
#5097 = ( GEOMETRIC_REPRESENTATION_CONTEXT(2) 
PARAMETRIC_REPRESENTATION_CONTEXT() REPRESENTATION_CONTEXT('2D SPACE',''
  ) );
#5098 = PCURVE('',#5099,#5104);
#5099 = PLANE('',#5100);
#5100 = AXIS2_PLACEMENT_3D('',#5101,#5102,#5103);
#5101 = CARTESIAN_POINT('',(258.8944556404,110.37790075777,-3.75));
#5102 = DIRECTION('',(-0.427338037458,-0.904091921069,0.));
#5103 = DIRECTION('',(-0.904091921069,0.427338037458,0.));
#5104 = DEFINITIONAL_REPRESENTATION('',(#5105),#5109);
#5105 = LINE('',#5106,#5107);
#5106 = CARTESIAN_POINT('',(3.262350782503,0.));
#5107 = VECTOR('',#5108,1.);
#5108 = DIRECTION('',(0.,-1.));
#5109 = ( GEOMETRIC_REPRESENTATION_CONTEXT(2) 
PARAMETRIC_REPRESENTATION_CONTEXT() REPRESENTATION_CONTEXT('2D SPACE',''
  ) );
#5110 = ORIENTED_EDGE('',*,*,#5111,.T.);
#5111 = EDGE_CURVE('',#5084,#5008,#5112,.T.);
#5112 = SURFACE_CURVE('',#5113,(#5117,#5124),.PCURVE_S1.);
#5113 = LINE('',#5114,#5115);
#5114 = CARTESIAN_POINT('',(255.94499065425,111.77202733867,3.75));
#5115 = VECTOR('',#5116,1.);
#5116 = DIRECTION('',(-0.955392020116,0.295340630288,0.));
#5117 = PCURVE('',#5023,#5118);
#5118 = DEFINITIONAL_REPRESENTATION('',(#5119),#5123);
#5119 = LINE('',#5120,#5121);
#5120 = CARTESIAN_POINT('',(0.,-7.5));
#5121 = VECTOR('',#5122,1.);
#5122 = DIRECTION('',(1.,0.));
#5123 = ( GEOMETRIC_REPRESENTATION_CONTEXT(2) 
PARAMETRIC_REPRESENTATION_CONTEXT() REPRESENTATION_CONTEXT('2D SPACE',''
  ) );
#5124 = PCURVE('',#72,#5125);
#5125 = DEFINITIONAL_REPRESENTATION('',(#5126),#5130);
#5126 = LINE('',#5127,#5128);
#5127 = CARTESIAN_POINT('',(159.42918828213,76.572605068062));
#5128 = VECTOR('',#5129,1.);
#5129 = DIRECTION('',(-0.955392020116,0.295340630288));
#5130 = ( GEOMETRIC_REPRESENTATION_CONTEXT(2) 
PARAMETRIC_REPRESENTATION_CONTEXT() REPRESENTATION_CONTEXT('2D SPACE',''
  ) );
#5131 = ORIENTED_EDGE('',*,*,#5005,.F.);
#5132 = ORIENTED_EDGE('',*,*,#5133,.F.);
#5133 = EDGE_CURVE('',#5082,#5006,#5134,.T.);
#5134 = SURFACE_CURVE('',#5135,(#5139,#5146),.PCURVE_S1.);
#5135 = LINE('',#5136,#5137);
#5136 = CARTESIAN_POINT('',(255.94499065425,111.77202733867,-3.75));
#5137 = VECTOR('',#5138,1.);
#5138 = DIRECTION('',(-0.955392020116,0.295340630288,0.));
#5139 = PCURVE('',#5023,#5140);
#5140 = DEFINITIONAL_REPRESENTATION('',(#5141),#5145);
#5141 = LINE('',#5142,#5143);
#5142 = CARTESIAN_POINT('',(0.,0.));
#5143 = VECTOR('',#5144,1.);
#5144 = DIRECTION('',(1.,0.));
#5145 = ( GEOMETRIC_REPRESENTATION_CONTEXT(2) 
PARAMETRIC_REPRESENTATION_CONTEXT() REPRESENTATION_CONTEXT('2D SPACE',''
  ) );
#5146 = PCURVE('',#126,#5147);
#5147 = DEFINITIONAL_REPRESENTATION('',(#5148),#5152);
#5148 = LINE('',#5149,#5150);
#5149 = CARTESIAN_POINT('',(159.42918828213,76.572605068062));
#5150 = VECTOR('',#5151,1.);
#5151 = DIRECTION('',(-0.955392020116,0.295340630288));
#5152 = ( GEOMETRIC_REPRESENTATION_CONTEXT(2) 
PARAMETRIC_REPRESENTATION_CONTEXT() REPRESENTATION_CONTEXT('2D SPACE',''
  ) );
#5153 = ADVANCED_FACE('',(#5154),#5099,.T.);
#5154 = FACE_BOUND('',#5155,.T.);
#5155 = EDGE_LOOP('',(#5156,#5186,#5207,#5208));
#5156 = ORIENTED_EDGE('',*,*,#5157,.T.);
#5157 = EDGE_CURVE('',#5158,#5160,#5162,.T.);
#5158 = VERTEX_POINT('',#5159);
#5159 = CARTESIAN_POINT('',(258.8944556404,110.37790075777,-3.75));
#5160 = VERTEX_POINT('',#5161);
#5161 = CARTESIAN_POINT('',(258.8944556404,110.37790075777,3.75));
#5162 = SURFACE_CURVE('',#5163,(#5167,#5174),.PCURVE_S1.);
#5163 = LINE('',#5164,#5165);
#5164 = CARTESIAN_POINT('',(258.8944556404,110.37790075777,-3.75));
#5165 = VECTOR('',#5166,1.);
#5166 = DIRECTION('',(0.,0.,1.));
#5167 = PCURVE('',#5099,#5168);
#5168 = DEFINITIONAL_REPRESENTATION('',(#5169),#5173);
#5169 = LINE('',#5170,#5171);
#5170 = CARTESIAN_POINT('',(0.,0.));
#5171 = VECTOR('',#5172,1.);
#5172 = DIRECTION('',(0.,-1.));
#5173 = ( GEOMETRIC_REPRESENTATION_CONTEXT(2) 
PARAMETRIC_REPRESENTATION_CONTEXT() REPRESENTATION_CONTEXT('2D SPACE',''
  ) );
#5174 = PCURVE('',#5175,#5180);
#5175 = PLANE('',#5176);
#5176 = AXIS2_PLACEMENT_3D('',#5177,#5178,#5179);
#5177 = CARTESIAN_POINT('',(261.61741014179,108.58111156272,-3.75));
#5178 = DIRECTION('',(-0.550765173594,-0.834660244384,0.));
#5179 = DIRECTION('',(-0.834660244384,0.550765173594,0.));
#5180 = DEFINITIONAL_REPRESENTATION('',(#5181),#5185);
#5181 = LINE('',#5182,#5183);
#5182 = CARTESIAN_POINT('',(3.262350782503,0.));
#5183 = VECTOR('',#5184,1.);
#5184 = DIRECTION('',(0.,-1.));
#5185 = ( GEOMETRIC_REPRESENTATION_CONTEXT(2) 
PARAMETRIC_REPRESENTATION_CONTEXT() REPRESENTATION_CONTEXT('2D SPACE',''
  ) );
#5186 = ORIENTED_EDGE('',*,*,#5187,.T.);
#5187 = EDGE_CURVE('',#5160,#5084,#5188,.T.);
#5188 = SURFACE_CURVE('',#5189,(#5193,#5200),.PCURVE_S1.);
#5189 = LINE('',#5190,#5191);
#5190 = CARTESIAN_POINT('',(258.8944556404,110.37790075777,3.75));
#5191 = VECTOR('',#5192,1.);
#5192 = DIRECTION('',(-0.904091921069,0.427338037458,0.));
#5193 = PCURVE('',#5099,#5194);
#5194 = DEFINITIONAL_REPRESENTATION('',(#5195),#5199);
#5195 = LINE('',#5196,#5197);
#5196 = CARTESIAN_POINT('',(0.,-7.5));
#5197 = VECTOR('',#5198,1.);
#5198 = DIRECTION('',(1.,0.));
#5199 = ( GEOMETRIC_REPRESENTATION_CONTEXT(2) 
PARAMETRIC_REPRESENTATION_CONTEXT() REPRESENTATION_CONTEXT('2D SPACE',''
  ) );
#5200 = PCURVE('',#72,#5201);
#5201 = DEFINITIONAL_REPRESENTATION('',(#5202),#5206);
#5202 = LINE('',#5203,#5204);
#5203 = CARTESIAN_POINT('',(162.37865326828,75.178478487167));
#5204 = VECTOR('',#5205,1.);
#5205 = DIRECTION('',(-0.904091921069,0.427338037458));
#5206 = ( GEOMETRIC_REPRESENTATION_CONTEXT(2) 
PARAMETRIC_REPRESENTATION_CONTEXT() REPRESENTATION_CONTEXT('2D SPACE',''
  ) );
#5207 = ORIENTED_EDGE('',*,*,#5081,.F.);
#5208 = ORIENTED_EDGE('',*,*,#5209,.F.);
#5209 = EDGE_CURVE('',#5158,#5082,#5210,.T.);
#5210 = SURFACE_CURVE('',#5211,(#5215,#5222),.PCURVE_S1.);
#5211 = LINE('',#5212,#5213);
#5212 = CARTESIAN_POINT('',(258.8944556404,110.37790075777,-3.75));
#5213 = VECTOR('',#5214,1.);
#5214 = DIRECTION('',(-0.904091921069,0.427338037458,0.));
#5215 = PCURVE('',#5099,#5216);
#5216 = DEFINITIONAL_REPRESENTATION('',(#5217),#5221);
#5217 = LINE('',#5218,#5219);
#5218 = CARTESIAN_POINT('',(0.,0.));
#5219 = VECTOR('',#5220,1.);
#5220 = DIRECTION('',(1.,0.));
#5221 = ( GEOMETRIC_REPRESENTATION_CONTEXT(2) 
PARAMETRIC_REPRESENTATION_CONTEXT() REPRESENTATION_CONTEXT('2D SPACE',''
  ) );
#5222 = PCURVE('',#126,#5223);
#5223 = DEFINITIONAL_REPRESENTATION('',(#5224),#5228);
#5224 = LINE('',#5225,#5226);
#5225 = CARTESIAN_POINT('',(162.37865326828,75.178478487167));
#5226 = VECTOR('',#5227,1.);
#5227 = DIRECTION('',(-0.904091921069,0.427338037458));
#5228 = ( GEOMETRIC_REPRESENTATION_CONTEXT(2) 
PARAMETRIC_REPRESENTATION_CONTEXT() REPRESENTATION_CONTEXT('2D SPACE',''
  ) );
#5229 = ADVANCED_FACE('',(#5230),#5175,.T.);
#5230 = FACE_BOUND('',#5231,.T.);
#5231 = EDGE_LOOP('',(#5232,#5262,#5283,#5284));
#5232 = ORIENTED_EDGE('',*,*,#5233,.T.);
#5233 = EDGE_CURVE('',#5234,#5236,#5238,.T.);
#5234 = VERTEX_POINT('',#5235);
#5235 = CARTESIAN_POINT('',(261.61741014179,108.58111156272,-3.75));
#5236 = VERTEX_POINT('',#5237);
#5237 = CARTESIAN_POINT('',(261.61741014179,108.58111156272,3.75));
#5238 = SURFACE_CURVE('',#5239,(#5243,#5250),.PCURVE_S1.);
#5239 = LINE('',#5240,#5241);
#5240 = CARTESIAN_POINT('',(261.61741014179,108.58111156272,-3.75));
#5241 = VECTOR('',#5242,1.);
#5242 = DIRECTION('',(0.,0.,1.));
#5243 = PCURVE('',#5175,#5244);
#5244 = DEFINITIONAL_REPRESENTATION('',(#5245),#5249);
#5245 = LINE('',#5246,#5247);
#5246 = CARTESIAN_POINT('',(0.,0.));
#5247 = VECTOR('',#5248,1.);
#5248 = DIRECTION('',(0.,-1.));
#5249 = ( GEOMETRIC_REPRESENTATION_CONTEXT(2) 
PARAMETRIC_REPRESENTATION_CONTEXT() REPRESENTATION_CONTEXT('2D SPACE',''
  ) );
#5250 = PCURVE('',#5251,#5256);
#5251 = PLANE('',#5252);
#5252 = AXIS2_PLACEMENT_3D('',#5253,#5254,#5255);
#5253 = CARTESIAN_POINT('',(264.05924526325,106.41769438896,-3.75));
#5254 = DIRECTION('',(-0.663146705548,-0.748489443427,0.));
#5255 = DIRECTION('',(-0.748489443427,0.663146705548,0.));
#5256 = DEFINITIONAL_REPRESENTATION('',(#5257),#5261);
#5257 = LINE('',#5258,#5259);
#5258 = CARTESIAN_POINT('',(3.262350782503,0.));
#5259 = VECTOR('',#5260,1.);
#5260 = DIRECTION('',(0.,-1.));
#5261 = ( GEOMETRIC_REPRESENTATION_CONTEXT(2) 
PARAMETRIC_REPRESENTATION_CONTEXT() REPRESENTATION_CONTEXT('2D SPACE',''
  ) );
#5262 = ORIENTED_EDGE('',*,*,#5263,.T.);
#5263 = EDGE_CURVE('',#5236,#5160,#5264,.T.);
#5264 = SURFACE_CURVE('',#5265,(#5269,#5276),.PCURVE_S1.);
#5265 = LINE('',#5266,#5267);
#5266 = CARTESIAN_POINT('',(261.61741014179,108.58111156272,3.75));
#5267 = VECTOR('',#5268,1.);
#5268 = DIRECTION('',(-0.834660244384,0.550765173594,0.));
#5269 = PCURVE('',#5175,#5270);
#5270 = DEFINITIONAL_REPRESENTATION('',(#5271),#5275);
#5271 = LINE('',#5272,#5273);
#5272 = CARTESIAN_POINT('',(0.,-7.5));
#5273 = VECTOR('',#5274,1.);
#5274 = DIRECTION('',(1.,0.));
#5275 = ( GEOMETRIC_REPRESENTATION_CONTEXT(2) 
PARAMETRIC_REPRESENTATION_CONTEXT() REPRESENTATION_CONTEXT('2D SPACE',''
  ) );
#5276 = PCURVE('',#72,#5277);
#5277 = DEFINITIONAL_REPRESENTATION('',(#5278),#5282);
#5278 = LINE('',#5279,#5280);
#5279 = CARTESIAN_POINT('',(165.10160776967,73.381689292117));
#5280 = VECTOR('',#5281,1.);
#5281 = DIRECTION('',(-0.834660244384,0.550765173594));
#5282 = ( GEOMETRIC_REPRESENTATION_CONTEXT(2) 
PARAMETRIC_REPRESENTATION_CONTEXT() REPRESENTATION_CONTEXT('2D SPACE',''
  ) );
#5283 = ORIENTED_EDGE('',*,*,#5157,.F.);
#5284 = ORIENTED_EDGE('',*,*,#5285,.F.);
#5285 = EDGE_CURVE('',#5234,#5158,#5286,.T.);
#5286 = SURFACE_CURVE('',#5287,(#5291,#5298),.PCURVE_S1.);
#5287 = LINE('',#5288,#5289);
#5288 = CARTESIAN_POINT('',(261.61741014179,108.58111156272,-3.75));
#5289 = VECTOR('',#5290,1.);
#5290 = DIRECTION('',(-0.834660244384,0.550765173594,0.));
#5291 = PCURVE('',#5175,#5292);
#5292 = DEFINITIONAL_REPRESENTATION('',(#5293),#5297);
#5293 = LINE('',#5294,#5295);
#5294 = CARTESIAN_POINT('',(0.,0.));
#5295 = VECTOR('',#5296,1.);
#5296 = DIRECTION('',(1.,0.));
#5297 = ( GEOMETRIC_REPRESENTATION_CONTEXT(2) 
PARAMETRIC_REPRESENTATION_CONTEXT() REPRESENTATION_CONTEXT('2D SPACE',''
  ) );
#5298 = PCURVE('',#126,#5299);
#5299 = DEFINITIONAL_REPRESENTATION('',(#5300),#5304);
#5300 = LINE('',#5301,#5302);
#5301 = CARTESIAN_POINT('',(165.10160776967,73.381689292117));
#5302 = VECTOR('',#5303,1.);
#5303 = DIRECTION('',(-0.834660244384,0.550765173594));
#5304 = ( GEOMETRIC_REPRESENTATION_CONTEXT(2) 
PARAMETRIC_REPRESENTATION_CONTEXT() REPRESENTATION_CONTEXT('2D SPACE',''
  ) );
#5305 = ADVANCED_FACE('',(#5306),#5251,.T.);
#5306 = FACE_BOUND('',#5307,.T.);
#5307 = EDGE_LOOP('',(#5308,#5338,#5359,#5360));
#5308 = ORIENTED_EDGE('',*,*,#5309,.T.);
#5309 = EDGE_CURVE('',#5310,#5312,#5314,.T.);
#5310 = VERTEX_POINT('',#5311);
#5311 = CARTESIAN_POINT('',(264.05924526325,106.41769438896,-3.75));
#5312 = VERTEX_POINT('',#5313);
#5313 = CARTESIAN_POINT('',(264.05924526325,106.41769438896,3.75));
#5314 = SURFACE_CURVE('',#5315,(#5319,#5326),.PCURVE_S1.);
#5315 = LINE('',#5316,#5317);
#5316 = CARTESIAN_POINT('',(264.05924526325,106.41769438896,-3.75));
#5317 = VECTOR('',#5318,1.);
#5318 = DIRECTION('',(0.,0.,1.));
#5319 = PCURVE('',#5251,#5320);
#5320 = DEFINITIONAL_REPRESENTATION('',(#5321),#5325);
#5321 = LINE('',#5322,#5323);
#5322 = CARTESIAN_POINT('',(0.,0.));
#5323 = VECTOR('',#5324,1.);
#5324 = DIRECTION('',(0.,-1.));
#5325 = ( GEOMETRIC_REPRESENTATION_CONTEXT(2) 
PARAMETRIC_REPRESENTATION_CONTEXT() REPRESENTATION_CONTEXT('2D SPACE',''
  ) );
#5326 = PCURVE('',#5327,#5332);
#5327 = PLANE('',#5328);
#5328 = AXIS2_PLACEMENT_3D('',#5329,#5330,#5331);
#5329 = CARTESIAN_POINT('',(266.17098996317,103.9310366018,-3.75));
#5330 = DIRECTION('',(-0.762228819935,-0.647307674958,0.));
#5331 = DIRECTION('',(-0.647307674958,0.762228819935,0.));
#5332 = DEFINITIONAL_REPRESENTATION('',(#5333),#5337);
#5333 = LINE('',#5334,#5335);
#5334 = CARTESIAN_POINT('',(3.262350782503,0.));
#5335 = VECTOR('',#5336,1.);
#5336 = DIRECTION('',(0.,-1.));
#5337 = ( GEOMETRIC_REPRESENTATION_CONTEXT(2) 
PARAMETRIC_REPRESENTATION_CONTEXT() REPRESENTATION_CONTEXT('2D SPACE',''
  ) );
#5338 = ORIENTED_EDGE('',*,*,#5339,.T.);
#5339 = EDGE_CURVE('',#5312,#5236,#5340,.T.);
#5340 = SURFACE_CURVE('',#5341,(#5345,#5352),.PCURVE_S1.);
#5341 = LINE('',#5342,#5343);
#5342 = CARTESIAN_POINT('',(264.05924526325,106.41769438896,3.75));
#5343 = VECTOR('',#5344,1.);
#5344 = DIRECTION('',(-0.748489443427,0.663146705548,0.));
#5345 = PCURVE('',#5251,#5346);
#5346 = DEFINITIONAL_REPRESENTATION('',(#5347),#5351);
#5347 = LINE('',#5348,#5349);
#5348 = CARTESIAN_POINT('',(0.,-7.5));
#5349 = VECTOR('',#5350,1.);
#5350 = DIRECTION('',(1.,0.));
#5351 = ( GEOMETRIC_REPRESENTATION_CONTEXT(2) 
PARAMETRIC_REPRESENTATION_CONTEXT() REPRESENTATION_CONTEXT('2D SPACE',''
  ) );
#5352 = PCURVE('',#72,#5353);
#5353 = DEFINITIONAL_REPRESENTATION('',(#5354),#5358);
#5354 = LINE('',#5355,#5356);
#5355 = CARTESIAN_POINT('',(167.54344289113,71.218272118359));
#5356 = VECTOR('',#5357,1.);
#5357 = DIRECTION('',(-0.748489443427,0.663146705548));
#5358 = ( GEOMETRIC_REPRESENTATION_CONTEXT(2) 
PARAMETRIC_REPRESENTATION_CONTEXT() REPRESENTATION_CONTEXT('2D SPACE',''
  ) );
#5359 = ORIENTED_EDGE('',*,*,#5233,.F.);
#5360 = ORIENTED_EDGE('',*,*,#5361,.F.);
#5361 = EDGE_CURVE('',#5310,#5234,#5362,.T.);
#5362 = SURFACE_CURVE('',#5363,(#5367,#5374),.PCURVE_S1.);
#5363 = LINE('',#5364,#5365);
#5364 = CARTESIAN_POINT('',(264.05924526325,106.41769438896,-3.75));
#5365 = VECTOR('',#5366,1.);
#5366 = DIRECTION('',(-0.748489443427,0.663146705548,0.));
#5367 = PCURVE('',#5251,#5368);
#5368 = DEFINITIONAL_REPRESENTATION('',(#5369),#5373);
#5369 = LINE('',#5370,#5371);
#5370 = CARTESIAN_POINT('',(0.,0.));
#5371 = VECTOR('',#5372,1.);
#5372 = DIRECTION('',(1.,0.));
#5373 = ( GEOMETRIC_REPRESENTATION_CONTEXT(2) 
PARAMETRIC_REPRESENTATION_CONTEXT() REPRESENTATION_CONTEXT('2D SPACE',''
  ) );
#5374 = PCURVE('',#126,#5375);
#5375 = DEFINITIONAL_REPRESENTATION('',(#5376),#5380);
#5376 = LINE('',#5377,#5378);
#5377 = CARTESIAN_POINT('',(167.54344289113,71.218272118359));
#5378 = VECTOR('',#5379,1.);
#5379 = DIRECTION('',(-0.748489443427,0.663146705548));
#5380 = ( GEOMETRIC_REPRESENTATION_CONTEXT(2) 
PARAMETRIC_REPRESENTATION_CONTEXT() REPRESENTATION_CONTEXT('2D SPACE',''
  ) );
#5381 = ADVANCED_FACE('',(#5382),#5327,.T.);
#5382 = FACE_BOUND('',#5383,.T.);
#5383 = EDGE_LOOP('',(#5384,#5414,#5435,#5436));
#5384 = ORIENTED_EDGE('',*,*,#5385,.T.);
#5385 = EDGE_CURVE('',#5386,#5388,#5390,.T.);
#5386 = VERTEX_POINT('',#5387);
#5387 = CARTESIAN_POINT('',(266.17098996317,103.9310366018,-3.75));
#5388 = VERTEX_POINT('',#5389);
#5389 = CARTESIAN_POINT('',(266.17098996317,103.9310366018,3.75));
#5390 = SURFACE_CURVE('',#5391,(#5395,#5402),.PCURVE_S1.);
#5391 = LINE('',#5392,#5393);
#5392 = CARTESIAN_POINT('',(266.17098996317,103.9310366018,-3.75));
#5393 = VECTOR('',#5394,1.);
#5394 = DIRECTION('',(0.,0.,1.));
#5395 = PCURVE('',#5327,#5396);
#5396 = DEFINITIONAL_REPRESENTATION('',(#5397),#5401);
#5397 = LINE('',#5398,#5399);
#5398 = CARTESIAN_POINT('',(0.,0.));
#5399 = VECTOR('',#5400,1.);
#5400 = DIRECTION('',(0.,-1.));
#5401 = ( GEOMETRIC_REPRESENTATION_CONTEXT(2) 
PARAMETRIC_REPRESENTATION_CONTEXT() REPRESENTATION_CONTEXT('2D SPACE',''
  ) );
#5402 = PCURVE('',#5403,#5408);
#5403 = PLANE('',#5404);
#5404 = AXIS2_PLACEMENT_3D('',#5405,#5406,#5407);
#5405 = CARTESIAN_POINT('',(267.91029316853,101.1710081621,-3.75));
#5406 = DIRECTION('',(-0.846024423401,-0.533144140931,0.));
#5407 = DIRECTION('',(-0.533144140931,0.846024423401,0.));
#5408 = DEFINITIONAL_REPRESENTATION('',(#5409),#5413);
#5409 = LINE('',#5410,#5411);
#5410 = CARTESIAN_POINT('',(3.262350782503,0.));
#5411 = VECTOR('',#5412,1.);
#5412 = DIRECTION('',(0.,-1.));
#5413 = ( GEOMETRIC_REPRESENTATION_CONTEXT(2) 
PARAMETRIC_REPRESENTATION_CONTEXT() REPRESENTATION_CONTEXT('2D SPACE',''
  ) );
#5414 = ORIENTED_EDGE('',*,*,#5415,.T.);
#5415 = EDGE_CURVE('',#5388,#5312,#5416,.T.);
#5416 = SURFACE_CURVE('',#5417,(#5421,#5428),.PCURVE_S1.);
#5417 = LINE('',#5418,#5419);
#5418 = CARTESIAN_POINT('',(266.17098996317,103.9310366018,3.75));
#5419 = VECTOR('',#5420,1.);
#5420 = DIRECTION('',(-0.647307674958,0.762228819935,0.));
#5421 = PCURVE('',#5327,#5422);
#5422 = DEFINITIONAL_REPRESENTATION('',(#5423),#5427);
#5423 = LINE('',#5424,#5425);
#5424 = CARTESIAN_POINT('',(0.,-7.5));
#5425 = VECTOR('',#5426,1.);
#5426 = DIRECTION('',(1.,0.));
#5427 = ( GEOMETRIC_REPRESENTATION_CONTEXT(2) 
PARAMETRIC_REPRESENTATION_CONTEXT() REPRESENTATION_CONTEXT('2D SPACE',''
  ) );
#5428 = PCURVE('',#72,#5429);
#5429 = DEFINITIONAL_REPRESENTATION('',(#5430),#5434);
#5430 = LINE('',#5431,#5432);
#5431 = CARTESIAN_POINT('',(169.65518759105,68.731614331197));
#5432 = VECTOR('',#5433,1.);
#5433 = DIRECTION('',(-0.647307674958,0.762228819935));
#5434 = ( GEOMETRIC_REPRESENTATION_CONTEXT(2) 
PARAMETRIC_REPRESENTATION_CONTEXT() REPRESENTATION_CONTEXT('2D SPACE',''
  ) );
#5435 = ORIENTED_EDGE('',*,*,#5309,.F.);
#5436 = ORIENTED_EDGE('',*,*,#5437,.F.);
#5437 = EDGE_CURVE('',#5386,#5310,#5438,.T.);
#5438 = SURFACE_CURVE('',#5439,(#5443,#5450),.PCURVE_S1.);
#5439 = LINE('',#5440,#5441);
#5440 = CARTESIAN_POINT('',(266.17098996317,103.9310366018,-3.75));
#5441 = VECTOR('',#5442,1.);
#5442 = DIRECTION('',(-0.647307674958,0.762228819935,0.));
#5443 = PCURVE('',#5327,#5444);
#5444 = DEFINITIONAL_REPRESENTATION('',(#5445),#5449);
#5445 = LINE('',#5446,#5447);
#5446 = CARTESIAN_POINT('',(0.,0.));
#5447 = VECTOR('',#5448,1.);
#5448 = DIRECTION('',(1.,0.));
#5449 = ( GEOMETRIC_REPRESENTATION_CONTEXT(2) 
PARAMETRIC_REPRESENTATION_CONTEXT() REPRESENTATION_CONTEXT('2D SPACE',''
  ) );
#5450 = PCURVE('',#126,#5451);
#5451 = DEFINITIONAL_REPRESENTATION('',(#5452),#5456);
#5452 = LINE('',#5453,#5454);
#5453 = CARTESIAN_POINT('',(169.65518759105,68.731614331197));
#5454 = VECTOR('',#5455,1.);
#5455 = DIRECTION('',(-0.647307674958,0.762228819935));
#5456 = ( GEOMETRIC_REPRESENTATION_CONTEXT(2) 
PARAMETRIC_REPRESENTATION_CONTEXT() REPRESENTATION_CONTEXT('2D SPACE',''
  ) );
#5457 = ADVANCED_FACE('',(#5458),#5403,.T.);
#5458 = FACE_BOUND('',#5459,.T.);
#5459 = EDGE_LOOP('',(#5460,#5490,#5511,#5512));
#5460 = ORIENTED_EDGE('',*,*,#5461,.T.);
#5461 = EDGE_CURVE('',#5462,#5464,#5466,.T.);
#5462 = VERTEX_POINT('',#5463);
#5463 = CARTESIAN_POINT('',(267.91029316853,101.1710081621,-3.75));
#5464 = VERTEX_POINT('',#5465);
#5465 = CARTESIAN_POINT('',(267.91029316853,101.1710081621,3.75));
#5466 = SURFACE_CURVE('',#5467,(#5471,#5478),.PCURVE_S1.);
#5467 = LINE('',#5468,#5469);
#5468 = CARTESIAN_POINT('',(267.91029316853,101.1710081621,-3.75));
#5469 = VECTOR('',#5470,1.);
#5470 = DIRECTION('',(0.,0.,1.));
#5471 = PCURVE('',#5403,#5472);
#5472 = DEFINITIONAL_REPRESENTATION('',(#5473),#5477);
#5473 = LINE('',#5474,#5475);
#5474 = CARTESIAN_POINT('',(0.,0.));
#5475 = VECTOR('',#5476,1.);
#5476 = DIRECTION('',(0.,-1.));
#5477 = ( GEOMETRIC_REPRESENTATION_CONTEXT(2) 
PARAMETRIC_REPRESENTATION_CONTEXT() REPRESENTATION_CONTEXT('2D SPACE',''
  ) );
#5478 = PCURVE('',#5479,#5484);
#5479 = PLANE('',#5480);
#5480 = AXIS2_PLACEMENT_3D('',#5481,#5482,#5483);
#5481 = CARTESIAN_POINT('',(269.24227312628,98.192961483457,-3.75));
#5482 = DIRECTION('',(-0.912852993805,-0.408288392807,0.));
#5483 = DIRECTION('',(-0.408288392807,0.912852993805,0.));
#5484 = DEFINITIONAL_REPRESENTATION('',(#5485),#5489);
#5485 = LINE('',#5486,#5487);
#5486 = CARTESIAN_POINT('',(3.262350782503,0.));
#5487 = VECTOR('',#5488,1.);
#5488 = DIRECTION('',(0.,-1.));
#5489 = ( GEOMETRIC_REPRESENTATION_CONTEXT(2) 
PARAMETRIC_REPRESENTATION_CONTEXT() REPRESENTATION_CONTEXT('2D SPACE',''
  ) );
#5490 = ORIENTED_EDGE('',*,*,#5491,.T.);
#5491 = EDGE_CURVE('',#5464,#5388,#5492,.T.);
#5492 = SURFACE_CURVE('',#5493,(#5497,#5504),.PCURVE_S1.);
#5493 = LINE('',#5494,#5495);
#5494 = CARTESIAN_POINT('',(267.91029316853,101.1710081621,3.75));
#5495 = VECTOR('',#5496,1.);
#5496 = DIRECTION('',(-0.533144140931,0.846024423401,0.));
#5497 = PCURVE('',#5403,#5498);
#5498 = DEFINITIONAL_REPRESENTATION('',(#5499),#5503);
#5499 = LINE('',#5500,#5501);
#5500 = CARTESIAN_POINT('',(0.,-7.5));
#5501 = VECTOR('',#5502,1.);
#5502 = DIRECTION('',(1.,0.));
#5503 = ( GEOMETRIC_REPRESENTATION_CONTEXT(2) 
PARAMETRIC_REPRESENTATION_CONTEXT() REPRESENTATION_CONTEXT('2D SPACE',''
  ) );
#5504 = PCURVE('',#72,#5505);
#5505 = DEFINITIONAL_REPRESENTATION('',(#5506),#5510);
#5506 = LINE('',#5507,#5508);
#5507 = CARTESIAN_POINT('',(171.3944907964,65.971585891499));
#5508 = VECTOR('',#5509,1.);
#5509 = DIRECTION('',(-0.533144140931,0.846024423401));
#5510 = ( GEOMETRIC_REPRESENTATION_CONTEXT(2) 
PARAMETRIC_REPRESENTATION_CONTEXT() REPRESENTATION_CONTEXT('2D SPACE',''
  ) );
#5511 = ORIENTED_EDGE('',*,*,#5385,.F.);
#5512 = ORIENTED_EDGE('',*,*,#5513,.F.);
#5513 = EDGE_CURVE('',#5462,#5386,#5514,.T.);
#5514 = SURFACE_CURVE('',#5515,(#5519,#5526),.PCURVE_S1.);
#5515 = LINE('',#5516,#5517);
#5516 = CARTESIAN_POINT('',(267.91029316853,101.1710081621,-3.75));
#5517 = VECTOR('',#5518,1.);
#5518 = DIRECTION('',(-0.533144140931,0.846024423401,0.));
#5519 = PCURVE('',#5403,#5520);
#5520 = DEFINITIONAL_REPRESENTATION('',(#5521),#5525);
#5521 = LINE('',#5522,#5523);
#5522 = CARTESIAN_POINT('',(0.,0.));
#5523 = VECTOR('',#5524,1.);
#5524 = DIRECTION('',(1.,0.));
#5525 = ( GEOMETRIC_REPRESENTATION_CONTEXT(2) 
PARAMETRIC_REPRESENTATION_CONTEXT() REPRESENTATION_CONTEXT('2D SPACE',''
  ) );
#5526 = PCURVE('',#126,#5527);
#5527 = DEFINITIONAL_REPRESENTATION('',(#5528),#5532);
#5528 = LINE('',#5529,#5530);
#5529 = CARTESIAN_POINT('',(171.3944907964,65.971585891499));
#5530 = VECTOR('',#5531,1.);
#5531 = DIRECTION('',(-0.533144140931,0.846024423401));
#5532 = ( GEOMETRIC_REPRESENTATION_CONTEXT(2) 
PARAMETRIC_REPRESENTATION_CONTEXT() REPRESENTATION_CONTEXT('2D SPACE',''
  ) );
#5533 = ADVANCED_FACE('',(#5534),#5479,.T.);
#5534 = FACE_BOUND('',#5535,.T.);
#5535 = EDGE_LOOP('',(#5536,#5566,#5587,#5588));
#5536 = ORIENTED_EDGE('',*,*,#5537,.T.);
#5537 = EDGE_CURVE('',#5538,#5540,#5542,.T.);
#5538 = VERTEX_POINT('',#5539);
#5539 = CARTESIAN_POINT('',(269.24227312628,98.192961483457,-3.75));
#5540 = VERTEX_POINT('',#5541);
#5541 = CARTESIAN_POINT('',(269.24227312628,98.192961483457,3.75));
#5542 = SURFACE_CURVE('',#5543,(#5547,#5554),.PCURVE_S1.);
#5543 = LINE('',#5544,#5545);
#5544 = CARTESIAN_POINT('',(269.24227312628,98.192961483457,-3.75));
#5545 = VECTOR('',#5546,1.);
#5546 = DIRECTION('',(0.,0.,1.));
#5547 = PCURVE('',#5479,#5548);
#5548 = DEFINITIONAL_REPRESENTATION('',(#5549),#5553);
#5549 = LINE('',#5550,#5551);
#5550 = CARTESIAN_POINT('',(0.,0.));
#5551 = VECTOR('',#5552,1.);
#5552 = DIRECTION('',(0.,-1.));
#5553 = ( GEOMETRIC_REPRESENTATION_CONTEXT(2) 
PARAMETRIC_REPRESENTATION_CONTEXT() REPRESENTATION_CONTEXT('2D SPACE',''
  ) );
#5554 = PCURVE('',#5555,#5560);
#5555 = PLANE('',#5556);
#5556 = AXIS2_PLACEMENT_3D('',#5557,#5558,#5559);
#5557 = CARTESIAN_POINT('',(270.14021695754,95.056621338637,-3.75));
#5558 = DIRECTION('',(-0.961374283122,-0.27524441457,0.));
#5559 = DIRECTION('',(-0.27524441457,0.961374283122,0.));
#5560 = DEFINITIONAL_REPRESENTATION('',(#5561),#5565);
#5561 = LINE('',#5562,#5563);
#5562 = CARTESIAN_POINT('',(3.262350782503,0.));
#5563 = VECTOR('',#5564,1.);
#5564 = DIRECTION('',(0.,-1.));
#5565 = ( GEOMETRIC_REPRESENTATION_CONTEXT(2) 
PARAMETRIC_REPRESENTATION_CONTEXT() REPRESENTATION_CONTEXT('2D SPACE',''
  ) );
#5566 = ORIENTED_EDGE('',*,*,#5567,.T.);
#5567 = EDGE_CURVE('',#5540,#5464,#5568,.T.);
#5568 = SURFACE_CURVE('',#5569,(#5573,#5580),.PCURVE_S1.);
#5569 = LINE('',#5570,#5571);
#5570 = CARTESIAN_POINT('',(269.24227312628,98.192961483457,3.75));
#5571 = VECTOR('',#5572,1.);
#5572 = DIRECTION('',(-0.408288392807,0.912852993805,0.));
#5573 = PCURVE('',#5479,#5574);
#5574 = DEFINITIONAL_REPRESENTATION('',(#5575),#5579);
#5575 = LINE('',#5576,#5577);
#5576 = CARTESIAN_POINT('',(0.,-7.5));
#5577 = VECTOR('',#5578,1.);
#5578 = DIRECTION('',(1.,0.));
#5579 = ( GEOMETRIC_REPRESENTATION_CONTEXT(2) 
PARAMETRIC_REPRESENTATION_CONTEXT() REPRESENTATION_CONTEXT('2D SPACE',''
  ) );
#5580 = PCURVE('',#72,#5581);
#5581 = DEFINITIONAL_REPRESENTATION('',(#5582),#5586);
#5582 = LINE('',#5583,#5584);
#5583 = CARTESIAN_POINT('',(172.72647075416,62.993539212848));
#5584 = VECTOR('',#5585,1.);
#5585 = DIRECTION('',(-0.408288392807,0.912852993805));
#5586 = ( GEOMETRIC_REPRESENTATION_CONTEXT(2) 
PARAMETRIC_REPRESENTATION_CONTEXT() REPRESENTATION_CONTEXT('2D SPACE',''
  ) );
#5587 = ORIENTED_EDGE('',*,*,#5461,.F.);
#5588 = ORIENTED_EDGE('',*,*,#5589,.F.);
#5589 = EDGE_CURVE('',#5538,#5462,#5590,.T.);
#5590 = SURFACE_CURVE('',#5591,(#5595,#5602),.PCURVE_S1.);
#5591 = LINE('',#5592,#5593);
#5592 = CARTESIAN_POINT('',(269.24227312628,98.192961483457,-3.75));
#5593 = VECTOR('',#5594,1.);
#5594 = DIRECTION('',(-0.408288392807,0.912852993805,0.));
#5595 = PCURVE('',#5479,#5596);
#5596 = DEFINITIONAL_REPRESENTATION('',(#5597),#5601);
#5597 = LINE('',#5598,#5599);
#5598 = CARTESIAN_POINT('',(0.,0.));
#5599 = VECTOR('',#5600,1.);
#5600 = DIRECTION('',(1.,0.));
#5601 = ( GEOMETRIC_REPRESENTATION_CONTEXT(2) 
PARAMETRIC_REPRESENTATION_CONTEXT() REPRESENTATION_CONTEXT('2D SPACE',''
  ) );
#5602 = PCURVE('',#126,#5603);
#5603 = DEFINITIONAL_REPRESENTATION('',(#5604),#5608);
#5604 = LINE('',#5605,#5606);
#5605 = CARTESIAN_POINT('',(172.72647075416,62.993539212848));
#5606 = VECTOR('',#5607,1.);
#5607 = DIRECTION('',(-0.408288392807,0.912852993805));
#5608 = ( GEOMETRIC_REPRESENTATION_CONTEXT(2) 
PARAMETRIC_REPRESENTATION_CONTEXT() REPRESENTATION_CONTEXT('2D SPACE',''
  ) );
#5609 = ADVANCED_FACE('',(#5610),#5555,.T.);
#5610 = FACE_BOUND('',#5611,.T.);
#5611 = EDGE_LOOP('',(#5612,#5642,#5663,#5664));
#5612 = ORIENTED_EDGE('',*,*,#5613,.T.);
#5613 = EDGE_CURVE('',#5614,#5616,#5618,.T.);
#5614 = VERTEX_POINT('',#5615);
#5615 = CARTESIAN_POINT('',(270.14021695754,95.056621338637,-3.75));
#5616 = VERTEX_POINT('',#5617);
#5617 = CARTESIAN_POINT('',(270.14021695754,95.056621338637,3.75));
#5618 = SURFACE_CURVE('',#5619,(#5623,#5630),.PCURVE_S1.);
#5619 = LINE('',#5620,#5621);
#5620 = CARTESIAN_POINT('',(270.14021695754,95.056621338637,-3.75));
#5621 = VECTOR('',#5622,1.);
#5622 = DIRECTION('',(0.,0.,1.));
#5623 = PCURVE('',#5555,#5624);
#5624 = DEFINITIONAL_REPRESENTATION('',(#5625),#5629);
#5625 = LINE('',#5626,#5627);
#5626 = CARTESIAN_POINT('',(0.,0.));
#5627 = VECTOR('',#5628,1.);
#5628 = DIRECTION('',(0.,-1.));
#5629 = ( GEOMETRIC_REPRESENTATION_CONTEXT(2) 
PARAMETRIC_REPRESENTATION_CONTEXT() REPRESENTATION_CONTEXT('2D SPACE',''
  ) );
#5630 = PCURVE('',#5631,#5636);
#5631 = PLANE('',#5632);
#5632 = AXIS2_PLACEMENT_3D('',#5633,#5634,#5635);
#5633 = CARTESIAN_POINT('',(270.58611638468,91.824887078372,-3.75));
#5634 = DIRECTION('',(-0.990615196133,-0.136680405289,0.));
#5635 = DIRECTION('',(-0.136680405289,0.990615196133,0.));
#5636 = DEFINITIONAL_REPRESENTATION('',(#5637),#5641);
#5637 = LINE('',#5638,#5639);
#5638 = CARTESIAN_POINT('',(3.262350782503,0.));
#5639 = VECTOR('',#5640,1.);
#5640 = DIRECTION('',(0.,-1.));
#5641 = ( GEOMETRIC_REPRESENTATION_CONTEXT(2) 
PARAMETRIC_REPRESENTATION_CONTEXT() REPRESENTATION_CONTEXT('2D SPACE',''
  ) );
#5642 = ORIENTED_EDGE('',*,*,#5643,.T.);
#5643 = EDGE_CURVE('',#5616,#5540,#5644,.T.);
#5644 = SURFACE_CURVE('',#5645,(#5649,#5656),.PCURVE_S1.);
#5645 = LINE('',#5646,#5647);
#5646 = CARTESIAN_POINT('',(270.14021695754,95.056621338637,3.75));
#5647 = VECTOR('',#5648,1.);
#5648 = DIRECTION('',(-0.27524441457,0.961374283122,0.));
#5649 = PCURVE('',#5555,#5650);
#5650 = DEFINITIONAL_REPRESENTATION('',(#5651),#5655);
#5651 = LINE('',#5652,#5653);
#5652 = CARTESIAN_POINT('',(0.,-7.5));
#5653 = VECTOR('',#5654,1.);
#5654 = DIRECTION('',(1.,0.));
#5655 = ( GEOMETRIC_REPRESENTATION_CONTEXT(2) 
PARAMETRIC_REPRESENTATION_CONTEXT() REPRESENTATION_CONTEXT('2D SPACE',''
  ) );
#5656 = PCURVE('',#72,#5657);
#5657 = DEFINITIONAL_REPRESENTATION('',(#5658),#5662);
#5658 = LINE('',#5659,#5660);
#5659 = CARTESIAN_POINT('',(173.62441458541,59.857199068028));
#5660 = VECTOR('',#5661,1.);
#5661 = DIRECTION('',(-0.27524441457,0.961374283122));
#5662 = ( GEOMETRIC_REPRESENTATION_CONTEXT(2) 
PARAMETRIC_REPRESENTATION_CONTEXT() REPRESENTATION_CONTEXT('2D SPACE',''
  ) );
#5663 = ORIENTED_EDGE('',*,*,#5537,.F.);
#5664 = ORIENTED_EDGE('',*,*,#5665,.F.);
#5665 = EDGE_CURVE('',#5614,#5538,#5666,.T.);
#5666 = SURFACE_CURVE('',#5667,(#5671,#5678),.PCURVE_S1.);
#5667 = LINE('',#5668,#5669);
#5668 = CARTESIAN_POINT('',(270.14021695754,95.056621338637,-3.75));
#5669 = VECTOR('',#5670,1.);
#5670 = DIRECTION('',(-0.27524441457,0.961374283122,0.));
#5671 = PCURVE('',#5555,#5672);
#5672 = DEFINITIONAL_REPRESENTATION('',(#5673),#5677);
#5673 = LINE('',#5674,#5675);
#5674 = CARTESIAN_POINT('',(0.,0.));
#5675 = VECTOR('',#5676,1.);
#5676 = DIRECTION('',(1.,0.));
#5677 = ( GEOMETRIC_REPRESENTATION_CONTEXT(2) 
PARAMETRIC_REPRESENTATION_CONTEXT() REPRESENTATION_CONTEXT('2D SPACE',''
  ) );
#5678 = PCURVE('',#126,#5679);
#5679 = DEFINITIONAL_REPRESENTATION('',(#5680),#5684);
#5680 = LINE('',#5681,#5682);
#5681 = CARTESIAN_POINT('',(173.62441458541,59.857199068028));
#5682 = VECTOR('',#5683,1.);
#5683 = DIRECTION('',(-0.27524441457,0.961374283122));
#5684 = ( GEOMETRIC_REPRESENTATION_CONTEXT(2) 
PARAMETRIC_REPRESENTATION_CONTEXT() REPRESENTATION_CONTEXT('2D SPACE',''
  ) );
#5685 = ADVANCED_FACE('',(#5686),#5631,.T.);
#5686 = FACE_BOUND('',#5687,.T.);
#5687 = EDGE_LOOP('',(#5688,#5718,#5739,#5740));
#5688 = ORIENTED_EDGE('',*,*,#5689,.T.);
#5689 = EDGE_CURVE('',#5690,#5692,#5694,.T.);
#5690 = VERTEX_POINT('',#5691);
#5691 = CARTESIAN_POINT('',(270.58611638468,91.824887078372,-3.75));
#5692 = VERTEX_POINT('',#5693);
#5693 = CARTESIAN_POINT('',(270.58611638468,91.824887078372,3.75));
#5694 = SURFACE_CURVE('',#5695,(#5699,#5706),.PCURVE_S1.);
#5695 = LINE('',#5696,#5697);
#5696 = CARTESIAN_POINT('',(270.58611638468,91.824887078372,-3.75));
#5697 = VECTOR('',#5698,1.);
#5698 = DIRECTION('',(0.,0.,1.));
#5699 = PCURVE('',#5631,#5700);
#5700 = DEFINITIONAL_REPRESENTATION('',(#5701),#5705);
#5701 = LINE('',#5702,#5703);
#5702 = CARTESIAN_POINT('',(0.,0.));
#5703 = VECTOR('',#5704,1.);
#5704 = DIRECTION('',(0.,-1.));
#5705 = ( GEOMETRIC_REPRESENTATION_CONTEXT(2) 
PARAMETRIC_REPRESENTATION_CONTEXT() REPRESENTATION_CONTEXT('2D SPACE',''
  ) );
#5706 = PCURVE('',#5707,#5712);
#5707 = PLANE('',#5708);
#5708 = AXIS2_PLACEMENT_3D('',#5709,#5710,#5711);
#5709 = CARTESIAN_POINT('',(270.57102888773,88.562571183869,-3.75));
#5710 = DIRECTION('',(-0.999989305871,4.624731661436E-03,0.));
#5711 = DIRECTION('',(4.624731661436E-03,0.999989305871,0.));
#5712 = DEFINITIONAL_REPRESENTATION('',(#5713),#5717);
#5713 = LINE('',#5714,#5715);
#5714 = CARTESIAN_POINT('',(3.262350782503,0.));
#5715 = VECTOR('',#5716,1.);
#5716 = DIRECTION('',(0.,-1.));
#5717 = ( GEOMETRIC_REPRESENTATION_CONTEXT(2) 
PARAMETRIC_REPRESENTATION_CONTEXT() REPRESENTATION_CONTEXT('2D SPACE',''
  ) );
#5718 = ORIENTED_EDGE('',*,*,#5719,.T.);
#5719 = EDGE_CURVE('',#5692,#5616,#5720,.T.);
#5720 = SURFACE_CURVE('',#5721,(#5725,#5732),.PCURVE_S1.);
#5721 = LINE('',#5722,#5723);
#5722 = CARTESIAN_POINT('',(270.58611638468,91.824887078372,3.75));
#5723 = VECTOR('',#5724,1.);
#5724 = DIRECTION('',(-0.136680405289,0.990615196133,0.));
#5725 = PCURVE('',#5631,#5726);
#5726 = DEFINITIONAL_REPRESENTATION('',(#5727),#5731);
#5727 = LINE('',#5728,#5729);
#5728 = CARTESIAN_POINT('',(0.,-7.5));
#5729 = VECTOR('',#5730,1.);
#5730 = DIRECTION('',(1.,0.));
#5731 = ( GEOMETRIC_REPRESENTATION_CONTEXT(2) 
PARAMETRIC_REPRESENTATION_CONTEXT() REPRESENTATION_CONTEXT('2D SPACE',''
  ) );
#5732 = PCURVE('',#72,#5733);
#5733 = DEFINITIONAL_REPRESENTATION('',(#5734),#5738);
#5734 = LINE('',#5735,#5736);
#5735 = CARTESIAN_POINT('',(174.07031401256,56.625464807764));
#5736 = VECTOR('',#5737,1.);
#5737 = DIRECTION('',(-0.136680405289,0.990615196133));
#5738 = ( GEOMETRIC_REPRESENTATION_CONTEXT(2) 
PARAMETRIC_REPRESENTATION_CONTEXT() REPRESENTATION_CONTEXT('2D SPACE',''
  ) );
#5739 = ORIENTED_EDGE('',*,*,#5613,.F.);
#5740 = ORIENTED_EDGE('',*,*,#5741,.F.);
#5741 = EDGE_CURVE('',#5690,#5614,#5742,.T.);
#5742 = SURFACE_CURVE('',#5743,(#5747,#5754),.PCURVE_S1.);
#5743 = LINE('',#5744,#5745);
#5744 = CARTESIAN_POINT('',(270.58611638468,91.824887078372,-3.75));
#5745 = VECTOR('',#5746,1.);
#5746 = DIRECTION('',(-0.136680405289,0.990615196133,0.));
#5747 = PCURVE('',#5631,#5748);
#5748 = DEFINITIONAL_REPRESENTATION('',(#5749),#5753);
#5749 = LINE('',#5750,#5751);
#5750 = CARTESIAN_POINT('',(0.,0.));
#5751 = VECTOR('',#5752,1.);
#5752 = DIRECTION('',(1.,0.));
#5753 = ( GEOMETRIC_REPRESENTATION_CONTEXT(2) 
PARAMETRIC_REPRESENTATION_CONTEXT() REPRESENTATION_CONTEXT('2D SPACE',''
  ) );
#5754 = PCURVE('',#126,#5755);
#5755 = DEFINITIONAL_REPRESENTATION('',(#5756),#5760);
#5756 = LINE('',#5757,#5758);
#5757 = CARTESIAN_POINT('',(174.07031401256,56.625464807764));
#5758 = VECTOR('',#5759,1.);
#5759 = DIRECTION('',(-0.136680405289,0.990615196133));
#5760 = ( GEOMETRIC_REPRESENTATION_CONTEXT(2) 
PARAMETRIC_REPRESENTATION_CONTEXT() REPRESENTATION_CONTEXT('2D SPACE',''
  ) );
#5761 = ADVANCED_FACE('',(#5762),#5707,.T.);
#5762 = FACE_BOUND('',#5763,.T.);
#5763 = EDGE_LOOP('',(#5764,#5794,#5815,#5816));
#5764 = ORIENTED_EDGE('',*,*,#5765,.T.);
#5765 = EDGE_CURVE('',#5766,#5768,#5770,.T.);
#5766 = VERTEX_POINT('',#5767);
#5767 = CARTESIAN_POINT('',(270.57102888773,88.562571183869,-3.75));
#5768 = VERTEX_POINT('',#5769);
#5769 = CARTESIAN_POINT('',(270.57102888773,88.562571183869,3.75));
#5770 = SURFACE_CURVE('',#5771,(#5775,#5782),.PCURVE_S1.);
#5771 = LINE('',#5772,#5773);
#5772 = CARTESIAN_POINT('',(270.57102888773,88.562571183869,-3.75));
#5773 = VECTOR('',#5774,1.);
#5774 = DIRECTION('',(0.,0.,1.));
#5775 = PCURVE('',#5707,#5776);
#5776 = DEFINITIONAL_REPRESENTATION('',(#5777),#5781);
#5777 = LINE('',#5778,#5779);
#5778 = CARTESIAN_POINT('',(0.,0.));
#5779 = VECTOR('',#5780,1.);
#5780 = DIRECTION('',(0.,-1.));
#5781 = ( GEOMETRIC_REPRESENTATION_CONTEXT(2) 
PARAMETRIC_REPRESENTATION_CONTEXT() REPRESENTATION_CONTEXT('2D SPACE',''
  ) );
#5782 = PCURVE('',#5783,#5788);
#5783 = PLANE('',#5784);
#5784 = AXIS2_PLACEMENT_3D('',#5785,#5786,#5787);
#5785 = CARTESIAN_POINT('',(270.09525704666,85.335099451484,-3.75));
#5786 = DIRECTION('',(-0.989308614418,0.145837119546,0.));
#5787 = DIRECTION('',(0.145837119546,0.989308614418,0.));
#5788 = DEFINITIONAL_REPRESENTATION('',(#5789),#5793);
#5789 = LINE('',#5790,#5791);
#5790 = CARTESIAN_POINT('',(3.262350782503,0.));
#5791 = VECTOR('',#5792,1.);
#5792 = DIRECTION('',(0.,-1.));
#5793 = ( GEOMETRIC_REPRESENTATION_CONTEXT(2) 
PARAMETRIC_REPRESENTATION_CONTEXT() REPRESENTATION_CONTEXT('2D SPACE',''
  ) );
#5794 = ORIENTED_EDGE('',*,*,#5795,.T.);
#5795 = EDGE_CURVE('',#5768,#5692,#5796,.T.);
#5796 = SURFACE_CURVE('',#5797,(#5801,#5808),.PCURVE_S1.);
#5797 = LINE('',#5798,#5799);
#5798 = CARTESIAN_POINT('',(270.57102888773,88.562571183869,3.75));
#5799 = VECTOR('',#5800,1.);
#5800 = DIRECTION('',(4.624731661436E-03,0.999989305871,0.));
#5801 = PCURVE('',#5707,#5802);
#5802 = DEFINITIONAL_REPRESENTATION('',(#5803),#5807);
#5803 = LINE('',#5804,#5805);
#5804 = CARTESIAN_POINT('',(0.,-7.5));
#5805 = VECTOR('',#5806,1.);
#5806 = DIRECTION('',(1.,0.));
#5807 = ( GEOMETRIC_REPRESENTATION_CONTEXT(2) 
PARAMETRIC_REPRESENTATION_CONTEXT() REPRESENTATION_CONTEXT('2D SPACE',''
  ) );
#5808 = PCURVE('',#72,#5809);
#5809 = DEFINITIONAL_REPRESENTATION('',(#5810),#5814);
#5810 = LINE('',#5811,#5812);
#5811 = CARTESIAN_POINT('',(174.05522651561,53.36314891326));
#5812 = VECTOR('',#5813,1.);
#5813 = DIRECTION('',(4.624731661436E-03,0.999989305871));
#5814 = ( GEOMETRIC_REPRESENTATION_CONTEXT(2) 
PARAMETRIC_REPRESENTATION_CONTEXT() REPRESENTATION_CONTEXT('2D SPACE',''
  ) );
#5815 = ORIENTED_EDGE('',*,*,#5689,.F.);
#5816 = ORIENTED_EDGE('',*,*,#5817,.F.);
#5817 = EDGE_CURVE('',#5766,#5690,#5818,.T.);
#5818 = SURFACE_CURVE('',#5819,(#5823,#5830),.PCURVE_S1.);
#5819 = LINE('',#5820,#5821);
#5820 = CARTESIAN_POINT('',(270.57102888773,88.562571183869,-3.75));
#5821 = VECTOR('',#5822,1.);
#5822 = DIRECTION('',(4.624731661436E-03,0.999989305871,0.));
#5823 = PCURVE('',#5707,#5824);
#5824 = DEFINITIONAL_REPRESENTATION('',(#5825),#5829);
#5825 = LINE('',#5826,#5827);
#5826 = CARTESIAN_POINT('',(0.,0.));
#5827 = VECTOR('',#5828,1.);
#5828 = DIRECTION('',(1.,0.));
#5829 = ( GEOMETRIC_REPRESENTATION_CONTEXT(2) 
PARAMETRIC_REPRESENTATION_CONTEXT() REPRESENTATION_CONTEXT('2D SPACE',''
  ) );
#5830 = PCURVE('',#126,#5831);
#5831 = DEFINITIONAL_REPRESENTATION('',(#5832),#5836);
#5832 = LINE('',#5833,#5834);
#5833 = CARTESIAN_POINT('',(174.05522651561,53.36314891326));
#5834 = VECTOR('',#5835,1.);
#5835 = DIRECTION('',(4.624731661436E-03,0.999989305871));
#5836 = ( GEOMETRIC_REPRESENTATION_CONTEXT(2) 
PARAMETRIC_REPRESENTATION_CONTEXT() REPRESENTATION_CONTEXT('2D SPACE',''
  ) );
#5837 = ADVANCED_FACE('',(#5838),#5783,.T.);
#5838 = FACE_BOUND('',#5839,.T.);
#5839 = EDGE_LOOP('',(#5840,#5870,#5891,#5892));
#5840 = ORIENTED_EDGE('',*,*,#5841,.T.);
#5841 = EDGE_CURVE('',#5842,#5844,#5846,.T.);
#5842 = VERTEX_POINT('',#5843);
#5843 = CARTESIAN_POINT('',(270.09525704666,85.335099451484,-3.75));
#5844 = VERTEX_POINT('',#5845);
#5845 = CARTESIAN_POINT('',(270.09525704666,85.335099451484,3.75));
#5846 = SURFACE_CURVE('',#5847,(#5851,#5858),.PCURVE_S1.);
#5847 = LINE('',#5848,#5849);
#5848 = CARTESIAN_POINT('',(270.09525704666,85.335099451484,-3.75));
#5849 = VECTOR('',#5850,1.);
#5850 = DIRECTION('',(0.,0.,1.));
#5851 = PCURVE('',#5783,#5852);
#5852 = DEFINITIONAL_REPRESENTATION('',(#5853),#5857);
#5853 = LINE('',#5854,#5855);
#5854 = CARTESIAN_POINT('',(0.,0.));
#5855 = VECTOR('',#5856,1.);
#5856 = DIRECTION('',(0.,-1.));
#5857 = ( GEOMETRIC_REPRESENTATION_CONTEXT(2) 
PARAMETRIC_REPRESENTATION_CONTEXT() REPRESENTATION_CONTEXT('2D SPACE',''
  ) );
#5858 = PCURVE('',#5859,#5864);
#5859 = PLANE('',#5860);
#5860 = AXIS2_PLACEMENT_3D('',#5861,#5862,#5863);
#5861 = CARTESIAN_POINT('',(269.1683424732,82.20719887736,-3.75));
#5862 = DIRECTION('',(-0.958787323209,0.284124741713,0.));
#5863 = DIRECTION('',(0.284124741713,0.958787323209,0.));
#5864 = DEFINITIONAL_REPRESENTATION('',(#5865),#5869);
#5865 = LINE('',#5866,#5867);
#5866 = CARTESIAN_POINT('',(3.262350782503,0.));
#5867 = VECTOR('',#5868,1.);
#5868 = DIRECTION('',(0.,-1.));
#5869 = ( GEOMETRIC_REPRESENTATION_CONTEXT(2) 
PARAMETRIC_REPRESENTATION_CONTEXT() REPRESENTATION_CONTEXT('2D SPACE',''
  ) );
#5870 = ORIENTED_EDGE('',*,*,#5871,.T.);
#5871 = EDGE_CURVE('',#5844,#5768,#5872,.T.);
#5872 = SURFACE_CURVE('',#5873,(#5877,#5884),.PCURVE_S1.);
#5873 = LINE('',#5874,#5875);
#5874 = CARTESIAN_POINT('',(270.09525704666,85.335099451484,3.75));
#5875 = VECTOR('',#5876,1.);
#5876 = DIRECTION('',(0.145837119546,0.989308614418,0.));
#5877 = PCURVE('',#5783,#5878);
#5878 = DEFINITIONAL_REPRESENTATION('',(#5879),#5883);
#5879 = LINE('',#5880,#5881);
#5880 = CARTESIAN_POINT('',(0.,-7.5));
#5881 = VECTOR('',#5882,1.);
#5882 = DIRECTION('',(1.,0.));
#5883 = ( GEOMETRIC_REPRESENTATION_CONTEXT(2) 
PARAMETRIC_REPRESENTATION_CONTEXT() REPRESENTATION_CONTEXT('2D SPACE',''
  ) );
#5884 = PCURVE('',#72,#5885);
#5885 = DEFINITIONAL_REPRESENTATION('',(#5886),#5890);
#5886 = LINE('',#5887,#5888);
#5887 = CARTESIAN_POINT('',(173.57945467454,50.135677180875));
#5888 = VECTOR('',#5889,1.);
#5889 = DIRECTION('',(0.145837119546,0.989308614418));
#5890 = ( GEOMETRIC_REPRESENTATION_CONTEXT(2) 
PARAMETRIC_REPRESENTATION_CONTEXT() REPRESENTATION_CONTEXT('2D SPACE',''
  ) );
#5891 = ORIENTED_EDGE('',*,*,#5765,.F.);
#5892 = ORIENTED_EDGE('',*,*,#5893,.F.);
#5893 = EDGE_CURVE('',#5842,#5766,#5894,.T.);
#5894 = SURFACE_CURVE('',#5895,(#5899,#5906),.PCURVE_S1.);
#5895 = LINE('',#5896,#5897);
#5896 = CARTESIAN_POINT('',(270.09525704666,85.335099451484,-3.75));
#5897 = VECTOR('',#5898,1.);
#5898 = DIRECTION('',(0.145837119546,0.989308614418,0.));
#5899 = PCURVE('',#5783,#5900);
#5900 = DEFINITIONAL_REPRESENTATION('',(#5901),#5905);
#5901 = LINE('',#5902,#5903);
#5902 = CARTESIAN_POINT('',(0.,0.));
#5903 = VECTOR('',#5904,1.);
#5904 = DIRECTION('',(1.,0.));
#5905 = ( GEOMETRIC_REPRESENTATION_CONTEXT(2) 
PARAMETRIC_REPRESENTATION_CONTEXT() REPRESENTATION_CONTEXT('2D SPACE',''
  ) );
#5906 = PCURVE('',#126,#5907);
#5907 = DEFINITIONAL_REPRESENTATION('',(#5908),#5912);
#5908 = LINE('',#5909,#5910);
#5909 = CARTESIAN_POINT('',(173.57945467454,50.135677180875));
#5910 = VECTOR('',#5911,1.);
#5911 = DIRECTION('',(0.145837119546,0.989308614418));
#5912 = ( GEOMETRIC_REPRESENTATION_CONTEXT(2) 
PARAMETRIC_REPRESENTATION_CONTEXT() REPRESENTATION_CONTEXT('2D SPACE',''
  ) );
#5913 = ADVANCED_FACE('',(#5914),#5859,.T.);
#5914 = FACE_BOUND('',#5915,.T.);
#5915 = EDGE_LOOP('',(#5916,#5946,#5967,#5968));
#5916 = ORIENTED_EDGE('',*,*,#5917,.T.);
#5917 = EDGE_CURVE('',#5918,#5920,#5922,.T.);
#5918 = VERTEX_POINT('',#5919);
#5919 = CARTESIAN_POINT('',(269.1683424732,82.20719887736,-3.75));
#5920 = VERTEX_POINT('',#5921);
#5921 = CARTESIAN_POINT('',(269.1683424732,82.20719887736,3.75));
#5922 = SURFACE_CURVE('',#5923,(#5927,#5934),.PCURVE_S1.);
#5923 = LINE('',#5924,#5925);
#5924 = CARTESIAN_POINT('',(269.1683424732,82.20719887736,-3.75));
#5925 = VECTOR('',#5926,1.);
#5926 = DIRECTION('',(0.,0.,1.));
#5927 = PCURVE('',#5859,#5928);
#5928 = DEFINITIONAL_REPRESENTATION('',(#5929),#5933);
#5929 = LINE('',#5930,#5931);
#5930 = CARTESIAN_POINT('',(0.,0.));
#5931 = VECTOR('',#5932,1.);
#5932 = DIRECTION('',(0.,-1.));
#5933 = ( GEOMETRIC_REPRESENTATION_CONTEXT(2) 
PARAMETRIC_REPRESENTATION_CONTEXT() REPRESENTATION_CONTEXT('2D SPACE',''
  ) );
#5934 = PCURVE('',#5935,#5940);
#5935 = PLANE('',#5936);
#5936 = AXIS2_PLACEMENT_3D('',#5937,#5938,#5939);
#5937 = CARTESIAN_POINT('',(267.80887445365,79.241599556499,-3.75));
#5938 = DIRECTION('',(-0.909037537216,0.416714237736,0.));
#5939 = DIRECTION('',(0.416714237736,0.909037537216,0.));
#5940 = DEFINITIONAL_REPRESENTATION('',(#5941),#5945);
#5941 = LINE('',#5942,#5943);
#5942 = CARTESIAN_POINT('',(3.262350782503,0.));
#5943 = VECTOR('',#5944,1.);
#5944 = DIRECTION('',(0.,-1.));
#5945 = ( GEOMETRIC_REPRESENTATION_CONTEXT(2) 
PARAMETRIC_REPRESENTATION_CONTEXT() REPRESENTATION_CONTEXT('2D SPACE',''
  ) );
#5946 = ORIENTED_EDGE('',*,*,#5947,.T.);
#5947 = EDGE_CURVE('',#5920,#5844,#5948,.T.);
#5948 = SURFACE_CURVE('',#5949,(#5953,#5960),.PCURVE_S1.);
#5949 = LINE('',#5950,#5951);
#5950 = CARTESIAN_POINT('',(269.1683424732,82.20719887736,3.75));
#5951 = VECTOR('',#5952,1.);
#5952 = DIRECTION('',(0.284124741713,0.958787323209,0.));
#5953 = PCURVE('',#5859,#5954);
#5954 = DEFINITIONAL_REPRESENTATION('',(#5955),#5959);
#5955 = LINE('',#5956,#5957);
#5956 = CARTESIAN_POINT('',(0.,-7.5));
#5957 = VECTOR('',#5958,1.);
#5958 = DIRECTION('',(1.,0.));
#5959 = ( GEOMETRIC_REPRESENTATION_CONTEXT(2) 
PARAMETRIC_REPRESENTATION_CONTEXT() REPRESENTATION_CONTEXT('2D SPACE',''
  ) );
#5960 = PCURVE('',#72,#5961);
#5961 = DEFINITIONAL_REPRESENTATION('',(#5962),#5966);
#5962 = LINE('',#5963,#5964);
#5963 = CARTESIAN_POINT('',(172.65254010108,47.007776606751));
#5964 = VECTOR('',#5965,1.);
#5965 = DIRECTION('',(0.284124741713,0.958787323209));
#5966 = ( GEOMETRIC_REPRESENTATION_CONTEXT(2) 
PARAMETRIC_REPRESENTATION_CONTEXT() REPRESENTATION_CONTEXT('2D SPACE',''
  ) );
#5967 = ORIENTED_EDGE('',*,*,#5841,.F.);
#5968 = ORIENTED_EDGE('',*,*,#5969,.F.);
#5969 = EDGE_CURVE('',#5918,#5842,#5970,.T.);
#5970 = SURFACE_CURVE('',#5971,(#5975,#5982),.PCURVE_S1.);
#5971 = LINE('',#5972,#5973);
#5972 = CARTESIAN_POINT('',(269.1683424732,82.20719887736,-3.75));
#5973 = VECTOR('',#5974,1.);
#5974 = DIRECTION('',(0.284124741713,0.958787323209,0.));
#5975 = PCURVE('',#5859,#5976);
#5976 = DEFINITIONAL_REPRESENTATION('',(#5977),#5981);
#5977 = LINE('',#5978,#5979);
#5978 = CARTESIAN_POINT('',(0.,0.));
#5979 = VECTOR('',#5980,1.);
#5980 = DIRECTION('',(1.,0.));
#5981 = ( GEOMETRIC_REPRESENTATION_CONTEXT(2) 
PARAMETRIC_REPRESENTATION_CONTEXT() REPRESENTATION_CONTEXT('2D SPACE',''
  ) );
#5982 = PCURVE('',#126,#5983);
#5983 = DEFINITIONAL_REPRESENTATION('',(#5984),#5988);
#5984 = LINE('',#5985,#5986);
#5985 = CARTESIAN_POINT('',(172.65254010108,47.007776606751));
#5986 = VECTOR('',#5987,1.);
#5987 = DIRECTION('',(0.284124741713,0.958787323209));
#5988 = ( GEOMETRIC_REPRESENTATION_CONTEXT(2) 
PARAMETRIC_REPRESENTATION_CONTEXT() REPRESENTATION_CONTEXT('2D SPACE',''
  ) );
#5989 = ADVANCED_FACE('',(#5990),#5935,.T.);
#5990 = FACE_BOUND('',#5991,.T.);
#5991 = EDGE_LOOP('',(#5992,#6022,#6043,#6044));
#5992 = ORIENTED_EDGE('',*,*,#5993,.T.);
#5993 = EDGE_CURVE('',#5994,#5996,#5998,.T.);
#5994 = VERTEX_POINT('',#5995);
#5995 = CARTESIAN_POINT('',(267.80887445365,79.241599556499,-3.75));
#5996 = VERTEX_POINT('',#5997);
#5997 = CARTESIAN_POINT('',(267.80887445365,79.241599556499,3.75));
#5998 = SURFACE_CURVE('',#5999,(#6003,#6010),.PCURVE_S1.);
#5999 = LINE('',#6000,#6001);
#6000 = CARTESIAN_POINT('',(267.80887445365,79.241599556499,-3.75));
#6001 = VECTOR('',#6002,1.);
#6002 = DIRECTION('',(0.,0.,1.));
#6003 = PCURVE('',#5935,#6004);
#6004 = DEFINITIONAL_REPRESENTATION('',(#6005),#6009);
#6005 = LINE('',#6006,#6007);
#6006 = CARTESIAN_POINT('',(0.,0.));
#6007 = VECTOR('',#6008,1.);
#6008 = DIRECTION('',(0.,-1.));
#6009 = ( GEOMETRIC_REPRESENTATION_CONTEXT(2) 
PARAMETRIC_REPRESENTATION_CONTEXT() REPRESENTATION_CONTEXT('2D SPACE',''
  ) );
#6010 = PCURVE('',#6011,#6016);
#6011 = PLANE('',#6012);
#6012 = AXIS2_PLACEMENT_3D('',#6013,#6014,#6015);
#6013 = CARTESIAN_POINT('',(266.04411714041,76.497776629727,-3.75));
#6014 = DIRECTION('',(-0.841056989177,0.540946523195,0.));
#6015 = DIRECTION('',(0.540946523195,0.841056989177,0.));
#6016 = DEFINITIONAL_REPRESENTATION('',(#6017),#6021);
#6017 = LINE('',#6018,#6019);
#6018 = CARTESIAN_POINT('',(3.262350782503,0.));
#6019 = VECTOR('',#6020,1.);
#6020 = DIRECTION('',(0.,-1.));
#6021 = ( GEOMETRIC_REPRESENTATION_CONTEXT(2) 
PARAMETRIC_REPRESENTATION_CONTEXT() REPRESENTATION_CONTEXT('2D SPACE',''
  ) );
#6022 = ORIENTED_EDGE('',*,*,#6023,.T.);
#6023 = EDGE_CURVE('',#5996,#5920,#6024,.T.);
#6024 = SURFACE_CURVE('',#6025,(#6029,#6036),.PCURVE_S1.);
#6025 = LINE('',#6026,#6027);
#6026 = CARTESIAN_POINT('',(267.80887445365,79.241599556499,3.75));
#6027 = VECTOR('',#6028,1.);
#6028 = DIRECTION('',(0.416714237736,0.909037537216,0.));
#6029 = PCURVE('',#5935,#6030);
#6030 = DEFINITIONAL_REPRESENTATION('',(#6031),#6035);
#6031 = LINE('',#6032,#6033);
#6032 = CARTESIAN_POINT('',(0.,-7.5));
#6033 = VECTOR('',#6034,1.);
#6034 = DIRECTION('',(1.,0.));
#6035 = ( GEOMETRIC_REPRESENTATION_CONTEXT(2) 
PARAMETRIC_REPRESENTATION_CONTEXT() REPRESENTATION_CONTEXT('2D SPACE',''
  ) );
#6036 = PCURVE('',#72,#6037);
#6037 = DEFINITIONAL_REPRESENTATION('',(#6038),#6042);
#6038 = LINE('',#6039,#6040);
#6039 = CARTESIAN_POINT('',(171.29307208152,44.04217728589));
#6040 = VECTOR('',#6041,1.);
#6041 = DIRECTION('',(0.416714237736,0.909037537216));
#6042 = ( GEOMETRIC_REPRESENTATION_CONTEXT(2) 
PARAMETRIC_REPRESENTATION_CONTEXT() REPRESENTATION_CONTEXT('2D SPACE',''
  ) );
#6043 = ORIENTED_EDGE('',*,*,#5917,.F.);
#6044 = ORIENTED_EDGE('',*,*,#6045,.F.);
#6045 = EDGE_CURVE('',#5994,#5918,#6046,.T.);
#6046 = SURFACE_CURVE('',#6047,(#6051,#6058),.PCURVE_S1.);
#6047 = LINE('',#6048,#6049);
#6048 = CARTESIAN_POINT('',(267.80887445365,79.241599556499,-3.75));
#6049 = VECTOR('',#6050,1.);
#6050 = DIRECTION('',(0.416714237736,0.909037537216,0.));
#6051 = PCURVE('',#5935,#6052);
#6052 = DEFINITIONAL_REPRESENTATION('',(#6053),#6057);
#6053 = LINE('',#6054,#6055);
#6054 = CARTESIAN_POINT('',(0.,0.));
#6055 = VECTOR('',#6056,1.);
#6056 = DIRECTION('',(1.,0.));
#6057 = ( GEOMETRIC_REPRESENTATION_CONTEXT(2) 
PARAMETRIC_REPRESENTATION_CONTEXT() REPRESENTATION_CONTEXT('2D SPACE',''
  ) );
#6058 = PCURVE('',#126,#6059);
#6059 = DEFINITIONAL_REPRESENTATION('',(#6060),#6064);
#6060 = LINE('',#6061,#6062);
#6061 = CARTESIAN_POINT('',(171.29307208152,44.04217728589));
#6062 = VECTOR('',#6063,1.);
#6063 = DIRECTION('',(0.416714237736,0.909037537216));
#6064 = ( GEOMETRIC_REPRESENTATION_CONTEXT(2) 
PARAMETRIC_REPRESENTATION_CONTEXT() REPRESENTATION_CONTEXT('2D SPACE',''
  ) );
#6065 = ADVANCED_FACE('',(#6066),#6011,.T.);
#6066 = FACE_BOUND('',#6067,.T.);
#6067 = EDGE_LOOP('',(#6068,#6098,#6119,#6120));
#6068 = ORIENTED_EDGE('',*,*,#6069,.T.);
#6069 = EDGE_CURVE('',#6070,#6072,#6074,.T.);
#6070 = VERTEX_POINT('',#6071);
#6071 = CARTESIAN_POINT('',(266.04411714041,76.497776629727,-3.75));
#6072 = VERTEX_POINT('',#6073);
#6073 = CARTESIAN_POINT('',(266.04411714041,76.497776629727,3.75));
#6074 = SURFACE_CURVE('',#6075,(#6079,#6086),.PCURVE_S1.);
#6075 = LINE('',#6076,#6077);
#6076 = CARTESIAN_POINT('',(266.04411714041,76.497776629727,-3.75));
#6077 = VECTOR('',#6078,1.);
#6078 = DIRECTION('',(0.,0.,1.));
#6079 = PCURVE('',#6011,#6080);
#6080 = DEFINITIONAL_REPRESENTATION('',(#6081),#6085);
#6081 = LINE('',#6082,#6083);
#6082 = CARTESIAN_POINT('',(0.,0.));
#6083 = VECTOR('',#6084,1.);
#6084 = DIRECTION('',(0.,-1.));
#6085 = ( GEOMETRIC_REPRESENTATION_CONTEXT(2) 
PARAMETRIC_REPRESENTATION_CONTEXT() REPRESENTATION_CONTEXT('2D SPACE',''
  ) );
#6086 = PCURVE('',#6087,#6092);
#6087 = PLANE('',#6088);
#6088 = AXIS2_PLACEMENT_3D('',#6089,#6090,#6091);
#6089 = CARTESIAN_POINT('',(263.90946276905,74.030757508816,-3.75));
#6090 = DIRECTION('',(-0.756209030048,0.654330117658,0.));
#6091 = DIRECTION('',(0.654330117658,0.756209030048,0.));
#6092 = DEFINITIONAL_REPRESENTATION('',(#6093),#6097);
#6093 = LINE('',#6094,#6095);
#6094 = CARTESIAN_POINT('',(3.262350782503,0.));
#6095 = VECTOR('',#6096,1.);
#6096 = DIRECTION('',(0.,-1.));
#6097 = ( GEOMETRIC_REPRESENTATION_CONTEXT(2) 
PARAMETRIC_REPRESENTATION_CONTEXT() REPRESENTATION_CONTEXT('2D SPACE',''
  ) );
#6098 = ORIENTED_EDGE('',*,*,#6099,.T.);
#6099 = EDGE_CURVE('',#6072,#5996,#6100,.T.);
#6100 = SURFACE_CURVE('',#6101,(#6105,#6112),.PCURVE_S1.);
#6101 = LINE('',#6102,#6103);
#6102 = CARTESIAN_POINT('',(266.04411714041,76.497776629727,3.75));
#6103 = VECTOR('',#6104,1.);
#6104 = DIRECTION('',(0.540946523195,0.841056989177,0.));
#6105 = PCURVE('',#6011,#6106);
#6106 = DEFINITIONAL_REPRESENTATION('',(#6107),#6111);
#6107 = LINE('',#6108,#6109);
#6108 = CARTESIAN_POINT('',(0.,-7.5));
#6109 = VECTOR('',#6110,1.);
#6110 = DIRECTION('',(1.,0.));
#6111 = ( GEOMETRIC_REPRESENTATION_CONTEXT(2) 
PARAMETRIC_REPRESENTATION_CONTEXT() REPRESENTATION_CONTEXT('2D SPACE',''
  ) );
#6112 = PCURVE('',#72,#6113);
#6113 = DEFINITIONAL_REPRESENTATION('',(#6114),#6118);
#6114 = LINE('',#6115,#6116);
#6115 = CARTESIAN_POINT('',(169.52831476829,41.298354359118));
#6116 = VECTOR('',#6117,1.);
#6117 = DIRECTION('',(0.540946523195,0.841056989177));
#6118 = ( GEOMETRIC_REPRESENTATION_CONTEXT(2) 
PARAMETRIC_REPRESENTATION_CONTEXT() REPRESENTATION_CONTEXT('2D SPACE',''
  ) );
#6119 = ORIENTED_EDGE('',*,*,#5993,.F.);
#6120 = ORIENTED_EDGE('',*,*,#6121,.F.);
#6121 = EDGE_CURVE('',#6070,#5994,#6122,.T.);
#6122 = SURFACE_CURVE('',#6123,(#6127,#6134),.PCURVE_S1.);
#6123 = LINE('',#6124,#6125);
#6124 = CARTESIAN_POINT('',(266.04411714041,76.497776629727,-3.75));
#6125 = VECTOR('',#6126,1.);
#6126 = DIRECTION('',(0.540946523195,0.841056989177,0.));
#6127 = PCURVE('',#6011,#6128);
#6128 = DEFINITIONAL_REPRESENTATION('',(#6129),#6133);
#6129 = LINE('',#6130,#6131);
#6130 = CARTESIAN_POINT('',(0.,0.));
#6131 = VECTOR('',#6132,1.);
#6132 = DIRECTION('',(1.,0.));
#6133 = ( GEOMETRIC_REPRESENTATION_CONTEXT(2) 
PARAMETRIC_REPRESENTATION_CONTEXT() REPRESENTATION_CONTEXT('2D SPACE',''
  ) );
#6134 = PCURVE('',#126,#6135);
#6135 = DEFINITIONAL_REPRESENTATION('',(#6136),#6140);
#6136 = LINE('',#6137,#6138);
#6137 = CARTESIAN_POINT('',(169.52831476829,41.298354359118));
#6138 = VECTOR('',#6139,1.);
#6139 = DIRECTION('',(0.540946523195,0.841056989177));
#6140 = ( GEOMETRIC_REPRESENTATION_CONTEXT(2) 
PARAMETRIC_REPRESENTATION_CONTEXT() REPRESENTATION_CONTEXT('2D SPACE',''
  ) );
#6141 = ADVANCED_FACE('',(#6142),#6087,.T.);
#6142 = FACE_BOUND('',#6143,.T.);
#6143 = EDGE_LOOP('',(#6144,#6174,#6195,#6196));
#6144 = ORIENTED_EDGE('',*,*,#6145,.T.);
#6145 = EDGE_CURVE('',#6146,#6148,#6150,.T.);
#6146 = VERTEX_POINT('',#6147);
#6147 = CARTESIAN_POINT('',(263.90946276905,74.030757508816,-3.75));
#6148 = VERTEX_POINT('',#6149);
#6149 = CARTESIAN_POINT('',(263.90946276905,74.030757508816,3.75));
#6150 = SURFACE_CURVE('',#6151,(#6155,#6162),.PCURVE_S1.);
#6151 = LINE('',#6152,#6153);
#6152 = CARTESIAN_POINT('',(263.90946276905,74.030757508816,-3.75));
#6153 = VECTOR('',#6154,1.);
#6154 = DIRECTION('',(0.,0.,1.));
#6155 = PCURVE('',#6087,#6156);
#6156 = DEFINITIONAL_REPRESENTATION('',(#6157),#6161);
#6157 = LINE('',#6158,#6159);
#6158 = CARTESIAN_POINT('',(0.,0.));
#6159 = VECTOR('',#6160,1.);
#6160 = DIRECTION('',(0.,-1.));
#6161 = ( GEOMETRIC_REPRESENTATION_CONTEXT(2) 
PARAMETRIC_REPRESENTATION_CONTEXT() REPRESENTATION_CONTEXT('2D SPACE',''
  ) );
#6162 = PCURVE('',#6163,#6168);
#6163 = PLANE('',#6164);
#6164 = AXIS2_PLACEMENT_3D('',#6165,#6166,#6167);
#6165 = CARTESIAN_POINT('',(261.44772186643,71.890018300872,-3.75));
#6166 = DIRECTION('',(-0.656195286977,0.754591111364,0.));
#6167 = DIRECTION('',(0.754591111364,0.656195286977,0.));
#6168 = DEFINITIONAL_REPRESENTATION('',(#6169),#6173);
#6169 = LINE('',#6170,#6171);
#6170 = CARTESIAN_POINT('',(3.262350782503,0.));
#6171 = VECTOR('',#6172,1.);
#6172 = DIRECTION('',(0.,-1.));
#6173 = ( GEOMETRIC_REPRESENTATION_CONTEXT(2) 
PARAMETRIC_REPRESENTATION_CONTEXT() REPRESENTATION_CONTEXT('2D SPACE',''
  ) );
#6174 = ORIENTED_EDGE('',*,*,#6175,.T.);
#6175 = EDGE_CURVE('',#6148,#6072,#6176,.T.);
#6176 = SURFACE_CURVE('',#6177,(#6181,#6188),.PCURVE_S1.);
#6177 = LINE('',#6178,#6179);
#6178 = CARTESIAN_POINT('',(263.90946276905,74.030757508816,3.75));
#6179 = VECTOR('',#6180,1.);
#6180 = DIRECTION('',(0.654330117658,0.756209030048,0.));
#6181 = PCURVE('',#6087,#6182);
#6182 = DEFINITIONAL_REPRESENTATION('',(#6183),#6187);
#6183 = LINE('',#6184,#6185);
#6184 = CARTESIAN_POINT('',(0.,-7.5));
#6185 = VECTOR('',#6186,1.);
#6186 = DIRECTION('',(1.,0.));
#6187 = ( GEOMETRIC_REPRESENTATION_CONTEXT(2) 
PARAMETRIC_REPRESENTATION_CONTEXT() REPRESENTATION_CONTEXT('2D SPACE',''
  ) );
#6188 = PCURVE('',#72,#6189);
#6189 = DEFINITIONAL_REPRESENTATION('',(#6190),#6194);
#6190 = LINE('',#6191,#6192);
#6191 = CARTESIAN_POINT('',(167.39366039693,38.831335238207));
#6192 = VECTOR('',#6193,1.);
#6193 = DIRECTION('',(0.654330117658,0.756209030048));
#6194 = ( GEOMETRIC_REPRESENTATION_CONTEXT(2) 
PARAMETRIC_REPRESENTATION_CONTEXT() REPRESENTATION_CONTEXT('2D SPACE',''
  ) );
#6195 = ORIENTED_EDGE('',*,*,#6069,.F.);
#6196 = ORIENTED_EDGE('',*,*,#6197,.F.);
#6197 = EDGE_CURVE('',#6146,#6070,#6198,.T.);
#6198 = SURFACE_CURVE('',#6199,(#6203,#6210),.PCURVE_S1.);
#6199 = LINE('',#6200,#6201);
#6200 = CARTESIAN_POINT('',(263.90946276905,74.030757508816,-3.75));
#6201 = VECTOR('',#6202,1.);
#6202 = DIRECTION('',(0.654330117658,0.756209030048,0.));
#6203 = PCURVE('',#6087,#6204);
#6204 = DEFINITIONAL_REPRESENTATION('',(#6205),#6209);
#6205 = LINE('',#6206,#6207);
#6206 = CARTESIAN_POINT('',(0.,0.));
#6207 = VECTOR('',#6208,1.);
#6208 = DIRECTION('',(1.,0.));
#6209 = ( GEOMETRIC_REPRESENTATION_CONTEXT(2) 
PARAMETRIC_REPRESENTATION_CONTEXT() REPRESENTATION_CONTEXT('2D SPACE',''
  ) );
#6210 = PCURVE('',#126,#6211);
#6211 = DEFINITIONAL_REPRESENTATION('',(#6212),#6216);
#6212 = LINE('',#6213,#6214);
#6213 = CARTESIAN_POINT('',(167.39366039693,38.831335238207));
#6214 = VECTOR('',#6215,1.);
#6215 = DIRECTION('',(0.654330117658,0.756209030048));
#6216 = ( GEOMETRIC_REPRESENTATION_CONTEXT(2) 
PARAMETRIC_REPRESENTATION_CONTEXT() REPRESENTATION_CONTEXT('2D SPACE',''
  ) );
#6217 = ADVANCED_FACE('',(#6218),#6163,.T.);
#6218 = FACE_BOUND('',#6219,.T.);
#6219 = EDGE_LOOP('',(#6220,#6250,#6271,#6272));
#6220 = ORIENTED_EDGE('',*,*,#6221,.T.);
#6221 = EDGE_CURVE('',#6222,#6224,#6226,.T.);
#6222 = VERTEX_POINT('',#6223);
#6223 = CARTESIAN_POINT('',(261.44772186643,71.890018300872,-3.75));
#6224 = VERTEX_POINT('',#6225);
#6225 = CARTESIAN_POINT('',(261.44772186643,71.890018300872,3.75));
#6226 = SURFACE_CURVE('',#6227,(#6231,#6238),.PCURVE_S1.);
#6227 = LINE('',#6228,#6229);
#6228 = CARTESIAN_POINT('',(261.44772186643,71.890018300872,-3.75));
#6229 = VECTOR('',#6230,1.);
#6230 = DIRECTION('',(0.,0.,1.));
#6231 = PCURVE('',#6163,#6232);
#6232 = DEFINITIONAL_REPRESENTATION('',(#6233),#6237);
#6233 = LINE('',#6234,#6235);
#6234 = CARTESIAN_POINT('',(0.,0.));
#6235 = VECTOR('',#6236,1.);
#6236 = DIRECTION('',(0.,-1.));
#6237 = ( GEOMETRIC_REPRESENTATION_CONTEXT(2) 
PARAMETRIC_REPRESENTATION_CONTEXT() REPRESENTATION_CONTEXT('2D SPACE',''
  ) );
#6238 = PCURVE('',#6239,#6244);
#6239 = PLANE('',#6240);
#6240 = AXIS2_PLACEMENT_3D('',#6241,#6242,#6243);
#6241 = CARTESIAN_POINT('',(258.70826468489,70.11849156424,-3.75));
#6242 = DIRECTION('',(-0.543021537149,0.839718768513,0.));
#6243 = DIRECTION('',(0.839718768513,0.543021537149,0.));
#6244 = DEFINITIONAL_REPRESENTATION('',(#6245),#6249);
#6245 = LINE('',#6246,#6247);
#6246 = CARTESIAN_POINT('',(3.262350782503,0.));
#6247 = VECTOR('',#6248,1.);
#6248 = DIRECTION('',(0.,-1.));
#6249 = ( GEOMETRIC_REPRESENTATION_CONTEXT(2) 
PARAMETRIC_REPRESENTATION_CONTEXT() REPRESENTATION_CONTEXT('2D SPACE',''
  ) );
#6250 = ORIENTED_EDGE('',*,*,#6251,.T.);
#6251 = EDGE_CURVE('',#6224,#6148,#6252,.T.);
#6252 = SURFACE_CURVE('',#6253,(#6257,#6264),.PCURVE_S1.);
#6253 = LINE('',#6254,#6255);
#6254 = CARTESIAN_POINT('',(261.44772186643,71.890018300872,3.75));
#6255 = VECTOR('',#6256,1.);
#6256 = DIRECTION('',(0.754591111364,0.656195286977,0.));
#6257 = PCURVE('',#6163,#6258);
#6258 = DEFINITIONAL_REPRESENTATION('',(#6259),#6263);
#6259 = LINE('',#6260,#6261);
#6260 = CARTESIAN_POINT('',(0.,-7.5));
#6261 = VECTOR('',#6262,1.);
#6262 = DIRECTION('',(1.,0.));
#6263 = ( GEOMETRIC_REPRESENTATION_CONTEXT(2) 
PARAMETRIC_REPRESENTATION_CONTEXT() REPRESENTATION_CONTEXT('2D SPACE',''
  ) );
#6264 = PCURVE('',#72,#6265);
#6265 = DEFINITIONAL_REPRESENTATION('',(#6266),#6270);
#6266 = LINE('',#6267,#6268);
#6267 = CARTESIAN_POINT('',(164.9319194943,36.690596030263));
#6268 = VECTOR('',#6269,1.);
#6269 = DIRECTION('',(0.754591111364,0.656195286977));
#6270 = ( GEOMETRIC_REPRESENTATION_CONTEXT(2) 
PARAMETRIC_REPRESENTATION_CONTEXT() REPRESENTATION_CONTEXT('2D SPACE',''
  ) );
#6271 = ORIENTED_EDGE('',*,*,#6145,.F.);
#6272 = ORIENTED_EDGE('',*,*,#6273,.F.);
#6273 = EDGE_CURVE('',#6222,#6146,#6274,.T.);
#6274 = SURFACE_CURVE('',#6275,(#6279,#6286),.PCURVE_S1.);
#6275 = LINE('',#6276,#6277);
#6276 = CARTESIAN_POINT('',(261.44772186643,71.890018300872,-3.75));
#6277 = VECTOR('',#6278,1.);
#6278 = DIRECTION('',(0.754591111364,0.656195286977,0.));
#6279 = PCURVE('',#6163,#6280);
#6280 = DEFINITIONAL_REPRESENTATION('',(#6281),#6285);
#6281 = LINE('',#6282,#6283);
#6282 = CARTESIAN_POINT('',(0.,0.));
#6283 = VECTOR('',#6284,1.);
#6284 = DIRECTION('',(1.,0.));
#6285 = ( GEOMETRIC_REPRESENTATION_CONTEXT(2) 
PARAMETRIC_REPRESENTATION_CONTEXT() REPRESENTATION_CONTEXT('2D SPACE',''
  ) );
#6286 = PCURVE('',#126,#6287);
#6287 = DEFINITIONAL_REPRESENTATION('',(#6288),#6292);
#6288 = LINE('',#6289,#6290);
#6289 = CARTESIAN_POINT('',(164.9319194943,36.690596030263));
#6290 = VECTOR('',#6291,1.);
#6291 = DIRECTION('',(0.754591111364,0.656195286977));
#6292 = ( GEOMETRIC_REPRESENTATION_CONTEXT(2) 
PARAMETRIC_REPRESENTATION_CONTEXT() REPRESENTATION_CONTEXT('2D SPACE',''
  ) );
#6293 = ADVANCED_FACE('',(#6294),#6239,.T.);
#6294 = FACE_BOUND('',#6295,.T.);
#6295 = EDGE_LOOP('',(#6296,#6326,#6347,#6348));
#6296 = ORIENTED_EDGE('',*,*,#6297,.T.);
#6297 = EDGE_CURVE('',#6298,#6300,#6302,.T.);
#6298 = VERTEX_POINT('',#6299);
#6299 = CARTESIAN_POINT('',(258.70826468489,70.11849156424,-3.75));
#6300 = VERTEX_POINT('',#6301);
#6301 = CARTESIAN_POINT('',(258.70826468489,70.11849156424,3.75));
#6302 = SURFACE_CURVE('',#6303,(#6307,#6314),.PCURVE_S1.);
#6303 = LINE('',#6304,#6305);
#6304 = CARTESIAN_POINT('',(258.70826468489,70.11849156424,-3.75));
#6305 = VECTOR('',#6306,1.);
#6306 = DIRECTION('',(0.,0.,1.));
#6307 = PCURVE('',#6239,#6308);
#6308 = DEFINITIONAL_REPRESENTATION('',(#6309),#6313);
#6309 = LINE('',#6310,#6311);
#6310 = CARTESIAN_POINT('',(0.,0.));
#6311 = VECTOR('',#6312,1.);
#6312 = DIRECTION('',(0.,-1.));
#6313 = ( GEOMETRIC_REPRESENTATION_CONTEXT(2) 
PARAMETRIC_REPRESENTATION_CONTEXT() REPRESENTATION_CONTEXT('2D SPACE',''
  ) );
#6314 = PCURVE('',#6315,#6320);
#6315 = PLANE('',#6316);
#6316 = AXIS2_PLACEMENT_3D('',#6317,#6318,#6319);
#6317 = CARTESIAN_POINT('',(30.533372327092,-55.47306700655,-3.75));
#6318 = DIRECTION('',(-0.482199844183,0.876061248013,0.));
#6319 = DIRECTION('',(0.876061248013,0.482199844183,0.));
#6320 = DEFINITIONAL_REPRESENTATION('',(#6321),#6325);
#6321 = LINE('',#6322,#6323);
#6322 = CARTESIAN_POINT('',(260.45541093771,0.));
#6323 = VECTOR('',#6324,1.);
#6324 = DIRECTION('',(0.,-1.));
#6325 = ( GEOMETRIC_REPRESENTATION_CONTEXT(2) 
PARAMETRIC_REPRESENTATION_CONTEXT() REPRESENTATION_CONTEXT('2D SPACE',''
  ) );
#6326 = ORIENTED_EDGE('',*,*,#6327,.T.);
#6327 = EDGE_CURVE('',#6300,#6224,#6328,.T.);
#6328 = SURFACE_CURVE('',#6329,(#6333,#6340),.PCURVE_S1.);
#6329 = LINE('',#6330,#6331);
#6330 = CARTESIAN_POINT('',(258.70826468489,70.11849156424,3.75));
#6331 = VECTOR('',#6332,1.);
#6332 = DIRECTION('',(0.839718768513,0.543021537149,0.));
#6333 = PCURVE('',#6239,#6334);
#6334 = DEFINITIONAL_REPRESENTATION('',(#6335),#6339);
#6335 = LINE('',#6336,#6337);
#6336 = CARTESIAN_POINT('',(0.,-7.5));
#6337 = VECTOR('',#6338,1.);
#6338 = DIRECTION('',(1.,0.));
#6339 = ( GEOMETRIC_REPRESENTATION_CONTEXT(2) 
PARAMETRIC_REPRESENTATION_CONTEXT() REPRESENTATION_CONTEXT('2D SPACE',''
  ) );
#6340 = PCURVE('',#72,#6341);
#6341 = DEFINITIONAL_REPRESENTATION('',(#6342),#6346);
#6342 = LINE('',#6343,#6344);
#6343 = CARTESIAN_POINT('',(162.19246231276,34.919069293631));
#6344 = VECTOR('',#6345,1.);
#6345 = DIRECTION('',(0.839718768513,0.543021537149));
#6346 = ( GEOMETRIC_REPRESENTATION_CONTEXT(2) 
PARAMETRIC_REPRESENTATION_CONTEXT() REPRESENTATION_CONTEXT('2D SPACE',''
  ) );
#6347 = ORIENTED_EDGE('',*,*,#6221,.F.);
#6348 = ORIENTED_EDGE('',*,*,#6349,.F.);
#6349 = EDGE_CURVE('',#6298,#6222,#6350,.T.);
#6350 = SURFACE_CURVE('',#6351,(#6355,#6362),.PCURVE_S1.);
#6351 = LINE('',#6352,#6353);
#6352 = CARTESIAN_POINT('',(258.70826468489,70.11849156424,-3.75));
#6353 = VECTOR('',#6354,1.);
#6354 = DIRECTION('',(0.839718768513,0.543021537149,0.));
#6355 = PCURVE('',#6239,#6356);
#6356 = DEFINITIONAL_REPRESENTATION('',(#6357),#6361);
#6357 = LINE('',#6358,#6359);
#6358 = CARTESIAN_POINT('',(0.,0.));
#6359 = VECTOR('',#6360,1.);
#6360 = DIRECTION('',(1.,0.));
#6361 = ( GEOMETRIC_REPRESENTATION_CONTEXT(2) 
PARAMETRIC_REPRESENTATION_CONTEXT() REPRESENTATION_CONTEXT('2D SPACE',''
  ) );
#6362 = PCURVE('',#126,#6363);
#6363 = DEFINITIONAL_REPRESENTATION('',(#6364),#6368);
#6364 = LINE('',#6365,#6366);
#6365 = CARTESIAN_POINT('',(162.19246231276,34.919069293631));
#6366 = VECTOR('',#6367,1.);
#6367 = DIRECTION('',(0.839718768513,0.543021537149));
#6368 = ( GEOMETRIC_REPRESENTATION_CONTEXT(2) 
PARAMETRIC_REPRESENTATION_CONTEXT() REPRESENTATION_CONTEXT('2D SPACE',''
  ) );
#6369 = ADVANCED_FACE('',(#6370),#6315,.T.);
#6370 = FACE_BOUND('',#6371,.T.);
#6371 = EDGE_LOOP('',(#6372,#6402,#6423,#6424));
#6372 = ORIENTED_EDGE('',*,*,#6373,.T.);
#6373 = EDGE_CURVE('',#6374,#6376,#6378,.T.);
#6374 = VERTEX_POINT('',#6375);
#6375 = CARTESIAN_POINT('',(30.533372327092,-55.47306700655,-3.75));
#6376 = VERTEX_POINT('',#6377);
#6377 = CARTESIAN_POINT('',(30.533372327092,-55.47306700655,3.75));
#6378 = SURFACE_CURVE('',#6379,(#6383,#6390),.PCURVE_S1.);
#6379 = LINE('',#6380,#6381);
#6380 = CARTESIAN_POINT('',(30.533372327092,-55.47306700655,-3.75));
#6381 = VECTOR('',#6382,1.);
#6382 = DIRECTION('',(0.,0.,1.));
#6383 = PCURVE('',#6315,#6384);
#6384 = DEFINITIONAL_REPRESENTATION('',(#6385),#6389);
#6385 = LINE('',#6386,#6387);
#6386 = CARTESIAN_POINT('',(0.,0.));
#6387 = VECTOR('',#6388,1.);
#6388 = DIRECTION('',(0.,-1.));
#6389 = ( GEOMETRIC_REPRESENTATION_CONTEXT(2) 
PARAMETRIC_REPRESENTATION_CONTEXT() REPRESENTATION_CONTEXT('2D SPACE',''
  ) );
#6390 = PCURVE('',#6391,#6396);
#6391 = PLANE('',#6392);
#6392 = AXIS2_PLACEMENT_3D('',#6393,#6394,#6395);
#6393 = CARTESIAN_POINT('',(25.643423966984,-57.89613800615,-3.75));
#6394 = DIRECTION('',(-0.443999909118,0.896026830348,0.));
#6395 = DIRECTION('',(0.896026830348,0.443999909118,0.));
#6396 = DEFINITIONAL_REPRESENTATION('',(#6397),#6401);
#6397 = LINE('',#6398,#6399);
#6398 = CARTESIAN_POINT('',(5.457368233283,0.));
#6399 = VECTOR('',#6400,1.);
#6400 = DIRECTION('',(0.,-1.));
#6401 = ( GEOMETRIC_REPRESENTATION_CONTEXT(2) 
PARAMETRIC_REPRESENTATION_CONTEXT() REPRESENTATION_CONTEXT('2D SPACE',''
  ) );
#6402 = ORIENTED_EDGE('',*,*,#6403,.T.);
#6403 = EDGE_CURVE('',#6376,#6300,#6404,.T.);
#6404 = SURFACE_CURVE('',#6405,(#6409,#6416),.PCURVE_S1.);
#6405 = LINE('',#6406,#6407);
#6406 = CARTESIAN_POINT('',(30.533372327092,-55.47306700655,3.75));
#6407 = VECTOR('',#6408,1.);
#6408 = DIRECTION('',(0.876061248013,0.482199844183,0.));
#6409 = PCURVE('',#6315,#6410);
#6410 = DEFINITIONAL_REPRESENTATION('',(#6411),#6415);
#6411 = LINE('',#6412,#6413);
#6412 = CARTESIAN_POINT('',(0.,-7.5));
#6413 = VECTOR('',#6414,1.);
#6414 = DIRECTION('',(1.,0.));
#6415 = ( GEOMETRIC_REPRESENTATION_CONTEXT(2) 
PARAMETRIC_REPRESENTATION_CONTEXT() REPRESENTATION_CONTEXT('2D SPACE',''
  ) );
#6416 = PCURVE('',#72,#6417);
#6417 = DEFINITIONAL_REPRESENTATION('',(#6418),#6422);
#6418 = LINE('',#6419,#6420);
#6419 = CARTESIAN_POINT('',(-65.98243004503,-90.67248927716));
#6420 = VECTOR('',#6421,1.);
#6421 = DIRECTION('',(0.876061248013,0.482199844183));
#6422 = ( GEOMETRIC_REPRESENTATION_CONTEXT(2) 
PARAMETRIC_REPRESENTATION_CONTEXT() REPRESENTATION_CONTEXT('2D SPACE',''
  ) );
#6423 = ORIENTED_EDGE('',*,*,#6297,.F.);
#6424 = ORIENTED_EDGE('',*,*,#6425,.F.);
#6425 = EDGE_CURVE('',#6374,#6298,#6426,.T.);
#6426 = SURFACE_CURVE('',#6427,(#6431,#6438),.PCURVE_S1.);
#6427 = LINE('',#6428,#6429);
#6428 = CARTESIAN_POINT('',(30.533372327092,-55.47306700655,-3.75));
#6429 = VECTOR('',#6430,1.);
#6430 = DIRECTION('',(0.876061248013,0.482199844183,0.));
#6431 = PCURVE('',#6315,#6432);
#6432 = DEFINITIONAL_REPRESENTATION('',(#6433),#6437);
#6433 = LINE('',#6434,#6435);
#6434 = CARTESIAN_POINT('',(0.,0.));
#6435 = VECTOR('',#6436,1.);
#6436 = DIRECTION('',(1.,0.));
#6437 = ( GEOMETRIC_REPRESENTATION_CONTEXT(2) 
PARAMETRIC_REPRESENTATION_CONTEXT() REPRESENTATION_CONTEXT('2D SPACE',''
  ) );
#6438 = PCURVE('',#126,#6439);
#6439 = DEFINITIONAL_REPRESENTATION('',(#6440),#6444);
#6440 = LINE('',#6441,#6442);
#6441 = CARTESIAN_POINT('',(-65.98243004503,-90.67248927716));
#6442 = VECTOR('',#6443,1.);
#6443 = DIRECTION('',(0.876061248013,0.482199844183));
#6444 = ( GEOMETRIC_REPRESENTATION_CONTEXT(2) 
PARAMETRIC_REPRESENTATION_CONTEXT() REPRESENTATION_CONTEXT('2D SPACE',''
  ) );
#6445 = ADVANCED_FACE('',(#6446),#6391,.T.);
#6446 = FACE_BOUND('',#6447,.T.);
#6447 = EDGE_LOOP('',(#6448,#6478,#6499,#6500));
#6448 = ORIENTED_EDGE('',*,*,#6449,.T.);
#6449 = EDGE_CURVE('',#6450,#6452,#6454,.T.);
#6450 = VERTEX_POINT('',#6451);
#6451 = CARTESIAN_POINT('',(25.643423966984,-57.89613800615,-3.75));
#6452 = VERTEX_POINT('',#6453);
#6453 = CARTESIAN_POINT('',(25.643423966984,-57.89613800615,3.75));
#6454 = SURFACE_CURVE('',#6455,(#6459,#6466),.PCURVE_S1.);
#6455 = LINE('',#6456,#6457);
#6456 = CARTESIAN_POINT('',(25.643423966984,-57.89613800615,-3.75));
#6457 = VECTOR('',#6458,1.);
#6458 = DIRECTION('',(0.,0.,1.));
#6459 = PCURVE('',#6391,#6460);
#6460 = DEFINITIONAL_REPRESENTATION('',(#6461),#6465);
#6461 = LINE('',#6462,#6463);
#6462 = CARTESIAN_POINT('',(0.,0.));
#6463 = VECTOR('',#6464,1.);
#6464 = DIRECTION('',(0.,-1.));
#6465 = ( GEOMETRIC_REPRESENTATION_CONTEXT(2) 
PARAMETRIC_REPRESENTATION_CONTEXT() REPRESENTATION_CONTEXT('2D SPACE',''
  ) );
#6466 = PCURVE('',#6467,#6472);
#6467 = PLANE('',#6468);
#6468 = AXIS2_PLACEMENT_3D('',#6469,#6470,#6471);
#6469 = CARTESIAN_POINT('',(20.562996601741,-59.88915727855,-3.75));
#6470 = DIRECTION('',(-0.365197873261,0.930929918611,0.));
#6471 = DIRECTION('',(0.930929918611,0.365197873261,0.));
#6472 = DEFINITIONAL_REPRESENTATION('',(#6473),#6477);
#6473 = LINE('',#6474,#6475);
#6474 = CARTESIAN_POINT('',(5.457368233283,0.));
#6475 = VECTOR('',#6476,1.);
#6476 = DIRECTION('',(0.,-1.));
#6477 = ( GEOMETRIC_REPRESENTATION_CONTEXT(2) 
PARAMETRIC_REPRESENTATION_CONTEXT() REPRESENTATION_CONTEXT('2D SPACE',''
  ) );
#6478 = ORIENTED_EDGE('',*,*,#6479,.T.);
#6479 = EDGE_CURVE('',#6452,#6376,#6480,.T.);
#6480 = SURFACE_CURVE('',#6481,(#6485,#6492),.PCURVE_S1.);
#6481 = LINE('',#6482,#6483);
#6482 = CARTESIAN_POINT('',(25.643423966984,-57.89613800615,3.75));
#6483 = VECTOR('',#6484,1.);
#6484 = DIRECTION('',(0.896026830348,0.443999909118,0.));
#6485 = PCURVE('',#6391,#6486);
#6486 = DEFINITIONAL_REPRESENTATION('',(#6487),#6491);
#6487 = LINE('',#6488,#6489);
#6488 = CARTESIAN_POINT('',(0.,-7.5));
#6489 = VECTOR('',#6490,1.);
#6490 = DIRECTION('',(1.,0.));
#6491 = ( GEOMETRIC_REPRESENTATION_CONTEXT(2) 
PARAMETRIC_REPRESENTATION_CONTEXT() REPRESENTATION_CONTEXT('2D SPACE',''
  ) );
#6492 = PCURVE('',#72,#6493);
#6493 = DEFINITIONAL_REPRESENTATION('',(#6494),#6498);
#6494 = LINE('',#6495,#6496);
#6495 = CARTESIAN_POINT('',(-70.87237840514,-93.09556027676));
#6496 = VECTOR('',#6497,1.);
#6497 = DIRECTION('',(0.896026830348,0.443999909118));
#6498 = ( GEOMETRIC_REPRESENTATION_CONTEXT(2) 
PARAMETRIC_REPRESENTATION_CONTEXT() REPRESENTATION_CONTEXT('2D SPACE',''
  ) );
#6499 = ORIENTED_EDGE('',*,*,#6373,.F.);
#6500 = ORIENTED_EDGE('',*,*,#6501,.F.);
#6501 = EDGE_CURVE('',#6450,#6374,#6502,.T.);
#6502 = SURFACE_CURVE('',#6503,(#6507,#6514),.PCURVE_S1.);
#6503 = LINE('',#6504,#6505);
#6504 = CARTESIAN_POINT('',(25.643423966984,-57.89613800615,-3.75));
#6505 = VECTOR('',#6506,1.);
#6506 = DIRECTION('',(0.896026830348,0.443999909118,0.));
#6507 = PCURVE('',#6391,#6508);
#6508 = DEFINITIONAL_REPRESENTATION('',(#6509),#6513);
#6509 = LINE('',#6510,#6511);
#6510 = CARTESIAN_POINT('',(0.,0.));
#6511 = VECTOR('',#6512,1.);
#6512 = DIRECTION('',(1.,0.));
#6513 = ( GEOMETRIC_REPRESENTATION_CONTEXT(2) 
PARAMETRIC_REPRESENTATION_CONTEXT() REPRESENTATION_CONTEXT('2D SPACE',''
  ) );
#6514 = PCURVE('',#126,#6515);
#6515 = DEFINITIONAL_REPRESENTATION('',(#6516),#6520);
#6516 = LINE('',#6517,#6518);
#6517 = CARTESIAN_POINT('',(-70.87237840514,-93.09556027676));
#6518 = VECTOR('',#6519,1.);
#6519 = DIRECTION('',(0.896026830348,0.443999909118));
#6520 = ( GEOMETRIC_REPRESENTATION_CONTEXT(2) 
PARAMETRIC_REPRESENTATION_CONTEXT() REPRESENTATION_CONTEXT('2D SPACE',''
  ) );
#6521 = ADVANCED_FACE('',(#6522),#6467,.T.);
#6522 = FACE_BOUND('',#6523,.T.);
#6523 = EDGE_LOOP('',(#6524,#6554,#6575,#6576));
#6524 = ORIENTED_EDGE('',*,*,#6525,.T.);
#6525 = EDGE_CURVE('',#6526,#6528,#6530,.T.);
#6526 = VERTEX_POINT('',#6527);
#6527 = CARTESIAN_POINT('',(20.562996601741,-59.88915727855,-3.75));
#6528 = VERTEX_POINT('',#6529);
#6529 = CARTESIAN_POINT('',(20.562996601741,-59.88915727855,3.75));
#6530 = SURFACE_CURVE('',#6531,(#6535,#6542),.PCURVE_S1.);
#6531 = LINE('',#6532,#6533);
#6532 = CARTESIAN_POINT('',(20.562996601741,-59.88915727855,-3.75));
#6533 = VECTOR('',#6534,1.);
#6534 = DIRECTION('',(0.,0.,1.));
#6535 = PCURVE('',#6467,#6536);
#6536 = DEFINITIONAL_REPRESENTATION('',(#6537),#6541);
#6537 = LINE('',#6538,#6539);
#6538 = CARTESIAN_POINT('',(0.,0.));
#6539 = VECTOR('',#6540,1.);
#6540 = DIRECTION('',(0.,-1.));
#6541 = ( GEOMETRIC_REPRESENTATION_CONTEXT(2) 
PARAMETRIC_REPRESENTATION_CONTEXT() REPRESENTATION_CONTEXT('2D SPACE',''
  ) );
#6542 = PCURVE('',#6543,#6548);
#6543 = PLANE('',#6544);
#6544 = AXIS2_PLACEMENT_3D('',#6545,#6546,#6547);
#6545 = CARTESIAN_POINT('',(15.32982757687,-61.43732070363,-3.75));
#6546 = DIRECTION('',(-0.283683152558,0.958918072076,0.));
#6547 = DIRECTION('',(0.958918072076,0.283683152558,0.));
#6548 = DEFINITIONAL_REPRESENTATION('',(#6549),#6553);
#6549 = LINE('',#6550,#6551);
#6550 = CARTESIAN_POINT('',(5.457368233283,0.));
#6551 = VECTOR('',#6552,1.);
#6552 = DIRECTION('',(0.,-1.));
#6553 = ( GEOMETRIC_REPRESENTATION_CONTEXT(2) 
PARAMETRIC_REPRESENTATION_CONTEXT() REPRESENTATION_CONTEXT('2D SPACE',''
  ) );
#6554 = ORIENTED_EDGE('',*,*,#6555,.T.);
#6555 = EDGE_CURVE('',#6528,#6452,#6556,.T.);
#6556 = SURFACE_CURVE('',#6557,(#6561,#6568),.PCURVE_S1.);
#6557 = LINE('',#6558,#6559);
#6558 = CARTESIAN_POINT('',(20.562996601741,-59.88915727855,3.75));
#6559 = VECTOR('',#6560,1.);
#6560 = DIRECTION('',(0.930929918611,0.365197873261,0.));
#6561 = PCURVE('',#6467,#6562);
#6562 = DEFINITIONAL_REPRESENTATION('',(#6563),#6567);
#6563 = LINE('',#6564,#6565);
#6564 = CARTESIAN_POINT('',(0.,-7.5));
#6565 = VECTOR('',#6566,1.);
#6566 = DIRECTION('',(1.,0.));
#6567 = ( GEOMETRIC_REPRESENTATION_CONTEXT(2) 
PARAMETRIC_REPRESENTATION_CONTEXT() REPRESENTATION_CONTEXT('2D SPACE',''
  ) );
#6568 = PCURVE('',#72,#6569);
#6569 = DEFINITIONAL_REPRESENTATION('',(#6570),#6574);
#6570 = LINE('',#6571,#6572);
#6571 = CARTESIAN_POINT('',(-75.95280577038,-95.08857954916));
#6572 = VECTOR('',#6573,1.);
#6573 = DIRECTION('',(0.930929918611,0.365197873261));
#6574 = ( GEOMETRIC_REPRESENTATION_CONTEXT(2) 
PARAMETRIC_REPRESENTATION_CONTEXT() REPRESENTATION_CONTEXT('2D SPACE',''
  ) );
#6575 = ORIENTED_EDGE('',*,*,#6449,.F.);
#6576 = ORIENTED_EDGE('',*,*,#6577,.F.);
#6577 = EDGE_CURVE('',#6526,#6450,#6578,.T.);
#6578 = SURFACE_CURVE('',#6579,(#6583,#6590),.PCURVE_S1.);
#6579 = LINE('',#6580,#6581);
#6580 = CARTESIAN_POINT('',(20.562996601741,-59.88915727855,-3.75));
#6581 = VECTOR('',#6582,1.);
#6582 = DIRECTION('',(0.930929918611,0.365197873261,0.));
#6583 = PCURVE('',#6467,#6584);
#6584 = DEFINITIONAL_REPRESENTATION('',(#6585),#6589);
#6585 = LINE('',#6586,#6587);
#6586 = CARTESIAN_POINT('',(0.,0.));
#6587 = VECTOR('',#6588,1.);
#6588 = DIRECTION('',(1.,0.));
#6589 = ( GEOMETRIC_REPRESENTATION_CONTEXT(2) 
PARAMETRIC_REPRESENTATION_CONTEXT() REPRESENTATION_CONTEXT('2D SPACE',''
  ) );
#6590 = PCURVE('',#126,#6591);
#6591 = DEFINITIONAL_REPRESENTATION('',(#6592),#6596);
#6592 = LINE('',#6593,#6594);
#6593 = CARTESIAN_POINT('',(-75.95280577038,-95.08857954916));
#6594 = VECTOR('',#6595,1.);
#6595 = DIRECTION('',(0.930929918611,0.365197873261));
#6596 = ( GEOMETRIC_REPRESENTATION_CONTEXT(2) 
PARAMETRIC_REPRESENTATION_CONTEXT() REPRESENTATION_CONTEXT('2D SPACE',''
  ) );
#6597 = ADVANCED_FACE('',(#6598),#6543,.T.);
#6598 = FACE_BOUND('',#6599,.T.);
#6599 = EDGE_LOOP('',(#6600,#6630,#6651,#6652));
#6600 = ORIENTED_EDGE('',*,*,#6601,.T.);
#6601 = EDGE_CURVE('',#6602,#6604,#6606,.T.);
#6602 = VERTEX_POINT('',#6603);
#6603 = CARTESIAN_POINT('',(15.32982757687,-61.43732070363,-3.75));
#6604 = VERTEX_POINT('',#6605);
#6605 = CARTESIAN_POINT('',(15.32982757687,-61.43732070363,3.75));
#6606 = SURFACE_CURVE('',#6607,(#6611,#6618),.PCURVE_S1.);
#6607 = LINE('',#6608,#6609);
#6608 = CARTESIAN_POINT('',(15.32982757687,-61.43732070363,-3.75));
#6609 = VECTOR('',#6610,1.);
#6610 = DIRECTION('',(0.,0.,1.));
#6611 = PCURVE('',#6543,#6612);
#6612 = DEFINITIONAL_REPRESENTATION('',(#6613),#6617);
#6613 = LINE('',#6614,#6615);
#6614 = CARTESIAN_POINT('',(0.,0.));
#6615 = VECTOR('',#6616,1.);
#6616 = DIRECTION('',(0.,-1.));
#6617 = ( GEOMETRIC_REPRESENTATION_CONTEXT(2) 
PARAMETRIC_REPRESENTATION_CONTEXT() REPRESENTATION_CONTEXT('2D SPACE',''
  ) );
#6618 = PCURVE('',#6619,#6624);
#6619 = PLANE('',#6620);
#6620 = AXIS2_PLACEMENT_3D('',#6621,#6622,#6623);
#6621 = CARTESIAN_POINT('',(9.982788800851,-62.52912854451,-3.75));
#6622 = DIRECTION('',(-0.200061237249,0.979783395119,0.));
#6623 = DIRECTION('',(0.979783395119,0.200061237249,0.));
#6624 = DEFINITIONAL_REPRESENTATION('',(#6625),#6629);
#6625 = LINE('',#6626,#6627);
#6626 = CARTESIAN_POINT('',(5.457368233283,0.));
#6627 = VECTOR('',#6628,1.);
#6628 = DIRECTION('',(0.,-1.));
#6629 = ( GEOMETRIC_REPRESENTATION_CONTEXT(2) 
PARAMETRIC_REPRESENTATION_CONTEXT() REPRESENTATION_CONTEXT('2D SPACE',''
  ) );
#6630 = ORIENTED_EDGE('',*,*,#6631,.T.);
#6631 = EDGE_CURVE('',#6604,#6528,#6632,.T.);
#6632 = SURFACE_CURVE('',#6633,(#6637,#6644),.PCURVE_S1.);
#6633 = LINE('',#6634,#6635);
#6634 = CARTESIAN_POINT('',(15.32982757687,-61.43732070363,3.75));
#6635 = VECTOR('',#6636,1.);
#6636 = DIRECTION('',(0.958918072076,0.283683152558,0.));
#6637 = PCURVE('',#6543,#6638);
#6638 = DEFINITIONAL_REPRESENTATION('',(#6639),#6643);
#6639 = LINE('',#6640,#6641);
#6640 = CARTESIAN_POINT('',(0.,-7.5));
#6641 = VECTOR('',#6642,1.);
#6642 = DIRECTION('',(1.,0.));
#6643 = ( GEOMETRIC_REPRESENTATION_CONTEXT(2) 
PARAMETRIC_REPRESENTATION_CONTEXT() REPRESENTATION_CONTEXT('2D SPACE',''
  ) );
#6644 = PCURVE('',#72,#6645);
#6645 = DEFINITIONAL_REPRESENTATION('',(#6646),#6650);
#6646 = LINE('',#6647,#6648);
#6647 = CARTESIAN_POINT('',(-81.18597479525,-96.63674297424));
#6648 = VECTOR('',#6649,1.);
#6649 = DIRECTION('',(0.958918072076,0.283683152558));
#6650 = ( GEOMETRIC_REPRESENTATION_CONTEXT(2) 
PARAMETRIC_REPRESENTATION_CONTEXT() REPRESENTATION_CONTEXT('2D SPACE',''
  ) );
#6651 = ORIENTED_EDGE('',*,*,#6525,.F.);
#6652 = ORIENTED_EDGE('',*,*,#6653,.F.);
#6653 = EDGE_CURVE('',#6602,#6526,#6654,.T.);
#6654 = SURFACE_CURVE('',#6655,(#6659,#6666),.PCURVE_S1.);
#6655 = LINE('',#6656,#6657);
#6656 = CARTESIAN_POINT('',(15.32982757687,-61.43732070363,-3.75));
#6657 = VECTOR('',#6658,1.);
#6658 = DIRECTION('',(0.958918072076,0.283683152558,0.));
#6659 = PCURVE('',#6543,#6660);
#6660 = DEFINITIONAL_REPRESENTATION('',(#6661),#6665);
#6661 = LINE('',#6662,#6663);
#6662 = CARTESIAN_POINT('',(0.,0.));
#6663 = VECTOR('',#6664,1.);
#6664 = DIRECTION('',(1.,0.));
#6665 = ( GEOMETRIC_REPRESENTATION_CONTEXT(2) 
PARAMETRIC_REPRESENTATION_CONTEXT() REPRESENTATION_CONTEXT('2D SPACE',''
  ) );
#6666 = PCURVE('',#126,#6667);
#6667 = DEFINITIONAL_REPRESENTATION('',(#6668),#6672);
#6668 = LINE('',#6669,#6670);
#6669 = CARTESIAN_POINT('',(-81.18597479525,-96.63674297424));
#6670 = VECTOR('',#6671,1.);
#6671 = DIRECTION('',(0.958918072076,0.283683152558));
#6672 = ( GEOMETRIC_REPRESENTATION_CONTEXT(2) 
PARAMETRIC_REPRESENTATION_CONTEXT() REPRESENTATION_CONTEXT('2D SPACE',''
  ) );
#6673 = ADVANCED_FACE('',(#6674),#6619,.T.);
#6674 = FACE_BOUND('',#6675,.T.);
#6675 = EDGE_LOOP('',(#6676,#6706,#6727,#6728));
#6676 = ORIENTED_EDGE('',*,*,#6677,.T.);
#6677 = EDGE_CURVE('',#6678,#6680,#6682,.T.);
#6678 = VERTEX_POINT('',#6679);
#6679 = CARTESIAN_POINT('',(9.982788800851,-62.52912854451,-3.75));
#6680 = VERTEX_POINT('',#6681);
#6681 = CARTESIAN_POINT('',(9.982788800851,-62.52912854451,3.75));
#6682 = SURFACE_CURVE('',#6683,(#6687,#6694),.PCURVE_S1.);
#6683 = LINE('',#6684,#6685);
#6684 = CARTESIAN_POINT('',(9.982788800851,-62.52912854451,-3.75));
#6685 = VECTOR('',#6686,1.);
#6686 = DIRECTION('',(0.,0.,1.));
#6687 = PCURVE('',#6619,#6688);
#6688 = DEFINITIONAL_REPRESENTATION('',(#6689),#6693);
#6689 = LINE('',#6690,#6691);
#6690 = CARTESIAN_POINT('',(0.,0.));
#6691 = VECTOR('',#6692,1.);
#6692 = DIRECTION('',(0.,-1.));
#6693 = ( GEOMETRIC_REPRESENTATION_CONTEXT(2) 
PARAMETRIC_REPRESENTATION_CONTEXT() REPRESENTATION_CONTEXT('2D SPACE',''
  ) );
#6694 = PCURVE('',#6695,#6700);
#6695 = PLANE('',#6696);
#6696 = AXIS2_PLACEMENT_3D('',#6697,#6698,#6699);
#6697 = CARTESIAN_POINT('',(4.561598005128,-63.15647086734,-3.75));
#6698 = DIRECTION('',(-0.114953269785,0.993370900402,0.));
#6699 = DIRECTION('',(0.993370900402,0.114953269785,0.));
#6700 = DEFINITIONAL_REPRESENTATION('',(#6701),#6705);
#6701 = LINE('',#6702,#6703);
#6702 = CARTESIAN_POINT('',(5.457368233283,0.));
#6703 = VECTOR('',#6704,1.);
#6704 = DIRECTION('',(0.,-1.));
#6705 = ( GEOMETRIC_REPRESENTATION_CONTEXT(2) 
PARAMETRIC_REPRESENTATION_CONTEXT() REPRESENTATION_CONTEXT('2D SPACE',''
  ) );
#6706 = ORIENTED_EDGE('',*,*,#6707,.T.);
#6707 = EDGE_CURVE('',#6680,#6604,#6708,.T.);
#6708 = SURFACE_CURVE('',#6709,(#6713,#6720),.PCURVE_S1.);
#6709 = LINE('',#6710,#6711);
#6710 = CARTESIAN_POINT('',(9.982788800851,-62.52912854451,3.75));
#6711 = VECTOR('',#6712,1.);
#6712 = DIRECTION('',(0.979783395119,0.200061237249,0.));
#6713 = PCURVE('',#6619,#6714);
#6714 = DEFINITIONAL_REPRESENTATION('',(#6715),#6719);
#6715 = LINE('',#6716,#6717);
#6716 = CARTESIAN_POINT('',(0.,-7.5));
#6717 = VECTOR('',#6718,1.);
#6718 = DIRECTION('',(1.,0.));
#6719 = ( GEOMETRIC_REPRESENTATION_CONTEXT(2) 
PARAMETRIC_REPRESENTATION_CONTEXT() REPRESENTATION_CONTEXT('2D SPACE',''
  ) );
#6720 = PCURVE('',#72,#6721);
#6721 = DEFINITIONAL_REPRESENTATION('',(#6722),#6726);
#6722 = LINE('',#6723,#6724);
#6723 = CARTESIAN_POINT('',(-86.53301357127,-97.72855081511));
#6724 = VECTOR('',#6725,1.);
#6725 = DIRECTION('',(0.979783395119,0.200061237249));
#6726 = ( GEOMETRIC_REPRESENTATION_CONTEXT(2) 
PARAMETRIC_REPRESENTATION_CONTEXT() REPRESENTATION_CONTEXT('2D SPACE',''
  ) );
#6727 = ORIENTED_EDGE('',*,*,#6601,.F.);
#6728 = ORIENTED_EDGE('',*,*,#6729,.F.);
#6729 = EDGE_CURVE('',#6678,#6602,#6730,.T.);
#6730 = SURFACE_CURVE('',#6731,(#6735,#6742),.PCURVE_S1.);
#6731 = LINE('',#6732,#6733);
#6732 = CARTESIAN_POINT('',(9.982788800851,-62.52912854451,-3.75));
#6733 = VECTOR('',#6734,1.);
#6734 = DIRECTION('',(0.979783395119,0.200061237249,0.));
#6735 = PCURVE('',#6619,#6736);
#6736 = DEFINITIONAL_REPRESENTATION('',(#6737),#6741);
#6737 = LINE('',#6738,#6739);
#6738 = CARTESIAN_POINT('',(0.,0.));
#6739 = VECTOR('',#6740,1.);
#6740 = DIRECTION('',(1.,0.));
#6741 = ( GEOMETRIC_REPRESENTATION_CONTEXT(2) 
PARAMETRIC_REPRESENTATION_CONTEXT() REPRESENTATION_CONTEXT('2D SPACE',''
  ) );
#6742 = PCURVE('',#126,#6743);
#6743 = DEFINITIONAL_REPRESENTATION('',(#6744),#6748);
#6744 = LINE('',#6745,#6746);
#6745 = CARTESIAN_POINT('',(-86.53301357127,-97.72855081511));
#6746 = VECTOR('',#6747,1.);
#6747 = DIRECTION('',(0.979783395119,0.200061237249));
#6748 = ( GEOMETRIC_REPRESENTATION_CONTEXT(2) 
PARAMETRIC_REPRESENTATION_CONTEXT() REPRESENTATION_CONTEXT('2D SPACE',''
  ) );
#6749 = ADVANCED_FACE('',(#6750),#6695,.T.);
#6750 = FACE_BOUND('',#6751,.T.);
#6751 = EDGE_LOOP('',(#6752,#6782,#6803,#6804));
#6752 = ORIENTED_EDGE('',*,*,#6753,.T.);
#6753 = EDGE_CURVE('',#6754,#6756,#6758,.T.);
#6754 = VERTEX_POINT('',#6755);
#6755 = CARTESIAN_POINT('',(4.561598005128,-63.15647086734,-3.75));
#6756 = VERTEX_POINT('',#6757);
#6757 = CARTESIAN_POINT('',(4.561598005128,-63.15647086734,3.75));
#6758 = SURFACE_CURVE('',#6759,(#6763,#6770),.PCURVE_S1.);
#6759 = LINE('',#6760,#6761);
#6760 = CARTESIAN_POINT('',(4.561598005128,-63.15647086734,-3.75));
#6761 = VECTOR('',#6762,1.);
#6762 = DIRECTION('',(0.,0.,1.));
#6763 = PCURVE('',#6695,#6764);
#6764 = DEFINITIONAL_REPRESENTATION('',(#6765),#6769);
#6765 = LINE('',#6766,#6767);
#6766 = CARTESIAN_POINT('',(0.,0.));
#6767 = VECTOR('',#6768,1.);
#6768 = DIRECTION('',(0.,-1.));
#6769 = ( GEOMETRIC_REPRESENTATION_CONTEXT(2) 
PARAMETRIC_REPRESENTATION_CONTEXT() REPRESENTATION_CONTEXT('2D SPACE',''
  ) );
#6770 = PCURVE('',#6771,#6776);
#6771 = PLANE('',#6772);
#6772 = AXIS2_PLACEMENT_3D('',#6773,#6774,#6775);
#6773 = CARTESIAN_POINT('',(-0.893476278655,-63.31468778188,-3.75));
#6774 = DIRECTION('',(-2.899143099339E-02,0.999579660122,0.));
#6775 = DIRECTION('',(0.999579660122,2.899143099339E-02,0.));
#6776 = DEFINITIONAL_REPRESENTATION('',(#6777),#6781);
#6777 = LINE('',#6778,#6779);
#6778 = CARTESIAN_POINT('',(5.457368233283,0.));
#6779 = VECTOR('',#6780,1.);
#6780 = DIRECTION('',(0.,-1.));
#6781 = ( GEOMETRIC_REPRESENTATION_CONTEXT(2) 
PARAMETRIC_REPRESENTATION_CONTEXT() REPRESENTATION_CONTEXT('2D SPACE',''
  ) );
#6782 = ORIENTED_EDGE('',*,*,#6783,.T.);
#6783 = EDGE_CURVE('',#6756,#6680,#6784,.T.);
#6784 = SURFACE_CURVE('',#6785,(#6789,#6796),.PCURVE_S1.);
#6785 = LINE('',#6786,#6787);
#6786 = CARTESIAN_POINT('',(4.561598005128,-63.15647086734,3.75));
#6787 = VECTOR('',#6788,1.);
#6788 = DIRECTION('',(0.993370900402,0.114953269785,0.));
#6789 = PCURVE('',#6695,#6790);
#6790 = DEFINITIONAL_REPRESENTATION('',(#6791),#6795);
#6791 = LINE('',#6792,#6793);
#6792 = CARTESIAN_POINT('',(0.,-7.5));
#6793 = VECTOR('',#6794,1.);
#6794 = DIRECTION('',(1.,0.));
#6795 = ( GEOMETRIC_REPRESENTATION_CONTEXT(2) 
PARAMETRIC_REPRESENTATION_CONTEXT() REPRESENTATION_CONTEXT('2D SPACE',''
  ) );
#6796 = PCURVE('',#72,#6797);
#6797 = DEFINITIONAL_REPRESENTATION('',(#6798),#6802);
#6798 = LINE('',#6799,#6800);
#6799 = CARTESIAN_POINT('',(-91.95420436699,-98.35589313795));
#6800 = VECTOR('',#6801,1.);
#6801 = DIRECTION('',(0.993370900402,0.114953269785));
#6802 = ( GEOMETRIC_REPRESENTATION_CONTEXT(2) 
PARAMETRIC_REPRESENTATION_CONTEXT() REPRESENTATION_CONTEXT('2D SPACE',''
  ) );
#6803 = ORIENTED_EDGE('',*,*,#6677,.F.);
#6804 = ORIENTED_EDGE('',*,*,#6805,.F.);
#6805 = EDGE_CURVE('',#6754,#6678,#6806,.T.);
#6806 = SURFACE_CURVE('',#6807,(#6811,#6818),.PCURVE_S1.);
#6807 = LINE('',#6808,#6809);
#6808 = CARTESIAN_POINT('',(4.561598005128,-63.15647086734,-3.75));
#6809 = VECTOR('',#6810,1.);
#6810 = DIRECTION('',(0.993370900402,0.114953269785,0.));
#6811 = PCURVE('',#6695,#6812);
#6812 = DEFINITIONAL_REPRESENTATION('',(#6813),#6817);
#6813 = LINE('',#6814,#6815);
#6814 = CARTESIAN_POINT('',(0.,0.));
#6815 = VECTOR('',#6816,1.);
#6816 = DIRECTION('',(1.,0.));
#6817 = ( GEOMETRIC_REPRESENTATION_CONTEXT(2) 
PARAMETRIC_REPRESENTATION_CONTEXT() REPRESENTATION_CONTEXT('2D SPACE',''
  ) );
#6818 = PCURVE('',#126,#6819);
#6819 = DEFINITIONAL_REPRESENTATION('',(#6820),#6824);
#6820 = LINE('',#6821,#6822);
#6821 = CARTESIAN_POINT('',(-91.95420436699,-98.35589313795));
#6822 = VECTOR('',#6823,1.);
#6823 = DIRECTION('',(0.993370900402,0.114953269785));
#6824 = ( GEOMETRIC_REPRESENTATION_CONTEXT(2) 
PARAMETRIC_REPRESENTATION_CONTEXT() REPRESENTATION_CONTEXT('2D SPACE',''
  ) );
#6825 = ADVANCED_FACE('',(#6826),#6771,.T.);
#6826 = FACE_BOUND('',#6827,.T.);
#6827 = EDGE_LOOP('',(#6828,#6858,#6879,#6880));
#6828 = ORIENTED_EDGE('',*,*,#6829,.T.);
#6829 = EDGE_CURVE('',#6830,#6832,#6834,.T.);
#6830 = VERTEX_POINT('',#6831);
#6831 = CARTESIAN_POINT('',(-0.893476278655,-63.31468778188,-3.75));
#6832 = VERTEX_POINT('',#6833);
#6833 = CARTESIAN_POINT('',(-0.893476278655,-63.31468778188,3.75));
#6834 = SURFACE_CURVE('',#6835,(#6839,#6846),.PCURVE_S1.);
#6835 = LINE('',#6836,#6837);
#6836 = CARTESIAN_POINT('',(-0.893476278655,-63.31468778188,-3.75));
#6837 = VECTOR('',#6838,1.);
#6838 = DIRECTION('',(0.,0.,1.));
#6839 = PCURVE('',#6771,#6840);
#6840 = DEFINITIONAL_REPRESENTATION('',(#6841),#6845);
#6841 = LINE('',#6842,#6843);
#6842 = CARTESIAN_POINT('',(0.,0.));
#6843 = VECTOR('',#6844,1.);
#6844 = DIRECTION('',(0.,-1.));
#6845 = ( GEOMETRIC_REPRESENTATION_CONTEXT(2) 
PARAMETRIC_REPRESENTATION_CONTEXT() REPRESENTATION_CONTEXT('2D SPACE',''
  ) );
#6846 = PCURVE('',#6847,#6852);
#6847 = PLANE('',#6848);
#6848 = AXIS2_PLACEMENT_3D('',#6849,#6850,#6851);
#6849 = CARTESIAN_POINT('',(-6.34191383277,-63.00260405503,-3.75));
#6850 = DIRECTION('',(5.718575575389E-02,0.998363555694,-0.));
#6851 = DIRECTION('',(0.998363555694,-5.718575575389E-02,0.));
#6852 = DEFINITIONAL_REPRESENTATION('',(#6853),#6857);
#6853 = LINE('',#6854,#6855);
#6854 = CARTESIAN_POINT('',(5.457368233283,0.));
#6855 = VECTOR('',#6856,1.);
#6856 = DIRECTION('',(0.,-1.));
#6857 = ( GEOMETRIC_REPRESENTATION_CONTEXT(2) 
PARAMETRIC_REPRESENTATION_CONTEXT() REPRESENTATION_CONTEXT('2D SPACE',''
  ) );
#6858 = ORIENTED_EDGE('',*,*,#6859,.T.);
#6859 = EDGE_CURVE('',#6832,#6756,#6860,.T.);
#6860 = SURFACE_CURVE('',#6861,(#6865,#6872),.PCURVE_S1.);
#6861 = LINE('',#6862,#6863);
#6862 = CARTESIAN_POINT('',(-0.893476278655,-63.31468778188,3.75));
#6863 = VECTOR('',#6864,1.);
#6864 = DIRECTION('',(0.999579660122,2.899143099339E-02,0.));
#6865 = PCURVE('',#6771,#6866);
#6866 = DEFINITIONAL_REPRESENTATION('',(#6867),#6871);
#6867 = LINE('',#6868,#6869);
#6868 = CARTESIAN_POINT('',(0.,-7.5));
#6869 = VECTOR('',#6870,1.);
#6870 = DIRECTION('',(1.,0.));
#6871 = ( GEOMETRIC_REPRESENTATION_CONTEXT(2) 
PARAMETRIC_REPRESENTATION_CONTEXT() REPRESENTATION_CONTEXT('2D SPACE',''
  ) );
#6872 = PCURVE('',#72,#6873);
#6873 = DEFINITIONAL_REPRESENTATION('',(#6874),#6878);
#6874 = LINE('',#6875,#6876);
#6875 = CARTESIAN_POINT('',(-97.40927865077,-98.51411005249));
#6876 = VECTOR('',#6877,1.);
#6877 = DIRECTION('',(0.999579660122,2.899143099339E-02));
#6878 = ( GEOMETRIC_REPRESENTATION_CONTEXT(2) 
PARAMETRIC_REPRESENTATION_CONTEXT() REPRESENTATION_CONTEXT('2D SPACE',''
  ) );
#6879 = ORIENTED_EDGE('',*,*,#6753,.F.);
#6880 = ORIENTED_EDGE('',*,*,#6881,.F.);
#6881 = EDGE_CURVE('',#6830,#6754,#6882,.T.);
#6882 = SURFACE_CURVE('',#6883,(#6887,#6894),.PCURVE_S1.);
#6883 = LINE('',#6884,#6885);
#6884 = CARTESIAN_POINT('',(-0.893476278655,-63.31468778188,-3.75));
#6885 = VECTOR('',#6886,1.);
#6886 = DIRECTION('',(0.999579660122,2.899143099339E-02,0.));
#6887 = PCURVE('',#6771,#6888);
#6888 = DEFINITIONAL_REPRESENTATION('',(#6889),#6893);
#6889 = LINE('',#6890,#6891);
#6890 = CARTESIAN_POINT('',(0.,0.));
#6891 = VECTOR('',#6892,1.);
#6892 = DIRECTION('',(1.,0.));
#6893 = ( GEOMETRIC_REPRESENTATION_CONTEXT(2) 
PARAMETRIC_REPRESENTATION_CONTEXT() REPRESENTATION_CONTEXT('2D SPACE',''
  ) );
#6894 = PCURVE('',#126,#6895);
#6895 = DEFINITIONAL_REPRESENTATION('',(#6896),#6900);
#6896 = LINE('',#6897,#6898);
#6897 = CARTESIAN_POINT('',(-97.40927865077,-98.51411005249));
#6898 = VECTOR('',#6899,1.);
#6899 = DIRECTION('',(0.999579660122,2.899143099339E-02));
#6900 = ( GEOMETRIC_REPRESENTATION_CONTEXT(2) 
PARAMETRIC_REPRESENTATION_CONTEXT() REPRESENTATION_CONTEXT('2D SPACE',''
  ) );
#6901 = ADVANCED_FACE('',(#6902),#6847,.T.);
#6902 = FACE_BOUND('',#6903,.T.);
#6903 = EDGE_LOOP('',(#6904,#6934,#6955,#6956));
#6904 = ORIENTED_EDGE('',*,*,#6905,.T.);
#6905 = EDGE_CURVE('',#6906,#6908,#6910,.T.);
#6906 = VERTEX_POINT('',#6907);
#6907 = CARTESIAN_POINT('',(-6.34191383277,-63.00260405503,-3.75));
#6908 = VERTEX_POINT('',#6909);
#6909 = CARTESIAN_POINT('',(-6.34191383277,-63.00260405503,3.75));
#6910 = SURFACE_CURVE('',#6911,(#6915,#6922),.PCURVE_S1.);
#6911 = LINE('',#6912,#6913);
#6912 = CARTESIAN_POINT('',(-6.34191383277,-63.00260405503,-3.75));
#6913 = VECTOR('',#6914,1.);
#6914 = DIRECTION('',(0.,0.,1.));
#6915 = PCURVE('',#6847,#6916);
#6916 = DEFINITIONAL_REPRESENTATION('',(#6917),#6921);
#6917 = LINE('',#6918,#6919);
#6918 = CARTESIAN_POINT('',(0.,0.));
#6919 = VECTOR('',#6920,1.);
#6920 = DIRECTION('',(0.,-1.));
#6921 = ( GEOMETRIC_REPRESENTATION_CONTEXT(2) 
PARAMETRIC_REPRESENTATION_CONTEXT() REPRESENTATION_CONTEXT('2D SPACE',''
  ) );
#6922 = PCURVE('',#6923,#6928);
#6923 = PLANE('',#6924);
#6924 = AXIS2_PLACEMENT_3D('',#6925,#6926,#6927);
#6925 = CARTESIAN_POINT('',(-11.74324373702,-62.22253784048,-3.75));
#6926 = DIRECTION('',(0.142938167484,0.989731620328,-0.));
#6927 = DIRECTION('',(0.989731620328,-0.142938167484,0.));
#6928 = DEFINITIONAL_REPRESENTATION('',(#6929),#6933);
#6929 = LINE('',#6930,#6931);
#6930 = CARTESIAN_POINT('',(5.457368233283,0.));
#6931 = VECTOR('',#6932,1.);
#6932 = DIRECTION('',(0.,-1.));
#6933 = ( GEOMETRIC_REPRESENTATION_CONTEXT(2) 
PARAMETRIC_REPRESENTATION_CONTEXT() REPRESENTATION_CONTEXT('2D SPACE',''
  ) );
#6934 = ORIENTED_EDGE('',*,*,#6935,.T.);
#6935 = EDGE_CURVE('',#6908,#6832,#6936,.T.);
#6936 = SURFACE_CURVE('',#6937,(#6941,#6948),.PCURVE_S1.);
#6937 = LINE('',#6938,#6939);
#6938 = CARTESIAN_POINT('',(-6.34191383277,-63.00260405503,3.75));
#6939 = VECTOR('',#6940,1.);
#6940 = DIRECTION('',(0.998363555694,-5.718575575389E-02,0.));
#6941 = PCURVE('',#6847,#6942);
#6942 = DEFINITIONAL_REPRESENTATION('',(#6943),#6947);
#6943 = LINE('',#6944,#6945);
#6944 = CARTESIAN_POINT('',(0.,-7.5));
#6945 = VECTOR('',#6946,1.);
#6946 = DIRECTION('',(1.,0.));
#6947 = ( GEOMETRIC_REPRESENTATION_CONTEXT(2) 
PARAMETRIC_REPRESENTATION_CONTEXT() REPRESENTATION_CONTEXT('2D SPACE',''
  ) );
#6948 = PCURVE('',#72,#6949);
#6949 = DEFINITIONAL_REPRESENTATION('',(#6950),#6954);
#6950 = LINE('',#6951,#6952);
#6951 = CARTESIAN_POINT('',(-102.8577162048,-98.20202632564));
#6952 = VECTOR('',#6953,1.);
#6953 = DIRECTION('',(0.998363555694,-5.718575575389E-02));
#6954 = ( GEOMETRIC_REPRESENTATION_CONTEXT(2) 
PARAMETRIC_REPRESENTATION_CONTEXT() REPRESENTATION_CONTEXT('2D SPACE',''
  ) );
#6955 = ORIENTED_EDGE('',*,*,#6829,.F.);
#6956 = ORIENTED_EDGE('',*,*,#6957,.F.);
#6957 = EDGE_CURVE('',#6906,#6830,#6958,.T.);
#6958 = SURFACE_CURVE('',#6959,(#6963,#6970),.PCURVE_S1.);
#6959 = LINE('',#6960,#6961);
#6960 = CARTESIAN_POINT('',(-6.34191383277,-63.00260405503,-3.75));
#6961 = VECTOR('',#6962,1.);
#6962 = DIRECTION('',(0.998363555694,-5.718575575389E-02,0.));
#6963 = PCURVE('',#6847,#6964);
#6964 = DEFINITIONAL_REPRESENTATION('',(#6965),#6969);
#6965 = LINE('',#6966,#6967);
#6966 = CARTESIAN_POINT('',(0.,0.));
#6967 = VECTOR('',#6968,1.);
#6968 = DIRECTION('',(1.,0.));
#6969 = ( GEOMETRIC_REPRESENTATION_CONTEXT(2) 
PARAMETRIC_REPRESENTATION_CONTEXT() REPRESENTATION_CONTEXT('2D SPACE',''
  ) );
#6970 = PCURVE('',#126,#6971);
#6971 = DEFINITIONAL_REPRESENTATION('',(#6972),#6976);
#6972 = LINE('',#6973,#6974);
#6973 = CARTESIAN_POINT('',(-102.8577162048,-98.20202632564));
#6974 = VECTOR('',#6975,1.);
#6975 = DIRECTION('',(0.998363555694,-5.718575575389E-02));
#6976 = ( GEOMETRIC_REPRESENTATION_CONTEXT(2) 
PARAMETRIC_REPRESENTATION_CONTEXT() REPRESENTATION_CONTEXT('2D SPACE',''
  ) );
#6977 = ADVANCED_FACE('',(#6978),#6923,.T.);
#6978 = FACE_BOUND('',#6979,.T.);
#6979 = EDGE_LOOP('',(#6980,#7010,#7031,#7032));
#6980 = ORIENTED_EDGE('',*,*,#6981,.T.);
#6981 = EDGE_CURVE('',#6982,#6984,#6986,.T.);
#6982 = VERTEX_POINT('',#6983);
#6983 = CARTESIAN_POINT('',(-11.74324373702,-62.22253784048,-3.75));
#6984 = VERTEX_POINT('',#6985);
#6985 = CARTESIAN_POINT('',(-11.74324373702,-62.22253784048,3.75));
#6986 = SURFACE_CURVE('',#6987,(#6991,#6998),.PCURVE_S1.);
#6987 = LINE('',#6988,#6989);
#6988 = CARTESIAN_POINT('',(-11.74324373702,-62.22253784048,-3.75));
#6989 = VECTOR('',#6990,1.);
#6990 = DIRECTION('',(0.,0.,1.));
#6991 = PCURVE('',#6923,#6992);
#6992 = DEFINITIONAL_REPRESENTATION('',(#6993),#6997);
#6993 = LINE('',#6994,#6995);
#6994 = CARTESIAN_POINT('',(0.,0.));
#6995 = VECTOR('',#6996,1.);
#6996 = DIRECTION('',(0.,-1.));
#6997 = ( GEOMETRIC_REPRESENTATION_CONTEXT(2) 
PARAMETRIC_REPRESENTATION_CONTEXT() REPRESENTATION_CONTEXT('2D SPACE',''
  ) );
#6998 = PCURVE('',#6999,#7004);
#6999 = PLANE('',#7000);
#7000 = AXIS2_PLACEMENT_3D('',#7001,#7002,#7003);
#7001 = CARTESIAN_POINT('',(-17.0573449862,-60.98028345949,-3.75));
#7002 = DIRECTION('',(0.227628836446,0.97374797192,-0.));
#7003 = DIRECTION('',(0.97374797192,-0.227628836446,0.));
#7004 = DEFINITIONAL_REPRESENTATION('',(#7005),#7009);
#7005 = LINE('',#7006,#7007);
#7006 = CARTESIAN_POINT('',(5.457368233283,0.));
#7007 = VECTOR('',#7008,1.);
#7008 = DIRECTION('',(0.,-1.));
#7009 = ( GEOMETRIC_REPRESENTATION_CONTEXT(2) 
PARAMETRIC_REPRESENTATION_CONTEXT() REPRESENTATION_CONTEXT('2D SPACE',''
  ) );
#7010 = ORIENTED_EDGE('',*,*,#7011,.T.);
#7011 = EDGE_CURVE('',#6984,#6908,#7012,.T.);
#7012 = SURFACE_CURVE('',#7013,(#7017,#7024),.PCURVE_S1.);
#7013 = LINE('',#7014,#7015);
#7014 = CARTESIAN_POINT('',(-11.74324373702,-62.22253784048,3.75));
#7015 = VECTOR('',#7016,1.);
#7016 = DIRECTION('',(0.989731620328,-0.142938167484,0.));
#7017 = PCURVE('',#6923,#7018);
#7018 = DEFINITIONAL_REPRESENTATION('',(#7019),#7023);
#7019 = LINE('',#7020,#7021);
#7020 = CARTESIAN_POINT('',(0.,-7.5));
#7021 = VECTOR('',#7022,1.);
#7022 = DIRECTION('',(1.,0.));
#7023 = ( GEOMETRIC_REPRESENTATION_CONTEXT(2) 
PARAMETRIC_REPRESENTATION_CONTEXT() REPRESENTATION_CONTEXT('2D SPACE',''
  ) );
#7024 = PCURVE('',#72,#7025);
#7025 = DEFINITIONAL_REPRESENTATION('',(#7026),#7030);
#7026 = LINE('',#7027,#7028);
#7027 = CARTESIAN_POINT('',(-108.2590461091,-97.42196011109));
#7028 = VECTOR('',#7029,1.);
#7029 = DIRECTION('',(0.989731620328,-0.142938167484));
#7030 = ( GEOMETRIC_REPRESENTATION_CONTEXT(2) 
PARAMETRIC_REPRESENTATION_CONTEXT() REPRESENTATION_CONTEXT('2D SPACE',''
  ) );
#7031 = ORIENTED_EDGE('',*,*,#6905,.F.);
#7032 = ORIENTED_EDGE('',*,*,#7033,.F.);
#7033 = EDGE_CURVE('',#6982,#6906,#7034,.T.);
#7034 = SURFACE_CURVE('',#7035,(#7039,#7046),.PCURVE_S1.);
#7035 = LINE('',#7036,#7037);
#7036 = CARTESIAN_POINT('',(-11.74324373702,-62.22253784048,-3.75));
#7037 = VECTOR('',#7038,1.);
#7038 = DIRECTION('',(0.989731620328,-0.142938167484,0.));
#7039 = PCURVE('',#6923,#7040);
#7040 = DEFINITIONAL_REPRESENTATION('',(#7041),#7045);
#7041 = LINE('',#7042,#7043);
#7042 = CARTESIAN_POINT('',(0.,0.));
#7043 = VECTOR('',#7044,1.);
#7044 = DIRECTION('',(1.,0.));
#7045 = ( GEOMETRIC_REPRESENTATION_CONTEXT(2) 
PARAMETRIC_REPRESENTATION_CONTEXT() REPRESENTATION_CONTEXT('2D SPACE',''
  ) );
#7046 = PCURVE('',#126,#7047);
#7047 = DEFINITIONAL_REPRESENTATION('',(#7048),#7052);
#7048 = LINE('',#7049,#7050);
#7049 = CARTESIAN_POINT('',(-108.2590461091,-97.42196011109));
#7050 = VECTOR('',#7051,1.);
#7051 = DIRECTION('',(0.989731620328,-0.142938167484));
#7052 = ( GEOMETRIC_REPRESENTATION_CONTEXT(2) 
PARAMETRIC_REPRESENTATION_CONTEXT() REPRESENTATION_CONTEXT('2D SPACE',''
  ) );
#7053 = ADVANCED_FACE('',(#7054),#6999,.T.);
#7054 = FACE_BOUND('',#7055,.T.);
#7055 = EDGE_LOOP('',(#7056,#7086,#7107,#7108));
#7056 = ORIENTED_EDGE('',*,*,#7057,.T.);
#7057 = EDGE_CURVE('',#7058,#7060,#7062,.T.);
#7058 = VERTEX_POINT('',#7059);
#7059 = CARTESIAN_POINT('',(-17.0573449862,-60.98028345949,-3.75));
#7060 = VERTEX_POINT('',#7061);
#7061 = CARTESIAN_POINT('',(-17.0573449862,-60.98028345949,3.75));
#7062 = SURFACE_CURVE('',#7063,(#7067,#7074),.PCURVE_S1.);
#7063 = LINE('',#7064,#7065);
#7064 = CARTESIAN_POINT('',(-17.0573449862,-60.98028345949,-3.75));
#7065 = VECTOR('',#7066,1.);
#7066 = DIRECTION('',(0.,0.,1.));
#7067 = PCURVE('',#6999,#7068);
#7068 = DEFINITIONAL_REPRESENTATION('',(#7069),#7073);
#7069 = LINE('',#7070,#7071);
#7070 = CARTESIAN_POINT('',(0.,0.));
#7071 = VECTOR('',#7072,1.);
#7072 = DIRECTION('',(0.,-1.));
#7073 = ( GEOMETRIC_REPRESENTATION_CONTEXT(2) 
PARAMETRIC_REPRESENTATION_CONTEXT() REPRESENTATION_CONTEXT('2D SPACE',''
  ) );
#7074 = PCURVE('',#7075,#7080);
#7075 = PLANE('',#7076);
#7076 = AXIS2_PLACEMENT_3D('',#7077,#7078,#7079);
#7077 = CARTESIAN_POINT('',(-22.24474450836,-59.28506836072,-3.75));
#7078 = DIRECTION('',(0.310628681501,0.950531336795,-0.));
#7079 = DIRECTION('',(0.950531336795,-0.310628681501,0.));
#7080 = DEFINITIONAL_REPRESENTATION('',(#7081),#7085);
#7081 = LINE('',#7082,#7083);
#7082 = CARTESIAN_POINT('',(5.457368233283,0.));
#7083 = VECTOR('',#7084,1.);
#7084 = DIRECTION('',(0.,-1.));
#7085 = ( GEOMETRIC_REPRESENTATION_CONTEXT(2) 
PARAMETRIC_REPRESENTATION_CONTEXT() REPRESENTATION_CONTEXT('2D SPACE',''
  ) );
#7086 = ORIENTED_EDGE('',*,*,#7087,.T.);
#7087 = EDGE_CURVE('',#7060,#6984,#7088,.T.);
#7088 = SURFACE_CURVE('',#7089,(#7093,#7100),.PCURVE_S1.);
#7089 = LINE('',#7090,#7091);
#7090 = CARTESIAN_POINT('',(-17.0573449862,-60.98028345949,3.75));
#7091 = VECTOR('',#7092,1.);
#7092 = DIRECTION('',(0.97374797192,-0.227628836446,0.));
#7093 = PCURVE('',#6999,#7094);
#7094 = DEFINITIONAL_REPRESENTATION('',(#7095),#7099);
#7095 = LINE('',#7096,#7097);
#7096 = CARTESIAN_POINT('',(0.,-7.5));
#7097 = VECTOR('',#7098,1.);
#7098 = DIRECTION('',(1.,0.));
#7099 = ( GEOMETRIC_REPRESENTATION_CONTEXT(2) 
PARAMETRIC_REPRESENTATION_CONTEXT() REPRESENTATION_CONTEXT('2D SPACE',''
  ) );
#7100 = PCURVE('',#72,#7101);
#7101 = DEFINITIONAL_REPRESENTATION('',(#7102),#7106);
#7102 = LINE('',#7103,#7104);
#7103 = CARTESIAN_POINT('',(-113.5731473583,-96.1797057301));
#7104 = VECTOR('',#7105,1.);
#7105 = DIRECTION('',(0.97374797192,-0.227628836446));
#7106 = ( GEOMETRIC_REPRESENTATION_CONTEXT(2) 
PARAMETRIC_REPRESENTATION_CONTEXT() REPRESENTATION_CONTEXT('2D SPACE',''
  ) );
#7107 = ORIENTED_EDGE('',*,*,#6981,.F.);
#7108 = ORIENTED_EDGE('',*,*,#7109,.F.);
#7109 = EDGE_CURVE('',#7058,#6982,#7110,.T.);
#7110 = SURFACE_CURVE('',#7111,(#7115,#7122),.PCURVE_S1.);
#7111 = LINE('',#7112,#7113);
#7112 = CARTESIAN_POINT('',(-17.0573449862,-60.98028345949,-3.75));
#7113 = VECTOR('',#7114,1.);
#7114 = DIRECTION('',(0.97374797192,-0.227628836446,0.));
#7115 = PCURVE('',#6999,#7116);
#7116 = DEFINITIONAL_REPRESENTATION('',(#7117),#7121);
#7117 = LINE('',#7118,#7119);
#7118 = CARTESIAN_POINT('',(0.,0.));
#7119 = VECTOR('',#7120,1.);
#7120 = DIRECTION('',(1.,0.));
#7121 = ( GEOMETRIC_REPRESENTATION_CONTEXT(2) 
PARAMETRIC_REPRESENTATION_CONTEXT() REPRESENTATION_CONTEXT('2D SPACE',''
  ) );
#7122 = PCURVE('',#126,#7123);
#7123 = DEFINITIONAL_REPRESENTATION('',(#7124),#7128);
#7124 = LINE('',#7125,#7126);
#7125 = CARTESIAN_POINT('',(-113.5731473583,-96.1797057301));
#7126 = VECTOR('',#7127,1.);
#7127 = DIRECTION('',(0.97374797192,-0.227628836446));
#7128 = ( GEOMETRIC_REPRESENTATION_CONTEXT(2) 
PARAMETRIC_REPRESENTATION_CONTEXT() REPRESENTATION_CONTEXT('2D SPACE',''
  ) );
#7129 = ADVANCED_FACE('',(#7130),#7075,.T.);
#7130 = FACE_BOUND('',#7131,.T.);
#7131 = EDGE_LOOP('',(#7132,#7162,#7183,#7184));
#7132 = ORIENTED_EDGE('',*,*,#7133,.T.);
#7133 = EDGE_CURVE('',#7134,#7136,#7138,.T.);
#7134 = VERTEX_POINT('',#7135);
#7135 = CARTESIAN_POINT('',(-22.24474450836,-59.28506836072,-3.75));
#7136 = VERTEX_POINT('',#7137);
#7137 = CARTESIAN_POINT('',(-22.24474450836,-59.28506836072,3.75));
#7138 = SURFACE_CURVE('',#7139,(#7143,#7150),.PCURVE_S1.);
#7139 = LINE('',#7140,#7141);
#7140 = CARTESIAN_POINT('',(-22.24474450836,-59.28506836072,-3.75));
#7141 = VECTOR('',#7142,1.);
#7142 = DIRECTION('',(0.,0.,1.));
#7143 = PCURVE('',#7075,#7144);
#7144 = DEFINITIONAL_REPRESENTATION('',(#7145),#7149);
#7145 = LINE('',#7146,#7147);
#7146 = CARTESIAN_POINT('',(0.,0.));
#7147 = VECTOR('',#7148,1.);
#7148 = DIRECTION('',(0.,-1.));
#7149 = ( GEOMETRIC_REPRESENTATION_CONTEXT(2) 
PARAMETRIC_REPRESENTATION_CONTEXT() REPRESENTATION_CONTEXT('2D SPACE',''
  ) );
#7150 = PCURVE('',#7151,#7156);
#7151 = PLANE('',#7152);
#7152 = AXIS2_PLACEMENT_3D('',#7153,#7154,#7155);
#7153 = CARTESIAN_POINT('',(-27.26691037028,-57.14948457892,-3.75));
#7154 = DIRECTION('',(0.391321180926,0.920254167803,-0.));
#7155 = DIRECTION('',(0.920254167803,-0.391321180926,0.));
#7156 = DEFINITIONAL_REPRESENTATION('',(#7157),#7161);
#7157 = LINE('',#7158,#7159);
#7158 = CARTESIAN_POINT('',(5.457368233283,0.));
#7159 = VECTOR('',#7160,1.);
#7160 = DIRECTION('',(0.,-1.));
#7161 = ( GEOMETRIC_REPRESENTATION_CONTEXT(2) 
PARAMETRIC_REPRESENTATION_CONTEXT() REPRESENTATION_CONTEXT('2D SPACE',''
  ) );
#7162 = ORIENTED_EDGE('',*,*,#7163,.T.);
#7163 = EDGE_CURVE('',#7136,#7060,#7164,.T.);
#7164 = SURFACE_CURVE('',#7165,(#7169,#7176),.PCURVE_S1.);
#7165 = LINE('',#7166,#7167);
#7166 = CARTESIAN_POINT('',(-22.24474450836,-59.28506836072,3.75));
#7167 = VECTOR('',#7168,1.);
#7168 = DIRECTION('',(0.950531336795,-0.310628681501,0.));
#7169 = PCURVE('',#7075,#7170);
#7170 = DEFINITIONAL_REPRESENTATION('',(#7171),#7175);
#7171 = LINE('',#7172,#7173);
#7172 = CARTESIAN_POINT('',(0.,-7.5));
#7173 = VECTOR('',#7174,1.);
#7174 = DIRECTION('',(1.,0.));
#7175 = ( GEOMETRIC_REPRESENTATION_CONTEXT(2) 
PARAMETRIC_REPRESENTATION_CONTEXT() REPRESENTATION_CONTEXT('2D SPACE',''
  ) );
#7176 = PCURVE('',#72,#7177);
#7177 = DEFINITIONAL_REPRESENTATION('',(#7178),#7182);
#7178 = LINE('',#7179,#7180);
#7179 = CARTESIAN_POINT('',(-118.7605468804,-94.48449063133));
#7180 = VECTOR('',#7181,1.);
#7181 = DIRECTION('',(0.950531336795,-0.310628681501));
#7182 = ( GEOMETRIC_REPRESENTATION_CONTEXT(2) 
PARAMETRIC_REPRESENTATION_CONTEXT() REPRESENTATION_CONTEXT('2D SPACE',''
  ) );
#7183 = ORIENTED_EDGE('',*,*,#7057,.F.);
#7184 = ORIENTED_EDGE('',*,*,#7185,.F.);
#7185 = EDGE_CURVE('',#7134,#7058,#7186,.T.);
#7186 = SURFACE_CURVE('',#7187,(#7191,#7198),.PCURVE_S1.);
#7187 = LINE('',#7188,#7189);
#7188 = CARTESIAN_POINT('',(-22.24474450836,-59.28506836072,-3.75));
#7189 = VECTOR('',#7190,1.);
#7190 = DIRECTION('',(0.950531336795,-0.310628681501,0.));
#7191 = PCURVE('',#7075,#7192);
#7192 = DEFINITIONAL_REPRESENTATION('',(#7193),#7197);
#7193 = LINE('',#7194,#7195);
#7194 = CARTESIAN_POINT('',(0.,0.));
#7195 = VECTOR('',#7196,1.);
#7196 = DIRECTION('',(1.,0.));
#7197 = ( GEOMETRIC_REPRESENTATION_CONTEXT(2) 
PARAMETRIC_REPRESENTATION_CONTEXT() REPRESENTATION_CONTEXT('2D SPACE',''
  ) );
#7198 = PCURVE('',#126,#7199);
#7199 = DEFINITIONAL_REPRESENTATION('',(#7200),#7204);
#7200 = LINE('',#7201,#7202);
#7201 = CARTESIAN_POINT('',(-118.7605468804,-94.48449063133));
#7202 = VECTOR('',#7203,1.);
#7203 = DIRECTION('',(0.950531336795,-0.310628681501));
#7204 = ( GEOMETRIC_REPRESENTATION_CONTEXT(2) 
PARAMETRIC_REPRESENTATION_CONTEXT() REPRESENTATION_CONTEXT('2D SPACE',''
  ) );
#7205 = ADVANCED_FACE('',(#7206),#7151,.T.);
#7206 = FACE_BOUND('',#7207,.T.);
#7207 = EDGE_LOOP('',(#7208,#7238,#7259,#7260));
#7208 = ORIENTED_EDGE('',*,*,#7209,.T.);
#7209 = EDGE_CURVE('',#7210,#7212,#7214,.T.);
#7210 = VERTEX_POINT('',#7211);
#7211 = CARTESIAN_POINT('',(-27.26691037028,-57.14948457892,-3.75));
#7212 = VERTEX_POINT('',#7213);
#7213 = CARTESIAN_POINT('',(-27.26691037028,-57.14948457892,3.75));
#7214 = SURFACE_CURVE('',#7215,(#7219,#7226),.PCURVE_S1.);
#7215 = LINE('',#7216,#7217);
#7216 = CARTESIAN_POINT('',(-27.26691037028,-57.14948457892,-3.75));
#7217 = VECTOR('',#7218,1.);
#7218 = DIRECTION('',(0.,0.,1.));
#7219 = PCURVE('',#7151,#7220);
#7220 = DEFINITIONAL_REPRESENTATION('',(#7221),#7225);
#7221 = LINE('',#7222,#7223);
#7222 = CARTESIAN_POINT('',(0.,0.));
#7223 = VECTOR('',#7224,1.);
#7224 = DIRECTION('',(0.,-1.));
#7225 = ( GEOMETRIC_REPRESENTATION_CONTEXT(2) 
PARAMETRIC_REPRESENTATION_CONTEXT() REPRESENTATION_CONTEXT('2D SPACE',''
  ) );
#7226 = PCURVE('',#7227,#7232);
#7227 = PLANE('',#7228);
#7228 = AXIS2_PLACEMENT_3D('',#7229,#7230,#7231);
#7229 = CARTESIAN_POINT('',(-32.08653799209,-54.58939520144,-3.75));
#7230 = DIRECTION('',(0.469106951931,0.883141363345,-0.));
#7231 = DIRECTION('',(0.883141363345,-0.469106951931,0.));
#7232 = DEFINITIONAL_REPRESENTATION('',(#7233),#7237);
#7233 = LINE('',#7234,#7235);
#7234 = CARTESIAN_POINT('',(5.457368233283,0.));
#7235 = VECTOR('',#7236,1.);
#7236 = DIRECTION('',(0.,-1.));
#7237 = ( GEOMETRIC_REPRESENTATION_CONTEXT(2) 
PARAMETRIC_REPRESENTATION_CONTEXT() REPRESENTATION_CONTEXT('2D SPACE',''
  ) );
#7238 = ORIENTED_EDGE('',*,*,#7239,.T.);
#7239 = EDGE_CURVE('',#7212,#7136,#7240,.T.);
#7240 = SURFACE_CURVE('',#7241,(#7245,#7252),.PCURVE_S1.);
#7241 = LINE('',#7242,#7243);
#7242 = CARTESIAN_POINT('',(-27.26691037028,-57.14948457892,3.75));
#7243 = VECTOR('',#7244,1.);
#7244 = DIRECTION('',(0.920254167803,-0.391321180926,0.));
#7245 = PCURVE('',#7151,#7246);
#7246 = DEFINITIONAL_REPRESENTATION('',(#7247),#7251);
#7247 = LINE('',#7248,#7249);
#7248 = CARTESIAN_POINT('',(0.,-7.5));
#7249 = VECTOR('',#7250,1.);
#7250 = DIRECTION('',(1.,0.));
#7251 = ( GEOMETRIC_REPRESENTATION_CONTEXT(2) 
PARAMETRIC_REPRESENTATION_CONTEXT() REPRESENTATION_CONTEXT('2D SPACE',''
  ) );
#7252 = PCURVE('',#72,#7253);
#7253 = DEFINITIONAL_REPRESENTATION('',(#7254),#7258);
#7254 = LINE('',#7255,#7256);
#7255 = CARTESIAN_POINT('',(-123.7827127424,-92.34890684953));
#7256 = VECTOR('',#7257,1.);
#7257 = DIRECTION('',(0.920254167803,-0.391321180926));
#7258 = ( GEOMETRIC_REPRESENTATION_CONTEXT(2) 
PARAMETRIC_REPRESENTATION_CONTEXT() REPRESENTATION_CONTEXT('2D SPACE',''
  ) );
#7259 = ORIENTED_EDGE('',*,*,#7133,.F.);
#7260 = ORIENTED_EDGE('',*,*,#7261,.F.);
#7261 = EDGE_CURVE('',#7210,#7134,#7262,.T.);
#7262 = SURFACE_CURVE('',#7263,(#7267,#7274),.PCURVE_S1.);
#7263 = LINE('',#7264,#7265);
#7264 = CARTESIAN_POINT('',(-27.26691037028,-57.14948457892,-3.75));
#7265 = VECTOR('',#7266,1.);
#7266 = DIRECTION('',(0.920254167803,-0.391321180926,0.));
#7267 = PCURVE('',#7151,#7268);
#7268 = DEFINITIONAL_REPRESENTATION('',(#7269),#7273);
#7269 = LINE('',#7270,#7271);
#7270 = CARTESIAN_POINT('',(0.,0.));
#7271 = VECTOR('',#7272,1.);
#7272 = DIRECTION('',(1.,0.));
#7273 = ( GEOMETRIC_REPRESENTATION_CONTEXT(2) 
PARAMETRIC_REPRESENTATION_CONTEXT() REPRESENTATION_CONTEXT('2D SPACE',''
  ) );
#7274 = PCURVE('',#126,#7275);
#7275 = DEFINITIONAL_REPRESENTATION('',(#7276),#7280);
#7276 = LINE('',#7277,#7278);
#7277 = CARTESIAN_POINT('',(-123.7827127424,-92.34890684953));
#7278 = VECTOR('',#7279,1.);
#7279 = DIRECTION('',(0.920254167803,-0.391321180926));
#7280 = ( GEOMETRIC_REPRESENTATION_CONTEXT(2) 
PARAMETRIC_REPRESENTATION_CONTEXT() REPRESENTATION_CONTEXT('2D SPACE',''
  ) );
#7281 = ADVANCED_FACE('',(#7282),#7227,.T.);
#7282 = FACE_BOUND('',#7283,.T.);
#7283 = EDGE_LOOP('',(#7284,#7314,#7335,#7336));
#7284 = ORIENTED_EDGE('',*,*,#7285,.T.);
#7285 = EDGE_CURVE('',#7286,#7288,#7290,.T.);
#7286 = VERTEX_POINT('',#7287);
#7287 = CARTESIAN_POINT('',(-32.08653799209,-54.58939520144,-3.75));
#7288 = VERTEX_POINT('',#7289);
#7289 = CARTESIAN_POINT('',(-32.08653799209,-54.58939520144,3.75));
#7290 = SURFACE_CURVE('',#7291,(#7295,#7302),.PCURVE_S1.);
#7291 = LINE('',#7292,#7293);
#7292 = CARTESIAN_POINT('',(-32.08653799209,-54.58939520144,-3.75));
#7293 = VECTOR('',#7294,1.);
#7294 = DIRECTION('',(0.,0.,1.));
#7295 = PCURVE('',#7227,#7296);
#7296 = DEFINITIONAL_REPRESENTATION('',(#7297),#7301);
#7297 = LINE('',#7298,#7299);
#7298 = CARTESIAN_POINT('',(0.,0.));
#7299 = VECTOR('',#7300,1.);
#7300 = DIRECTION('',(0.,-1.));
#7301 = ( GEOMETRIC_REPRESENTATION_CONTEXT(2) 
PARAMETRIC_REPRESENTATION_CONTEXT() REPRESENTATION_CONTEXT('2D SPACE',''
  ) );
#7302 = PCURVE('',#7303,#7308);
#7303 = PLANE('',#7304);
#7304 = AXIS2_PLACEMENT_3D('',#7305,#7306,#7307);
#7305 = CARTESIAN_POINT('',(-36.66782724525,-51.62381653742,-3.75));
#7306 = DIRECTION('',(0.543408202865,0.839468596827,-0.));
#7307 = DIRECTION('',(0.839468596827,-0.543408202865,0.));
#7308 = DEFINITIONAL_REPRESENTATION('',(#7309),#7313);
#7309 = LINE('',#7310,#7311);
#7310 = CARTESIAN_POINT('',(5.457368233283,0.));
#7311 = VECTOR('',#7312,1.);
#7312 = DIRECTION('',(0.,-1.));
#7313 = ( GEOMETRIC_REPRESENTATION_CONTEXT(2) 
PARAMETRIC_REPRESENTATION_CONTEXT() REPRESENTATION_CONTEXT('2D SPACE',''
  ) );
#7314 = ORIENTED_EDGE('',*,*,#7315,.T.);
#7315 = EDGE_CURVE('',#7288,#7212,#7316,.T.);
#7316 = SURFACE_CURVE('',#7317,(#7321,#7328),.PCURVE_S1.);
#7317 = LINE('',#7318,#7319);
#7318 = CARTESIAN_POINT('',(-32.08653799209,-54.58939520144,3.75));
#7319 = VECTOR('',#7320,1.);
#7320 = DIRECTION('',(0.883141363345,-0.469106951931,0.));
#7321 = PCURVE('',#7227,#7322);
#7322 = DEFINITIONAL_REPRESENTATION('',(#7323),#7327);
#7323 = LINE('',#7324,#7325);
#7324 = CARTESIAN_POINT('',(0.,-7.5));
#7325 = VECTOR('',#7326,1.);
#7326 = DIRECTION('',(1.,0.));
#7327 = ( GEOMETRIC_REPRESENTATION_CONTEXT(2) 
PARAMETRIC_REPRESENTATION_CONTEXT() REPRESENTATION_CONTEXT('2D SPACE',''
  ) );
#7328 = PCURVE('',#72,#7329);
#7329 = DEFINITIONAL_REPRESENTATION('',(#7330),#7334);
#7330 = LINE('',#7331,#7332);
#7331 = CARTESIAN_POINT('',(-128.6023403642,-89.78881747205));
#7332 = VECTOR('',#7333,1.);
#7333 = DIRECTION('',(0.883141363345,-0.469106951931));
#7334 = ( GEOMETRIC_REPRESENTATION_CONTEXT(2) 
PARAMETRIC_REPRESENTATION_CONTEXT() REPRESENTATION_CONTEXT('2D SPACE',''
  ) );
#7335 = ORIENTED_EDGE('',*,*,#7209,.F.);
#7336 = ORIENTED_EDGE('',*,*,#7337,.F.);
#7337 = EDGE_CURVE('',#7286,#7210,#7338,.T.);
#7338 = SURFACE_CURVE('',#7339,(#7343,#7350),.PCURVE_S1.);
#7339 = LINE('',#7340,#7341);
#7340 = CARTESIAN_POINT('',(-32.08653799209,-54.58939520144,-3.75));
#7341 = VECTOR('',#7342,1.);
#7342 = DIRECTION('',(0.883141363345,-0.469106951931,0.));
#7343 = PCURVE('',#7227,#7344);
#7344 = DEFINITIONAL_REPRESENTATION('',(#7345),#7349);
#7345 = LINE('',#7346,#7347);
#7346 = CARTESIAN_POINT('',(0.,0.));
#7347 = VECTOR('',#7348,1.);
#7348 = DIRECTION('',(1.,0.));
#7349 = ( GEOMETRIC_REPRESENTATION_CONTEXT(2) 
PARAMETRIC_REPRESENTATION_CONTEXT() REPRESENTATION_CONTEXT('2D SPACE',''
  ) );
#7350 = PCURVE('',#126,#7351);
#7351 = DEFINITIONAL_REPRESENTATION('',(#7352),#7356);
#7352 = LINE('',#7353,#7354);
#7353 = CARTESIAN_POINT('',(-128.6023403642,-89.78881747205));
#7354 = VECTOR('',#7355,1.);
#7355 = DIRECTION('',(0.883141363345,-0.469106951931));
#7356 = ( GEOMETRIC_REPRESENTATION_CONTEXT(2) 
PARAMETRIC_REPRESENTATION_CONTEXT() REPRESENTATION_CONTEXT('2D SPACE',''
  ) );
#7357 = ADVANCED_FACE('',(#7358),#7303,.T.);
#7358 = FACE_BOUND('',#7359,.T.);
#7359 = EDGE_LOOP('',(#7360,#7390,#7411,#7412));
#7360 = ORIENTED_EDGE('',*,*,#7361,.T.);
#7361 = EDGE_CURVE('',#7362,#7364,#7366,.T.);
#7362 = VERTEX_POINT('',#7363);
#7363 = CARTESIAN_POINT('',(-36.66782724525,-51.62381653742,-3.75));
#7364 = VERTEX_POINT('',#7365);
#7365 = CARTESIAN_POINT('',(-36.66782724525,-51.62381653742,3.75));
#7366 = SURFACE_CURVE('',#7367,(#7371,#7378),.PCURVE_S1.);
#7367 = LINE('',#7368,#7369);
#7368 = CARTESIAN_POINT('',(-36.66782724525,-51.62381653742,-3.75));
#7369 = VECTOR('',#7370,1.);
#7370 = DIRECTION('',(0.,0.,1.));
#7371 = PCURVE('',#7303,#7372);
#7372 = DEFINITIONAL_REPRESENTATION('',(#7373),#7377);
#7373 = LINE('',#7374,#7375);
#7374 = CARTESIAN_POINT('',(0.,0.));
#7375 = VECTOR('',#7376,1.);
#7376 = DIRECTION('',(0.,-1.));
#7377 = ( GEOMETRIC_REPRESENTATION_CONTEXT(2) 
PARAMETRIC_REPRESENTATION_CONTEXT() REPRESENTATION_CONTEXT('2D SPACE',''
  ) );
#7378 = PCURVE('',#7379,#7384);
#7379 = PLANE('',#7380);
#7380 = AXIS2_PLACEMENT_3D('',#7381,#7382,#7383);
#7381 = CARTESIAN_POINT('',(-40.97674837538,-48.27477686492,-3.75));
#7382 = DIRECTION('',(0.613673025045,0.789560268968,-0.));
#7383 = DIRECTION('',(0.789560268968,-0.613673025045,0.));
#7384 = DEFINITIONAL_REPRESENTATION('',(#7385),#7389);
#7385 = LINE('',#7386,#7387);
#7386 = CARTESIAN_POINT('',(5.457368233283,0.));
#7387 = VECTOR('',#7388,1.);
#7388 = DIRECTION('',(0.,-1.));
#7389 = ( GEOMETRIC_REPRESENTATION_CONTEXT(2) 
PARAMETRIC_REPRESENTATION_CONTEXT() REPRESENTATION_CONTEXT('2D SPACE',''
  ) );
#7390 = ORIENTED_EDGE('',*,*,#7391,.T.);
#7391 = EDGE_CURVE('',#7364,#7288,#7392,.T.);
#7392 = SURFACE_CURVE('',#7393,(#7397,#7404),.PCURVE_S1.);
#7393 = LINE('',#7394,#7395);
#7394 = CARTESIAN_POINT('',(-36.66782724525,-51.62381653742,3.75));
#7395 = VECTOR('',#7396,1.);
#7396 = DIRECTION('',(0.839468596827,-0.543408202865,0.));
#7397 = PCURVE('',#7303,#7398);
#7398 = DEFINITIONAL_REPRESENTATION('',(#7399),#7403);
#7399 = LINE('',#7400,#7401);
#7400 = CARTESIAN_POINT('',(0.,-7.5));
#7401 = VECTOR('',#7402,1.);
#7402 = DIRECTION('',(1.,0.));
#7403 = ( GEOMETRIC_REPRESENTATION_CONTEXT(2) 
PARAMETRIC_REPRESENTATION_CONTEXT() REPRESENTATION_CONTEXT('2D SPACE',''
  ) );
#7404 = PCURVE('',#72,#7405);
#7405 = DEFINITIONAL_REPRESENTATION('',(#7406),#7410);
#7406 = LINE('',#7407,#7408);
#7407 = CARTESIAN_POINT('',(-133.1836296173,-86.82323880803));
#7408 = VECTOR('',#7409,1.);
#7409 = DIRECTION('',(0.839468596827,-0.543408202865));
#7410 = ( GEOMETRIC_REPRESENTATION_CONTEXT(2) 
PARAMETRIC_REPRESENTATION_CONTEXT() REPRESENTATION_CONTEXT('2D SPACE',''
  ) );
#7411 = ORIENTED_EDGE('',*,*,#7285,.F.);
#7412 = ORIENTED_EDGE('',*,*,#7413,.F.);
#7413 = EDGE_CURVE('',#7362,#7286,#7414,.T.);
#7414 = SURFACE_CURVE('',#7415,(#7419,#7426),.PCURVE_S1.);
#7415 = LINE('',#7416,#7417);
#7416 = CARTESIAN_POINT('',(-36.66782724525,-51.62381653742,-3.75));
#7417 = VECTOR('',#7418,1.);
#7418 = DIRECTION('',(0.839468596827,-0.543408202865,0.));
#7419 = PCURVE('',#7303,#7420);
#7420 = DEFINITIONAL_REPRESENTATION('',(#7421),#7425);
#7421 = LINE('',#7422,#7423);
#7422 = CARTESIAN_POINT('',(0.,0.));
#7423 = VECTOR('',#7424,1.);
#7424 = DIRECTION('',(1.,0.));
#7425 = ( GEOMETRIC_REPRESENTATION_CONTEXT(2) 
PARAMETRIC_REPRESENTATION_CONTEXT() REPRESENTATION_CONTEXT('2D SPACE',''
  ) );
#7426 = PCURVE('',#126,#7427);
#7427 = DEFINITIONAL_REPRESENTATION('',(#7428),#7432);
#7428 = LINE('',#7429,#7430);
#7429 = CARTESIAN_POINT('',(-133.1836296173,-86.82323880803));
#7430 = VECTOR('',#7431,1.);
#7431 = DIRECTION('',(0.839468596827,-0.543408202865));
#7432 = ( GEOMETRIC_REPRESENTATION_CONTEXT(2) 
PARAMETRIC_REPRESENTATION_CONTEXT() REPRESENTATION_CONTEXT('2D SPACE',''
  ) );
#7433 = ADVANCED_FACE('',(#7434),#7379,.T.);
#7434 = FACE_BOUND('',#7435,.T.);
#7435 = EDGE_LOOP('',(#7436,#7466,#7487,#7488));
#7436 = ORIENTED_EDGE('',*,*,#7437,.T.);
#7437 = EDGE_CURVE('',#7438,#7440,#7442,.T.);
#7438 = VERTEX_POINT('',#7439);
#7439 = CARTESIAN_POINT('',(-40.97674837538,-48.27477686492,-3.75));
#7440 = VERTEX_POINT('',#7441);
#7441 = CARTESIAN_POINT('',(-40.97674837538,-48.27477686492,3.75));
#7442 = SURFACE_CURVE('',#7443,(#7447,#7454),.PCURVE_S1.);
#7443 = LINE('',#7444,#7445);
#7444 = CARTESIAN_POINT('',(-40.97674837538,-48.27477686492,-3.75));
#7445 = VECTOR('',#7446,1.);
#7446 = DIRECTION('',(0.,0.,1.));
#7447 = PCURVE('',#7379,#7448);
#7448 = DEFINITIONAL_REPRESENTATION('',(#7449),#7453);
#7449 = LINE('',#7450,#7451);
#7450 = CARTESIAN_POINT('',(0.,0.));
#7451 = VECTOR('',#7452,1.);
#7452 = DIRECTION('',(0.,-1.));
#7453 = ( GEOMETRIC_REPRESENTATION_CONTEXT(2) 
PARAMETRIC_REPRESENTATION_CONTEXT() REPRESENTATION_CONTEXT('2D SPACE',''
  ) );
#7454 = PCURVE('',#7455,#7460);
#7455 = PLANE('',#7456);
#7456 = AXIS2_PLACEMENT_3D('',#7457,#7458,#7459);
#7457 = CARTESIAN_POINT('',(-44.98129477481,-44.56715280517,-3.75));
#7458 = DIRECTION('',(0.679379492324,0.733787098148,-0.));
#7459 = DIRECTION('',(0.733787098148,-0.679379492324,0.));
#7460 = DEFINITIONAL_REPRESENTATION('',(#7461),#7465);
#7461 = LINE('',#7462,#7463);
#7462 = CARTESIAN_POINT('',(5.457368233283,0.));
#7463 = VECTOR('',#7464,1.);
#7464 = DIRECTION('',(0.,-1.));
#7465 = ( GEOMETRIC_REPRESENTATION_CONTEXT(2) 
PARAMETRIC_REPRESENTATION_CONTEXT() REPRESENTATION_CONTEXT('2D SPACE',''
  ) );
#7466 = ORIENTED_EDGE('',*,*,#7467,.T.);
#7467 = EDGE_CURVE('',#7440,#7364,#7468,.T.);
#7468 = SURFACE_CURVE('',#7469,(#7473,#7480),.PCURVE_S1.);
#7469 = LINE('',#7470,#7471);
#7470 = CARTESIAN_POINT('',(-40.97674837538,-48.27477686492,3.75));
#7471 = VECTOR('',#7472,1.);
#7472 = DIRECTION('',(0.789560268968,-0.613673025045,0.));
#7473 = PCURVE('',#7379,#7474);
#7474 = DEFINITIONAL_REPRESENTATION('',(#7475),#7479);
#7475 = LINE('',#7476,#7477);
#7476 = CARTESIAN_POINT('',(0.,-7.5));
#7477 = VECTOR('',#7478,1.);
#7478 = DIRECTION('',(1.,0.));
#7479 = ( GEOMETRIC_REPRESENTATION_CONTEXT(2) 
PARAMETRIC_REPRESENTATION_CONTEXT() REPRESENTATION_CONTEXT('2D SPACE',''
  ) );
#7480 = PCURVE('',#72,#7481);
#7481 = DEFINITIONAL_REPRESENTATION('',(#7482),#7486);
#7482 = LINE('',#7483,#7484);
#7483 = CARTESIAN_POINT('',(-137.4925507475,-83.47419913553));
#7484 = VECTOR('',#7485,1.);
#7485 = DIRECTION('',(0.789560268968,-0.613673025045));
#7486 = ( GEOMETRIC_REPRESENTATION_CONTEXT(2) 
PARAMETRIC_REPRESENTATION_CONTEXT() REPRESENTATION_CONTEXT('2D SPACE',''
  ) );
#7487 = ORIENTED_EDGE('',*,*,#7361,.F.);
#7488 = ORIENTED_EDGE('',*,*,#7489,.F.);
#7489 = EDGE_CURVE('',#7438,#7362,#7490,.T.);
#7490 = SURFACE_CURVE('',#7491,(#7495,#7502),.PCURVE_S1.);
#7491 = LINE('',#7492,#7493);
#7492 = CARTESIAN_POINT('',(-40.97674837538,-48.27477686492,-3.75));
#7493 = VECTOR('',#7494,1.);
#7494 = DIRECTION('',(0.789560268968,-0.613673025045,0.));
#7495 = PCURVE('',#7379,#7496);
#7496 = DEFINITIONAL_REPRESENTATION('',(#7497),#7501);
#7497 = LINE('',#7498,#7499);
#7498 = CARTESIAN_POINT('',(0.,0.));
#7499 = VECTOR('',#7500,1.);
#7500 = DIRECTION('',(1.,0.));
#7501 = ( GEOMETRIC_REPRESENTATION_CONTEXT(2) 
PARAMETRIC_REPRESENTATION_CONTEXT() REPRESENTATION_CONTEXT('2D SPACE',''
  ) );
#7502 = PCURVE('',#126,#7503);
#7503 = DEFINITIONAL_REPRESENTATION('',(#7504),#7508);
#7504 = LINE('',#7505,#7506);
#7505 = CARTESIAN_POINT('',(-137.4925507475,-83.47419913553));
#7506 = VECTOR('',#7507,1.);
#7507 = DIRECTION('',(0.789560268968,-0.613673025045));
#7508 = ( GEOMETRIC_REPRESENTATION_CONTEXT(2) 
PARAMETRIC_REPRESENTATION_CONTEXT() REPRESENTATION_CONTEXT('2D SPACE',''
  ) );
#7509 = ADVANCED_FACE('',(#7510),#7455,.T.);
#7510 = FACE_BOUND('',#7511,.T.);
#7511 = EDGE_LOOP('',(#7512,#7542,#7563,#7564));
#7512 = ORIENTED_EDGE('',*,*,#7513,.T.);
#7513 = EDGE_CURVE('',#7514,#7516,#7518,.T.);
#7514 = VERTEX_POINT('',#7515);
#7515 = CARTESIAN_POINT('',(-44.98129477481,-44.56715280517,-3.75));
#7516 = VERTEX_POINT('',#7517);
#7517 = CARTESIAN_POINT('',(-44.98129477481,-44.56715280517,3.75));
#7518 = SURFACE_CURVE('',#7519,(#7523,#7530),.PCURVE_S1.);
#7519 = LINE('',#7520,#7521);
#7520 = CARTESIAN_POINT('',(-44.98129477481,-44.56715280517,-3.75));
#7521 = VECTOR('',#7522,1.);
#7522 = DIRECTION('',(0.,0.,1.));
#7523 = PCURVE('',#7455,#7524);
#7524 = DEFINITIONAL_REPRESENTATION('',(#7525),#7529);
#7525 = LINE('',#7526,#7527);
#7526 = CARTESIAN_POINT('',(0.,0.));
#7527 = VECTOR('',#7528,1.);
#7528 = DIRECTION('',(0.,-1.));
#7529 = ( GEOMETRIC_REPRESENTATION_CONTEXT(2) 
PARAMETRIC_REPRESENTATION_CONTEXT() REPRESENTATION_CONTEXT('2D SPACE',''
  ) );
#7530 = PCURVE('',#7531,#7536);
#7531 = PLANE('',#7532);
#7532 = AXIS2_PLACEMENT_3D('',#7533,#7534,#7535);
#7533 = CARTESIAN_POINT('',(-48.65172072724,-40.52848453935,-3.75));
#7534 = DIRECTION('',(0.740039537957,0.672563366724,-0.));
#7535 = DIRECTION('',(0.672563366724,-0.740039537957,0.));
#7536 = DEFINITIONAL_REPRESENTATION('',(#7537),#7541);
#7537 = LINE('',#7538,#7539);
#7538 = CARTESIAN_POINT('',(5.457368233283,0.));
#7539 = VECTOR('',#7540,1.);
#7540 = DIRECTION('',(0.,-1.));
#7541 = ( GEOMETRIC_REPRESENTATION_CONTEXT(2) 
PARAMETRIC_REPRESENTATION_CONTEXT() REPRESENTATION_CONTEXT('2D SPACE',''
  ) );
#7542 = ORIENTED_EDGE('',*,*,#7543,.T.);
#7543 = EDGE_CURVE('',#7516,#7440,#7544,.T.);
#7544 = SURFACE_CURVE('',#7545,(#7549,#7556),.PCURVE_S1.);
#7545 = LINE('',#7546,#7547);
#7546 = CARTESIAN_POINT('',(-44.98129477481,-44.56715280517,3.75));
#7547 = VECTOR('',#7548,1.);
#7548 = DIRECTION('',(0.733787098148,-0.679379492324,0.));
#7549 = PCURVE('',#7455,#7550);
#7550 = DEFINITIONAL_REPRESENTATION('',(#7551),#7555);
#7551 = LINE('',#7552,#7553);
#7552 = CARTESIAN_POINT('',(0.,-7.5));
#7553 = VECTOR('',#7554,1.);
#7554 = DIRECTION('',(1.,0.));
#7555 = ( GEOMETRIC_REPRESENTATION_CONTEXT(2) 
PARAMETRIC_REPRESENTATION_CONTEXT() REPRESENTATION_CONTEXT('2D SPACE',''
  ) );
#7556 = PCURVE('',#72,#7557);
#7557 = DEFINITIONAL_REPRESENTATION('',(#7558),#7562);
#7558 = LINE('',#7559,#7560);
#7559 = CARTESIAN_POINT('',(-141.4970971469,-79.76657507578));
#7560 = VECTOR('',#7561,1.);
#7561 = DIRECTION('',(0.733787098148,-0.679379492324));
#7562 = ( GEOMETRIC_REPRESENTATION_CONTEXT(2) 
PARAMETRIC_REPRESENTATION_CONTEXT() REPRESENTATION_CONTEXT('2D SPACE',''
  ) );
#7563 = ORIENTED_EDGE('',*,*,#7437,.F.);
#7564 = ORIENTED_EDGE('',*,*,#7565,.F.);
#7565 = EDGE_CURVE('',#7514,#7438,#7566,.T.);
#7566 = SURFACE_CURVE('',#7567,(#7571,#7578),.PCURVE_S1.);
#7567 = LINE('',#7568,#7569);
#7568 = CARTESIAN_POINT('',(-44.98129477481,-44.56715280517,-3.75));
#7569 = VECTOR('',#7570,1.);
#7570 = DIRECTION('',(0.733787098148,-0.679379492324,0.));
#7571 = PCURVE('',#7455,#7572);
#7572 = DEFINITIONAL_REPRESENTATION('',(#7573),#7577);
#7573 = LINE('',#7574,#7575);
#7574 = CARTESIAN_POINT('',(0.,0.));
#7575 = VECTOR('',#7576,1.);
#7576 = DIRECTION('',(1.,0.));
#7577 = ( GEOMETRIC_REPRESENTATION_CONTEXT(2) 
PARAMETRIC_REPRESENTATION_CONTEXT() REPRESENTATION_CONTEXT('2D SPACE',''
  ) );
#7578 = PCURVE('',#126,#7579);
#7579 = DEFINITIONAL_REPRESENTATION('',(#7580),#7584);
#7580 = LINE('',#7581,#7582);
#7581 = CARTESIAN_POINT('',(-141.4970971469,-79.76657507578));
#7582 = VECTOR('',#7583,1.);
#7583 = DIRECTION('',(0.733787098148,-0.679379492324));
#7584 = ( GEOMETRIC_REPRESENTATION_CONTEXT(2) 
PARAMETRIC_REPRESENTATION_CONTEXT() REPRESENTATION_CONTEXT('2D SPACE',''
  ) );
#7585 = ADVANCED_FACE('',(#7586),#7531,.T.);
#7586 = FACE_BOUND('',#7587,.T.);
#7587 = EDGE_LOOP('',(#7588,#7618,#7639,#7640));
#7588 = ORIENTED_EDGE('',*,*,#7589,.T.);
#7589 = EDGE_CURVE('',#7590,#7592,#7594,.T.);
#7590 = VERTEX_POINT('',#7591);
#7591 = CARTESIAN_POINT('',(-48.65172072724,-40.52848453935,-3.75));
#7592 = VERTEX_POINT('',#7593);
#7593 = CARTESIAN_POINT('',(-48.65172072724,-40.52848453935,3.75));
#7594 = SURFACE_CURVE('',#7595,(#7599,#7606),.PCURVE_S1.);
#7595 = LINE('',#7596,#7597);
#7596 = CARTESIAN_POINT('',(-48.65172072724,-40.52848453935,-3.75));
#7597 = VECTOR('',#7598,1.);
#7598 = DIRECTION('',(0.,0.,1.));
#7599 = PCURVE('',#7531,#7600);
#7600 = DEFINITIONAL_REPRESENTATION('',(#7601),#7605);
#7601 = LINE('',#7602,#7603);
#7602 = CARTESIAN_POINT('',(0.,0.));
#7603 = VECTOR('',#7604,1.);
#7604 = DIRECTION('',(0.,-1.));
#7605 = ( GEOMETRIC_REPRESENTATION_CONTEXT(2) 
PARAMETRIC_REPRESENTATION_CONTEXT() REPRESENTATION_CONTEXT('2D SPACE',''
  ) );
#7606 = PCURVE('',#7607,#7612);
#7607 = PLANE('',#7608);
#7608 = AXIS2_PLACEMENT_3D('',#7609,#7610,#7611);
#7609 = CARTESIAN_POINT('',(-51.96076235853,-36.18877124051,-3.75));
#7610 = DIRECTION('',(0.795202579948,0.606343843742,-0.));
#7611 = DIRECTION('',(0.606343843742,-0.795202579948,0.));
#7612 = DEFINITIONAL_REPRESENTATION('',(#7613),#7617);
#7613 = LINE('',#7614,#7615);
#7614 = CARTESIAN_POINT('',(5.457368233283,0.));
#7615 = VECTOR('',#7616,1.);
#7616 = DIRECTION('',(0.,-1.));
#7617 = ( GEOMETRIC_REPRESENTATION_CONTEXT(2) 
PARAMETRIC_REPRESENTATION_CONTEXT() REPRESENTATION_CONTEXT('2D SPACE',''
  ) );
#7618 = ORIENTED_EDGE('',*,*,#7619,.T.);
#7619 = EDGE_CURVE('',#7592,#7516,#7620,.T.);
#7620 = SURFACE_CURVE('',#7621,(#7625,#7632),.PCURVE_S1.);
#7621 = LINE('',#7622,#7623);
#7622 = CARTESIAN_POINT('',(-48.65172072724,-40.52848453935,3.75));
#7623 = VECTOR('',#7624,1.);
#7624 = DIRECTION('',(0.672563366724,-0.740039537957,0.));
#7625 = PCURVE('',#7531,#7626);
#7626 = DEFINITIONAL_REPRESENTATION('',(#7627),#7631);
#7627 = LINE('',#7628,#7629);
#7628 = CARTESIAN_POINT('',(0.,-7.5));
#7629 = VECTOR('',#7630,1.);
#7630 = DIRECTION('',(1.,0.));
#7631 = ( GEOMETRIC_REPRESENTATION_CONTEXT(2) 
PARAMETRIC_REPRESENTATION_CONTEXT() REPRESENTATION_CONTEXT('2D SPACE',''
  ) );
#7632 = PCURVE('',#72,#7633);
#7633 = DEFINITIONAL_REPRESENTATION('',(#7634),#7638);
#7634 = LINE('',#7635,#7636);
#7635 = CARTESIAN_POINT('',(-145.1675230993,-75.72790680995));
#7636 = VECTOR('',#7637,1.);
#7637 = DIRECTION('',(0.672563366724,-0.740039537957));
#7638 = ( GEOMETRIC_REPRESENTATION_CONTEXT(2) 
PARAMETRIC_REPRESENTATION_CONTEXT() REPRESENTATION_CONTEXT('2D SPACE',''
  ) );
#7639 = ORIENTED_EDGE('',*,*,#7513,.F.);
#7640 = ORIENTED_EDGE('',*,*,#7641,.F.);
#7641 = EDGE_CURVE('',#7590,#7514,#7642,.T.);
#7642 = SURFACE_CURVE('',#7643,(#7647,#7654),.PCURVE_S1.);
#7643 = LINE('',#7644,#7645);
#7644 = CARTESIAN_POINT('',(-48.65172072724,-40.52848453935,-3.75));
#7645 = VECTOR('',#7646,1.);
#7646 = DIRECTION('',(0.672563366724,-0.740039537957,0.));
#7647 = PCURVE('',#7531,#7648);
#7648 = DEFINITIONAL_REPRESENTATION('',(#7649),#7653);
#7649 = LINE('',#7650,#7651);
#7650 = CARTESIAN_POINT('',(0.,0.));
#7651 = VECTOR('',#7652,1.);
#7652 = DIRECTION('',(1.,0.));
#7653 = ( GEOMETRIC_REPRESENTATION_CONTEXT(2) 
PARAMETRIC_REPRESENTATION_CONTEXT() REPRESENTATION_CONTEXT('2D SPACE',''
  ) );
#7654 = PCURVE('',#126,#7655);
#7655 = DEFINITIONAL_REPRESENTATION('',(#7656),#7660);
#7656 = LINE('',#7657,#7658);
#7657 = CARTESIAN_POINT('',(-145.1675230993,-75.72790680995));
#7658 = VECTOR('',#7659,1.);
#7659 = DIRECTION('',(0.672563366724,-0.740039537957));
#7660 = ( GEOMETRIC_REPRESENTATION_CONTEXT(2) 
PARAMETRIC_REPRESENTATION_CONTEXT() REPRESENTATION_CONTEXT('2D SPACE',''
  ) );
#7661 = ADVANCED_FACE('',(#7662),#7607,.T.);
#7662 = FACE_BOUND('',#7663,.T.);
#7663 = EDGE_LOOP('',(#7664,#7694,#7715,#7716));
#7664 = ORIENTED_EDGE('',*,*,#7665,.T.);
#7665 = EDGE_CURVE('',#7666,#7668,#7670,.T.);
#7666 = VERTEX_POINT('',#7667);
#7667 = CARTESIAN_POINT('',(-51.96076235853,-36.18877124051,-3.75));
#7668 = VERTEX_POINT('',#7669);
#7669 = CARTESIAN_POINT('',(-51.96076235853,-36.18877124051,3.75));
#7670 = SURFACE_CURVE('',#7671,(#7675,#7682),.PCURVE_S1.);
#7671 = LINE('',#7672,#7673);
#7672 = CARTESIAN_POINT('',(-51.96076235853,-36.18877124051,-3.75));
#7673 = VECTOR('',#7674,1.);
#7674 = DIRECTION('',(0.,0.,1.));
#7675 = PCURVE('',#7607,#7676);
#7676 = DEFINITIONAL_REPRESENTATION('',(#7677),#7681);
#7677 = LINE('',#7678,#7679);
#7678 = CARTESIAN_POINT('',(0.,0.));
#7679 = VECTOR('',#7680,1.);
#7680 = DIRECTION('',(0.,-1.));
#7681 = ( GEOMETRIC_REPRESENTATION_CONTEXT(2) 
PARAMETRIC_REPRESENTATION_CONTEXT() REPRESENTATION_CONTEXT('2D SPACE',''
  ) );
#7682 = PCURVE('',#7683,#7688);
#7683 = PLANE('',#7684);
#7684 = AXIS2_PLACEMENT_3D('',#7685,#7686,#7687);
#7685 = CARTESIAN_POINT('',(-54.88384015235,-31.58024824014,-3.75));
#7686 = DIRECTION('',(0.844458867969,0.535620406919,-0.));
#7687 = DIRECTION('',(0.535620406919,-0.844458867969,0.));
#7688 = DEFINITIONAL_REPRESENTATION('',(#7689),#7693);
#7689 = LINE('',#7690,#7691);
#7690 = CARTESIAN_POINT('',(5.457368233283,0.));
#7691 = VECTOR('',#7692,1.);
#7692 = DIRECTION('',(0.,-1.));
#7693 = ( GEOMETRIC_REPRESENTATION_CONTEXT(2) 
PARAMETRIC_REPRESENTATION_CONTEXT() REPRESENTATION_CONTEXT('2D SPACE',''
  ) );
#7694 = ORIENTED_EDGE('',*,*,#7695,.T.);
#7695 = EDGE_CURVE('',#7668,#7592,#7696,.T.);
#7696 = SURFACE_CURVE('',#7697,(#7701,#7708),.PCURVE_S1.);
#7697 = LINE('',#7698,#7699);
#7698 = CARTESIAN_POINT('',(-51.96076235853,-36.18877124051,3.75));
#7699 = VECTOR('',#7700,1.);
#7700 = DIRECTION('',(0.606343843742,-0.795202579948,0.));
#7701 = PCURVE('',#7607,#7702);
#7702 = DEFINITIONAL_REPRESENTATION('',(#7703),#7707);
#7703 = LINE('',#7704,#7705);
#7704 = CARTESIAN_POINT('',(0.,-7.5));
#7705 = VECTOR('',#7706,1.);
#7706 = DIRECTION('',(1.,0.));
#7707 = ( GEOMETRIC_REPRESENTATION_CONTEXT(2) 
PARAMETRIC_REPRESENTATION_CONTEXT() REPRESENTATION_CONTEXT('2D SPACE',''
  ) );
#7708 = PCURVE('',#72,#7709);
#7709 = DEFINITIONAL_REPRESENTATION('',(#7710),#7714);
#7710 = LINE('',#7711,#7712);
#7711 = CARTESIAN_POINT('',(-148.4765647306,-71.38819351112));
#7712 = VECTOR('',#7713,1.);
#7713 = DIRECTION('',(0.606343843742,-0.795202579948));
#7714 = ( GEOMETRIC_REPRESENTATION_CONTEXT(2) 
PARAMETRIC_REPRESENTATION_CONTEXT() REPRESENTATION_CONTEXT('2D SPACE',''
  ) );
#7715 = ORIENTED_EDGE('',*,*,#7589,.F.);
#7716 = ORIENTED_EDGE('',*,*,#7717,.F.);
#7717 = EDGE_CURVE('',#7666,#7590,#7718,.T.);
#7718 = SURFACE_CURVE('',#7719,(#7723,#7730),.PCURVE_S1.);
#7719 = LINE('',#7720,#7721);
#7720 = CARTESIAN_POINT('',(-51.96076235853,-36.18877124051,-3.75));
#7721 = VECTOR('',#7722,1.);
#7722 = DIRECTION('',(0.606343843742,-0.795202579948,0.));
#7723 = PCURVE('',#7607,#7724);
#7724 = DEFINITIONAL_REPRESENTATION('',(#7725),#7729);
#7725 = LINE('',#7726,#7727);
#7726 = CARTESIAN_POINT('',(0.,0.));
#7727 = VECTOR('',#7728,1.);
#7728 = DIRECTION('',(1.,0.));
#7729 = ( GEOMETRIC_REPRESENTATION_CONTEXT(2) 
PARAMETRIC_REPRESENTATION_CONTEXT() REPRESENTATION_CONTEXT('2D SPACE',''
  ) );
#7730 = PCURVE('',#126,#7731);
#7731 = DEFINITIONAL_REPRESENTATION('',(#7732),#7736);
#7732 = LINE('',#7733,#7734);
#7733 = CARTESIAN_POINT('',(-148.4765647306,-71.38819351112));
#7734 = VECTOR('',#7735,1.);
#7735 = DIRECTION('',(0.606343843742,-0.795202579948));
#7736 = ( GEOMETRIC_REPRESENTATION_CONTEXT(2) 
PARAMETRIC_REPRESENTATION_CONTEXT() REPRESENTATION_CONTEXT('2D SPACE',''
  ) );
#7737 = ADVANCED_FACE('',(#7738),#7683,.T.);
#7738 = FACE_BOUND('',#7739,.T.);
#7739 = EDGE_LOOP('',(#7740,#7770,#7791,#7792));
#7740 = ORIENTED_EDGE('',*,*,#7741,.T.);
#7741 = EDGE_CURVE('',#7742,#7744,#7746,.T.);
#7742 = VERTEX_POINT('',#7743);
#7743 = CARTESIAN_POINT('',(-54.88384015235,-31.58024824014,-3.75));
#7744 = VERTEX_POINT('',#7745);
#7745 = CARTESIAN_POINT('',(-54.88384015235,-31.58024824014,3.75));
#7746 = SURFACE_CURVE('',#7747,(#7751,#7758),.PCURVE_S1.);
#7747 = LINE('',#7748,#7749);
#7748 = CARTESIAN_POINT('',(-54.88384015235,-31.58024824014,-3.75));
#7749 = VECTOR('',#7750,1.);
#7750 = DIRECTION('',(0.,0.,1.));
#7751 = PCURVE('',#7683,#7752);
#7752 = DEFINITIONAL_REPRESENTATION('',(#7753),#7757);
#7753 = LINE('',#7754,#7755);
#7754 = CARTESIAN_POINT('',(0.,0.));
#7755 = VECTOR('',#7756,1.);
#7756 = DIRECTION('',(0.,-1.));
#7757 = ( GEOMETRIC_REPRESENTATION_CONTEXT(2) 
PARAMETRIC_REPRESENTATION_CONTEXT() REPRESENTATION_CONTEXT('2D SPACE',''
  ) );
#7758 = PCURVE('',#7759,#7764);
#7759 = PLANE('',#7760);
#7760 = AXIS2_PLACEMENT_3D('',#7761,#7762,#7763);
#7761 = CARTESIAN_POINT('',(-57.39924152653,-26.73714758453,-3.75));
#7762 = DIRECTION('',(0.887442526982,0.460918388985,-0.));
#7763 = DIRECTION('',(0.460918388985,-0.887442526982,0.));
#7764 = DEFINITIONAL_REPRESENTATION('',(#7765),#7769);
#7765 = LINE('',#7766,#7767);
#7766 = CARTESIAN_POINT('',(5.457368233283,0.));
#7767 = VECTOR('',#7768,1.);
#7768 = DIRECTION('',(0.,-1.));
#7769 = ( GEOMETRIC_REPRESENTATION_CONTEXT(2) 
PARAMETRIC_REPRESENTATION_CONTEXT() REPRESENTATION_CONTEXT('2D SPACE',''
  ) );
#7770 = ORIENTED_EDGE('',*,*,#7771,.T.);
#7771 = EDGE_CURVE('',#7744,#7668,#7772,.T.);
#7772 = SURFACE_CURVE('',#7773,(#7777,#7784),.PCURVE_S1.);
#7773 = LINE('',#7774,#7775);
#7774 = CARTESIAN_POINT('',(-54.88384015235,-31.58024824014,3.75));
#7775 = VECTOR('',#7776,1.);
#7776 = DIRECTION('',(0.535620406919,-0.844458867969,0.));
#7777 = PCURVE('',#7683,#7778);
#7778 = DEFINITIONAL_REPRESENTATION('',(#7779),#7783);
#7779 = LINE('',#7780,#7781);
#7780 = CARTESIAN_POINT('',(0.,-7.5));
#7781 = VECTOR('',#7782,1.);
#7782 = DIRECTION('',(1.,0.));
#7783 = ( GEOMETRIC_REPRESENTATION_CONTEXT(2) 
PARAMETRIC_REPRESENTATION_CONTEXT() REPRESENTATION_CONTEXT('2D SPACE',''
  ) );
#7784 = PCURVE('',#72,#7785);
#7785 = DEFINITIONAL_REPRESENTATION('',(#7786),#7790);
#7786 = LINE('',#7787,#7788);
#7787 = CARTESIAN_POINT('',(-151.3996425244,-66.77967051075));
#7788 = VECTOR('',#7789,1.);
#7789 = DIRECTION('',(0.535620406919,-0.844458867969));
#7790 = ( GEOMETRIC_REPRESENTATION_CONTEXT(2) 
PARAMETRIC_REPRESENTATION_CONTEXT() REPRESENTATION_CONTEXT('2D SPACE',''
  ) );
#7791 = ORIENTED_EDGE('',*,*,#7665,.F.);
#7792 = ORIENTED_EDGE('',*,*,#7793,.F.);
#7793 = EDGE_CURVE('',#7742,#7666,#7794,.T.);
#7794 = SURFACE_CURVE('',#7795,(#7799,#7806),.PCURVE_S1.);
#7795 = LINE('',#7796,#7797);
#7796 = CARTESIAN_POINT('',(-54.88384015235,-31.58024824014,-3.75));
#7797 = VECTOR('',#7798,1.);
#7798 = DIRECTION('',(0.535620406919,-0.844458867969,0.));
#7799 = PCURVE('',#7683,#7800);
#7800 = DEFINITIONAL_REPRESENTATION('',(#7801),#7805);
#7801 = LINE('',#7802,#7803);
#7802 = CARTESIAN_POINT('',(0.,0.));
#7803 = VECTOR('',#7804,1.);
#7804 = DIRECTION('',(1.,0.));
#7805 = ( GEOMETRIC_REPRESENTATION_CONTEXT(2) 
PARAMETRIC_REPRESENTATION_CONTEXT() REPRESENTATION_CONTEXT('2D SPACE',''
  ) );
#7806 = PCURVE('',#126,#7807);
#7807 = DEFINITIONAL_REPRESENTATION('',(#7808),#7812);
#7808 = LINE('',#7809,#7810);
#7809 = CARTESIAN_POINT('',(-151.3996425244,-66.77967051075));
#7810 = VECTOR('',#7811,1.);
#7811 = DIRECTION('',(0.535620406919,-0.844458867969));
#7812 = ( GEOMETRIC_REPRESENTATION_CONTEXT(2) 
PARAMETRIC_REPRESENTATION_CONTEXT() REPRESENTATION_CONTEXT('2D SPACE',''
  ) );
#7813 = ADVANCED_FACE('',(#7814),#7759,.T.);
#7814 = FACE_BOUND('',#7815,.T.);
#7815 = EDGE_LOOP('',(#7816,#7846,#7867,#7868));
#7816 = ORIENTED_EDGE('',*,*,#7817,.T.);
#7817 = EDGE_CURVE('',#7818,#7820,#7822,.T.);
#7818 = VERTEX_POINT('',#7819);
#7819 = CARTESIAN_POINT('',(-57.39924152653,-26.73714758453,-3.75));
#7820 = VERTEX_POINT('',#7821);
#7821 = CARTESIAN_POINT('',(-57.39924152653,-26.73714758453,3.75));
#7822 = SURFACE_CURVE('',#7823,(#7827,#7834),.PCURVE_S1.);
#7823 = LINE('',#7824,#7825);
#7824 = CARTESIAN_POINT('',(-57.39924152653,-26.73714758453,-3.75));
#7825 = VECTOR('',#7826,1.);
#7826 = DIRECTION('',(0.,0.,1.));
#7827 = PCURVE('',#7759,#7828);
#7828 = DEFINITIONAL_REPRESENTATION('',(#7829),#7833);
#7829 = LINE('',#7830,#7831);
#7830 = CARTESIAN_POINT('',(0.,0.));
#7831 = VECTOR('',#7832,1.);
#7832 = DIRECTION('',(0.,-1.));
#7833 = ( GEOMETRIC_REPRESENTATION_CONTEXT(2) 
PARAMETRIC_REPRESENTATION_CONTEXT() REPRESENTATION_CONTEXT('2D SPACE',''
  ) );
#7834 = PCURVE('',#7835,#7840);
#7835 = PLANE('',#7836);
#7836 = AXIS2_PLACEMENT_3D('',#7837,#7838,#7839);
#7837 = CARTESIAN_POINT('',(-59.48828211381,-21.6954437596,-3.75));
#7838 = DIRECTION('',(0.923834274951,0.382792675513,-0.));
#7839 = DIRECTION('',(0.382792675513,-0.923834274951,0.));
#7840 = DEFINITIONAL_REPRESENTATION('',(#7841),#7845);
#7841 = LINE('',#7842,#7843);
#7842 = CARTESIAN_POINT('',(5.457368233283,0.));
#7843 = VECTOR('',#7844,1.);
#7844 = DIRECTION('',(0.,-1.));
#7845 = ( GEOMETRIC_REPRESENTATION_CONTEXT(2) 
PARAMETRIC_REPRESENTATION_CONTEXT() REPRESENTATION_CONTEXT('2D SPACE',''
  ) );
#7846 = ORIENTED_EDGE('',*,*,#7847,.T.);
#7847 = EDGE_CURVE('',#7820,#7744,#7848,.T.);
#7848 = SURFACE_CURVE('',#7849,(#7853,#7860),.PCURVE_S1.);
#7849 = LINE('',#7850,#7851);
#7850 = CARTESIAN_POINT('',(-57.39924152653,-26.73714758453,3.75));
#7851 = VECTOR('',#7852,1.);
#7852 = DIRECTION('',(0.460918388985,-0.887442526982,0.));
#7853 = PCURVE('',#7759,#7854);
#7854 = DEFINITIONAL_REPRESENTATION('',(#7855),#7859);
#7855 = LINE('',#7856,#7857);
#7856 = CARTESIAN_POINT('',(0.,-7.5));
#7857 = VECTOR('',#7858,1.);
#7858 = DIRECTION('',(1.,0.));
#7859 = ( GEOMETRIC_REPRESENTATION_CONTEXT(2) 
PARAMETRIC_REPRESENTATION_CONTEXT() REPRESENTATION_CONTEXT('2D SPACE',''
  ) );
#7860 = PCURVE('',#72,#7861);
#7861 = DEFINITIONAL_REPRESENTATION('',(#7862),#7866);
#7862 = LINE('',#7863,#7864);
#7863 = CARTESIAN_POINT('',(-153.9150438986,-61.93656985514));
#7864 = VECTOR('',#7865,1.);
#7865 = DIRECTION('',(0.460918388985,-0.887442526982));
#7866 = ( GEOMETRIC_REPRESENTATION_CONTEXT(2) 
PARAMETRIC_REPRESENTATION_CONTEXT() REPRESENTATION_CONTEXT('2D SPACE',''
  ) );
#7867 = ORIENTED_EDGE('',*,*,#7741,.F.);
#7868 = ORIENTED_EDGE('',*,*,#7869,.F.);
#7869 = EDGE_CURVE('',#7818,#7742,#7870,.T.);
#7870 = SURFACE_CURVE('',#7871,(#7875,#7882),.PCURVE_S1.);
#7871 = LINE('',#7872,#7873);
#7872 = CARTESIAN_POINT('',(-57.39924152653,-26.73714758453,-3.75));
#7873 = VECTOR('',#7874,1.);
#7874 = DIRECTION('',(0.460918388985,-0.887442526982,0.));
#7875 = PCURVE('',#7759,#7876);
#7876 = DEFINITIONAL_REPRESENTATION('',(#7877),#7881);
#7877 = LINE('',#7878,#7879);
#7878 = CARTESIAN_POINT('',(0.,0.));
#7879 = VECTOR('',#7880,1.);
#7880 = DIRECTION('',(1.,0.));
#7881 = ( GEOMETRIC_REPRESENTATION_CONTEXT(2) 
PARAMETRIC_REPRESENTATION_CONTEXT() REPRESENTATION_CONTEXT('2D SPACE',''
  ) );
#7882 = PCURVE('',#126,#7883);
#7883 = DEFINITIONAL_REPRESENTATION('',(#7884),#7888);
#7884 = LINE('',#7885,#7886);
#7885 = CARTESIAN_POINT('',(-153.9150438986,-61.93656985514));
#7886 = VECTOR('',#7887,1.);
#7887 = DIRECTION('',(0.460918388985,-0.887442526982));
#7888 = ( GEOMETRIC_REPRESENTATION_CONTEXT(2) 
PARAMETRIC_REPRESENTATION_CONTEXT() REPRESENTATION_CONTEXT('2D SPACE',''
  ) );
#7889 = ADVANCED_FACE('',(#7890),#7835,.T.);
#7890 = FACE_BOUND('',#7891,.T.);
#7891 = EDGE_LOOP('',(#7892,#7922,#7943,#7944));
#7892 = ORIENTED_EDGE('',*,*,#7893,.T.);
#7893 = EDGE_CURVE('',#7894,#7896,#7898,.T.);
#7894 = VERTEX_POINT('',#7895);
#7895 = CARTESIAN_POINT('',(-59.48828211381,-21.6954437596,-3.75));
#7896 = VERTEX_POINT('',#7897);
#7897 = CARTESIAN_POINT('',(-59.48828211381,-21.6954437596,3.75));
#7898 = SURFACE_CURVE('',#7899,(#7903,#7910),.PCURVE_S1.);
#7899 = LINE('',#7900,#7901);
#7900 = CARTESIAN_POINT('',(-59.48828211381,-21.6954437596,-3.75));
#7901 = VECTOR('',#7902,1.);
#7902 = DIRECTION('',(0.,0.,1.));
#7903 = PCURVE('',#7835,#7904);
#7904 = DEFINITIONAL_REPRESENTATION('',(#7905),#7909);
#7905 = LINE('',#7906,#7907);
#7906 = CARTESIAN_POINT('',(0.,0.));
#7907 = VECTOR('',#7908,1.);
#7908 = DIRECTION('',(0.,-1.));
#7909 = ( GEOMETRIC_REPRESENTATION_CONTEXT(2) 
PARAMETRIC_REPRESENTATION_CONTEXT() REPRESENTATION_CONTEXT('2D SPACE',''
  ) );
#7910 = PCURVE('',#7911,#7916);
#7911 = PLANE('',#7912);
#7912 = AXIS2_PLACEMENT_3D('',#7913,#7914,#7915);
#7913 = CARTESIAN_POINT('',(-61.13544454906,-16.49258647292,-3.75));
#7914 = DIRECTION('',(0.953363794466,0.301823583244,-0.));
#7915 = DIRECTION('',(0.301823583244,-0.953363794466,0.));
#7916 = DEFINITIONAL_REPRESENTATION('',(#7917),#7921);
#7917 = LINE('',#7918,#7919);
#7918 = CARTESIAN_POINT('',(5.457368233283,0.));
#7919 = VECTOR('',#7920,1.);
#7920 = DIRECTION('',(0.,-1.));
#7921 = ( GEOMETRIC_REPRESENTATION_CONTEXT(2) 
PARAMETRIC_REPRESENTATION_CONTEXT() REPRESENTATION_CONTEXT('2D SPACE',''
  ) );
#7922 = ORIENTED_EDGE('',*,*,#7923,.T.);
#7923 = EDGE_CURVE('',#7896,#7820,#7924,.T.);
#7924 = SURFACE_CURVE('',#7925,(#7929,#7936),.PCURVE_S1.);
#7925 = LINE('',#7926,#7927);
#7926 = CARTESIAN_POINT('',(-59.48828211381,-21.6954437596,3.75));
#7927 = VECTOR('',#7928,1.);
#7928 = DIRECTION('',(0.382792675513,-0.923834274951,0.));
#7929 = PCURVE('',#7835,#7930);
#7930 = DEFINITIONAL_REPRESENTATION('',(#7931),#7935);
#7931 = LINE('',#7932,#7933);
#7932 = CARTESIAN_POINT('',(0.,-7.5));
#7933 = VECTOR('',#7934,1.);
#7934 = DIRECTION('',(1.,0.));
#7935 = ( GEOMETRIC_REPRESENTATION_CONTEXT(2) 
PARAMETRIC_REPRESENTATION_CONTEXT() REPRESENTATION_CONTEXT('2D SPACE',''
  ) );
#7936 = PCURVE('',#72,#7937);
#7937 = DEFINITIONAL_REPRESENTATION('',(#7938),#7942);
#7938 = LINE('',#7939,#7940);
#7939 = CARTESIAN_POINT('',(-156.0040844859,-56.8948660302));
#7940 = VECTOR('',#7941,1.);
#7941 = DIRECTION('',(0.382792675513,-0.923834274951));
#7942 = ( GEOMETRIC_REPRESENTATION_CONTEXT(2) 
PARAMETRIC_REPRESENTATION_CONTEXT() REPRESENTATION_CONTEXT('2D SPACE',''
  ) );
#7943 = ORIENTED_EDGE('',*,*,#7817,.F.);
#7944 = ORIENTED_EDGE('',*,*,#7945,.F.);
#7945 = EDGE_CURVE('',#7894,#7818,#7946,.T.);
#7946 = SURFACE_CURVE('',#7947,(#7951,#7958),.PCURVE_S1.);
#7947 = LINE('',#7948,#7949);
#7948 = CARTESIAN_POINT('',(-59.48828211381,-21.6954437596,-3.75));
#7949 = VECTOR('',#7950,1.);
#7950 = DIRECTION('',(0.382792675513,-0.923834274951,0.));
#7951 = PCURVE('',#7835,#7952);
#7952 = DEFINITIONAL_REPRESENTATION('',(#7953),#7957);
#7953 = LINE('',#7954,#7955);
#7954 = CARTESIAN_POINT('',(0.,0.));
#7955 = VECTOR('',#7956,1.);
#7956 = DIRECTION('',(1.,0.));
#7957 = ( GEOMETRIC_REPRESENTATION_CONTEXT(2) 
PARAMETRIC_REPRESENTATION_CONTEXT() REPRESENTATION_CONTEXT('2D SPACE',''
  ) );
#7958 = PCURVE('',#126,#7959);
#7959 = DEFINITIONAL_REPRESENTATION('',(#7960),#7964);
#7960 = LINE('',#7961,#7962);
#7961 = CARTESIAN_POINT('',(-156.0040844859,-56.8948660302));
#7962 = VECTOR('',#7963,1.);
#7963 = DIRECTION('',(0.382792675513,-0.923834274951));
#7964 = ( GEOMETRIC_REPRESENTATION_CONTEXT(2) 
PARAMETRIC_REPRESENTATION_CONTEXT() REPRESENTATION_CONTEXT('2D SPACE',''
  ) );
#7965 = ADVANCED_FACE('',(#7966),#7911,.T.);
#7966 = FACE_BOUND('',#7967,.T.);
#7967 = EDGE_LOOP('',(#7968,#7998,#8019,#8020));
#7968 = ORIENTED_EDGE('',*,*,#7969,.T.);
#7969 = EDGE_CURVE('',#7970,#7972,#7974,.T.);
#7970 = VERTEX_POINT('',#7971);
#7971 = CARTESIAN_POINT('',(-61.13544454906,-16.49258647292,-3.75));
#7972 = VERTEX_POINT('',#7973);
#7973 = CARTESIAN_POINT('',(-61.13544454906,-16.49258647292,3.75));
#7974 = SURFACE_CURVE('',#7975,(#7979,#7986),.PCURVE_S1.);
#7975 = LINE('',#7976,#7977);
#7976 = CARTESIAN_POINT('',(-61.13544454906,-16.49258647292,-3.75));
#7977 = VECTOR('',#7978,1.);
#7978 = DIRECTION('',(0.,0.,1.));
#7979 = PCURVE('',#7911,#7980);
#7980 = DEFINITIONAL_REPRESENTATION('',(#7981),#7985);
#7981 = LINE('',#7982,#7983);
#7982 = CARTESIAN_POINT('',(0.,0.));
#7983 = VECTOR('',#7984,1.);
#7984 = DIRECTION('',(0.,-1.));
#7985 = ( GEOMETRIC_REPRESENTATION_CONTEXT(2) 
PARAMETRIC_REPRESENTATION_CONTEXT() REPRESENTATION_CONTEXT('2D SPACE',''
  ) );
#7986 = PCURVE('',#7987,#7992);
#7987 = PLANE('',#7988);
#7988 = AXIS2_PLACEMENT_3D('',#7989,#7990,#7991);
#7989 = CARTESIAN_POINT('',(-62.32849373207,-11.16722247779,-3.75));
#7990 = DIRECTION('',(0.975811740656,0.218612549496,-0.));
#7991 = DIRECTION('',(0.218612549496,-0.975811740656,0.));
#7992 = DEFINITIONAL_REPRESENTATION('',(#7993),#7997);
#7993 = LINE('',#7994,#7995);
#7994 = CARTESIAN_POINT('',(5.457368233283,0.));
#7995 = VECTOR('',#7996,1.);
#7996 = DIRECTION('',(0.,-1.));
#7997 = ( GEOMETRIC_REPRESENTATION_CONTEXT(2) 
PARAMETRIC_REPRESENTATION_CONTEXT() REPRESENTATION_CONTEXT('2D SPACE',''
  ) );
#7998 = ORIENTED_EDGE('',*,*,#7999,.T.);
#7999 = EDGE_CURVE('',#7972,#7896,#8000,.T.);
#8000 = SURFACE_CURVE('',#8001,(#8005,#8012),.PCURVE_S1.);
#8001 = LINE('',#8002,#8003);
#8002 = CARTESIAN_POINT('',(-61.13544454906,-16.49258647292,3.75));
#8003 = VECTOR('',#8004,1.);
#8004 = DIRECTION('',(0.301823583244,-0.953363794466,0.));
#8005 = PCURVE('',#7911,#8006);
#8006 = DEFINITIONAL_REPRESENTATION('',(#8007),#8011);
#8007 = LINE('',#8008,#8009);
#8008 = CARTESIAN_POINT('',(0.,-7.5));
#8009 = VECTOR('',#8010,1.);
#8010 = DIRECTION('',(1.,0.));
#8011 = ( GEOMETRIC_REPRESENTATION_CONTEXT(2) 
PARAMETRIC_REPRESENTATION_CONTEXT() REPRESENTATION_CONTEXT('2D SPACE',''
  ) );
#8012 = PCURVE('',#72,#8013);
#8013 = DEFINITIONAL_REPRESENTATION('',(#8014),#8018);
#8014 = LINE('',#8015,#8016);
#8015 = CARTESIAN_POINT('',(-157.6512469211,-51.69200874353));
#8016 = VECTOR('',#8017,1.);
#8017 = DIRECTION('',(0.301823583244,-0.953363794466));
#8018 = ( GEOMETRIC_REPRESENTATION_CONTEXT(2) 
PARAMETRIC_REPRESENTATION_CONTEXT() REPRESENTATION_CONTEXT('2D SPACE',''
  ) );
#8019 = ORIENTED_EDGE('',*,*,#7893,.F.);
#8020 = ORIENTED_EDGE('',*,*,#8021,.F.);
#8021 = EDGE_CURVE('',#7970,#7894,#8022,.T.);
#8022 = SURFACE_CURVE('',#8023,(#8027,#8034),.PCURVE_S1.);
#8023 = LINE('',#8024,#8025);
#8024 = CARTESIAN_POINT('',(-61.13544454906,-16.49258647292,-3.75));
#8025 = VECTOR('',#8026,1.);
#8026 = DIRECTION('',(0.301823583244,-0.953363794466,0.));
#8027 = PCURVE('',#7911,#8028);
#8028 = DEFINITIONAL_REPRESENTATION('',(#8029),#8033);
#8029 = LINE('',#8030,#8031);
#8030 = CARTESIAN_POINT('',(0.,0.));
#8031 = VECTOR('',#8032,1.);
#8032 = DIRECTION('',(1.,0.));
#8033 = ( GEOMETRIC_REPRESENTATION_CONTEXT(2) 
PARAMETRIC_REPRESENTATION_CONTEXT() REPRESENTATION_CONTEXT('2D SPACE',''
  ) );
#8034 = PCURVE('',#126,#8035);
#8035 = DEFINITIONAL_REPRESENTATION('',(#8036),#8040);
#8036 = LINE('',#8037,#8038);
#8037 = CARTESIAN_POINT('',(-157.6512469211,-51.69200874353));
#8038 = VECTOR('',#8039,1.);
#8039 = DIRECTION('',(0.301823583244,-0.953363794466));
#8040 = ( GEOMETRIC_REPRESENTATION_CONTEXT(2) 
PARAMETRIC_REPRESENTATION_CONTEXT() REPRESENTATION_CONTEXT('2D SPACE',''
  ) );
#8041 = ADVANCED_FACE('',(#8042),#7987,.T.);
#8042 = FACE_BOUND('',#8043,.T.);
#8043 = EDGE_LOOP('',(#8044,#8074,#8095,#8096));
#8044 = ORIENTED_EDGE('',*,*,#8045,.T.);
#8045 = EDGE_CURVE('',#8046,#8048,#8050,.T.);
#8046 = VERTEX_POINT('',#8047);
#8047 = CARTESIAN_POINT('',(-62.32849373207,-11.16722247779,-3.75));
#8048 = VERTEX_POINT('',#8049);
#8049 = CARTESIAN_POINT('',(-62.32849373207,-11.16722247779,3.75));
#8050 = SURFACE_CURVE('',#8051,(#8055,#8062),.PCURVE_S1.);
#8051 = LINE('',#8052,#8053);
#8052 = CARTESIAN_POINT('',(-62.32849373207,-11.16722247779,-3.75));
#8053 = VECTOR('',#8054,1.);
#8054 = DIRECTION('',(0.,0.,1.));
#8055 = PCURVE('',#7987,#8056);
#8056 = DEFINITIONAL_REPRESENTATION('',(#8057),#8061);
#8057 = LINE('',#8058,#8059);
#8058 = CARTESIAN_POINT('',(0.,0.));
#8059 = VECTOR('',#8060,1.);
#8060 = DIRECTION('',(0.,-1.));
#8061 = ( GEOMETRIC_REPRESENTATION_CONTEXT(2) 
PARAMETRIC_REPRESENTATION_CONTEXT() REPRESENTATION_CONTEXT('2D SPACE',''
  ) );
#8062 = PCURVE('',#8063,#8068);
#8063 = PLANE('',#8064);
#8064 = AXIS2_PLACEMENT_3D('',#8065,#8066,#8067);
#8065 = CARTESIAN_POINT('',(-63.05856770971,-5.758908505699,-3.75));
#8066 = DIRECTION('',(0.991011370484,0.133777664697,-0.));
#8067 = DIRECTION('',(0.133777664697,-0.991011370484,0.));
#8068 = DEFINITIONAL_REPRESENTATION('',(#8069),#8073);
#8069 = LINE('',#8070,#8071);
#8070 = CARTESIAN_POINT('',(5.457368233283,0.));
#8071 = VECTOR('',#8072,1.);
#8072 = DIRECTION('',(0.,-1.));
#8073 = ( GEOMETRIC_REPRESENTATION_CONTEXT(2) 
PARAMETRIC_REPRESENTATION_CONTEXT() REPRESENTATION_CONTEXT('2D SPACE',''
  ) );
#8074 = ORIENTED_EDGE('',*,*,#8075,.T.);
#8075 = EDGE_CURVE('',#8048,#7972,#8076,.T.);
#8076 = SURFACE_CURVE('',#8077,(#8081,#8088),.PCURVE_S1.);
#8077 = LINE('',#8078,#8079);
#8078 = CARTESIAN_POINT('',(-62.32849373207,-11.16722247779,3.75));
#8079 = VECTOR('',#8080,1.);
#8080 = DIRECTION('',(0.218612549496,-0.975811740656,0.));
#8081 = PCURVE('',#7987,#8082);
#8082 = DEFINITIONAL_REPRESENTATION('',(#8083),#8087);
#8083 = LINE('',#8084,#8085);
#8084 = CARTESIAN_POINT('',(0.,-7.5));
#8085 = VECTOR('',#8086,1.);
#8086 = DIRECTION('',(1.,0.));
#8087 = ( GEOMETRIC_REPRESENTATION_CONTEXT(2) 
PARAMETRIC_REPRESENTATION_CONTEXT() REPRESENTATION_CONTEXT('2D SPACE',''
  ) );
#8088 = PCURVE('',#72,#8089);
#8089 = DEFINITIONAL_REPRESENTATION('',(#8090),#8094);
#8090 = LINE('',#8091,#8092);
#8091 = CARTESIAN_POINT('',(-158.8442961042,-46.3666447484));
#8092 = VECTOR('',#8093,1.);
#8093 = DIRECTION('',(0.218612549496,-0.975811740656));
#8094 = ( GEOMETRIC_REPRESENTATION_CONTEXT(2) 
PARAMETRIC_REPRESENTATION_CONTEXT() REPRESENTATION_CONTEXT('2D SPACE',''
  ) );
#8095 = ORIENTED_EDGE('',*,*,#7969,.F.);
#8096 = ORIENTED_EDGE('',*,*,#8097,.F.);
#8097 = EDGE_CURVE('',#8046,#7970,#8098,.T.);
#8098 = SURFACE_CURVE('',#8099,(#8103,#8110),.PCURVE_S1.);
#8099 = LINE('',#8100,#8101);
#8100 = CARTESIAN_POINT('',(-62.32849373207,-11.16722247779,-3.75));
#8101 = VECTOR('',#8102,1.);
#8102 = DIRECTION('',(0.218612549496,-0.975811740656,0.));
#8103 = PCURVE('',#7987,#8104);
#8104 = DEFINITIONAL_REPRESENTATION('',(#8105),#8109);
#8105 = LINE('',#8106,#8107);
#8106 = CARTESIAN_POINT('',(0.,0.));
#8107 = VECTOR('',#8108,1.);
#8108 = DIRECTION('',(1.,0.));
#8109 = ( GEOMETRIC_REPRESENTATION_CONTEXT(2) 
PARAMETRIC_REPRESENTATION_CONTEXT() REPRESENTATION_CONTEXT('2D SPACE',''
  ) );
#8110 = PCURVE('',#126,#8111);
#8111 = DEFINITIONAL_REPRESENTATION('',(#8112),#8116);
#8112 = LINE('',#8113,#8114);
#8113 = CARTESIAN_POINT('',(-158.8442961042,-46.3666447484));
#8114 = VECTOR('',#8115,1.);
#8115 = DIRECTION('',(0.218612549496,-0.975811740656));
#8116 = ( GEOMETRIC_REPRESENTATION_CONTEXT(2) 
PARAMETRIC_REPRESENTATION_CONTEXT() REPRESENTATION_CONTEXT('2D SPACE',''
  ) );
#8117 = ADVANCED_FACE('',(#8118),#8063,.T.);
#8118 = FACE_BOUND('',#8119,.T.);
#8119 = EDGE_LOOP('',(#8120,#8150,#8171,#8172));
#8120 = ORIENTED_EDGE('',*,*,#8121,.T.);
#8121 = EDGE_CURVE('',#8122,#8124,#8126,.T.);
#8122 = VERTEX_POINT('',#8123);
#8123 = CARTESIAN_POINT('',(-63.05856770971,-5.758908505699,-3.75));
#8124 = VERTEX_POINT('',#8125);
#8125 = CARTESIAN_POINT('',(-63.05856770971,-5.758908505699,3.75));
#8126 = SURFACE_CURVE('',#8127,(#8131,#8138),.PCURVE_S1.);
#8127 = LINE('',#8128,#8129);
#8128 = CARTESIAN_POINT('',(-63.05856770971,-5.758908505699,-3.75));
#8129 = VECTOR('',#8130,1.);
#8130 = DIRECTION('',(0.,0.,1.));
#8131 = PCURVE('',#8063,#8132);
#8132 = DEFINITIONAL_REPRESENTATION('',(#8133),#8137);
#8133 = LINE('',#8134,#8135);
#8134 = CARTESIAN_POINT('',(0.,0.));
#8135 = VECTOR('',#8136,1.);
#8136 = DIRECTION('',(0.,-1.));
#8137 = ( GEOMETRIC_REPRESENTATION_CONTEXT(2) 
PARAMETRIC_REPRESENTATION_CONTEXT() REPRESENTATION_CONTEXT('2D SPACE',''
  ) );
#8138 = PCURVE('',#8139,#8144);
#8139 = PLANE('',#8140);
#8140 = AXIS2_PLACEMENT_3D('',#8141,#8142,#8143);
#8141 = CARTESIAN_POINT('',(-63.32024350239,-0.307817439392,-3.75));
#8142 = DIRECTION('',(0.998849781303,4.794908122146E-02,-0.));
#8143 = DIRECTION('',(4.794908122146E-02,-0.998849781303,0.));
#8144 = DEFINITIONAL_REPRESENTATION('',(#8145),#8149);
#8145 = LINE('',#8146,#8147);
#8146 = CARTESIAN_POINT('',(5.457368233283,0.));
#8147 = VECTOR('',#8148,1.);
#8148 = DIRECTION('',(0.,-1.));
#8149 = ( GEOMETRIC_REPRESENTATION_CONTEXT(2) 
PARAMETRIC_REPRESENTATION_CONTEXT() REPRESENTATION_CONTEXT('2D SPACE',''
  ) );
#8150 = ORIENTED_EDGE('',*,*,#8151,.T.);
#8151 = EDGE_CURVE('',#8124,#8048,#8152,.T.);
#8152 = SURFACE_CURVE('',#8153,(#8157,#8164),.PCURVE_S1.);
#8153 = LINE('',#8154,#8155);
#8154 = CARTESIAN_POINT('',(-63.05856770971,-5.758908505699,3.75));
#8155 = VECTOR('',#8156,1.);
#8156 = DIRECTION('',(0.133777664697,-0.991011370484,0.));
#8157 = PCURVE('',#8063,#8158);
#8158 = DEFINITIONAL_REPRESENTATION('',(#8159),#8163);
#8159 = LINE('',#8160,#8161);
#8160 = CARTESIAN_POINT('',(0.,-7.5));
#8161 = VECTOR('',#8162,1.);
#8162 = DIRECTION('',(1.,0.));
#8163 = ( GEOMETRIC_REPRESENTATION_CONTEXT(2) 
PARAMETRIC_REPRESENTATION_CONTEXT() REPRESENTATION_CONTEXT('2D SPACE',''
  ) );
#8164 = PCURVE('',#72,#8165);
#8165 = DEFINITIONAL_REPRESENTATION('',(#8166),#8170);
#8166 = LINE('',#8167,#8168);
#8167 = CARTESIAN_POINT('',(-159.5743700818,-40.9583307763));
#8168 = VECTOR('',#8169,1.);
#8169 = DIRECTION('',(0.133777664697,-0.991011370484));
#8170 = ( GEOMETRIC_REPRESENTATION_CONTEXT(2) 
PARAMETRIC_REPRESENTATION_CONTEXT() REPRESENTATION_CONTEXT('2D SPACE',''
  ) );
#8171 = ORIENTED_EDGE('',*,*,#8045,.F.);
#8172 = ORIENTED_EDGE('',*,*,#8173,.F.);
#8173 = EDGE_CURVE('',#8122,#8046,#8174,.T.);
#8174 = SURFACE_CURVE('',#8175,(#8179,#8186),.PCURVE_S1.);
#8175 = LINE('',#8176,#8177);
#8176 = CARTESIAN_POINT('',(-63.05856770971,-5.758908505699,-3.75));
#8177 = VECTOR('',#8178,1.);
#8178 = DIRECTION('',(0.133777664697,-0.991011370484,0.));
#8179 = PCURVE('',#8063,#8180);
#8180 = DEFINITIONAL_REPRESENTATION('',(#8181),#8185);
#8181 = LINE('',#8182,#8183);
#8182 = CARTESIAN_POINT('',(0.,0.));
#8183 = VECTOR('',#8184,1.);
#8184 = DIRECTION('',(1.,0.));
#8185 = ( GEOMETRIC_REPRESENTATION_CONTEXT(2) 
PARAMETRIC_REPRESENTATION_CONTEXT() REPRESENTATION_CONTEXT('2D SPACE',''
  ) );
#8186 = PCURVE('',#126,#8187);
#8187 = DEFINITIONAL_REPRESENTATION('',(#8188),#8192);
#8188 = LINE('',#8189,#8190);
#8189 = CARTESIAN_POINT('',(-159.5743700818,-40.9583307763));
#8190 = VECTOR('',#8191,1.);
#8191 = DIRECTION('',(0.133777664697,-0.991011370484));
#8192 = ( GEOMETRIC_REPRESENTATION_CONTEXT(2) 
PARAMETRIC_REPRESENTATION_CONTEXT() REPRESENTATION_CONTEXT('2D SPACE',''
  ) );
#8193 = ADVANCED_FACE('',(#8194),#8139,.T.);
#8194 = FACE_BOUND('',#8195,.T.);
#8195 = EDGE_LOOP('',(#8196,#8226,#8247,#8248));
#8196 = ORIENTED_EDGE('',*,*,#8197,.T.);
#8197 = EDGE_CURVE('',#8198,#8200,#8202,.T.);
#8198 = VERTEX_POINT('',#8199);
#8199 = CARTESIAN_POINT('',(-63.32024350239,-0.307817439392,-3.75));
#8200 = VERTEX_POINT('',#8201);
#8201 = CARTESIAN_POINT('',(-63.32024350239,-0.307817439392,3.75));
#8202 = SURFACE_CURVE('',#8203,(#8207,#8214),.PCURVE_S1.);
#8203 = LINE('',#8204,#8205);
#8204 = CARTESIAN_POINT('',(-63.32024350239,-0.307817439392,-3.75));
#8205 = VECTOR('',#8206,1.);
#8206 = DIRECTION('',(0.,0.,1.));
#8207 = PCURVE('',#8139,#8208);
#8208 = DEFINITIONAL_REPRESENTATION('',(#8209),#8213);
#8209 = LINE('',#8210,#8211);
#8210 = CARTESIAN_POINT('',(0.,0.));
#8211 = VECTOR('',#8212,1.);
#8212 = DIRECTION('',(0.,-1.));
#8213 = ( GEOMETRIC_REPRESENTATION_CONTEXT(2) 
PARAMETRIC_REPRESENTATION_CONTEXT() REPRESENTATION_CONTEXT('2D SPACE',''
  ) );
#8214 = PCURVE('',#8215,#8220);
#8215 = PLANE('',#8216);
#8216 = AXIS2_PLACEMENT_3D('',#8217,#8218,#8219);
#8217 = CARTESIAN_POINT('',(-63.11157738586,5.145560090677,-3.75));
#8218 = DIRECTION('',(0.999268749506,-3.823566737884E-02,0.));
#8219 = DIRECTION('',(-3.823566737884E-02,-0.999268749506,0.));
#8220 = DEFINITIONAL_REPRESENTATION('',(#8221),#8225);
#8221 = LINE('',#8222,#8223);
#8222 = CARTESIAN_POINT('',(5.457368233283,0.));
#8223 = VECTOR('',#8224,1.);
#8224 = DIRECTION('',(0.,-1.));
#8225 = ( GEOMETRIC_REPRESENTATION_CONTEXT(2) 
PARAMETRIC_REPRESENTATION_CONTEXT() REPRESENTATION_CONTEXT('2D SPACE',''
  ) );
#8226 = ORIENTED_EDGE('',*,*,#8227,.T.);
#8227 = EDGE_CURVE('',#8200,#8124,#8228,.T.);
#8228 = SURFACE_CURVE('',#8229,(#8233,#8240),.PCURVE_S1.);
#8229 = LINE('',#8230,#8231);
#8230 = CARTESIAN_POINT('',(-63.32024350239,-0.307817439392,3.75));
#8231 = VECTOR('',#8232,1.);
#8232 = DIRECTION('',(4.794908122146E-02,-0.998849781303,0.));
#8233 = PCURVE('',#8139,#8234);
#8234 = DEFINITIONAL_REPRESENTATION('',(#8235),#8239);
#8235 = LINE('',#8236,#8237);
#8236 = CARTESIAN_POINT('',(0.,-7.5));
#8237 = VECTOR('',#8238,1.);
#8238 = DIRECTION('',(1.,0.));
#8239 = ( GEOMETRIC_REPRESENTATION_CONTEXT(2) 
PARAMETRIC_REPRESENTATION_CONTEXT() REPRESENTATION_CONTEXT('2D SPACE',''
  ) );
#8240 = PCURVE('',#72,#8241);
#8241 = DEFINITIONAL_REPRESENTATION('',(#8242),#8246);
#8242 = LINE('',#8243,#8244);
#8243 = CARTESIAN_POINT('',(-159.8360458745,-35.50723971));
#8244 = VECTOR('',#8245,1.);
#8245 = DIRECTION('',(4.794908122146E-02,-0.998849781303));
#8246 = ( GEOMETRIC_REPRESENTATION_CONTEXT(2) 
PARAMETRIC_REPRESENTATION_CONTEXT() REPRESENTATION_CONTEXT('2D SPACE',''
  ) );
#8247 = ORIENTED_EDGE('',*,*,#8121,.F.);
#8248 = ORIENTED_EDGE('',*,*,#8249,.F.);
#8249 = EDGE_CURVE('',#8198,#8122,#8250,.T.);
#8250 = SURFACE_CURVE('',#8251,(#8255,#8262),.PCURVE_S1.);
#8251 = LINE('',#8252,#8253);
#8252 = CARTESIAN_POINT('',(-63.32024350239,-0.307817439392,-3.75));
#8253 = VECTOR('',#8254,1.);
#8254 = DIRECTION('',(4.794908122146E-02,-0.998849781303,0.));
#8255 = PCURVE('',#8139,#8256);
#8256 = DEFINITIONAL_REPRESENTATION('',(#8257),#8261);
#8257 = LINE('',#8258,#8259);
#8258 = CARTESIAN_POINT('',(0.,0.));
#8259 = VECTOR('',#8260,1.);
#8260 = DIRECTION('',(1.,0.));
#8261 = ( GEOMETRIC_REPRESENTATION_CONTEXT(2) 
PARAMETRIC_REPRESENTATION_CONTEXT() REPRESENTATION_CONTEXT('2D SPACE',''
  ) );
#8262 = PCURVE('',#126,#8263);
#8263 = DEFINITIONAL_REPRESENTATION('',(#8264),#8268);
#8264 = LINE('',#8265,#8266);
#8265 = CARTESIAN_POINT('',(-159.8360458745,-35.50723971));
#8266 = VECTOR('',#8267,1.);
#8267 = DIRECTION('',(4.794908122146E-02,-0.998849781303));
#8268 = ( GEOMETRIC_REPRESENTATION_CONTEXT(2) 
PARAMETRIC_REPRESENTATION_CONTEXT() REPRESENTATION_CONTEXT('2D SPACE',''
  ) );
#8269 = ADVANCED_FACE('',(#8270),#8215,.T.);
#8270 = FACE_BOUND('',#8271,.T.);
#8271 = EDGE_LOOP('',(#8272,#8302,#8323,#8324));
#8272 = ORIENTED_EDGE('',*,*,#8273,.T.);
#8273 = EDGE_CURVE('',#8274,#8276,#8278,.T.);
#8274 = VERTEX_POINT('',#8275);
#8275 = CARTESIAN_POINT('',(-63.11157738586,5.145560090677,-3.75));
#8276 = VERTEX_POINT('',#8277);
#8277 = CARTESIAN_POINT('',(-63.11157738586,5.145560090677,3.75));
#8278 = SURFACE_CURVE('',#8279,(#8283,#8290),.PCURVE_S1.);
#8279 = LINE('',#8280,#8281);
#8280 = CARTESIAN_POINT('',(-63.11157738586,5.145560090677,-3.75));
#8281 = VECTOR('',#8282,1.);
#8282 = DIRECTION('',(0.,0.,1.));
#8283 = PCURVE('',#8215,#8284);
#8284 = DEFINITIONAL_REPRESENTATION('',(#8285),#8289);
#8285 = LINE('',#8286,#8287);
#8286 = CARTESIAN_POINT('',(0.,0.));
#8287 = VECTOR('',#8288,1.);
#8288 = DIRECTION('',(0.,-1.));
#8289 = ( GEOMETRIC_REPRESENTATION_CONTEXT(2) 
PARAMETRIC_REPRESENTATION_CONTEXT() REPRESENTATION_CONTEXT('2D SPACE',''
  ) );
#8290 = PCURVE('',#8291,#8296);
#8291 = PLANE('',#8292);
#8292 = AXIS2_PLACEMENT_3D('',#8293,#8294,#8295);
#8293 = CARTESIAN_POINT('',(-62.4341193292,10.56071647024,-3.75));
#8294 = DIRECTION('',(0.992265163002,-0.124136401961,0.));
#8295 = DIRECTION('',(-0.124136401961,-0.992265163002,0.));
#8296 = DEFINITIONAL_REPRESENTATION('',(#8297),#8301);
#8297 = LINE('',#8298,#8299);
#8298 = CARTESIAN_POINT('',(5.457368233283,0.));
#8299 = VECTOR('',#8300,1.);
#8300 = DIRECTION('',(0.,-1.));
#8301 = ( GEOMETRIC_REPRESENTATION_CONTEXT(2) 
PARAMETRIC_REPRESENTATION_CONTEXT() REPRESENTATION_CONTEXT('2D SPACE',''
  ) );
#8302 = ORIENTED_EDGE('',*,*,#8303,.T.);
#8303 = EDGE_CURVE('',#8276,#8200,#8304,.T.);
#8304 = SURFACE_CURVE('',#8305,(#8309,#8316),.PCURVE_S1.);
#8305 = LINE('',#8306,#8307);
#8306 = CARTESIAN_POINT('',(-63.11157738586,5.145560090677,3.75));
#8307 = VECTOR('',#8308,1.);
#8308 = DIRECTION('',(-3.823566737884E-02,-0.999268749506,0.));
#8309 = PCURVE('',#8215,#8310);
#8310 = DEFINITIONAL_REPRESENTATION('',(#8311),#8315);
#8311 = LINE('',#8312,#8313);
#8312 = CARTESIAN_POINT('',(0.,-7.5));
#8313 = VECTOR('',#8314,1.);
#8314 = DIRECTION('',(1.,0.));
#8315 = ( GEOMETRIC_REPRESENTATION_CONTEXT(2) 
PARAMETRIC_REPRESENTATION_CONTEXT() REPRESENTATION_CONTEXT('2D SPACE',''
  ) );
#8316 = PCURVE('',#72,#8317);
#8317 = DEFINITIONAL_REPRESENTATION('',(#8318),#8322);
#8318 = LINE('',#8319,#8320);
#8319 = CARTESIAN_POINT('',(-159.6273797579,-30.05386217993));
#8320 = VECTOR('',#8321,1.);
#8321 = DIRECTION('',(-3.823566737884E-02,-0.999268749506));
#8322 = ( GEOMETRIC_REPRESENTATION_CONTEXT(2) 
PARAMETRIC_REPRESENTATION_CONTEXT() REPRESENTATION_CONTEXT('2D SPACE',''
  ) );
#8323 = ORIENTED_EDGE('',*,*,#8197,.F.);
#8324 = ORIENTED_EDGE('',*,*,#8325,.F.);
#8325 = EDGE_CURVE('',#8274,#8198,#8326,.T.);
#8326 = SURFACE_CURVE('',#8327,(#8331,#8338),.PCURVE_S1.);
#8327 = LINE('',#8328,#8329);
#8328 = CARTESIAN_POINT('',(-63.11157738586,5.145560090677,-3.75));
#8329 = VECTOR('',#8330,1.);
#8330 = DIRECTION('',(-3.823566737884E-02,-0.999268749506,0.));
#8331 = PCURVE('',#8215,#8332);
#8332 = DEFINITIONAL_REPRESENTATION('',(#8333),#8337);
#8333 = LINE('',#8334,#8335);
#8334 = CARTESIAN_POINT('',(0.,0.));
#8335 = VECTOR('',#8336,1.);
#8336 = DIRECTION('',(1.,0.));
#8337 = ( GEOMETRIC_REPRESENTATION_CONTEXT(2) 
PARAMETRIC_REPRESENTATION_CONTEXT() REPRESENTATION_CONTEXT('2D SPACE',''
  ) );
#8338 = PCURVE('',#126,#8339);
#8339 = DEFINITIONAL_REPRESENTATION('',(#8340),#8344);
#8340 = LINE('',#8341,#8342);
#8341 = CARTESIAN_POINT('',(-159.6273797579,-30.05386217993));
#8342 = VECTOR('',#8343,1.);
#8343 = DIRECTION('',(-3.823566737884E-02,-0.999268749506));
#8344 = ( GEOMETRIC_REPRESENTATION_CONTEXT(2) 
PARAMETRIC_REPRESENTATION_CONTEXT() REPRESENTATION_CONTEXT('2D SPACE',''
  ) );
#8345 = ADVANCED_FACE('',(#8346),#8291,.T.);
#8346 = FACE_BOUND('',#8347,.T.);
#8347 = EDGE_LOOP('',(#8348,#8378,#8399,#8400));
#8348 = ORIENTED_EDGE('',*,*,#8349,.T.);
#8349 = EDGE_CURVE('',#8350,#8352,#8354,.T.);
#8350 = VERTEX_POINT('',#8351);
#8351 = CARTESIAN_POINT('',(-62.4341193292,10.56071647024,-3.75));
#8352 = VERTEX_POINT('',#8353);
#8353 = CARTESIAN_POINT('',(-62.4341193292,10.56071647024,3.75));
#8354 = SURFACE_CURVE('',#8355,(#8359,#8366),.PCURVE_S1.);
#8355 = LINE('',#8356,#8357);
#8356 = CARTESIAN_POINT('',(-62.4341193292,10.56071647024,-3.75));
#8357 = VECTOR('',#8358,1.);
#8358 = DIRECTION('',(0.,0.,1.));
#8359 = PCURVE('',#8291,#8360);
#8360 = DEFINITIONAL_REPRESENTATION('',(#8361),#8365);
#8361 = LINE('',#8362,#8363);
#8362 = CARTESIAN_POINT('',(0.,0.));
#8363 = VECTOR('',#8364,1.);
#8364 = DIRECTION('',(0.,-1.));
#8365 = ( GEOMETRIC_REPRESENTATION_CONTEXT(2) 
PARAMETRIC_REPRESENTATION_CONTEXT() REPRESENTATION_CONTEXT('2D SPACE',''
  ) );
#8366 = PCURVE('',#8367,#8372);
#8367 = PLANE('',#8368);
#8368 = AXIS2_PLACEMENT_3D('',#8369,#8370,#8371);
#8369 = CARTESIAN_POINT('',(-61.29290148167,15.897427991216,-3.75));
#8370 = DIRECTION('',(0.977891044337,-0.209115053034,0.));
#8371 = DIRECTION('',(-0.209115053034,-0.977891044337,0.));
#8372 = DEFINITIONAL_REPRESENTATION('',(#8373),#8377);
#8373 = LINE('',#8374,#8375);
#8374 = CARTESIAN_POINT('',(5.457368233283,0.));
#8375 = VECTOR('',#8376,1.);
#8376 = DIRECTION('',(0.,-1.));
#8377 = ( GEOMETRIC_REPRESENTATION_CONTEXT(2) 
PARAMETRIC_REPRESENTATION_CONTEXT() REPRESENTATION_CONTEXT('2D SPACE',''
  ) );
#8378 = ORIENTED_EDGE('',*,*,#8379,.T.);
#8379 = EDGE_CURVE('',#8352,#8276,#8380,.T.);
#8380 = SURFACE_CURVE('',#8381,(#8385,#8392),.PCURVE_S1.);
#8381 = LINE('',#8382,#8383);
#8382 = CARTESIAN_POINT('',(-62.4341193292,10.56071647024,3.75));
#8383 = VECTOR('',#8384,1.);
#8384 = DIRECTION('',(-0.124136401961,-0.992265163002,0.));
#8385 = PCURVE('',#8291,#8386);
#8386 = DEFINITIONAL_REPRESENTATION('',(#8387),#8391);
#8387 = LINE('',#8388,#8389);
#8388 = CARTESIAN_POINT('',(0.,-7.5));
#8389 = VECTOR('',#8390,1.);
#8390 = DIRECTION('',(1.,0.));
#8391 = ( GEOMETRIC_REPRESENTATION_CONTEXT(2) 
PARAMETRIC_REPRESENTATION_CONTEXT() REPRESENTATION_CONTEXT('2D SPACE',''
  ) );
#8392 = PCURVE('',#72,#8393);
#8393 = DEFINITIONAL_REPRESENTATION('',(#8394),#8398);
#8394 = LINE('',#8395,#8396);
#8395 = CARTESIAN_POINT('',(-158.9499217013,-24.63870580036));
#8396 = VECTOR('',#8397,1.);
#8397 = DIRECTION('',(-0.124136401961,-0.992265163002));
#8398 = ( GEOMETRIC_REPRESENTATION_CONTEXT(2) 
PARAMETRIC_REPRESENTATION_CONTEXT() REPRESENTATION_CONTEXT('2D SPACE',''
  ) );
#8399 = ORIENTED_EDGE('',*,*,#8273,.F.);
#8400 = ORIENTED_EDGE('',*,*,#8401,.F.);
#8401 = EDGE_CURVE('',#8350,#8274,#8402,.T.);
#8402 = SURFACE_CURVE('',#8403,(#8407,#8414),.PCURVE_S1.);
#8403 = LINE('',#8404,#8405);
#8404 = CARTESIAN_POINT('',(-62.4341193292,10.56071647024,-3.75));
#8405 = VECTOR('',#8406,1.);
#8406 = DIRECTION('',(-0.124136401961,-0.992265163002,0.));
#8407 = PCURVE('',#8291,#8408);
#8408 = DEFINITIONAL_REPRESENTATION('',(#8409),#8413);
#8409 = LINE('',#8410,#8411);
#8410 = CARTESIAN_POINT('',(0.,0.));
#8411 = VECTOR('',#8412,1.);
#8412 = DIRECTION('',(1.,0.));
#8413 = ( GEOMETRIC_REPRESENTATION_CONTEXT(2) 
PARAMETRIC_REPRESENTATION_CONTEXT() REPRESENTATION_CONTEXT('2D SPACE',''
  ) );
#8414 = PCURVE('',#126,#8415);
#8415 = DEFINITIONAL_REPRESENTATION('',(#8416),#8420);
#8416 = LINE('',#8417,#8418);
#8417 = CARTESIAN_POINT('',(-158.9499217013,-24.63870580036));
#8418 = VECTOR('',#8419,1.);
#8419 = DIRECTION('',(-0.124136401961,-0.992265163002));
#8420 = ( GEOMETRIC_REPRESENTATION_CONTEXT(2) 
PARAMETRIC_REPRESENTATION_CONTEXT() REPRESENTATION_CONTEXT('2D SPACE',''
  ) );
#8421 = ADVANCED_FACE('',(#8422),#8367,.T.);
#8422 = FACE_BOUND('',#8423,.T.);
#8423 = EDGE_LOOP('',(#8424,#8454,#8475,#8476));
#8424 = ORIENTED_EDGE('',*,*,#8425,.T.);
#8425 = EDGE_CURVE('',#8426,#8428,#8430,.T.);
#8426 = VERTEX_POINT('',#8427);
#8427 = CARTESIAN_POINT('',(-61.29290148167,15.897427991216,-3.75));
#8428 = VERTEX_POINT('',#8429);
#8429 = CARTESIAN_POINT('',(-61.29290148167,15.897427991216,3.75));
#8430 = SURFACE_CURVE('',#8431,(#8435,#8442),.PCURVE_S1.);
#8431 = LINE('',#8432,#8433);
#8432 = CARTESIAN_POINT('',(-61.29290148167,15.897427991216,-3.75));
#8433 = VECTOR('',#8434,1.);
#8434 = DIRECTION('',(0.,0.,1.));
#8435 = PCURVE('',#8367,#8436);
#8436 = DEFINITIONAL_REPRESENTATION('',(#8437),#8441);
#8437 = LINE('',#8438,#8439);
#8438 = CARTESIAN_POINT('',(0.,0.));
#8439 = VECTOR('',#8440,1.);
#8440 = DIRECTION('',(0.,-1.));
#8441 = ( GEOMETRIC_REPRESENTATION_CONTEXT(2) 
PARAMETRIC_REPRESENTATION_CONTEXT() REPRESENTATION_CONTEXT('2D SPACE',''
  ) );
#8442 = PCURVE('',#8443,#8448);
#8443 = PLANE('',#8444);
#8444 = AXIS2_PLACEMENT_3D('',#8445,#8446,#8447);
#8445 = CARTESIAN_POINT('',(-59.69640079395,21.116053632871,-3.75));
#8446 = DIRECTION('',(0.956253164268,-0.292540400332,0.));
#8447 = DIRECTION('',(-0.292540400332,-0.956253164268,0.));
#8448 = DEFINITIONAL_REPRESENTATION('',(#8449),#8453);
#8449 = LINE('',#8450,#8451);
#8450 = CARTESIAN_POINT('',(5.457368233283,0.));
#8451 = VECTOR('',#8452,1.);
#8452 = DIRECTION('',(0.,-1.));
#8453 = ( GEOMETRIC_REPRESENTATION_CONTEXT(2) 
PARAMETRIC_REPRESENTATION_CONTEXT() REPRESENTATION_CONTEXT('2D SPACE',''
  ) );
#8454 = ORIENTED_EDGE('',*,*,#8455,.T.);
#8455 = EDGE_CURVE('',#8428,#8352,#8456,.T.);
#8456 = SURFACE_CURVE('',#8457,(#8461,#8468),.PCURVE_S1.);
#8457 = LINE('',#8458,#8459);
#8458 = CARTESIAN_POINT('',(-61.29290148167,15.897427991216,3.75));
#8459 = VECTOR('',#8460,1.);
#8460 = DIRECTION('',(-0.209115053034,-0.977891044337,0.));
#8461 = PCURVE('',#8367,#8462);
#8462 = DEFINITIONAL_REPRESENTATION('',(#8463),#8467);
#8463 = LINE('',#8464,#8465);
#8464 = CARTESIAN_POINT('',(0.,-7.5));
#8465 = VECTOR('',#8466,1.);
#8466 = DIRECTION('',(1.,0.));
#8467 = ( GEOMETRIC_REPRESENTATION_CONTEXT(2) 
PARAMETRIC_REPRESENTATION_CONTEXT() REPRESENTATION_CONTEXT('2D SPACE',''
  ) );
#8468 = PCURVE('',#72,#8469);
#8469 = DEFINITIONAL_REPRESENTATION('',(#8470),#8474);
#8470 = LINE('',#8471,#8472);
#8471 = CARTESIAN_POINT('',(-157.8087038537,-19.30199427939));
#8472 = VECTOR('',#8473,1.);
#8473 = DIRECTION('',(-0.209115053034,-0.977891044337));
#8474 = ( GEOMETRIC_REPRESENTATION_CONTEXT(2) 
PARAMETRIC_REPRESENTATION_CONTEXT() REPRESENTATION_CONTEXT('2D SPACE',''
  ) );
#8475 = ORIENTED_EDGE('',*,*,#8349,.F.);
#8476 = ORIENTED_EDGE('',*,*,#8477,.F.);
#8477 = EDGE_CURVE('',#8426,#8350,#8478,.T.);
#8478 = SURFACE_CURVE('',#8479,(#8483,#8490),.PCURVE_S1.);
#8479 = LINE('',#8480,#8481);
#8480 = CARTESIAN_POINT('',(-61.29290148167,15.897427991216,-3.75));
#8481 = VECTOR('',#8482,1.);
#8482 = DIRECTION('',(-0.209115053034,-0.977891044337,0.));
#8483 = PCURVE('',#8367,#8484);
#8484 = DEFINITIONAL_REPRESENTATION('',(#8485),#8489);
#8485 = LINE('',#8486,#8487);
#8486 = CARTESIAN_POINT('',(0.,0.));
#8487 = VECTOR('',#8488,1.);
#8488 = DIRECTION('',(1.,0.));
#8489 = ( GEOMETRIC_REPRESENTATION_CONTEXT(2) 
PARAMETRIC_REPRESENTATION_CONTEXT() REPRESENTATION_CONTEXT('2D SPACE',''
  ) );
#8490 = PCURVE('',#126,#8491);
#8491 = DEFINITIONAL_REPRESENTATION('',(#8492),#8496);
#8492 = LINE('',#8493,#8494);
#8493 = CARTESIAN_POINT('',(-157.8087038537,-19.30199427939));
#8494 = VECTOR('',#8495,1.);
#8495 = DIRECTION('',(-0.209115053034,-0.977891044337));
#8496 = ( GEOMETRIC_REPRESENTATION_CONTEXT(2) 
PARAMETRIC_REPRESENTATION_CONTEXT() REPRESENTATION_CONTEXT('2D SPACE',''
  ) );
#8497 = ADVANCED_FACE('',(#8498),#8443,.T.);
#8498 = FACE_BOUND('',#8499,.T.);
#8499 = EDGE_LOOP('',(#8500,#8530,#8551,#8552));
#8500 = ORIENTED_EDGE('',*,*,#8501,.T.);
#8501 = EDGE_CURVE('',#8502,#8504,#8506,.T.);
#8502 = VERTEX_POINT('',#8503);
#8503 = CARTESIAN_POINT('',(-59.69640079395,21.116053632871,-3.75));
#8504 = VERTEX_POINT('',#8505);
#8505 = CARTESIAN_POINT('',(-59.69640079395,21.116053632871,3.75));
#8506 = SURFACE_CURVE('',#8507,(#8511,#8518),.PCURVE_S1.);
#8507 = LINE('',#8508,#8509);
#8508 = CARTESIAN_POINT('',(-59.69640079395,21.116053632871,-3.75));
#8509 = VECTOR('',#8510,1.);
#8510 = DIRECTION('',(0.,0.,1.));
#8511 = PCURVE('',#8443,#8512);
#8512 = DEFINITIONAL_REPRESENTATION('',(#8513),#8517);
#8513 = LINE('',#8514,#8515);
#8514 = CARTESIAN_POINT('',(0.,0.));
#8515 = VECTOR('',#8516,1.);
#8516 = DIRECTION('',(0.,-1.));
#8517 = ( GEOMETRIC_REPRESENTATION_CONTEXT(2) 
PARAMETRIC_REPRESENTATION_CONTEXT() REPRESENTATION_CONTEXT('2D SPACE',''
  ) );
#8518 = PCURVE('',#8519,#8524);
#8519 = PLANE('',#8520);
#8520 = AXIS2_PLACEMENT_3D('',#8521,#8522,#8523);
#8521 = CARTESIAN_POINT('',(-57.65647605146,26.177829514778,-3.75));
#8522 = DIRECTION('',(0.927512248676,-0.373792761508,0.));
#8523 = DIRECTION('',(-0.373792761508,-0.927512248676,0.));
#8524 = DEFINITIONAL_REPRESENTATION('',(#8525),#8529);
#8525 = LINE('',#8526,#8527);
#8526 = CARTESIAN_POINT('',(5.457368233283,0.));
#8527 = VECTOR('',#8528,1.);
#8528 = DIRECTION('',(0.,-1.));
#8529 = ( GEOMETRIC_REPRESENTATION_CONTEXT(2) 
PARAMETRIC_REPRESENTATION_CONTEXT() REPRESENTATION_CONTEXT('2D SPACE',''
  ) );
#8530 = ORIENTED_EDGE('',*,*,#8531,.T.);
#8531 = EDGE_CURVE('',#8504,#8428,#8532,.T.);
#8532 = SURFACE_CURVE('',#8533,(#8537,#8544),.PCURVE_S1.);
#8533 = LINE('',#8534,#8535);
#8534 = CARTESIAN_POINT('',(-59.69640079395,21.116053632871,3.75));
#8535 = VECTOR('',#8536,1.);
#8536 = DIRECTION('',(-0.292540400332,-0.956253164268,0.));
#8537 = PCURVE('',#8443,#8538);
#8538 = DEFINITIONAL_REPRESENTATION('',(#8539),#8543);
#8539 = LINE('',#8540,#8541);
#8540 = CARTESIAN_POINT('',(0.,-7.5));
#8541 = VECTOR('',#8542,1.);
#8542 = DIRECTION('',(1.,0.));
#8543 = ( GEOMETRIC_REPRESENTATION_CONTEXT(2) 
PARAMETRIC_REPRESENTATION_CONTEXT() REPRESENTATION_CONTEXT('2D SPACE',''
  ) );
#8544 = PCURVE('',#72,#8545);
#8545 = DEFINITIONAL_REPRESENTATION('',(#8546),#8550);
#8546 = LINE('',#8547,#8548);
#8547 = CARTESIAN_POINT('',(-156.212203166,-14.08336863773));
#8548 = VECTOR('',#8549,1.);
#8549 = DIRECTION('',(-0.292540400332,-0.956253164268));
#8550 = ( GEOMETRIC_REPRESENTATION_CONTEXT(2) 
PARAMETRIC_REPRESENTATION_CONTEXT() REPRESENTATION_CONTEXT('2D SPACE',''
  ) );
#8551 = ORIENTED_EDGE('',*,*,#8425,.F.);
#8552 = ORIENTED_EDGE('',*,*,#8553,.F.);
#8553 = EDGE_CURVE('',#8502,#8426,#8554,.T.);
#8554 = SURFACE_CURVE('',#8555,(#8559,#8566),.PCURVE_S1.);
#8555 = LINE('',#8556,#8557);
#8556 = CARTESIAN_POINT('',(-59.69640079395,21.116053632871,-3.75));
#8557 = VECTOR('',#8558,1.);
#8558 = DIRECTION('',(-0.292540400332,-0.956253164268,0.));
#8559 = PCURVE('',#8443,#8560);
#8560 = DEFINITIONAL_REPRESENTATION('',(#8561),#8565);
#8561 = LINE('',#8562,#8563);
#8562 = CARTESIAN_POINT('',(0.,0.));
#8563 = VECTOR('',#8564,1.);
#8564 = DIRECTION('',(1.,0.));
#8565 = ( GEOMETRIC_REPRESENTATION_CONTEXT(2) 
PARAMETRIC_REPRESENTATION_CONTEXT() REPRESENTATION_CONTEXT('2D SPACE',''
  ) );
#8566 = PCURVE('',#126,#8567);
#8567 = DEFINITIONAL_REPRESENTATION('',(#8568),#8572);
#8568 = LINE('',#8569,#8570);
#8569 = CARTESIAN_POINT('',(-156.212203166,-14.08336863773));
#8570 = VECTOR('',#8571,1.);
#8571 = DIRECTION('',(-0.292540400332,-0.956253164268));
#8572 = ( GEOMETRIC_REPRESENTATION_CONTEXT(2) 
PARAMETRIC_REPRESENTATION_CONTEXT() REPRESENTATION_CONTEXT('2D SPACE',''
  ) );
#8573 = ADVANCED_FACE('',(#8574),#8519,.T.);
#8574 = FACE_BOUND('',#8575,.T.);
#8575 = EDGE_LOOP('',(#8576,#8606,#8627,#8628));
#8576 = ORIENTED_EDGE('',*,*,#8577,.T.);
#8577 = EDGE_CURVE('',#8578,#8580,#8582,.T.);
#8578 = VERTEX_POINT('',#8579);
#8579 = CARTESIAN_POINT('',(-57.65647605146,26.177829514778,-3.75));
#8580 = VERTEX_POINT('',#8581);
#8581 = CARTESIAN_POINT('',(-57.65647605146,26.177829514778,3.75));
#8582 = SURFACE_CURVE('',#8583,(#8587,#8594),.PCURVE_S1.);
#8583 = LINE('',#8584,#8585);
#8584 = CARTESIAN_POINT('',(-57.65647605146,26.177829514778,-3.75));
#8585 = VECTOR('',#8586,1.);
#8586 = DIRECTION('',(0.,0.,1.));
#8587 = PCURVE('',#8519,#8588);
#8588 = DEFINITIONAL_REPRESENTATION('',(#8589),#8593);
#8589 = LINE('',#8590,#8591);
#8590 = CARTESIAN_POINT('',(0.,0.));
#8591 = VECTOR('',#8592,1.);
#8592 = DIRECTION('',(0.,-1.));
#8593 = ( GEOMETRIC_REPRESENTATION_CONTEXT(2) 
PARAMETRIC_REPRESENTATION_CONTEXT() REPRESENTATION_CONTEXT('2D SPACE',''
  ) );
#8594 = PCURVE('',#8595,#8600);
#8595 = PLANE('',#8596);
#8596 = AXIS2_PLACEMENT_3D('',#8597,#8598,#8599);
#8597 = CARTESIAN_POINT('',(-55.18827978752,31.045156834396,-3.75));
#8598 = DIRECTION('',(0.891881784691,-0.452268595124,0.));
#8599 = DIRECTION('',(-0.452268595124,-0.891881784691,0.));
#8600 = DEFINITIONAL_REPRESENTATION('',(#8601),#8605);
#8601 = LINE('',#8602,#8603);
#8602 = CARTESIAN_POINT('',(5.457368233283,0.));
#8603 = VECTOR('',#8604,1.);
#8604 = DIRECTION('',(0.,-1.));
#8605 = ( GEOMETRIC_REPRESENTATION_CONTEXT(2) 
PARAMETRIC_REPRESENTATION_CONTEXT() REPRESENTATION_CONTEXT('2D SPACE',''
  ) );
#8606 = ORIENTED_EDGE('',*,*,#8607,.T.);
#8607 = EDGE_CURVE('',#8580,#8504,#8608,.T.);
#8608 = SURFACE_CURVE('',#8609,(#8613,#8620),.PCURVE_S1.);
#8609 = LINE('',#8610,#8611);
#8610 = CARTESIAN_POINT('',(-57.65647605146,26.177829514778,3.75));
#8611 = VECTOR('',#8612,1.);
#8612 = DIRECTION('',(-0.373792761508,-0.927512248676,0.));
#8613 = PCURVE('',#8519,#8614);
#8614 = DEFINITIONAL_REPRESENTATION('',(#8615),#8619);
#8615 = LINE('',#8616,#8617);
#8616 = CARTESIAN_POINT('',(0.,-7.5));
#8617 = VECTOR('',#8618,1.);
#8618 = DIRECTION('',(1.,0.));
#8619 = ( GEOMETRIC_REPRESENTATION_CONTEXT(2) 
PARAMETRIC_REPRESENTATION_CONTEXT() REPRESENTATION_CONTEXT('2D SPACE',''
  ) );
#8620 = PCURVE('',#72,#8621);
#8621 = DEFINITIONAL_REPRESENTATION('',(#8622),#8626);
#8622 = LINE('',#8623,#8624);
#8623 = CARTESIAN_POINT('',(-154.1722784235,-9.021592755831));
#8624 = VECTOR('',#8625,1.);
#8625 = DIRECTION('',(-0.373792761508,-0.927512248676));
#8626 = ( GEOMETRIC_REPRESENTATION_CONTEXT(2) 
PARAMETRIC_REPRESENTATION_CONTEXT() REPRESENTATION_CONTEXT('2D SPACE',''
  ) );
#8627 = ORIENTED_EDGE('',*,*,#8501,.F.);
#8628 = ORIENTED_EDGE('',*,*,#8629,.F.);
#8629 = EDGE_CURVE('',#8578,#8502,#8630,.T.);
#8630 = SURFACE_CURVE('',#8631,(#8635,#8642),.PCURVE_S1.);
#8631 = LINE('',#8632,#8633);
#8632 = CARTESIAN_POINT('',(-57.65647605146,26.177829514778,-3.75));
#8633 = VECTOR('',#8634,1.);
#8634 = DIRECTION('',(-0.373792761508,-0.927512248676,0.));
#8635 = PCURVE('',#8519,#8636);
#8636 = DEFINITIONAL_REPRESENTATION('',(#8637),#8641);
#8637 = LINE('',#8638,#8639);
#8638 = CARTESIAN_POINT('',(0.,0.));
#8639 = VECTOR('',#8640,1.);
#8640 = DIRECTION('',(1.,0.));
#8641 = ( GEOMETRIC_REPRESENTATION_CONTEXT(2) 
PARAMETRIC_REPRESENTATION_CONTEXT() REPRESENTATION_CONTEXT('2D SPACE',''
  ) );
#8642 = PCURVE('',#126,#8643);
#8643 = DEFINITIONAL_REPRESENTATION('',(#8644),#8648);
#8644 = LINE('',#8645,#8646);
#8645 = CARTESIAN_POINT('',(-154.1722784235,-9.021592755831));
#8646 = VECTOR('',#8647,1.);
#8647 = DIRECTION('',(-0.373792761508,-0.927512248676));
#8648 = ( GEOMETRIC_REPRESENTATION_CONTEXT(2) 
PARAMETRIC_REPRESENTATION_CONTEXT() REPRESENTATION_CONTEXT('2D SPACE',''
  ) );
#8649 = ADVANCED_FACE('',(#8650),#8595,.T.);
#8650 = FACE_BOUND('',#8651,.T.);
#8651 = EDGE_LOOP('',(#8652,#8682,#8703,#8704));
#8652 = ORIENTED_EDGE('',*,*,#8653,.T.);
#8653 = EDGE_CURVE('',#8654,#8656,#8658,.T.);
#8654 = VERTEX_POINT('',#8655);
#8655 = CARTESIAN_POINT('',(-55.18827978752,31.045156834396,-3.75));
#8656 = VERTEX_POINT('',#8657);
#8657 = CARTESIAN_POINT('',(-55.18827978752,31.045156834396,3.75));
#8658 = SURFACE_CURVE('',#8659,(#8663,#8670),.PCURVE_S1.);
#8659 = LINE('',#8660,#8661);
#8660 = CARTESIAN_POINT('',(-55.18827978752,31.045156834396,-3.75));
#8661 = VECTOR('',#8662,1.);
#8662 = DIRECTION('',(0.,0.,1.));
#8663 = PCURVE('',#8595,#8664);
#8664 = DEFINITIONAL_REPRESENTATION('',(#8665),#8669);
#8665 = LINE('',#8666,#8667);
#8666 = CARTESIAN_POINT('',(0.,0.));
#8667 = VECTOR('',#8668,1.);
#8668 = DIRECTION('',(0.,-1.));
#8669 = ( GEOMETRIC_REPRESENTATION_CONTEXT(2) 
PARAMETRIC_REPRESENTATION_CONTEXT() REPRESENTATION_CONTEXT('2D SPACE',''
  ) );
#8670 = PCURVE('',#8671,#8676);
#8671 = PLANE('',#8672);
#8672 = AXIS2_PLACEMENT_3D('',#8673,#8674,#8675);
#8673 = CARTESIAN_POINT('',(-52.31014573046,35.681881150466,-3.75));
#8674 = DIRECTION('',(0.849626434916,-0.527384983756,0.));
#8675 = DIRECTION('',(-0.527384983756,-0.849626434916,0.));
#8676 = DEFINITIONAL_REPRESENTATION('',(#8677),#8681);
#8677 = LINE('',#8678,#8679);
#8678 = CARTESIAN_POINT('',(5.457368233283,0.));
#8679 = VECTOR('',#8680,1.);
#8680 = DIRECTION('',(0.,-1.));
#8681 = ( GEOMETRIC_REPRESENTATION_CONTEXT(2) 
PARAMETRIC_REPRESENTATION_CONTEXT() REPRESENTATION_CONTEXT('2D SPACE',''
  ) );
#8682 = ORIENTED_EDGE('',*,*,#8683,.T.);
#8683 = EDGE_CURVE('',#8656,#8580,#8684,.T.);
#8684 = SURFACE_CURVE('',#8685,(#8689,#8696),.PCURVE_S1.);
#8685 = LINE('',#8686,#8687);
#8686 = CARTESIAN_POINT('',(-55.18827978752,31.045156834396,3.75));
#8687 = VECTOR('',#8688,1.);
#8688 = DIRECTION('',(-0.452268595124,-0.891881784691,0.));
#8689 = PCURVE('',#8595,#8690);
#8690 = DEFINITIONAL_REPRESENTATION('',(#8691),#8695);
#8691 = LINE('',#8692,#8693);
#8692 = CARTESIAN_POINT('',(0.,-7.5));
#8693 = VECTOR('',#8694,1.);
#8694 = DIRECTION('',(1.,0.));
#8695 = ( GEOMETRIC_REPRESENTATION_CONTEXT(2) 
PARAMETRIC_REPRESENTATION_CONTEXT() REPRESENTATION_CONTEXT('2D SPACE',''
  ) );
#8696 = PCURVE('',#72,#8697);
#8697 = DEFINITIONAL_REPRESENTATION('',(#8698),#8702);
#8698 = LINE('',#8699,#8700);
#8699 = CARTESIAN_POINT('',(-151.7040821596,-4.154265436213));
#8700 = VECTOR('',#8701,1.);
#8701 = DIRECTION('',(-0.452268595124,-0.891881784691));
#8702 = ( GEOMETRIC_REPRESENTATION_CONTEXT(2) 
PARAMETRIC_REPRESENTATION_CONTEXT() REPRESENTATION_CONTEXT('2D SPACE',''
  ) );
#8703 = ORIENTED_EDGE('',*,*,#8577,.F.);
#8704 = ORIENTED_EDGE('',*,*,#8705,.F.);
#8705 = EDGE_CURVE('',#8654,#8578,#8706,.T.);
#8706 = SURFACE_CURVE('',#8707,(#8711,#8718),.PCURVE_S1.);
#8707 = LINE('',#8708,#8709);
#8708 = CARTESIAN_POINT('',(-55.18827978752,31.045156834396,-3.75));
#8709 = VECTOR('',#8710,1.);
#8710 = DIRECTION('',(-0.452268595124,-0.891881784691,0.));
#8711 = PCURVE('',#8595,#8712);
#8712 = DEFINITIONAL_REPRESENTATION('',(#8713),#8717);
#8713 = LINE('',#8714,#8715);
#8714 = CARTESIAN_POINT('',(0.,0.));
#8715 = VECTOR('',#8716,1.);
#8716 = DIRECTION('',(1.,0.));
#8717 = ( GEOMETRIC_REPRESENTATION_CONTEXT(2) 
PARAMETRIC_REPRESENTATION_CONTEXT() REPRESENTATION_CONTEXT('2D SPACE',''
  ) );
#8718 = PCURVE('',#126,#8719);
#8719 = DEFINITIONAL_REPRESENTATION('',(#8720),#8724);
#8720 = LINE('',#8721,#8722);
#8721 = CARTESIAN_POINT('',(-151.7040821596,-4.154265436213));
#8722 = VECTOR('',#8723,1.);
#8723 = DIRECTION('',(-0.452268595124,-0.891881784691));
#8724 = ( GEOMETRIC_REPRESENTATION_CONTEXT(2) 
PARAMETRIC_REPRESENTATION_CONTEXT() REPRESENTATION_CONTEXT('2D SPACE',''
  ) );
#8725 = ADVANCED_FACE('',(#8726),#8671,.T.);
#8726 = FACE_BOUND('',#8727,.T.);
#8727 = EDGE_LOOP('',(#8728,#8758,#8779,#8780));
#8728 = ORIENTED_EDGE('',*,*,#8729,.T.);
#8729 = EDGE_CURVE('',#8730,#8732,#8734,.T.);
#8730 = VERTEX_POINT('',#8731);
#8731 = CARTESIAN_POINT('',(-52.31014573046,35.681881150466,-3.75));
#8732 = VERTEX_POINT('',#8733);
#8733 = CARTESIAN_POINT('',(-52.31014573046,35.681881150466,3.75));
#8734 = SURFACE_CURVE('',#8735,(#8739,#8746),.PCURVE_S1.);
#8735 = LINE('',#8736,#8737);
#8736 = CARTESIAN_POINT('',(-52.31014573046,35.681881150466,-3.75));
#8737 = VECTOR('',#8738,1.);
#8738 = DIRECTION('',(0.,0.,1.));
#8739 = PCURVE('',#8671,#8740);
#8740 = DEFINITIONAL_REPRESENTATION('',(#8741),#8745);
#8741 = LINE('',#8742,#8743);
#8742 = CARTESIAN_POINT('',(0.,0.));
#8743 = VECTOR('',#8744,1.);
#8744 = DIRECTION('',(0.,-1.));
#8745 = ( GEOMETRIC_REPRESENTATION_CONTEXT(2) 
PARAMETRIC_REPRESENTATION_CONTEXT() REPRESENTATION_CONTEXT('2D SPACE',''
  ) );
#8746 = PCURVE('',#8747,#8752);
#8747 = PLANE('',#8748);
#8748 = AXIS2_PLACEMENT_3D('',#8749,#8750,#8751);
#8749 = CARTESIAN_POINT('',(-49.04345262099,40.053560937708,-3.75));
#8750 = DIRECTION('',(0.801060071516,-0.598583963887,0.));
#8751 = DIRECTION('',(-0.598583963887,-0.801060071516,0.));
#8752 = DEFINITIONAL_REPRESENTATION('',(#8753),#8757);
#8753 = LINE('',#8754,#8755);
#8754 = CARTESIAN_POINT('',(5.457368233283,0.));
#8755 = VECTOR('',#8756,1.);
#8756 = DIRECTION('',(0.,-1.));
#8757 = ( GEOMETRIC_REPRESENTATION_CONTEXT(2) 
PARAMETRIC_REPRESENTATION_CONTEXT() REPRESENTATION_CONTEXT('2D SPACE',''
  ) );
#8758 = ORIENTED_EDGE('',*,*,#8759,.T.);
#8759 = EDGE_CURVE('',#8732,#8656,#8760,.T.);
#8760 = SURFACE_CURVE('',#8761,(#8765,#8772),.PCURVE_S1.);
#8761 = LINE('',#8762,#8763);
#8762 = CARTESIAN_POINT('',(-52.31014573046,35.681881150466,3.75));
#8763 = VECTOR('',#8764,1.);
#8764 = DIRECTION('',(-0.527384983756,-0.849626434916,0.));
#8765 = PCURVE('',#8671,#8766);
#8766 = DEFINITIONAL_REPRESENTATION('',(#8767),#8771);
#8767 = LINE('',#8768,#8769);
#8768 = CARTESIAN_POINT('',(0.,-7.5));
#8769 = VECTOR('',#8770,1.);
#8770 = DIRECTION('',(1.,0.));
#8771 = ( GEOMETRIC_REPRESENTATION_CONTEXT(2) 
PARAMETRIC_REPRESENTATION_CONTEXT() REPRESENTATION_CONTEXT('2D SPACE',''
  ) );
#8772 = PCURVE('',#72,#8773);
#8773 = DEFINITIONAL_REPRESENTATION('',(#8774),#8778);
#8774 = LINE('',#8775,#8776);
#8775 = CARTESIAN_POINT('',(-148.8259481025,0.482458879857));
#8776 = VECTOR('',#8777,1.);
#8777 = DIRECTION('',(-0.527384983756,-0.849626434916));
#8778 = ( GEOMETRIC_REPRESENTATION_CONTEXT(2) 
PARAMETRIC_REPRESENTATION_CONTEXT() REPRESENTATION_CONTEXT('2D SPACE',''
  ) );
#8779 = ORIENTED_EDGE('',*,*,#8653,.F.);
#8780 = ORIENTED_EDGE('',*,*,#8781,.F.);
#8781 = EDGE_CURVE('',#8730,#8654,#8782,.T.);
#8782 = SURFACE_CURVE('',#8783,(#8787,#8794),.PCURVE_S1.);
#8783 = LINE('',#8784,#8785);
#8784 = CARTESIAN_POINT('',(-52.31014573046,35.681881150466,-3.75));
#8785 = VECTOR('',#8786,1.);
#8786 = DIRECTION('',(-0.527384983756,-0.849626434916,0.));
#8787 = PCURVE('',#8671,#8788);
#8788 = DEFINITIONAL_REPRESENTATION('',(#8789),#8793);
#8789 = LINE('',#8790,#8791);
#8790 = CARTESIAN_POINT('',(0.,0.));
#8791 = VECTOR('',#8792,1.);
#8792 = DIRECTION('',(1.,0.));
#8793 = ( GEOMETRIC_REPRESENTATION_CONTEXT(2) 
PARAMETRIC_REPRESENTATION_CONTEXT() REPRESENTATION_CONTEXT('2D SPACE',''
  ) );
#8794 = PCURVE('',#126,#8795);
#8795 = DEFINITIONAL_REPRESENTATION('',(#8796),#8800);
#8796 = LINE('',#8797,#8798);
#8797 = CARTESIAN_POINT('',(-148.8259481025,0.482458879857));
#8798 = VECTOR('',#8799,1.);
#8799 = DIRECTION('',(-0.527384983756,-0.849626434916));
#8800 = ( GEOMETRIC_REPRESENTATION_CONTEXT(2) 
PARAMETRIC_REPRESENTATION_CONTEXT() REPRESENTATION_CONTEXT('2D SPACE',''
  ) );
#8801 = ADVANCED_FACE('',(#8802),#8747,.T.);
#8802 = FACE_BOUND('',#8803,.T.);
#8803 = EDGE_LOOP('',(#8804,#8834,#8855,#8856));
#8804 = ORIENTED_EDGE('',*,*,#8805,.T.);
#8805 = EDGE_CURVE('',#8806,#8808,#8810,.T.);
#8806 = VERTEX_POINT('',#8807);
#8807 = CARTESIAN_POINT('',(-49.04345262099,40.053560937708,-3.75));
#8808 = VERTEX_POINT('',#8809);
#8809 = CARTESIAN_POINT('',(-49.04345262099,40.053560937708,3.75));
#8810 = SURFACE_CURVE('',#8811,(#8815,#8822),.PCURVE_S1.);
#8811 = LINE('',#8812,#8813);
#8812 = CARTESIAN_POINT('',(-49.04345262099,40.053560937708,-3.75));
#8813 = VECTOR('',#8814,1.);
#8814 = DIRECTION('',(0.,0.,1.));
#8815 = PCURVE('',#8747,#8816);
#8816 = DEFINITIONAL_REPRESENTATION('',(#8817),#8821);
#8817 = LINE('',#8818,#8819);
#8818 = CARTESIAN_POINT('',(0.,0.));
#8819 = VECTOR('',#8820,1.);
#8820 = DIRECTION('',(0.,-1.));
#8821 = ( GEOMETRIC_REPRESENTATION_CONTEXT(2) 
PARAMETRIC_REPRESENTATION_CONTEXT() REPRESENTATION_CONTEXT('2D SPACE',''
  ) );
#8822 = PCURVE('',#8823,#8828);
#8823 = PLANE('',#8824);
#8824 = AXIS2_PLACEMENT_3D('',#8825,#8826,#8827);
#8825 = CARTESIAN_POINT('',(-45.41246541118,44.127723418006,-3.75));
#8826 = DIRECTION('',(0.746543444778,-0.66533667046,0.));
#8827 = DIRECTION('',(-0.66533667046,-0.746543444778,0.));
#8828 = DEFINITIONAL_REPRESENTATION('',(#8829),#8833);
#8829 = LINE('',#8830,#8831);
#8830 = CARTESIAN_POINT('',(5.457368233283,0.));
#8831 = VECTOR('',#8832,1.);
#8832 = DIRECTION('',(0.,-1.));
#8833 = ( GEOMETRIC_REPRESENTATION_CONTEXT(2) 
PARAMETRIC_REPRESENTATION_CONTEXT() REPRESENTATION_CONTEXT('2D SPACE',''
  ) );
#8834 = ORIENTED_EDGE('',*,*,#8835,.T.);
#8835 = EDGE_CURVE('',#8808,#8732,#8836,.T.);
#8836 = SURFACE_CURVE('',#8837,(#8841,#8848),.PCURVE_S1.);
#8837 = LINE('',#8838,#8839);
#8838 = CARTESIAN_POINT('',(-49.04345262099,40.053560937708,3.75));
#8839 = VECTOR('',#8840,1.);
#8840 = DIRECTION('',(-0.598583963887,-0.801060071516,0.));
#8841 = PCURVE('',#8747,#8842);
#8842 = DEFINITIONAL_REPRESENTATION('',(#8843),#8847);
#8843 = LINE('',#8844,#8845);
#8844 = CARTESIAN_POINT('',(0.,-7.5));
#8845 = VECTOR('',#8846,1.);
#8846 = DIRECTION('',(1.,0.));
#8847 = ( GEOMETRIC_REPRESENTATION_CONTEXT(2) 
PARAMETRIC_REPRESENTATION_CONTEXT() REPRESENTATION_CONTEXT('2D SPACE',''
  ) );
#8848 = PCURVE('',#72,#8849);
#8849 = DEFINITIONAL_REPRESENTATION('',(#8850),#8854);
#8850 = LINE('',#8851,#8852);
#8851 = CARTESIAN_POINT('',(-145.5592549931,4.854138667099));
#8852 = VECTOR('',#8853,1.);
#8853 = DIRECTION('',(-0.598583963887,-0.801060071516));
#8854 = ( GEOMETRIC_REPRESENTATION_CONTEXT(2) 
PARAMETRIC_REPRESENTATION_CONTEXT() REPRESENTATION_CONTEXT('2D SPACE',''
  ) );
#8855 = ORIENTED_EDGE('',*,*,#8729,.F.);
#8856 = ORIENTED_EDGE('',*,*,#8857,.F.);
#8857 = EDGE_CURVE('',#8806,#8730,#8858,.T.);
#8858 = SURFACE_CURVE('',#8859,(#8863,#8870),.PCURVE_S1.);
#8859 = LINE('',#8860,#8861);
#8860 = CARTESIAN_POINT('',(-49.04345262099,40.053560937708,-3.75));
#8861 = VECTOR('',#8862,1.);
#8862 = DIRECTION('',(-0.598583963887,-0.801060071516,0.));
#8863 = PCURVE('',#8747,#8864);
#8864 = DEFINITIONAL_REPRESENTATION('',(#8865),#8869);
#8865 = LINE('',#8866,#8867);
#8866 = CARTESIAN_POINT('',(0.,0.));
#8867 = VECTOR('',#8868,1.);
#8868 = DIRECTION('',(1.,0.));
#8869 = ( GEOMETRIC_REPRESENTATION_CONTEXT(2) 
PARAMETRIC_REPRESENTATION_CONTEXT() REPRESENTATION_CONTEXT('2D SPACE',''
  ) );
#8870 = PCURVE('',#126,#8871);
#8871 = DEFINITIONAL_REPRESENTATION('',(#8872),#8876);
#8872 = LINE('',#8873,#8874);
#8873 = CARTESIAN_POINT('',(-145.5592549931,4.854138667099));
#8874 = VECTOR('',#8875,1.);
#8875 = DIRECTION('',(-0.598583963887,-0.801060071516));
#8876 = ( GEOMETRIC_REPRESENTATION_CONTEXT(2) 
PARAMETRIC_REPRESENTATION_CONTEXT() REPRESENTATION_CONTEXT('2D SPACE',''
  ) );
#8877 = ADVANCED_FACE('',(#8878),#8823,.T.);
#8878 = FACE_BOUND('',#8879,.T.);
#8879 = EDGE_LOOP('',(#8880,#8910,#8931,#8932));
#8880 = ORIENTED_EDGE('',*,*,#8881,.T.);
#8881 = EDGE_CURVE('',#8882,#8884,#8886,.T.);
#8882 = VERTEX_POINT('',#8883);
#8883 = CARTESIAN_POINT('',(-45.41246541118,44.127723418006,-3.75));
#8884 = VERTEX_POINT('',#8885);
#8885 = CARTESIAN_POINT('',(-45.41246541118,44.127723418006,3.75));
#8886 = SURFACE_CURVE('',#8887,(#8891,#8898),.PCURVE_S1.);
#8887 = LINE('',#8888,#8889);
#8888 = CARTESIAN_POINT('',(-45.41246541118,44.127723418006,-3.75));
#8889 = VECTOR('',#8890,1.);
#8890 = DIRECTION('',(0.,0.,1.));
#8891 = PCURVE('',#8823,#8892);
#8892 = DEFINITIONAL_REPRESENTATION('',(#8893),#8897);
#8893 = LINE('',#8894,#8895);
#8894 = CARTESIAN_POINT('',(0.,0.));
#8895 = VECTOR('',#8896,1.);
#8896 = DIRECTION('',(0.,-1.));
#8897 = ( GEOMETRIC_REPRESENTATION_CONTEXT(2) 
PARAMETRIC_REPRESENTATION_CONTEXT() REPRESENTATION_CONTEXT('2D SPACE',''
  ) );
#8898 = PCURVE('',#8899,#8904);
#8899 = PLANE('',#8900);
#8900 = AXIS2_PLACEMENT_3D('',#8901,#8902,#8903);
#8901 = CARTESIAN_POINT('',(-41.44415502475,47.87410576776,-3.75));
#8902 = DIRECTION('',(0.686481503466,-0.727147265276,0.));
#8903 = DIRECTION('',(-0.727147265276,-0.686481503466,0.));
#8904 = DEFINITIONAL_REPRESENTATION('',(#8905),#8909);
#8905 = LINE('',#8906,#8907);
#8906 = CARTESIAN_POINT('',(5.457368233283,0.));
#8907 = VECTOR('',#8908,1.);
#8908 = DIRECTION('',(0.,-1.));
#8909 = ( GEOMETRIC_REPRESENTATION_CONTEXT(2) 
PARAMETRIC_REPRESENTATION_CONTEXT() REPRESENTATION_CONTEXT('2D SPACE',''
  ) );
#8910 = ORIENTED_EDGE('',*,*,#8911,.T.);
#8911 = EDGE_CURVE('',#8884,#8808,#8912,.T.);
#8912 = SURFACE_CURVE('',#8913,(#8917,#8924),.PCURVE_S1.);
#8913 = LINE('',#8914,#8915);
#8914 = CARTESIAN_POINT('',(-45.41246541118,44.127723418006,3.75));
#8915 = VECTOR('',#8916,1.);
#8916 = DIRECTION('',(-0.66533667046,-0.746543444778,0.));
#8917 = PCURVE('',#8823,#8918);
#8918 = DEFINITIONAL_REPRESENTATION('',(#8919),#8923);
#8919 = LINE('',#8920,#8921);
#8920 = CARTESIAN_POINT('',(0.,-7.5));
#8921 = VECTOR('',#8922,1.);
#8922 = DIRECTION('',(1.,0.));
#8923 = ( GEOMETRIC_REPRESENTATION_CONTEXT(2) 
PARAMETRIC_REPRESENTATION_CONTEXT() REPRESENTATION_CONTEXT('2D SPACE',''
  ) );
#8924 = PCURVE('',#72,#8925);
#8925 = DEFINITIONAL_REPRESENTATION('',(#8926),#8930);
#8926 = LINE('',#8927,#8928);
#8927 = CARTESIAN_POINT('',(-141.9282677833,8.928301147397));
#8928 = VECTOR('',#8929,1.);
#8929 = DIRECTION('',(-0.66533667046,-0.746543444778));
#8930 = ( GEOMETRIC_REPRESENTATION_CONTEXT(2) 
PARAMETRIC_REPRESENTATION_CONTEXT() REPRESENTATION_CONTEXT('2D SPACE',''
  ) );
#8931 = ORIENTED_EDGE('',*,*,#8805,.F.);
#8932 = ORIENTED_EDGE('',*,*,#8933,.F.);
#8933 = EDGE_CURVE('',#8882,#8806,#8934,.T.);
#8934 = SURFACE_CURVE('',#8935,(#8939,#8946),.PCURVE_S1.);
#8935 = LINE('',#8936,#8937);
#8936 = CARTESIAN_POINT('',(-45.41246541118,44.127723418006,-3.75));
#8937 = VECTOR('',#8938,1.);
#8938 = DIRECTION('',(-0.66533667046,-0.746543444778,0.));
#8939 = PCURVE('',#8823,#8940);
#8940 = DEFINITIONAL_REPRESENTATION('',(#8941),#8945);
#8941 = LINE('',#8942,#8943);
#8942 = CARTESIAN_POINT('',(0.,0.));
#8943 = VECTOR('',#8944,1.);
#8944 = DIRECTION('',(1.,0.));
#8945 = ( GEOMETRIC_REPRESENTATION_CONTEXT(2) 
PARAMETRIC_REPRESENTATION_CONTEXT() REPRESENTATION_CONTEXT('2D SPACE',''
  ) );
#8946 = PCURVE('',#126,#8947);
#8947 = DEFINITIONAL_REPRESENTATION('',(#8948),#8952);
#8948 = LINE('',#8949,#8950);
#8949 = CARTESIAN_POINT('',(-141.9282677833,8.928301147397));
#8950 = VECTOR('',#8951,1.);
#8951 = DIRECTION('',(-0.66533667046,-0.746543444778));
#8952 = ( GEOMETRIC_REPRESENTATION_CONTEXT(2) 
PARAMETRIC_REPRESENTATION_CONTEXT() REPRESENTATION_CONTEXT('2D SPACE',''
  ) );
#8953 = ADVANCED_FACE('',(#8954),#8899,.T.);
#8954 = FACE_BOUND('',#8955,.T.);
#8955 = EDGE_LOOP('',(#8956,#8986,#9007,#9008));
#8956 = ORIENTED_EDGE('',*,*,#8957,.T.);
#8957 = EDGE_CURVE('',#8958,#8960,#8962,.T.);
#8958 = VERTEX_POINT('',#8959);
#8959 = CARTESIAN_POINT('',(-41.44415502475,47.87410576776,-3.75));
#8960 = VERTEX_POINT('',#8961);
#8961 = CARTESIAN_POINT('',(-41.44415502475,47.87410576776,3.75));
#8962 = SURFACE_CURVE('',#8963,(#8967,#8974),.PCURVE_S1.);
#8963 = LINE('',#8964,#8965);
#8964 = CARTESIAN_POINT('',(-41.44415502475,47.87410576776,-3.75));
#8965 = VECTOR('',#8966,1.);
#8966 = DIRECTION('',(0.,0.,1.));
#8967 = PCURVE('',#8899,#8968);
#8968 = DEFINITIONAL_REPRESENTATION('',(#8969),#8973);
#8969 = LINE('',#8970,#8971);
#8970 = CARTESIAN_POINT('',(0.,0.));
#8971 = VECTOR('',#8972,1.);
#8972 = DIRECTION('',(0.,-1.));
#8973 = ( GEOMETRIC_REPRESENTATION_CONTEXT(2) 
PARAMETRIC_REPRESENTATION_CONTEXT() REPRESENTATION_CONTEXT('2D SPACE',''
  ) );
#8974 = PCURVE('',#8975,#8980);
#8975 = PLANE('',#8976);
#8976 = AXIS2_PLACEMENT_3D('',#8977,#8978,#8979);
#8977 = CARTESIAN_POINT('',(-37.16799801736,51.264879909731,-3.75));
#8978 = DIRECTION('',(0.621320386866,-0.783556620076,0.));
#8979 = DIRECTION('',(-0.783556620076,-0.621320386866,0.));
#8980 = DEFINITIONAL_REPRESENTATION('',(#8981),#8985);
#8981 = LINE('',#8982,#8983);
#8982 = CARTESIAN_POINT('',(5.457368233283,0.));
#8983 = VECTOR('',#8984,1.);
#8984 = DIRECTION('',(0.,-1.));
#8985 = ( GEOMETRIC_REPRESENTATION_CONTEXT(2) 
PARAMETRIC_REPRESENTATION_CONTEXT() REPRESENTATION_CONTEXT('2D SPACE',''
  ) );
#8986 = ORIENTED_EDGE('',*,*,#8987,.T.);
#8987 = EDGE_CURVE('',#8960,#8884,#8988,.T.);
#8988 = SURFACE_CURVE('',#8989,(#8993,#9000),.PCURVE_S1.);
#8989 = LINE('',#8990,#8991);
#8990 = CARTESIAN_POINT('',(-41.44415502475,47.87410576776,3.75));
#8991 = VECTOR('',#8992,1.);
#8992 = DIRECTION('',(-0.727147265276,-0.686481503466,0.));
#8993 = PCURVE('',#8899,#8994);
#8994 = DEFINITIONAL_REPRESENTATION('',(#8995),#8999);
#8995 = LINE('',#8996,#8997);
#8996 = CARTESIAN_POINT('',(0.,-7.5));
#8997 = VECTOR('',#8998,1.);
#8998 = DIRECTION('',(1.,0.));
#8999 = ( GEOMETRIC_REPRESENTATION_CONTEXT(2) 
PARAMETRIC_REPRESENTATION_CONTEXT() REPRESENTATION_CONTEXT('2D SPACE',''
  ) );
#9000 = PCURVE('',#72,#9001);
#9001 = DEFINITIONAL_REPRESENTATION('',(#9002),#9006);
#9002 = LINE('',#9003,#9004);
#9003 = CARTESIAN_POINT('',(-137.9599573968,12.674683497151));
#9004 = VECTOR('',#9005,1.);
#9005 = DIRECTION('',(-0.727147265276,-0.686481503466));
#9006 = ( GEOMETRIC_REPRESENTATION_CONTEXT(2) 
PARAMETRIC_REPRESENTATION_CONTEXT() REPRESENTATION_CONTEXT('2D SPACE',''
  ) );
#9007 = ORIENTED_EDGE('',*,*,#8881,.F.);
#9008 = ORIENTED_EDGE('',*,*,#9009,.F.);
#9009 = EDGE_CURVE('',#8958,#8882,#9010,.T.);
#9010 = SURFACE_CURVE('',#9011,(#9015,#9022),.PCURVE_S1.);
#9011 = LINE('',#9012,#9013);
#9012 = CARTESIAN_POINT('',(-41.44415502475,47.87410576776,-3.75));
#9013 = VECTOR('',#9014,1.);
#9014 = DIRECTION('',(-0.727147265276,-0.686481503466,0.));
#9015 = PCURVE('',#8899,#9016);
#9016 = DEFINITIONAL_REPRESENTATION('',(#9017),#9021);
#9017 = LINE('',#9018,#9019);
#9018 = CARTESIAN_POINT('',(0.,0.));
#9019 = VECTOR('',#9020,1.);
#9020 = DIRECTION('',(1.,0.));
#9021 = ( GEOMETRIC_REPRESENTATION_CONTEXT(2) 
PARAMETRIC_REPRESENTATION_CONTEXT() REPRESENTATION_CONTEXT('2D SPACE',''
  ) );
#9022 = PCURVE('',#126,#9023);
#9023 = DEFINITIONAL_REPRESENTATION('',(#9024),#9028);
#9024 = LINE('',#9025,#9026);
#9025 = CARTESIAN_POINT('',(-137.9599573968,12.674683497151));
#9026 = VECTOR('',#9027,1.);
#9027 = DIRECTION('',(-0.727147265276,-0.686481503466));
#9028 = ( GEOMETRIC_REPRESENTATION_CONTEXT(2) 
PARAMETRIC_REPRESENTATION_CONTEXT() REPRESENTATION_CONTEXT('2D SPACE',''
  ) );
#9029 = ADVANCED_FACE('',(#9030),#8975,.T.);
#9030 = FACE_BOUND('',#9031,.T.);
#9031 = EDGE_LOOP('',(#9032,#9062,#9083,#9084));
#9032 = ORIENTED_EDGE('',*,*,#9033,.T.);
#9033 = EDGE_CURVE('',#9034,#9036,#9038,.T.);
#9034 = VERTEX_POINT('',#9035);
#9035 = CARTESIAN_POINT('',(-37.16799801736,51.264879909731,-3.75));
#9036 = VERTEX_POINT('',#9037);
#9037 = CARTESIAN_POINT('',(-37.16799801736,51.264879909731,3.75));
#9038 = SURFACE_CURVE('',#9039,(#9043,#9050),.PCURVE_S1.);
#9039 = LINE('',#9040,#9041);
#9040 = CARTESIAN_POINT('',(-37.16799801736,51.264879909731,-3.75));
#9041 = VECTOR('',#9042,1.);
#9042 = DIRECTION('',(0.,0.,1.));
#9043 = PCURVE('',#8975,#9044);
#9044 = DEFINITIONAL_REPRESENTATION('',(#9045),#9049);
#9045 = LINE('',#9046,#9047);
#9046 = CARTESIAN_POINT('',(0.,0.));
#9047 = VECTOR('',#9048,1.);
#9048 = DIRECTION('',(0.,-1.));
#9049 = ( GEOMETRIC_REPRESENTATION_CONTEXT(2) 
PARAMETRIC_REPRESENTATION_CONTEXT() REPRESENTATION_CONTEXT('2D SPACE',''
  ) );
#9050 = PCURVE('',#9051,#9056);
#9051 = PLANE('',#9052);
#9052 = AXIS2_PLACEMENT_3D('',#9053,#9054,#9055);
#9053 = CARTESIAN_POINT('',(-32.61575762524,54.27485921962,-3.75));
#9054 = DIRECTION('',(0.551544110865,-0.834145726939,0.));
#9055 = DIRECTION('',(-0.834145726939,-0.551544110865,0.));
#9056 = DEFINITIONAL_REPRESENTATION('',(#9057),#9061);
#9057 = LINE('',#9058,#9059);
#9058 = CARTESIAN_POINT('',(5.457368233283,0.));
#9059 = VECTOR('',#9060,1.);
#9060 = DIRECTION('',(0.,-1.));
#9061 = ( GEOMETRIC_REPRESENTATION_CONTEXT(2) 
PARAMETRIC_REPRESENTATION_CONTEXT() REPRESENTATION_CONTEXT('2D SPACE',''
  ) );
#9062 = ORIENTED_EDGE('',*,*,#9063,.T.);
#9063 = EDGE_CURVE('',#9036,#8960,#9064,.T.);
#9064 = SURFACE_CURVE('',#9065,(#9069,#9076),.PCURVE_S1.);
#9065 = LINE('',#9066,#9067);
#9066 = CARTESIAN_POINT('',(-37.16799801736,51.264879909731,3.75));
#9067 = VECTOR('',#9068,1.);
#9068 = DIRECTION('',(-0.783556620076,-0.621320386866,0.));
#9069 = PCURVE('',#8975,#9070);
#9070 = DEFINITIONAL_REPRESENTATION('',(#9071),#9075);
#9071 = LINE('',#9072,#9073);
#9072 = CARTESIAN_POINT('',(0.,-7.5));
#9073 = VECTOR('',#9074,1.);
#9074 = DIRECTION('',(1.,0.));
#9075 = ( GEOMETRIC_REPRESENTATION_CONTEXT(2) 
PARAMETRIC_REPRESENTATION_CONTEXT() REPRESENTATION_CONTEXT('2D SPACE',''
  ) );
#9076 = PCURVE('',#72,#9077);
#9077 = DEFINITIONAL_REPRESENTATION('',(#9078),#9082);
#9078 = LINE('',#9079,#9080);
#9079 = CARTESIAN_POINT('',(-133.6838003894,16.065457639122));
#9080 = VECTOR('',#9081,1.);
#9081 = DIRECTION('',(-0.783556620076,-0.621320386866));
#9082 = ( GEOMETRIC_REPRESENTATION_CONTEXT(2) 
PARAMETRIC_REPRESENTATION_CONTEXT() REPRESENTATION_CONTEXT('2D SPACE',''
  ) );
#9083 = ORIENTED_EDGE('',*,*,#8957,.F.);
#9084 = ORIENTED_EDGE('',*,*,#9085,.F.);
#9085 = EDGE_CURVE('',#9034,#8958,#9086,.T.);
#9086 = SURFACE_CURVE('',#9087,(#9091,#9098),.PCURVE_S1.);
#9087 = LINE('',#9088,#9089);
#9088 = CARTESIAN_POINT('',(-37.16799801736,51.264879909731,-3.75));
#9089 = VECTOR('',#9090,1.);
#9090 = DIRECTION('',(-0.783556620076,-0.621320386866,0.));
#9091 = PCURVE('',#8975,#9092);
#9092 = DEFINITIONAL_REPRESENTATION('',(#9093),#9097);
#9093 = LINE('',#9094,#9095);
#9094 = CARTESIAN_POINT('',(0.,0.));
#9095 = VECTOR('',#9096,1.);
#9096 = DIRECTION('',(1.,0.));
#9097 = ( GEOMETRIC_REPRESENTATION_CONTEXT(2) 
PARAMETRIC_REPRESENTATION_CONTEXT() REPRESENTATION_CONTEXT('2D SPACE',''
  ) );
#9098 = PCURVE('',#126,#9099);
#9099 = DEFINITIONAL_REPRESENTATION('',(#9100),#9104);
#9100 = LINE('',#9101,#9102);
#9101 = CARTESIAN_POINT('',(-133.6838003894,16.065457639122));
#9102 = VECTOR('',#9103,1.);
#9103 = DIRECTION('',(-0.783556620076,-0.621320386866));
#9104 = ( GEOMETRIC_REPRESENTATION_CONTEXT(2) 
PARAMETRIC_REPRESENTATION_CONTEXT() REPRESENTATION_CONTEXT('2D SPACE',''
  ) );
#9105 = ADVANCED_FACE('',(#9106),#9051,.T.);
#9106 = FACE_BOUND('',#9107,.T.);
#9107 = EDGE_LOOP('',(#9108,#9138,#9159,#9160));
#9108 = ORIENTED_EDGE('',*,*,#9109,.T.);
#9109 = EDGE_CURVE('',#9110,#9112,#9114,.T.);
#9110 = VERTEX_POINT('',#9111);
#9111 = CARTESIAN_POINT('',(-32.61575762524,54.27485921962,-3.75));
#9112 = VERTEX_POINT('',#9113);
#9113 = CARTESIAN_POINT('',(-32.61575762524,54.27485921962,3.75));
#9114 = SURFACE_CURVE('',#9115,(#9119,#9126),.PCURVE_S1.);
#9115 = LINE('',#9116,#9117);
#9116 = CARTESIAN_POINT('',(-32.61575762524,54.27485921962,-3.75));
#9117 = VECTOR('',#9118,1.);
#9118 = DIRECTION('',(0.,0.,1.));
#9119 = PCURVE('',#9051,#9120);
#9120 = DEFINITIONAL_REPRESENTATION('',(#9121),#9125);
#9121 = LINE('',#9122,#9123);
#9122 = CARTESIAN_POINT('',(0.,0.));
#9123 = VECTOR('',#9124,1.);
#9124 = DIRECTION('',(0.,-1.));
#9125 = ( GEOMETRIC_REPRESENTATION_CONTEXT(2) 
PARAMETRIC_REPRESENTATION_CONTEXT() REPRESENTATION_CONTEXT('2D SPACE',''
  ) );
#9126 = PCURVE('',#9127,#9132);
#9127 = PLANE('',#9128);
#9128 = AXIS2_PLACEMENT_3D('',#9129,#9130,#9131);
#9129 = CARTESIAN_POINT('',(-27.82124782821,56.881685611971,-3.75));
#9130 = DIRECTION('',(0.477670972696,-0.878538810665,0.));
#9131 = DIRECTION('',(-0.878538810665,-0.477670972696,0.));
#9132 = DEFINITIONAL_REPRESENTATION('',(#9133),#9137);
#9133 = LINE('',#9134,#9135);
#9134 = CARTESIAN_POINT('',(5.457368233283,0.));
#9135 = VECTOR('',#9136,1.);
#9136 = DIRECTION('',(0.,-1.));
#9137 = ( GEOMETRIC_REPRESENTATION_CONTEXT(2) 
PARAMETRIC_REPRESENTATION_CONTEXT() REPRESENTATION_CONTEXT('2D SPACE',''
  ) );
#9138 = ORIENTED_EDGE('',*,*,#9139,.T.);
#9139 = EDGE_CURVE('',#9112,#9036,#9140,.T.);
#9140 = SURFACE_CURVE('',#9141,(#9145,#9152),.PCURVE_S1.);
#9141 = LINE('',#9142,#9143);
#9142 = CARTESIAN_POINT('',(-32.61575762524,54.27485921962,3.75));
#9143 = VECTOR('',#9144,1.);
#9144 = DIRECTION('',(-0.834145726939,-0.551544110865,0.));
#9145 = PCURVE('',#9051,#9146);
#9146 = DEFINITIONAL_REPRESENTATION('',(#9147),#9151);
#9147 = LINE('',#9148,#9149);
#9148 = CARTESIAN_POINT('',(0.,-7.5));
#9149 = VECTOR('',#9150,1.);
#9150 = DIRECTION('',(1.,0.));
#9151 = ( GEOMETRIC_REPRESENTATION_CONTEXT(2) 
PARAMETRIC_REPRESENTATION_CONTEXT() REPRESENTATION_CONTEXT('2D SPACE',''
  ) );
#9152 = PCURVE('',#72,#9153);
#9153 = DEFINITIONAL_REPRESENTATION('',(#9154),#9158);
#9154 = LINE('',#9155,#9156);
#9155 = CARTESIAN_POINT('',(-129.1315599973,19.075436949011));
#9156 = VECTOR('',#9157,1.);
#9157 = DIRECTION('',(-0.834145726939,-0.551544110865));
#9158 = ( GEOMETRIC_REPRESENTATION_CONTEXT(2) 
PARAMETRIC_REPRESENTATION_CONTEXT() REPRESENTATION_CONTEXT('2D SPACE',''
  ) );
#9159 = ORIENTED_EDGE('',*,*,#9033,.F.);
#9160 = ORIENTED_EDGE('',*,*,#9161,.F.);
#9161 = EDGE_CURVE('',#9110,#9034,#9162,.T.);
#9162 = SURFACE_CURVE('',#9163,(#9167,#9174),.PCURVE_S1.);
#9163 = LINE('',#9164,#9165);
#9164 = CARTESIAN_POINT('',(-32.61575762524,54.27485921962,-3.75));
#9165 = VECTOR('',#9166,1.);
#9166 = DIRECTION('',(-0.834145726939,-0.551544110865,0.));
#9167 = PCURVE('',#9051,#9168);
#9168 = DEFINITIONAL_REPRESENTATION('',(#9169),#9173);
#9169 = LINE('',#9170,#9171);
#9170 = CARTESIAN_POINT('',(0.,0.));
#9171 = VECTOR('',#9172,1.);
#9172 = DIRECTION('',(1.,0.));
#9173 = ( GEOMETRIC_REPRESENTATION_CONTEXT(2) 
PARAMETRIC_REPRESENTATION_CONTEXT() REPRESENTATION_CONTEXT('2D SPACE',''
  ) );
#9174 = PCURVE('',#126,#9175);
#9175 = DEFINITIONAL_REPRESENTATION('',(#9176),#9180);
#9176 = LINE('',#9177,#9178);
#9177 = CARTESIAN_POINT('',(-129.1315599973,19.075436949011));
#9178 = VECTOR('',#9179,1.);
#9179 = DIRECTION('',(-0.834145726939,-0.551544110865));
#9180 = ( GEOMETRIC_REPRESENTATION_CONTEXT(2) 
PARAMETRIC_REPRESENTATION_CONTEXT() REPRESENTATION_CONTEXT('2D SPACE',''
  ) );
#9181 = ADVANCED_FACE('',(#9182),#9127,.T.);
#9182 = FACE_BOUND('',#9183,.T.);
#9183 = EDGE_LOOP('',(#9184,#9214,#9235,#9236));
#9184 = ORIENTED_EDGE('',*,*,#9185,.T.);
#9185 = EDGE_CURVE('',#9186,#9188,#9190,.T.);
#9186 = VERTEX_POINT('',#9187);
#9187 = CARTESIAN_POINT('',(-27.82124782821,56.881685611971,-3.75));
#9188 = VERTEX_POINT('',#9189);
#9189 = CARTESIAN_POINT('',(-27.82124782821,56.881685611971,3.75));
#9190 = SURFACE_CURVE('',#9191,(#9195,#9202),.PCURVE_S1.);
#9191 = LINE('',#9192,#9193);
#9192 = CARTESIAN_POINT('',(-27.82124782821,56.881685611971,-3.75));
#9193 = VECTOR('',#9194,1.);
#9194 = DIRECTION('',(0.,0.,1.));
#9195 = PCURVE('',#9127,#9196);
#9196 = DEFINITIONAL_REPRESENTATION('',(#9197),#9201);
#9197 = LINE('',#9198,#9199);
#9198 = CARTESIAN_POINT('',(0.,0.));
#9199 = VECTOR('',#9200,1.);
#9200 = DIRECTION('',(0.,-1.));
#9201 = ( GEOMETRIC_REPRESENTATION_CONTEXT(2) 
PARAMETRIC_REPRESENTATION_CONTEXT() REPRESENTATION_CONTEXT('2D SPACE',''
  ) );
#9202 = PCURVE('',#9203,#9208);
#9203 = PLANE('',#9204);
#9204 = AXIS2_PLACEMENT_3D('',#9205,#9206,#9207);
#9205 = CARTESIAN_POINT('',(-22.82008217997,59.065995615729,-3.75));
#9206 = DIRECTION('',(0.400249701025,-0.91640612003,0.));
#9207 = DIRECTION('',(-0.91640612003,-0.400249701025,0.));
#9208 = DEFINITIONAL_REPRESENTATION('',(#9209),#9213);
#9209 = LINE('',#9210,#9211);
#9210 = CARTESIAN_POINT('',(5.457368233283,0.));
#9211 = VECTOR('',#9212,1.);
#9212 = DIRECTION('',(0.,-1.));
#9213 = ( GEOMETRIC_REPRESENTATION_CONTEXT(2) 
PARAMETRIC_REPRESENTATION_CONTEXT() REPRESENTATION_CONTEXT('2D SPACE',''
  ) );
#9214 = ORIENTED_EDGE('',*,*,#9215,.T.);
#9215 = EDGE_CURVE('',#9188,#9112,#9216,.T.);
#9216 = SURFACE_CURVE('',#9217,(#9221,#9228),.PCURVE_S1.);
#9217 = LINE('',#9218,#9219);
#9218 = CARTESIAN_POINT('',(-27.82124782821,56.881685611971,3.75));
#9219 = VECTOR('',#9220,1.);
#9220 = DIRECTION('',(-0.878538810665,-0.477670972696,0.));
#9221 = PCURVE('',#9127,#9222);
#9222 = DEFINITIONAL_REPRESENTATION('',(#9223),#9227);
#9223 = LINE('',#9224,#9225);
#9224 = CARTESIAN_POINT('',(0.,-7.5));
#9225 = VECTOR('',#9226,1.);
#9226 = DIRECTION('',(1.,0.));
#9227 = ( GEOMETRIC_REPRESENTATION_CONTEXT(2) 
PARAMETRIC_REPRESENTATION_CONTEXT() REPRESENTATION_CONTEXT('2D SPACE',''
  ) );
#9228 = PCURVE('',#72,#9229);
#9229 = DEFINITIONAL_REPRESENTATION('',(#9230),#9234);
#9230 = LINE('',#9231,#9232);
#9231 = CARTESIAN_POINT('',(-124.3370502003,21.682263341363));
#9232 = VECTOR('',#9233,1.);
#9233 = DIRECTION('',(-0.878538810665,-0.477670972696));
#9234 = ( GEOMETRIC_REPRESENTATION_CONTEXT(2) 
PARAMETRIC_REPRESENTATION_CONTEXT() REPRESENTATION_CONTEXT('2D SPACE',''
  ) );
#9235 = ORIENTED_EDGE('',*,*,#9109,.F.);
#9236 = ORIENTED_EDGE('',*,*,#9237,.F.);
#9237 = EDGE_CURVE('',#9186,#9110,#9238,.T.);
#9238 = SURFACE_CURVE('',#9239,(#9243,#9250),.PCURVE_S1.);
#9239 = LINE('',#9240,#9241);
#9240 = CARTESIAN_POINT('',(-27.82124782821,56.881685611971,-3.75));
#9241 = VECTOR('',#9242,1.);
#9242 = DIRECTION('',(-0.878538810665,-0.477670972696,0.));
#9243 = PCURVE('',#9127,#9244);
#9244 = DEFINITIONAL_REPRESENTATION('',(#9245),#9249);
#9245 = LINE('',#9246,#9247);
#9246 = CARTESIAN_POINT('',(0.,0.));
#9247 = VECTOR('',#9248,1.);
#9248 = DIRECTION('',(1.,0.));
#9249 = ( GEOMETRIC_REPRESENTATION_CONTEXT(2) 
PARAMETRIC_REPRESENTATION_CONTEXT() REPRESENTATION_CONTEXT('2D SPACE',''
  ) );
#9250 = PCURVE('',#126,#9251);
#9251 = DEFINITIONAL_REPRESENTATION('',(#9252),#9256);
#9252 = LINE('',#9253,#9254);
#9253 = CARTESIAN_POINT('',(-124.3370502003,21.682263341363));
#9254 = VECTOR('',#9255,1.);
#9255 = DIRECTION('',(-0.878538810665,-0.477670972696));
#9256 = ( GEOMETRIC_REPRESENTATION_CONTEXT(2) 
PARAMETRIC_REPRESENTATION_CONTEXT() REPRESENTATION_CONTEXT('2D SPACE',''
  ) );
#9257 = ADVANCED_FACE('',(#9258),#9203,.T.);
#9258 = FACE_BOUND('',#9259,.T.);
#9259 = EDGE_LOOP('',(#9260,#9290,#9311,#9312));
#9260 = ORIENTED_EDGE('',*,*,#9261,.T.);
#9261 = EDGE_CURVE('',#9262,#9264,#9266,.T.);
#9262 = VERTEX_POINT('',#9263);
#9263 = CARTESIAN_POINT('',(-22.82008217997,59.065995615729,-3.75));
#9264 = VERTEX_POINT('',#9265);
#9265 = CARTESIAN_POINT('',(-22.82008217997,59.065995615729,3.75));
#9266 = SURFACE_CURVE('',#9267,(#9271,#9278),.PCURVE_S1.);
#9267 = LINE('',#9268,#9269);
#9268 = CARTESIAN_POINT('',(-22.82008217997,59.065995615729,-3.75));
#9269 = VECTOR('',#9270,1.);
#9270 = DIRECTION('',(0.,0.,1.));
#9271 = PCURVE('',#9203,#9272);
#9272 = DEFINITIONAL_REPRESENTATION('',(#9273),#9277);
#9273 = LINE('',#9274,#9275);
#9274 = CARTESIAN_POINT('',(0.,0.));
#9275 = VECTOR('',#9276,1.);
#9276 = DIRECTION('',(0.,-1.));
#9277 = ( GEOMETRIC_REPRESENTATION_CONTEXT(2) 
PARAMETRIC_REPRESENTATION_CONTEXT() REPRESENTATION_CONTEXT('2D SPACE',''
  ) );
#9278 = PCURVE('',#9279,#9284);
#9279 = PLANE('',#9280);
#9280 = AXIS2_PLACEMENT_3D('',#9281,#9282,#9283);
#9281 = CARTESIAN_POINT('',(-17.64940927107,60.811564205835,-3.75));
#9282 = DIRECTION('',(0.319855380009,-0.947466377176,0.));
#9283 = DIRECTION('',(-0.947466377176,-0.319855380009,0.));
#9284 = DEFINITIONAL_REPRESENTATION('',(#9285),#9289);
#9285 = LINE('',#9286,#9287);
#9286 = CARTESIAN_POINT('',(5.457368233283,0.));
#9287 = VECTOR('',#9288,1.);
#9288 = DIRECTION('',(0.,-1.));
#9289 = ( GEOMETRIC_REPRESENTATION_CONTEXT(2) 
PARAMETRIC_REPRESENTATION_CONTEXT() REPRESENTATION_CONTEXT('2D SPACE',''
  ) );
#9290 = ORIENTED_EDGE('',*,*,#9291,.T.);
#9291 = EDGE_CURVE('',#9264,#9188,#9292,.T.);
#9292 = SURFACE_CURVE('',#9293,(#9297,#9304),.PCURVE_S1.);
#9293 = LINE('',#9294,#9295);
#9294 = CARTESIAN_POINT('',(-22.82008217997,59.065995615729,3.75));
#9295 = VECTOR('',#9296,1.);
#9296 = DIRECTION('',(-0.91640612003,-0.400249701025,0.));
#9297 = PCURVE('',#9203,#9298);
#9298 = DEFINITIONAL_REPRESENTATION('',(#9299),#9303);
#9299 = LINE('',#9300,#9301);
#9300 = CARTESIAN_POINT('',(0.,-7.5));
#9301 = VECTOR('',#9302,1.);
#9302 = DIRECTION('',(1.,0.));
#9303 = ( GEOMETRIC_REPRESENTATION_CONTEXT(2) 
PARAMETRIC_REPRESENTATION_CONTEXT() REPRESENTATION_CONTEXT('2D SPACE',''
  ) );
#9304 = PCURVE('',#72,#9305);
#9305 = DEFINITIONAL_REPRESENTATION('',(#9306),#9310);
#9306 = LINE('',#9307,#9308);
#9307 = CARTESIAN_POINT('',(-119.3358845521,23.86657334512));
#9308 = VECTOR('',#9309,1.);
#9309 = DIRECTION('',(-0.91640612003,-0.400249701025));
#9310 = ( GEOMETRIC_REPRESENTATION_CONTEXT(2) 
PARAMETRIC_REPRESENTATION_CONTEXT() REPRESENTATION_CONTEXT('2D SPACE',''
  ) );
#9311 = ORIENTED_EDGE('',*,*,#9185,.F.);
#9312 = ORIENTED_EDGE('',*,*,#9313,.F.);
#9313 = EDGE_CURVE('',#9262,#9186,#9314,.T.);
#9314 = SURFACE_CURVE('',#9315,(#9319,#9326),.PCURVE_S1.);
#9315 = LINE('',#9316,#9317);
#9316 = CARTESIAN_POINT('',(-22.82008217997,59.065995615729,-3.75));
#9317 = VECTOR('',#9318,1.);
#9318 = DIRECTION('',(-0.91640612003,-0.400249701025,0.));
#9319 = PCURVE('',#9203,#9320);
#9320 = DEFINITIONAL_REPRESENTATION('',(#9321),#9325);
#9321 = LINE('',#9322,#9323);
#9322 = CARTESIAN_POINT('',(0.,0.));
#9323 = VECTOR('',#9324,1.);
#9324 = DIRECTION('',(1.,0.));
#9325 = ( GEOMETRIC_REPRESENTATION_CONTEXT(2) 
PARAMETRIC_REPRESENTATION_CONTEXT() REPRESENTATION_CONTEXT('2D SPACE',''
  ) );
#9326 = PCURVE('',#126,#9327);
#9327 = DEFINITIONAL_REPRESENTATION('',(#9328),#9332);
#9328 = LINE('',#9329,#9330);
#9329 = CARTESIAN_POINT('',(-119.3358845521,23.86657334512));
#9330 = VECTOR('',#9331,1.);
#9331 = DIRECTION('',(-0.91640612003,-0.400249701025));
#9332 = ( GEOMETRIC_REPRESENTATION_CONTEXT(2) 
PARAMETRIC_REPRESENTATION_CONTEXT() REPRESENTATION_CONTEXT('2D SPACE',''
  ) );
#9333 = ADVANCED_FACE('',(#9334),#9279,.T.);
#9334 = FACE_BOUND('',#9335,.T.);
#9335 = EDGE_LOOP('',(#9336,#9361,#9382,#9383));
#9336 = ORIENTED_EDGE('',*,*,#9337,.T.);
#9337 = EDGE_CURVE('',#9338,#9340,#9342,.T.);
#9338 = VERTEX_POINT('',#9339);
#9339 = CARTESIAN_POINT('',(-17.64940927107,60.811564205835,-3.75));
#9340 = VERTEX_POINT('',#9341);
#9341 = CARTESIAN_POINT('',(-17.64940927107,60.811564205835,3.75));
#9342 = SURFACE_CURVE('',#9343,(#9347,#9354),.PCURVE_S1.);
#9343 = LINE('',#9344,#9345);
#9344 = CARTESIAN_POINT('',(-17.64940927107,60.811564205835,-3.75));
#9345 = VECTOR('',#9346,1.);
#9346 = DIRECTION('',(0.,0.,1.));
#9347 = PCURVE('',#9279,#9348);
#9348 = DEFINITIONAL_REPRESENTATION('',(#9349),#9353);
#9349 = LINE('',#9350,#9351);
#9350 = CARTESIAN_POINT('',(0.,0.));
#9351 = VECTOR('',#9352,1.);
#9352 = DIRECTION('',(0.,-1.));
#9353 = ( GEOMETRIC_REPRESENTATION_CONTEXT(2) 
PARAMETRIC_REPRESENTATION_CONTEXT() REPRESENTATION_CONTEXT('2D SPACE',''
  ) );
#9354 = PCURVE('',#4817,#9355);
#9355 = DEFINITIONAL_REPRESENTATION('',(#9356),#9360);
#9356 = LINE('',#9357,#9358);
#9357 = CARTESIAN_POINT('',(5.457368233283,0.));
#9358 = VECTOR('',#9359,1.);
#9359 = DIRECTION('',(0.,-1.));
#9360 = ( GEOMETRIC_REPRESENTATION_CONTEXT(2) 
PARAMETRIC_REPRESENTATION_CONTEXT() REPRESENTATION_CONTEXT('2D SPACE',''
  ) );
#9361 = ORIENTED_EDGE('',*,*,#9362,.T.);
#9362 = EDGE_CURVE('',#9340,#9264,#9363,.T.);
#9363 = SURFACE_CURVE('',#9364,(#9368,#9375),.PCURVE_S1.);
#9364 = LINE('',#9365,#9366);
#9365 = CARTESIAN_POINT('',(-17.64940927107,60.811564205835,3.75));
#9366 = VECTOR('',#9367,1.);
#9367 = DIRECTION('',(-0.947466377176,-0.319855380009,0.));
#9368 = PCURVE('',#9279,#9369);
#9369 = DEFINITIONAL_REPRESENTATION('',(#9370),#9374);
#9370 = LINE('',#9371,#9372);
#9371 = CARTESIAN_POINT('',(0.,-7.5));
#9372 = VECTOR('',#9373,1.);
#9373 = DIRECTION('',(1.,0.));
#9374 = ( GEOMETRIC_REPRESENTATION_CONTEXT(2) 
PARAMETRIC_REPRESENTATION_CONTEXT() REPRESENTATION_CONTEXT('2D SPACE',''
  ) );
#9375 = PCURVE('',#72,#9376);
#9376 = DEFINITIONAL_REPRESENTATION('',(#9377),#9381);
#9377 = LINE('',#9378,#9379);
#9378 = CARTESIAN_POINT('',(-114.1652116431,25.612141935226));
#9379 = VECTOR('',#9380,1.);
#9380 = DIRECTION('',(-0.947466377176,-0.319855380009));
#9381 = ( GEOMETRIC_REPRESENTATION_CONTEXT(2) 
PARAMETRIC_REPRESENTATION_CONTEXT() REPRESENTATION_CONTEXT('2D SPACE',''
  ) );
#9382 = ORIENTED_EDGE('',*,*,#9261,.F.);
#9383 = ORIENTED_EDGE('',*,*,#9384,.F.);
#9384 = EDGE_CURVE('',#9338,#9262,#9385,.T.);
#9385 = SURFACE_CURVE('',#9386,(#9390,#9397),.PCURVE_S1.);
#9386 = LINE('',#9387,#9388);
#9387 = CARTESIAN_POINT('',(-17.64940927107,60.811564205835,-3.75));
#9388 = VECTOR('',#9389,1.);
#9389 = DIRECTION('',(-0.947466377176,-0.319855380009,0.));
#9390 = PCURVE('',#9279,#9391);
#9391 = DEFINITIONAL_REPRESENTATION('',(#9392),#9396);
#9392 = LINE('',#9393,#9394);
#9393 = CARTESIAN_POINT('',(0.,0.));
#9394 = VECTOR('',#9395,1.);
#9395 = DIRECTION('',(1.,0.));
#9396 = ( GEOMETRIC_REPRESENTATION_CONTEXT(2) 
PARAMETRIC_REPRESENTATION_CONTEXT() REPRESENTATION_CONTEXT('2D SPACE',''
  ) );
#9397 = PCURVE('',#126,#9398);
#9398 = DEFINITIONAL_REPRESENTATION('',(#9399),#9403);
#9399 = LINE('',#9400,#9401);
#9400 = CARTESIAN_POINT('',(-114.1652116431,25.612141935226));
#9401 = VECTOR('',#9402,1.);
#9402 = DIRECTION('',(-0.947466377176,-0.319855380009));
#9403 = ( GEOMETRIC_REPRESENTATION_CONTEXT(2) 
PARAMETRIC_REPRESENTATION_CONTEXT() REPRESENTATION_CONTEXT('2D SPACE',''
  ) );
#9404 = ADVANCED_FACE('',(#9405),#4817,.T.);
#9405 = FACE_BOUND('',#9406,.T.);
#9406 = EDGE_LOOP('',(#9407,#9408,#9429,#9430));
#9407 = ORIENTED_EDGE('',*,*,#4801,.T.);
#9408 = ORIENTED_EDGE('',*,*,#9409,.T.);
#9409 = EDGE_CURVE('',#4779,#9340,#9410,.T.);
#9410 = SURFACE_CURVE('',#9411,(#9415,#9422),.PCURVE_S1.);
#9411 = LINE('',#9412,#9413);
#9412 = CARTESIAN_POINT('',(-12.34763678968,62.105425322497,3.75));
#9413 = VECTOR('',#9414,1.);
#9414 = DIRECTION('',(-0.971488866934,-0.237085177572,0.));
#9415 = PCURVE('',#4817,#9416);
#9416 = DEFINITIONAL_REPRESENTATION('',(#9417),#9421);
#9417 = LINE('',#9418,#9419);
#9418 = CARTESIAN_POINT('',(0.,-7.5));
#9419 = VECTOR('',#9420,1.);
#9420 = DIRECTION('',(1.,0.));
#9421 = ( GEOMETRIC_REPRESENTATION_CONTEXT(2) 
PARAMETRIC_REPRESENTATION_CONTEXT() REPRESENTATION_CONTEXT('2D SPACE',''
  ) );
#9422 = PCURVE('',#72,#9423);
#9423 = DEFINITIONAL_REPRESENTATION('',(#9424),#9428);
#9424 = LINE('',#9425,#9426);
#9425 = CARTESIAN_POINT('',(-108.8634391618,26.906003051889));
#9426 = VECTOR('',#9427,1.);
#9427 = DIRECTION('',(-0.971488866934,-0.237085177572));
#9428 = ( GEOMETRIC_REPRESENTATION_CONTEXT(2) 
PARAMETRIC_REPRESENTATION_CONTEXT() REPRESENTATION_CONTEXT('2D SPACE',''
  ) );
#9429 = ORIENTED_EDGE('',*,*,#9337,.F.);
#9430 = ORIENTED_EDGE('',*,*,#9431,.F.);
#9431 = EDGE_CURVE('',#4802,#9338,#9432,.T.);
#9432 = SURFACE_CURVE('',#9433,(#9437,#9444),.PCURVE_S1.);
#9433 = LINE('',#9434,#9435);
#9434 = CARTESIAN_POINT('',(-12.34763678968,62.105425322497,-3.75));
#9435 = VECTOR('',#9436,1.);
#9436 = DIRECTION('',(-0.971488866934,-0.237085177572,0.));
#9437 = PCURVE('',#4817,#9438);
#9438 = DEFINITIONAL_REPRESENTATION('',(#9439),#9443);
#9439 = LINE('',#9440,#9441);
#9440 = CARTESIAN_POINT('',(0.,0.));
#9441 = VECTOR('',#9442,1.);
#9442 = DIRECTION('',(1.,0.));
#9443 = ( GEOMETRIC_REPRESENTATION_CONTEXT(2) 
PARAMETRIC_REPRESENTATION_CONTEXT() REPRESENTATION_CONTEXT('2D SPACE',''
  ) );
#9444 = PCURVE('',#126,#9445);
#9445 = DEFINITIONAL_REPRESENTATION('',(#9446),#9450);
#9446 = LINE('',#9447,#9448);
#9447 = CARTESIAN_POINT('',(-108.8634391618,26.906003051889));
#9448 = VECTOR('',#9449,1.);
#9449 = DIRECTION('',(-0.971488866934,-0.237085177572));
#9450 = ( GEOMETRIC_REPRESENTATION_CONTEXT(2) 
PARAMETRIC_REPRESENTATION_CONTEXT() REPRESENTATION_CONTEXT('2D SPACE',''
  ) );
#9451 = ADVANCED_FACE('',(#9452,#9516),#126,.F.);
#9452 = FACE_BOUND('',#9453,.F.);
#9453 = EDGE_LOOP('',(#9454,#9455,#9456,#9457,#9458,#9459,#9460,#9461,
    #9462,#9463,#9464,#9465,#9466,#9467,#9468,#9469,#9470,#9471,#9472,
    #9473,#9474,#9475,#9476,#9477,#9478,#9479,#9480,#9481,#9482,#9483,
    #9484,#9485,#9486,#9487,#9488,#9489,#9490,#9491,#9492,#9493,#9494,
    #9495,#9496,#9497,#9498,#9499,#9500,#9501,#9502,#9503,#9504,#9505,
    #9506,#9507,#9508,#9509,#9510,#9511,#9512,#9513,#9514,#9515));
#9454 = ORIENTED_EDGE('',*,*,#112,.T.);
#9455 = ORIENTED_EDGE('',*,*,#193,.T.);
#9456 = ORIENTED_EDGE('',*,*,#269,.T.);
#9457 = ORIENTED_EDGE('',*,*,#345,.T.);
#9458 = ORIENTED_EDGE('',*,*,#421,.T.);
#9459 = ORIENTED_EDGE('',*,*,#497,.T.);
#9460 = ORIENTED_EDGE('',*,*,#573,.T.);
#9461 = ORIENTED_EDGE('',*,*,#649,.T.);
#9462 = ORIENTED_EDGE('',*,*,#725,.T.);
#9463 = ORIENTED_EDGE('',*,*,#801,.T.);
#9464 = ORIENTED_EDGE('',*,*,#877,.T.);
#9465 = ORIENTED_EDGE('',*,*,#953,.T.);
#9466 = ORIENTED_EDGE('',*,*,#1029,.T.);
#9467 = ORIENTED_EDGE('',*,*,#1105,.T.);
#9468 = ORIENTED_EDGE('',*,*,#1181,.T.);
#9469 = ORIENTED_EDGE('',*,*,#1257,.T.);
#9470 = ORIENTED_EDGE('',*,*,#1333,.T.);
#9471 = ORIENTED_EDGE('',*,*,#1409,.T.);
#9472 = ORIENTED_EDGE('',*,*,#1485,.T.);
#9473 = ORIENTED_EDGE('',*,*,#1561,.T.);
#9474 = ORIENTED_EDGE('',*,*,#1637,.T.);
#9475 = ORIENTED_EDGE('',*,*,#1713,.T.);
#9476 = ORIENTED_EDGE('',*,*,#1789,.T.);
#9477 = ORIENTED_EDGE('',*,*,#1865,.T.);
#9478 = ORIENTED_EDGE('',*,*,#1941,.T.);
#9479 = ORIENTED_EDGE('',*,*,#2017,.T.);
#9480 = ORIENTED_EDGE('',*,*,#2093,.T.);
#9481 = ORIENTED_EDGE('',*,*,#2169,.T.);
#9482 = ORIENTED_EDGE('',*,*,#2245,.T.);
#9483 = ORIENTED_EDGE('',*,*,#2321,.T.);
#9484 = ORIENTED_EDGE('',*,*,#2397,.T.);
#9485 = ORIENTED_EDGE('',*,*,#2473,.T.);
#9486 = ORIENTED_EDGE('',*,*,#2549,.T.);
#9487 = ORIENTED_EDGE('',*,*,#2625,.T.);
#9488 = ORIENTED_EDGE('',*,*,#2701,.T.);
#9489 = ORIENTED_EDGE('',*,*,#2777,.T.);
#9490 = ORIENTED_EDGE('',*,*,#2853,.T.);
#9491 = ORIENTED_EDGE('',*,*,#2929,.T.);
#9492 = ORIENTED_EDGE('',*,*,#3005,.T.);
#9493 = ORIENTED_EDGE('',*,*,#3081,.T.);
#9494 = ORIENTED_EDGE('',*,*,#3157,.T.);
#9495 = ORIENTED_EDGE('',*,*,#3233,.T.);
#9496 = ORIENTED_EDGE('',*,*,#3309,.T.);
#9497 = ORIENTED_EDGE('',*,*,#3385,.T.);
#9498 = ORIENTED_EDGE('',*,*,#3461,.T.);
#9499 = ORIENTED_EDGE('',*,*,#3537,.T.);
#9500 = ORIENTED_EDGE('',*,*,#3613,.T.);
#9501 = ORIENTED_EDGE('',*,*,#3689,.T.);
#9502 = ORIENTED_EDGE('',*,*,#3765,.T.);
#9503 = ORIENTED_EDGE('',*,*,#3841,.T.);
#9504 = ORIENTED_EDGE('',*,*,#3917,.T.);
#9505 = ORIENTED_EDGE('',*,*,#3993,.T.);
#9506 = ORIENTED_EDGE('',*,*,#4069,.T.);
#9507 = ORIENTED_EDGE('',*,*,#4145,.T.);
#9508 = ORIENTED_EDGE('',*,*,#4221,.T.);
#9509 = ORIENTED_EDGE('',*,*,#4297,.T.);
#9510 = ORIENTED_EDGE('',*,*,#4373,.T.);
#9511 = ORIENTED_EDGE('',*,*,#4449,.T.);
#9512 = ORIENTED_EDGE('',*,*,#4525,.T.);
#9513 = ORIENTED_EDGE('',*,*,#4601,.T.);
#9514 = ORIENTED_EDGE('',*,*,#4672,.T.);
#9515 = ORIENTED_EDGE('',*,*,#4719,.T.);
#9516 = FACE_BOUND('',#9517,.F.);
#9517 = EDGE_LOOP('',(#9518,#9519,#9520,#9521,#9522,#9523,#9524,#9525,
    #9526,#9527,#9528,#9529,#9530,#9531,#9532,#9533,#9534,#9535,#9536,
    #9537,#9538,#9539,#9540,#9541,#9542,#9543,#9544,#9545,#9546,#9547,
    #9548,#9549,#9550,#9551,#9552,#9553,#9554,#9555,#9556,#9557,#9558,
    #9559,#9560,#9561,#9562,#9563,#9564,#9565,#9566,#9567,#9568,#9569,
    #9570,#9571,#9572,#9573,#9574,#9575,#9576,#9577,#9578,#9579));
#9518 = ORIENTED_EDGE('',*,*,#4829,.F.);
#9519 = ORIENTED_EDGE('',*,*,#4905,.F.);
#9520 = ORIENTED_EDGE('',*,*,#4981,.F.);
#9521 = ORIENTED_EDGE('',*,*,#5057,.F.);
#9522 = ORIENTED_EDGE('',*,*,#5133,.F.);
#9523 = ORIENTED_EDGE('',*,*,#5209,.F.);
#9524 = ORIENTED_EDGE('',*,*,#5285,.F.);
#9525 = ORIENTED_EDGE('',*,*,#5361,.F.);
#9526 = ORIENTED_EDGE('',*,*,#5437,.F.);
#9527 = ORIENTED_EDGE('',*,*,#5513,.F.);
#9528 = ORIENTED_EDGE('',*,*,#5589,.F.);
#9529 = ORIENTED_EDGE('',*,*,#5665,.F.);
#9530 = ORIENTED_EDGE('',*,*,#5741,.F.);
#9531 = ORIENTED_EDGE('',*,*,#5817,.F.);
#9532 = ORIENTED_EDGE('',*,*,#5893,.F.);
#9533 = ORIENTED_EDGE('',*,*,#5969,.F.);
#9534 = ORIENTED_EDGE('',*,*,#6045,.F.);
#9535 = ORIENTED_EDGE('',*,*,#6121,.F.);
#9536 = ORIENTED_EDGE('',*,*,#6197,.F.);
#9537 = ORIENTED_EDGE('',*,*,#6273,.F.);
#9538 = ORIENTED_EDGE('',*,*,#6349,.F.);
#9539 = ORIENTED_EDGE('',*,*,#6425,.F.);
#9540 = ORIENTED_EDGE('',*,*,#6501,.F.);
#9541 = ORIENTED_EDGE('',*,*,#6577,.F.);
#9542 = ORIENTED_EDGE('',*,*,#6653,.F.);
#9543 = ORIENTED_EDGE('',*,*,#6729,.F.);
#9544 = ORIENTED_EDGE('',*,*,#6805,.F.);
#9545 = ORIENTED_EDGE('',*,*,#6881,.F.);
#9546 = ORIENTED_EDGE('',*,*,#6957,.F.);
#9547 = ORIENTED_EDGE('',*,*,#7033,.F.);
#9548 = ORIENTED_EDGE('',*,*,#7109,.F.);
#9549 = ORIENTED_EDGE('',*,*,#7185,.F.);
#9550 = ORIENTED_EDGE('',*,*,#7261,.F.);
#9551 = ORIENTED_EDGE('',*,*,#7337,.F.);
#9552 = ORIENTED_EDGE('',*,*,#7413,.F.);
#9553 = ORIENTED_EDGE('',*,*,#7489,.F.);
#9554 = ORIENTED_EDGE('',*,*,#7565,.F.);
#9555 = ORIENTED_EDGE('',*,*,#7641,.F.);
#9556 = ORIENTED_EDGE('',*,*,#7717,.F.);
#9557 = ORIENTED_EDGE('',*,*,#7793,.F.);
#9558 = ORIENTED_EDGE('',*,*,#7869,.F.);
#9559 = ORIENTED_EDGE('',*,*,#7945,.F.);
#9560 = ORIENTED_EDGE('',*,*,#8021,.F.);
#9561 = ORIENTED_EDGE('',*,*,#8097,.F.);
#9562 = ORIENTED_EDGE('',*,*,#8173,.F.);
#9563 = ORIENTED_EDGE('',*,*,#8249,.F.);
#9564 = ORIENTED_EDGE('',*,*,#8325,.F.);
#9565 = ORIENTED_EDGE('',*,*,#8401,.F.);
#9566 = ORIENTED_EDGE('',*,*,#8477,.F.);
#9567 = ORIENTED_EDGE('',*,*,#8553,.F.);
#9568 = ORIENTED_EDGE('',*,*,#8629,.F.);
#9569 = ORIENTED_EDGE('',*,*,#8705,.F.);
#9570 = ORIENTED_EDGE('',*,*,#8781,.F.);
#9571 = ORIENTED_EDGE('',*,*,#8857,.F.);
#9572 = ORIENTED_EDGE('',*,*,#8933,.F.);
#9573 = ORIENTED_EDGE('',*,*,#9009,.F.);
#9574 = ORIENTED_EDGE('',*,*,#9085,.F.);
#9575 = ORIENTED_EDGE('',*,*,#9161,.F.);
#9576 = ORIENTED_EDGE('',*,*,#9237,.F.);
#9577 = ORIENTED_EDGE('',*,*,#9313,.F.);
#9578 = ORIENTED_EDGE('',*,*,#9384,.F.);
#9579 = ORIENTED_EDGE('',*,*,#9431,.F.);
#9580 = ADVANCED_FACE('',(#9581,#9645),#72,.T.);
#9581 = FACE_BOUND('',#9582,.T.);
#9582 = EDGE_LOOP('',(#9583,#9584,#9585,#9586,#9587,#9588,#9589,#9590,
    #9591,#9592,#9593,#9594,#9595,#9596,#9597,#9598,#9599,#9600,#9601,
    #9602,#9603,#9604,#9605,#9606,#9607,#9608,#9609,#9610,#9611,#9612,
    #9613,#9614,#9615,#9616,#9617,#9618,#9619,#9620,#9621,#9622,#9623,
    #9624,#9625,#9626,#9627,#9628,#9629,#9630,#9631,#9632,#9633,#9634,
    #9635,#9636,#9637,#9638,#9639,#9640,#9641,#9642,#9643,#9644));
#9583 = ORIENTED_EDGE('',*,*,#56,.T.);
#9584 = ORIENTED_EDGE('',*,*,#142,.T.);
#9585 = ORIENTED_EDGE('',*,*,#218,.T.);
#9586 = ORIENTED_EDGE('',*,*,#294,.T.);
#9587 = ORIENTED_EDGE('',*,*,#370,.T.);
#9588 = ORIENTED_EDGE('',*,*,#446,.T.);
#9589 = ORIENTED_EDGE('',*,*,#522,.T.);
#9590 = ORIENTED_EDGE('',*,*,#598,.T.);
#9591 = ORIENTED_EDGE('',*,*,#674,.T.);
#9592 = ORIENTED_EDGE('',*,*,#750,.T.);
#9593 = ORIENTED_EDGE('',*,*,#826,.T.);
#9594 = ORIENTED_EDGE('',*,*,#902,.T.);
#9595 = ORIENTED_EDGE('',*,*,#978,.T.);
#9596 = ORIENTED_EDGE('',*,*,#1054,.T.);
#9597 = ORIENTED_EDGE('',*,*,#1130,.T.);
#9598 = ORIENTED_EDGE('',*,*,#1206,.T.);
#9599 = ORIENTED_EDGE('',*,*,#1282,.T.);
#9600 = ORIENTED_EDGE('',*,*,#1358,.T.);
#9601 = ORIENTED_EDGE('',*,*,#1434,.T.);
#9602 = ORIENTED_EDGE('',*,*,#1510,.T.);
#9603 = ORIENTED_EDGE('',*,*,#1586,.T.);
#9604 = ORIENTED_EDGE('',*,*,#1662,.T.);
#9605 = ORIENTED_EDGE('',*,*,#1738,.T.);
#9606 = ORIENTED_EDGE('',*,*,#1814,.T.);
#9607 = ORIENTED_EDGE('',*,*,#1890,.T.);
#9608 = ORIENTED_EDGE('',*,*,#1966,.T.);
#9609 = ORIENTED_EDGE('',*,*,#2042,.T.);
#9610 = ORIENTED_EDGE('',*,*,#2118,.T.);
#9611 = ORIENTED_EDGE('',*,*,#2194,.T.);
#9612 = ORIENTED_EDGE('',*,*,#2270,.T.);
#9613 = ORIENTED_EDGE('',*,*,#2346,.T.);
#9614 = ORIENTED_EDGE('',*,*,#2422,.T.);
#9615 = ORIENTED_EDGE('',*,*,#2498,.T.);
#9616 = ORIENTED_EDGE('',*,*,#2574,.T.);
#9617 = ORIENTED_EDGE('',*,*,#2650,.T.);
#9618 = ORIENTED_EDGE('',*,*,#2726,.T.);
#9619 = ORIENTED_EDGE('',*,*,#2802,.T.);
#9620 = ORIENTED_EDGE('',*,*,#2878,.T.);
#9621 = ORIENTED_EDGE('',*,*,#2954,.T.);
#9622 = ORIENTED_EDGE('',*,*,#3030,.T.);
#9623 = ORIENTED_EDGE('',*,*,#3106,.T.);
#9624 = ORIENTED_EDGE('',*,*,#3182,.T.);
#9625 = ORIENTED_EDGE('',*,*,#3258,.T.);
#9626 = ORIENTED_EDGE('',*,*,#3334,.T.);
#9627 = ORIENTED_EDGE('',*,*,#3410,.T.);
#9628 = ORIENTED_EDGE('',*,*,#3486,.T.);
#9629 = ORIENTED_EDGE('',*,*,#3562,.T.);
#9630 = ORIENTED_EDGE('',*,*,#3638,.T.);
#9631 = ORIENTED_EDGE('',*,*,#3714,.T.);
#9632 = ORIENTED_EDGE('',*,*,#3790,.T.);
#9633 = ORIENTED_EDGE('',*,*,#3866,.T.);
#9634 = ORIENTED_EDGE('',*,*,#3942,.T.);
#9635 = ORIENTED_EDGE('',*,*,#4018,.T.);
#9636 = ORIENTED_EDGE('',*,*,#4094,.T.);
#9637 = ORIENTED_EDGE('',*,*,#4170,.T.);
#9638 = ORIENTED_EDGE('',*,*,#4246,.T.);
#9639 = ORIENTED_EDGE('',*,*,#4322,.T.);
#9640 = ORIENTED_EDGE('',*,*,#4398,.T.);
#9641 = ORIENTED_EDGE('',*,*,#4474,.T.);
#9642 = ORIENTED_EDGE('',*,*,#4550,.T.);
#9643 = ORIENTED_EDGE('',*,*,#4626,.T.);
#9644 = ORIENTED_EDGE('',*,*,#4697,.T.);
#9645 = FACE_BOUND('',#9646,.T.);
#9646 = EDGE_LOOP('',(#9647,#9648,#9649,#9650,#9651,#9652,#9653,#9654,
    #9655,#9656,#9657,#9658,#9659,#9660,#9661,#9662,#9663,#9664,#9665,
    #9666,#9667,#9668,#9669,#9670,#9671,#9672,#9673,#9674,#9675,#9676,
    #9677,#9678,#9679,#9680,#9681,#9682,#9683,#9684,#9685,#9686,#9687,
    #9688,#9689,#9690,#9691,#9692,#9693,#9694,#9695,#9696,#9697,#9698,
    #9699,#9700,#9701,#9702,#9703,#9704,#9705,#9706,#9707,#9708));
#9647 = ORIENTED_EDGE('',*,*,#4778,.F.);
#9648 = ORIENTED_EDGE('',*,*,#4883,.F.);
#9649 = ORIENTED_EDGE('',*,*,#4959,.F.);
#9650 = ORIENTED_EDGE('',*,*,#5035,.F.);
#9651 = ORIENTED_EDGE('',*,*,#5111,.F.);
#9652 = ORIENTED_EDGE('',*,*,#5187,.F.);
#9653 = ORIENTED_EDGE('',*,*,#5263,.F.);
#9654 = ORIENTED_EDGE('',*,*,#5339,.F.);
#9655 = ORIENTED_EDGE('',*,*,#5415,.F.);
#9656 = ORIENTED_EDGE('',*,*,#5491,.F.);
#9657 = ORIENTED_EDGE('',*,*,#5567,.F.);
#9658 = ORIENTED_EDGE('',*,*,#5643,.F.);
#9659 = ORIENTED_EDGE('',*,*,#5719,.F.);
#9660 = ORIENTED_EDGE('',*,*,#5795,.F.);
#9661 = ORIENTED_EDGE('',*,*,#5871,.F.);
#9662 = ORIENTED_EDGE('',*,*,#5947,.F.);
#9663 = ORIENTED_EDGE('',*,*,#6023,.F.);
#9664 = ORIENTED_EDGE('',*,*,#6099,.F.);
#9665 = ORIENTED_EDGE('',*,*,#6175,.F.);
#9666 = ORIENTED_EDGE('',*,*,#6251,.F.);
#9667 = ORIENTED_EDGE('',*,*,#6327,.F.);
#9668 = ORIENTED_EDGE('',*,*,#6403,.F.);
#9669 = ORIENTED_EDGE('',*,*,#6479,.F.);
#9670 = ORIENTED_EDGE('',*,*,#6555,.F.);
#9671 = ORIENTED_EDGE('',*,*,#6631,.F.);
#9672 = ORIENTED_EDGE('',*,*,#6707,.F.);
#9673 = ORIENTED_EDGE('',*,*,#6783,.F.);
#9674 = ORIENTED_EDGE('',*,*,#6859,.F.);
#9675 = ORIENTED_EDGE('',*,*,#6935,.F.);
#9676 = ORIENTED_EDGE('',*,*,#7011,.F.);
#9677 = ORIENTED_EDGE('',*,*,#7087,.F.);
#9678 = ORIENTED_EDGE('',*,*,#7163,.F.);
#9679 = ORIENTED_EDGE('',*,*,#7239,.F.);
#9680 = ORIENTED_EDGE('',*,*,#7315,.F.);
#9681 = ORIENTED_EDGE('',*,*,#7391,.F.);
#9682 = ORIENTED_EDGE('',*,*,#7467,.F.);
#9683 = ORIENTED_EDGE('',*,*,#7543,.F.);
#9684 = ORIENTED_EDGE('',*,*,#7619,.F.);
#9685 = ORIENTED_EDGE('',*,*,#7695,.F.);
#9686 = ORIENTED_EDGE('',*,*,#7771,.F.);
#9687 = ORIENTED_EDGE('',*,*,#7847,.F.);
#9688 = ORIENTED_EDGE('',*,*,#7923,.F.);
#9689 = ORIENTED_EDGE('',*,*,#7999,.F.);
#9690 = ORIENTED_EDGE('',*,*,#8075,.F.);
#9691 = ORIENTED_EDGE('',*,*,#8151,.F.);
#9692 = ORIENTED_EDGE('',*,*,#8227,.F.);
#9693 = ORIENTED_EDGE('',*,*,#8303,.F.);
#9694 = ORIENTED_EDGE('',*,*,#8379,.F.);
#9695 = ORIENTED_EDGE('',*,*,#8455,.F.);
#9696 = ORIENTED_EDGE('',*,*,#8531,.F.);
#9697 = ORIENTED_EDGE('',*,*,#8607,.F.);
#9698 = ORIENTED_EDGE('',*,*,#8683,.F.);
#9699 = ORIENTED_EDGE('',*,*,#8759,.F.);
#9700 = ORIENTED_EDGE('',*,*,#8835,.F.);
#9701 = ORIENTED_EDGE('',*,*,#8911,.F.);
#9702 = ORIENTED_EDGE('',*,*,#8987,.F.);
#9703 = ORIENTED_EDGE('',*,*,#9063,.F.);
#9704 = ORIENTED_EDGE('',*,*,#9139,.F.);
#9705 = ORIENTED_EDGE('',*,*,#9215,.F.);
#9706 = ORIENTED_EDGE('',*,*,#9291,.F.);
#9707 = ORIENTED_EDGE('',*,*,#9362,.F.);
#9708 = ORIENTED_EDGE('',*,*,#9409,.F.);
#9709 = ( GEOMETRIC_REPRESENTATION_CONTEXT(3) 
GLOBAL_UNCERTAINTY_ASSIGNED_CONTEXT((#9713)) 
GLOBAL_UNIT_ASSIGNED_CONTEXT((#9710,#9711,#9712)) REPRESENTATION_CONTEXT
('Context #1','3D Context with UNIT and UNCERTAINTY') );
#9710 = ( LENGTH_UNIT() NAMED_UNIT(*) SI_UNIT(.MILLI.,.METRE.) );
#9711 = ( NAMED_UNIT(*) PLANE_ANGLE_UNIT() SI_UNIT($,.RADIAN.) );
#9712 = ( NAMED_UNIT(*) SI_UNIT($,.STERADIAN.) SOLID_ANGLE_UNIT() );
#9713 = UNCERTAINTY_MEASURE_WITH_UNIT(LENGTH_MEASURE(1.E-07),#9710,
  'distance_accuracy_value','confusion accuracy');
#9714 = PRODUCT_RELATED_PRODUCT_CATEGORY('part',$,(#7));
#9715 = MECHANICAL_DESIGN_GEOMETRIC_PRESENTATION_REPRESENTATION('',(
    #9716),#9709);
#9716 = STYLED_ITEM('color',(#9717),#15);
#9717 = PRESENTATION_STYLE_ASSIGNMENT((#9718));
#9718 = SURFACE_STYLE_USAGE(.BOTH.,#9719);
#9719 = SURFACE_SIDE_STYLE('',(#9720));
#9720 = SURFACE_STYLE_FILL_AREA(#9721);
#9721 = FILL_AREA_STYLE('',(#9722));
#9722 = FILL_AREA_STYLE_COLOUR('',#9723);
#9723 = COLOUR_RGB('',0.626209676391,0.626209676391,0.642166505277);
ENDSEC;
END-ISO-10303-21;
