ISO-10303-21;
HEADER;
FILE_DESCRIPTION(('Open CASCADE Model'),'2;1');
FILE_NAME('Open CASCADE Shape Model','2026-10-02T07:31:16',('Author'),(
    'Open CASCADE'),'Open CASCADE STEP processor 7.9','Open CASCADE 7.9'
  ,'Unknown');
FILE_SCHEMA(('AUTOMOTIVE_DESIGN { 1 0 10303 214 1 1 1 1 }'));
ENDSEC;
DATA;
#1 = APPLICATION_PROTOCOL_DEFINITION('international standard',
  'automotive_design',2000,#2);
#2 = APPLICATION_CONTEXT(
  'core data for automotive mechanical design processes');
#3 = SHAPE_DEFINITION_REPRESENTATION(#4,#10);
#4 = PRODUCT_DEFINITION_SHAPE('','',#5);
#5 = PRODUCT_DEFINITION('design','',#6,#9);
#6 = PRODUCT_DEFINITION_FORMATION('','',#7);
#7 = PRODUCT('C-GEA-01_Gear_lever_with_linkage',
  'C-GEA-01_Gear_lever_with_linkage','',(#8));
#8 = PRODUCT_CONTEXT('',#2,'mechanical');
#9 = PRODUCT_DEFINITION_CONTEXT('part definition',#2,'design');
#10 = ADVANCED_BREP_SHAPE_REPRESENTATION('',(#11,#15),#4427);
#11 = AXIS2_PLACEMENT_3D('',#12,#13,#14);
#12 = CARTESIAN_POINT('',(0.,0.,0.));
#13 = DIRECTION('',(0.,0.,1.));
#14 = DIRECTION('',(1.,0.,-0.));
#15 = MANIFOLD_SOLID_BREP('',#16);
#16 = CLOSED_SHELL('',(#17,#323,#676,#794,#865,#914,#998,#1470,#1520,
    #1598,#2118,#2178,#2182,#2662,#4126,#4180,#4206,#4288,#4293,#4319,
    #4346,#4357,#4384,#4410,#4420));
#17 = ADVANCED_FACE('',(#18),#33,.T.);
#18 = FACE_BOUND('',#19,.F.);
#19 = EDGE_LOOP('',(#20,#56));
#20 = ORIENTED_EDGE('',*,*,#21,.F.);
#21 = EDGE_CURVE('',#22,#24,#26,.T.);
#22 = VERTEX_POINT('',#23);
#23 = CARTESIAN_POINT('',(594.,92.,210.29150262212));
#24 = VERTEX_POINT('',#25);
#25 = CARTESIAN_POINT('',(606.,92.,210.29150262213));
#26 = SURFACE_CURVE('',#27,(#32,#44),.PCURVE_S1.);
#27 = CIRCLE('',#28,8.);
#28 = AXIS2_PLACEMENT_3D('',#29,#30,#31);
#29 = CARTESIAN_POINT('',(600.,92.,205.));
#30 = DIRECTION('',(0.,1.,-0.));
#31 = DIRECTION('',(-0.75,0.,0.661437827766));
#32 = PCURVE('',#33,#38);
#33 = CYLINDRICAL_SURFACE('',#34,8.);
#34 = AXIS2_PLACEMENT_3D('',#35,#36,#37);
#35 = CARTESIAN_POINT('',(600.,92.,205.));
#36 = DIRECTION('',(-0.,-1.,-0.));
#37 = DIRECTION('',(0.,-0.,1.));
#38 = DEFINITIONAL_REPRESENTATION('',(#39),#43);
#39 = LINE('',#40,#41);
#40 = CARTESIAN_POINT('',(-5.435123228198,0.));
#41 = VECTOR('',#42,1.);
#42 = DIRECTION('',(-1.,0.));
#43 = ( GEOMETRIC_REPRESENTATION_CONTEXT(2) 
PARAMETRIC_REPRESENTATION_CONTEXT() REPRESENTATION_CONTEXT('2D SPACE',''
  ) );
#44 = PCURVE('',#45,#50);
#45 = PLANE('',#46);
#46 = AXIS2_PLACEMENT_3D('',#47,#48,#49);
#47 = CARTESIAN_POINT('',(600.,92.,205.));
#48 = DIRECTION('',(0.,1.,0.));
#49 = DIRECTION('',(0.,-0.,1.));
#50 = DEFINITIONAL_REPRESENTATION('',(#51),#55);
#51 = CIRCLE('',#52,8.);
#52 = AXIS2_PLACEMENT_2D('',#53,#54);
#53 = CARTESIAN_POINT('',(0.,-1.136868377216E-13));
#54 = DIRECTION('',(0.661437827766,-0.75));
#55 = ( GEOMETRIC_REPRESENTATION_CONTEXT(2) 
PARAMETRIC_REPRESENTATION_CONTEXT() REPRESENTATION_CONTEXT('2D SPACE',''
  ) );
#56 = ORIENTED_EDGE('',*,*,#57,.F.);
#57 = EDGE_CURVE('',#24,#22,#58,.T.);
#58 = SURFACE_CURVE('',#59,(#128,#223),.PCURVE_S1.);
#59 = B_SPLINE_CURVE_WITH_KNOTS('',7,(#60,#61,#62,#63,#64,#65,#66,#67,
    #68,#69,#70,#71,#72,#73,#74,#75,#76,#77,#78,#79,#80,#81,#82,#83,#84,
    #85,#86,#87,#88,#89,#90,#91,#92,#93,#94,#95,#96,#97,#98,#99,#100,
    #101,#102,#103,#104,#105,#106,#107,#108,#109,#110,#111,#112,#113,
    #114,#115,#116,#117,#118,#119,#120,#121,#122,#123,#124,#125,#126,
    #127),.UNSPECIFIED.,.F.,.F.,(8,6,6,6,6,6,6,6,6,6,6,8),(0.,
    0.193824671072,0.431187257543,0.698455492829,0.797511316956,
    0.873760068255,1.,1.126202125394,1.205726465238,1.569775184817,
    1.910301330148,1.99850244229),.UNSPECIFIED.);
#60 = CARTESIAN_POINT('',(606.,92.,210.29150262212));
#61 = CARTESIAN_POINT('',(606.,92.241085103567,210.29150262212));
#62 = CARTESIAN_POINT('',(605.98869866412,92.481535350396,
    210.30431702297));
#63 = CARTESIAN_POINT('',(605.9662022171,92.720726065114,210.32982595506
    ));
#64 = CARTESIAN_POINT('',(605.9326610024,92.957982304745,210.3675101579)
  );
#65 = CARTESIAN_POINT('',(605.88829065113,93.192519544151,
    210.41644908912));
#66 = CARTESIAN_POINT('',(605.83345814161,93.423387151866,
    210.47535084431));
#67 = CARTESIAN_POINT('',(605.68969086241,93.926213645712,
    210.62498590916));
#68 = CARTESIAN_POINT('',(605.59566994095,94.196427556819,
    210.72009784718));
#69 = CARTESIAN_POINT('',(605.48722224539,94.460122339903,
    210.82579026579));
#70 = CARTESIAN_POINT('',(605.36456171941,94.717246134267,
    210.93998984787));
#71 = CARTESIAN_POINT('',(605.2277427293,94.967632792616,211.06077650355
    ));
#72 = CARTESIAN_POINT('',(605.07666742599,95.211009459707,
    211.18639470787));
#73 = CARTESIAN_POINT('',(604.72450609792,95.712740767451,
    211.46025293112));
#74 = CARTESIAN_POINT('',(604.51959648721,95.969006032508,
    211.60928775786));
#75 = CARTESIAN_POINT('',(604.29537791006,96.215989616874,
    211.76035774495));
#76 = CARTESIAN_POINT('',(604.05052105232,96.453250343925,
    211.91160421398));
#77 = CARTESIAN_POINT('',(603.78343198404,96.679619301461,
    212.06091894098));
#78 = CARTESIAN_POINT('',(603.49243129092,96.893062479415,
    212.20567927449));
#79 = CARTESIAN_POINT('',(603.05867197942,97.163684514832,
    212.39329809087));
#80 = CARTESIAN_POINT('',(602.93782584711,97.234700201219,
    212.44297422545));
#81 = CARTESIAN_POINT('',(602.81335501723,97.303383355613,
    212.49141540535));
#82 = CARTESIAN_POINT('',(602.68519772065,97.36954392505,212.53842966592
    ));
#83 = CARTESIAN_POINT('',(602.5532997607,97.432972418871,212.58381117943
    ));
#84 = CARTESIAN_POINT('',(602.41761464202,97.493439832607,
    212.62734031628));
#85 = CARTESIAN_POINT('',(602.17071440409,97.594772023408,
    212.70068497782));
#86 = CARTESIAN_POINT('',(602.0610438795,97.636950504271,212.73135464179
    ));
#87 = CARTESIAN_POINT('',(601.94913717627,97.677092375656,
    212.76066664624));
#88 = CARTESIAN_POINT('',(601.83504384155,97.715059111077,
    212.78849620983));
#89 = CARTESIAN_POINT('',(601.71881792383,97.75071404289,212.81472018761
    ));
#90 = CARTESIAN_POINT('',(601.60051797767,97.783922108842,
    212.83921743668));
#91 = CARTESIAN_POINT('',(601.28101638376,97.86525747449,212.89937215393
    ));
#92 = CARTESIAN_POINT('',(601.07592875354,97.908989636349,
    212.93188882697));
#93 = CARTESIAN_POINT('',(600.86600134846,97.944883759989,
    212.95869233155));
#94 = CARTESIAN_POINT('',(600.6523239012,97.972285867622,212.9792144161)
  );
#95 = CARTESIAN_POINT('',(600.43601049219,97.990743019412,
    212.99305725858));
#96 = CARTESIAN_POINT('',(600.2181906834,98.,213.));
#97 = CARTESIAN_POINT('',(599.78187466036,98.,213.));
#98 = CARTESIAN_POINT('',(599.56414143831,97.990748560558,212.9930614137
    ));
#99 = CARTESIAN_POINT('',(599.34792671557,97.972305725219,
    212.97922930981));
#100 = CARTESIAN_POINT('',(599.13435095438,97.944927608647,
    212.95872518293));
#101 = CARTESIAN_POINT('',(598.92451924287,97.909065798371,
    212.9319457148));
#102 = CARTESIAN_POINT('',(598.71951247565,97.865370697079,
    212.89945632835));
#103 = CARTESIAN_POINT('',(598.39489836135,97.782768687685,
    212.83836410556));
#104 = CARTESIAN_POINT('',(598.27160883119,97.748032433963,
    212.81274180277));
#105 = CARTESIAN_POINT('',(598.15057993526,97.710641561368,
    212.78524722879));
#106 = CARTESIAN_POINT('',(598.03187570795,97.670748847367,
    212.75601753542));
#107 = CARTESIAN_POINT('',(597.9155548697,97.628508636468,212.7251919809
    ));
#108 = CARTESIAN_POINT('',(597.80167083482,97.584077146865,
    212.69291148743));
#109 = CARTESIAN_POINT('',(597.18030577067,97.324906901647,
    212.50553391359));
#110 = CARTESIAN_POINT('',(596.7222897114,97.069546832286,
    212.32419949335));
#111 = CARTESIAN_POINT('',(596.31349754238,96.783605573342,
    212.12670166472));
#112 = CARTESIAN_POINT('',(595.94956552616,96.474833496926,
    211.92139588328));
#113 = CARTESIAN_POINT('',(595.62594308548,96.147656911551,
    211.71423692085));
#114 = CARTESIAN_POINT('',(595.3385303434,95.803473844999,
    211.50953979239));
#115 = CARTESIAN_POINT('',(594.84748820332,95.102073571695,
    211.12716071667));
#116 = CARTESIAN_POINT('',(594.63894596161,94.74613771591,
    210.94804376205));
#117 = CARTESIAN_POINT('',(594.45968866553,94.375295078128,
    210.7802533529));
#118 = CARTESIAN_POINT('',(594.31027842152,93.991307564089,
    210.62989945228));
#119 = CARTESIAN_POINT('',(594.1912610625,93.59536019287,210.50343846703
    ));
#120 = CARTESIAN_POINT('',(594.10355129526,93.187821662967,
    210.4072601125));
#121 = CARTESIAN_POINT('',(594.03534781605,92.659496016139,
    210.33135677336));
#122 = CARTESIAN_POINT('',(594.02360340845,92.550279095401,
    210.31819020343));
#123 = CARTESIAN_POINT('',(594.01417767946,92.44064584582,
    210.30756347431));
#124 = CARTESIAN_POINT('',(594.00709330981,92.33070167475,
    210.29954577576));
#125 = CARTESIAN_POINT('',(594.00236490926,92.220548122875,
    210.2941840639));
#126 = CARTESIAN_POINT('',(594.,92.110282913193,210.29150262212));
#127 = CARTESIAN_POINT('',(594.,92.,210.29150262212));
#128 = PCURVE('',#33,#129);
#129 = DEFINITIONAL_REPRESENTATION('',(#130),#222);
#130 = B_SPLINE_CURVE_WITH_KNOTS('',3,(#131,#132,#133,#134,#135,#136,
    #137,#138,#139,#140,#141,#142,#143,#144,#145,#146,#147,#148,#149,
    #150,#151,#152,#153,#154,#155,#156,#157,#158,#159,#160,#161,#162,
    #163,#164,#165,#166,#167,#168,#169,#170,#171,#172,#173,#174,#175,
    #176,#177,#178,#179,#180,#181,#182,#183,#184,#185,#186,#187,#188,
    #189,#190,#191,#192,#193,#194,#195,#196,#197,#198,#199,#200,#201,
    #202,#203,#204,#205,#206,#207,#208,#209,#210,#211,#212,#213,#214,
    #215,#216,#217,#218,#219,#220,#221),.UNSPECIFIED.,.F.,.F.,(4,1,1,1,1
    ,1,1,1,1,1,1,1,1,1,1,1,1,1,1,1,1,1,1,1,1,1,1,1,1,1,1,1,1,1,1,1,1,1,1
    ,1,1,1,1,1,1,1,1,1,1,1,1,1,1,1,1,1,1,1,1,1,1,1,1,1,1,1,1,1,1,1,1,1,1
    ,1,1,1,1,1,1,1,1,1,1,1,1,1,1,1,4),(0.,2.271025502603E-02,
    4.542051005205E-02,6.813076507808E-02,9.084102010411E-02,
    0.11355127513,0.136261530156,0.158971785182,0.181682040208,
    0.204392295234,0.22710255026,0.249812805286,0.272523060312,
    0.295233315338,0.317943570364,0.34065382539,0.363364080416,
    0.386074335442,0.408784590468,0.431494845495,0.454205100521,
    0.476915355547,0.499625610573,0.522335865599,0.545046120625,
    0.567756375651,0.590466630677,0.613176885703,0.635887140729,
    0.658597395755,0.681307650781,0.704017905807,0.726728160833,
    0.749438415859,0.772148670885,0.794858925911,0.817569180937,
    0.840279435963,0.862989690989,0.885699946015,0.908410201041,
    0.931120456067,0.953830711093,0.976540966119,0.999251221145,
    1.021961476171,1.044671731197,1.067381986223,1.090092241249,
    1.112802496275,1.135512751301,1.158223006327,1.180933261353,
    1.203643516379,1.226353771405,1.249064026431,1.271774281457,
    1.294484536484,1.31719479151,1.339905046536,1.362615301562,
    1.385325556588,1.408035811614,1.43074606664,1.453456321666,
    1.476166576692,1.498876831718,1.521587086744,1.54429734177,
    1.567007596796,1.589717851822,1.612428106848,1.635138361874,
    1.6578486169,1.680558871926,1.703269126952,1.725979381978,
    1.748689637004,1.77139989203,1.794110147056,1.816820402082,
    1.839530657108,1.862240912134,1.88495116716,1.907661422186,
    1.930371677212,1.953081932238,1.975792187264,1.99850244229),
  .QUASI_UNIFORM_KNOTS.);
#131 = CARTESIAN_POINT('',(-7.131247386161,0.));
#132 = CARTESIAN_POINT('',(-7.131247939286,-6.591034565484E-02));
#133 = CARTESIAN_POINT('',(-7.130836458085,-0.197612690603));
#134 = CARTESIAN_POINT('',(-7.128998788974,-0.394582774129));
#135 = CARTESIAN_POINT('',(-7.125955359546,-0.590746404916));
#136 = CARTESIAN_POINT('',(-7.121730054961,-0.785861748228));
#137 = CARTESIAN_POINT('',(-7.116352978203,-0.979669970018));
#138 = CARTESIAN_POINT('',(-7.109861294174,-1.171892903188));
#139 = CARTESIAN_POINT('',(-7.102299676705,-1.362221524987));
#140 = CARTESIAN_POINT('',(-7.093718658655,-1.550345558531));
#141 = CARTESIAN_POINT('',(-7.084181960113,-1.735827985041));
#142 = CARTESIAN_POINT('',(-7.073728901983,-1.918768624875));
#143 = CARTESIAN_POINT('',(-7.06239784568,-2.099191187724));
#144 = CARTESIAN_POINT('',(-7.050226201401,-2.277086418962));
#145 = CARTESIAN_POINT('',(-7.03724825018,-2.452443639892));
#146 = CARTESIAN_POINT('',(-7.023495644618,-2.625242430085));
#147 = CARTESIAN_POINT('',(-7.008997185629,-2.795455063913));
#148 = CARTESIAN_POINT('',(-6.993778814795,-2.963045882272));
#149 = CARTESIAN_POINT('',(-6.977863455955,-3.127972263391));
#150 = CARTESIAN_POINT('',(-6.961271218065,-3.290182356146));
#151 = CARTESIAN_POINT('',(-6.944018260923,-3.449624258332));
#152 = CARTESIAN_POINT('',(-6.926120588023,-3.606212727986));
#153 = CARTESIAN_POINT('',(-6.90758103239,-3.75993858847));
#154 = CARTESIAN_POINT('',(-6.888396662458,-3.910787994693));
#155 = CARTESIAN_POINT('',(-6.868562671643,-4.058710825533));
#156 = CARTESIAN_POINT('',(-6.848071722342,-4.203627525063));
#157 = CARTESIAN_POINT('',(-6.826914477734,-4.345425542431));
#158 = CARTESIAN_POINT('',(-6.805079771884,-4.483958513794));
#159 = CARTESIAN_POINT('',(-6.782554879077,-4.619044462843));
#160 = CARTESIAN_POINT('',(-6.759325584138,-4.750464770356));
#161 = CARTESIAN_POINT('',(-6.735376781447,-4.877960634519));
#162 = CARTESIAN_POINT('',(-6.710690985491,-5.001238384599));
#163 = CARTESIAN_POINT('',(-6.685254489185,-5.119941475911));
#164 = CARTESIAN_POINT('',(-6.659031804291,-5.233760171256));
#165 = CARTESIAN_POINT('',(-6.632005990709,-5.342239405635));
#166 = CARTESIAN_POINT('',(-6.604163211507,-5.444866788931));
#167 = CARTESIAN_POINT('',(-6.57549028319,-5.541083451923));
#168 = CARTESIAN_POINT('',(-6.545966877102,-5.630302518304));
#169 = CARTESIAN_POINT('',(-6.515612084891,-5.711779341956));
#170 = CARTESIAN_POINT('',(-6.484458464843,-5.784739417912));
#171 = CARTESIAN_POINT('',(-6.452526236086,-5.848450585524));
#172 = CARTESIAN_POINT('',(-6.419826592713,-5.902175234068));
#173 = CARTESIAN_POINT('',(-6.38652297002,-5.944995518226));
#174 = CARTESIAN_POINT('',(-6.352746980112,-5.976235810544));
#175 = CARTESIAN_POINT('',(-6.318641120249,-5.995379969527));
#176 = CARTESIAN_POINT('',(-6.284319307265,-6.00209265707));
#177 = CARTESIAN_POINT('',(-6.249987702512,-5.99620836982));
#178 = CARTESIAN_POINT('',(-6.215869497828,-5.97787847777));
#179 = CARTESIAN_POINT('',(-6.182072513266,-5.94742970269));
#180 = CARTESIAN_POINT('',(-6.14873921553,-5.905365678073));
#181 = CARTESIAN_POINT('',(-6.115999271073,-5.852348441271));
#182 = CARTESIAN_POINT('',(-6.084015366575,-5.789279175585));
#183 = CARTESIAN_POINT('',(-6.052813158951,-5.716921736823));
#184 = CARTESIAN_POINT('',(-6.022407440927,-5.635999437391));
#185 = CARTESIAN_POINT('',(-5.992827668941,-5.547274156669));
#186 = CARTESIAN_POINT('',(-5.964102349179,-5.451519215978));
#187 = CARTESIAN_POINT('',(-5.936212727288,-5.349335286315));
#188 = CARTESIAN_POINT('',(-5.909138811332,-5.241260551596));
#189 = CARTESIAN_POINT('',(-5.882861530169,-5.127784970701));
#190 = CARTESIAN_POINT('',(-5.857362177802,-5.009348912583));
#191 = CARTESIAN_POINT('',(-5.832622612699,-4.886345790871));
#192 = CARTESIAN_POINT('',(-5.808625277323,-4.759123432901));
#193 = CARTESIAN_POINT('',(-5.785353291942,-4.627985614626));
#194 = CARTESIAN_POINT('',(-5.762790558029,-4.493193391655));
#195 = CARTESIAN_POINT('',(-5.740921895162,-4.354966364976));
#196 = CARTESIAN_POINT('',(-5.719733201177,-4.21348378783));
#197 = CARTESIAN_POINT('',(-5.699211674265,-4.068885840356));
#198 = CARTESIAN_POINT('',(-5.6793459747,-3.92127394999));
#199 = CARTESIAN_POINT('',(-5.66012679901,-3.770714410095));
#200 = CARTESIAN_POINT('',(-5.641546119824,-3.617229499889));
#201 = CARTESIAN_POINT('',(-5.623601627505,-3.460835131929));
#202 = CARTESIAN_POINT('',(-5.606281997285,-3.301404810026));
#203 = CARTESIAN_POINT('',(-5.589592404261,-3.138882866091));
#204 = CARTESIAN_POINT('',(-5.57356509723,-2.973435130988));
#205 = CARTESIAN_POINT('',(-5.558227495385,-2.805162536931));
#206 = CARTESIAN_POINT('',(-5.543610388575,-2.634174356445));
#207 = CARTESIAN_POINT('',(-5.529745652199,-2.460567441418));
#208 = CARTESIAN_POINT('',(-5.516666771401,-2.28443069689));
#209 = CARTESIAN_POINT('',(-5.504408611582,-2.105842863834));
#210 = CARTESIAN_POINT('',(-5.493007387096,-1.924872100632));
#211 = CARTESIAN_POINT('',(-5.482500580282,-1.741575351508));
#212 = CARTESIAN_POINT('',(-5.472926849372,-1.555997080499));
#213 = CARTESIAN_POINT('',(-5.464326020648,-1.368171089733));
#214 = CARTESIAN_POINT('',(-5.456738749244,-1.178110989652));
#215 = CARTESIAN_POINT('',(-5.450207423366,-0.985843353245));
#216 = CARTESIAN_POINT('',(-5.44477243947,-0.791281879704));
#217 = CARTESIAN_POINT('',(-5.440485778401,-0.594695255123));
#218 = CARTESIAN_POINT('',(-5.437400489975,-0.397116767145));
#219 = CARTESIAN_POINT('',(-5.435538653595,-0.198754379804));
#220 = CARTESIAN_POINT('',(-5.435122396783,-6.625600912794E-02));
#221 = CARTESIAN_POINT('',(-5.435123228198,-1.42108547152E-14));
#222 = ( GEOMETRIC_REPRESENTATION_CONTEXT(2) 
PARAMETRIC_REPRESENTATION_CONTEXT() REPRESENTATION_CONTEXT('2D SPACE',''
  ) );
#223 = PCURVE('',#224,#229);
#224 = CYLINDRICAL_SURFACE('',#225,6.);
#225 = AXIS2_PLACEMENT_3D('',#226,#227,#228);
#226 = CARTESIAN_POINT('',(600.,92.,165.));
#227 = DIRECTION('',(0.,0.,1.));
#228 = DIRECTION('',(1.,0.,-0.));
#229 = DEFINITIONAL_REPRESENTATION('',(#230),#322);
#230 = B_SPLINE_CURVE_WITH_KNOTS('',3,(#231,#232,#233,#234,#235,#236,
    #237,#238,#239,#240,#241,#242,#243,#244,#245,#246,#247,#248,#249,
    #250,#251,#252,#253,#254,#255,#256,#257,#258,#259,#260,#261,#262,
    #263,#264,#265,#266,#267,#268,#269,#270,#271,#272,#273,#274,#275,
    #276,#277,#278,#279,#280,#281,#282,#283,#284,#285,#286,#287,#288,
    #289,#290,#291,#292,#293,#294,#295,#296,#297,#298,#299,#300,#301,
    #302,#303,#304,#305,#306,#307,#308,#309,#310,#311,#312,#313,#314,
    #315,#316,#317,#318,#319,#320,#321),.UNSPECIFIED.,.F.,.F.,(4,1,1,1,1
    ,1,1,1,1,1,1,1,1,1,1,1,1,1,1,1,1,1,1,1,1,1,1,1,1,1,1,1,1,1,1,1,1,1,1
    ,1,1,1,1,1,1,1,1,1,1,1,1,1,1,1,1,1,1,1,1,1,1,1,1,1,1,1,1,1,1,1,1,1,1
    ,1,1,1,1,1,1,1,1,1,1,1,1,1,1,1,4),(0.,2.271025502603E-02,
    4.542051005205E-02,6.813076507808E-02,9.084102010411E-02,
    0.11355127513,0.136261530156,0.158971785182,0.181682040208,
    0.204392295234,0.22710255026,0.249812805286,0.272523060312,
    0.295233315338,0.317943570364,0.34065382539,0.363364080416,
    0.386074335442,0.408784590468,0.431494845495,0.454205100521,
    0.476915355547,0.499625610573,0.522335865599,0.545046120625,
    0.567756375651,0.590466630677,0.613176885703,0.635887140729,
    0.658597395755,0.681307650781,0.704017905807,0.726728160833,
    0.749438415859,0.772148670885,0.794858925911,0.817569180937,
    0.840279435963,0.862989690989,0.885699946015,0.908410201041,
    0.931120456067,0.953830711093,0.976540966119,0.999251221145,
    1.021961476171,1.044671731197,1.067381986223,1.090092241249,
    1.112802496275,1.135512751301,1.158223006327,1.180933261353,
    1.203643516379,1.226353771405,1.249064026431,1.271774281457,
    1.294484536484,1.31719479151,1.339905046536,1.362615301562,
    1.385325556588,1.408035811614,1.43074606664,1.453456321666,
    1.476166576692,1.498876831718,1.521587086744,1.54429734177,
    1.567007596796,1.589717851822,1.612428106848,1.635138361874,
    1.6578486169,1.680558871926,1.703269126952,1.725979381978,
    1.748689637004,1.77139989203,1.794110147056,1.816820402082,
    1.839530657108,1.862240912134,1.88495116716,1.907661422186,
    1.930371677212,1.953081932238,1.975792187264,1.99850244229),
  .QUASI_UNIFORM_KNOTS.);
#231 = CARTESIAN_POINT('',(0.,45.291502622129));
#232 = CARTESIAN_POINT('',(1.098501907262E-02,45.291497371174));
#233 = CARTESIAN_POINT('',(3.293547741372E-02,45.293969747264));
#234 = CARTESIAN_POINT('',(6.57994428252E-02,45.304985638594));
#235 = CARTESIAN_POINT('',(9.859980012518E-02,45.323192143332));
#236 = CARTESIAN_POINT('',(0.131330824935,45.348386472122));
#237 = CARTESIAN_POINT('',(0.163983332527,45.38031028971));
#238 = CARTESIAN_POINT('',(0.196544041387,45.41864385607));
#239 = CARTESIAN_POINT('',(0.228993298636,45.463007012537));
#240 = CARTESIAN_POINT('',(0.261309888193,45.512971665488));
#241 = CARTESIAN_POINT('',(0.293448568912,45.568023923897));
#242 = CARTESIAN_POINT('',(0.325455442137,45.62778380418));
#243 = CARTESIAN_POINT('',(0.357363989987,45.69186797058));
#244 = CARTESIAN_POINT('',(0.389202188733,45.759891468049));
#245 = CARTESIAN_POINT('',(0.420998303447,45.831480620907));
#246 = CARTESIAN_POINT('',(0.452779616649,45.906270536494));
#247 = CARTESIAN_POINT('',(0.484573069488,45.983906490906));
#248 = CARTESIAN_POINT('',(0.516405365144,46.064043887681));
#249 = CARTESIAN_POINT('',(0.548303399017,46.146348748854));
#250 = CARTESIAN_POINT('',(0.580294046473,46.230496209848));
#251 = CARTESIAN_POINT('',(0.612406355684,46.316175172894));
#252 = CARTESIAN_POINT('',(0.644664951752,46.403069018682));
#253 = CARTESIAN_POINT('',(0.677113227378,46.490916961383));
#254 = CARTESIAN_POINT('',(0.709798590804,46.579472116537));
#255 = CARTESIAN_POINT('',(0.742766273339,46.668480760073));
#256 = CARTESIAN_POINT('',(0.776061147505,46.75768343372));
#257 = CARTESIAN_POINT('',(0.809727387357,46.846810385423));
#258 = CARTESIAN_POINT('',(0.843808718289,46.935578754252));
#259 = CARTESIAN_POINT('',(0.878348459195,47.023689373293));
#260 = CARTESIAN_POINT('',(0.913389825282,47.110824287043));
#261 = CARTESIAN_POINT('',(0.948975446,47.196642723759));
#262 = CARTESIAN_POINT('',(0.985149845986,47.280783464383));
#263 = CARTESIAN_POINT('',(1.021950980283,47.36284410121));
#264 = CARTESIAN_POINT('',(1.059447115871,47.442456768274));
#265 = CARTESIAN_POINT('',(1.09767878843,47.519154328248));
#266 = CARTESIAN_POINT('',(1.136682401244,47.592428662399));
#267 = CARTESIAN_POINT('',(1.176494019586,47.661738583078));
#268 = CARTESIAN_POINT('',(1.217160313018,47.726523578511));
#269 = CARTESIAN_POINT('',(1.258675123785,47.786109741586));
#270 = CARTESIAN_POINT('',(1.301016822704,47.839802382157));
#271 = CARTESIAN_POINT('',(1.344183493477,47.886942212694));
#272 = CARTESIAN_POINT('',(1.388187734519,47.926873761057));
#273 = CARTESIAN_POINT('',(1.43284117074,47.958817258104));
#274 = CARTESIAN_POINT('',(1.478003080547,47.982186708225));
#275 = CARTESIAN_POINT('',(1.523521407491,47.996534262578));
#276 = CARTESIAN_POINT('',(1.569284557551,48.001569850506));
#277 = CARTESIAN_POINT('',(1.615059376577,47.9971555611));
#278 = CARTESIAN_POINT('',(1.660590051765,47.983417010953));
#279 = CARTESIAN_POINT('',(1.705773213037,47.960636218452));
#280 = CARTESIAN_POINT('',(1.75045700973,47.929250257126));
#281 = CARTESIAN_POINT('',(1.794503558022,47.889833819734));
#282 = CARTESIAN_POINT('',(1.837725879488,47.84315357872));
#283 = CARTESIAN_POINT('',(1.880117250932,47.78988385768));
#284 = CARTESIAN_POINT('',(1.921683211173,47.730676874594));
#285 = CARTESIAN_POINT('',(1.962406653333,47.666218001805));
#286 = CARTESIAN_POINT('',(2.002268626166,47.597201900382));
#287 = CARTESIAN_POINT('',(2.041313480748,47.524198596938));
#288 = CARTESIAN_POINT('',(2.079586785251,47.447734321641));
#289 = CARTESIAN_POINT('',(2.117132531673,47.36830149412));
#290 = CARTESIAN_POINT('',(2.153994291392,47.286358105408));
#291 = CARTESIAN_POINT('',(2.190215261166,47.202330078892));
#292 = CARTESIAN_POINT('',(2.225838573859,47.116612977193));
#293 = CARTESIAN_POINT('',(2.260907511578,47.029574054985));
#294 = CARTESIAN_POINT('',(2.295465724237,46.941554412611));
#295 = CARTESIAN_POINT('',(2.329557425529,46.852871352999));
#296 = CARTESIAN_POINT('',(2.363227591948,46.763820898882));
#297 = CARTESIAN_POINT('',(2.396522102724,46.674680661636));
#298 = CARTESIAN_POINT('',(2.429488052965,46.585712461411));
#299 = CARTESIAN_POINT('',(2.462173380265,46.497167030414));
#300 = CARTESIAN_POINT('',(2.494629017562,46.409282194078));
#301 = CARTESIAN_POINT('',(2.526901586696,46.322306741254));
#302 = CARTESIAN_POINT('',(2.559061368508,46.236429865999));
#303 = CARTESIAN_POINT('',(2.591158277554,46.151906626672));
#304 = CARTESIAN_POINT('',(2.623196234564,46.069123831495));
#305 = CARTESIAN_POINT('',(2.655191559479,45.988443094465));
#306 = CARTESIAN_POINT('',(2.687158082307,45.910240735859));
#307 = CARTESIAN_POINT('',(2.719111401577,45.83489604415));
#308 = CARTESIAN_POINT('',(2.751068000438,45.762793210508));
#309 = CARTESIAN_POINT('',(2.783045729339,45.694319438448));
#310 = CARTESIAN_POINT('',(2.815063927088,45.629863904438));
#311 = CARTESIAN_POINT('',(2.847143604511,45.569816360897));
#312 = CARTESIAN_POINT('',(2.879307744811,45.51456553729));
#313 = CARTESIAN_POINT('',(2.911581105109,45.464497922339));
#314 = CARTESIAN_POINT('',(2.943991954105,45.419994436724));
#315 = CARTESIAN_POINT('',(2.976566650314,45.381434373099));
#316 = CARTESIAN_POINT('',(3.00935103818,45.349171583927));
#317 = CARTESIAN_POINT('',(3.042331879361,45.323613615551));
#318 = CARTESIAN_POINT('',(3.075370198974,45.305157425431));
#319 = CARTESIAN_POINT('',(3.108466907939,45.293996771848));
#320 = CARTESIAN_POINT('',(3.130550018431,45.291495636477));
#321 = CARTESIAN_POINT('',(3.14159265359,45.291502622129));
#322 = ( GEOMETRIC_REPRESENTATION_CONTEXT(2) 
PARAMETRIC_REPRESENTATION_CONTEXT() REPRESENTATION_CONTEXT('2D SPACE',''
  ) );
#323 = ADVANCED_FACE('',(#324),#224,.F.);
#324 = FACE_BOUND('',#325,.F.);
#325 = EDGE_LOOP('',(#326,#349,#376,#377,#378,#399,#604,#627,#654,#655)
  );
#326 = ORIENTED_EDGE('',*,*,#327,.T.);
#327 = EDGE_CURVE('',#24,#328,#330,.T.);
#328 = VERTEX_POINT('',#329);
#329 = CARTESIAN_POINT('',(606.,92.,218.));
#330 = SEAM_CURVE('',#331,(#335,#342),.PCURVE_S1.);
#331 = LINE('',#332,#333);
#332 = CARTESIAN_POINT('',(606.,92.,165.));
#333 = VECTOR('',#334,1.);
#334 = DIRECTION('',(0.,0.,1.));
#335 = PCURVE('',#224,#336);
#336 = DEFINITIONAL_REPRESENTATION('',(#337),#341);
#337 = LINE('',#338,#339);
#338 = CARTESIAN_POINT('',(6.28318530718,-0.));
#339 = VECTOR('',#340,1.);
#340 = DIRECTION('',(0.,1.));
#341 = ( GEOMETRIC_REPRESENTATION_CONTEXT(2) 
PARAMETRIC_REPRESENTATION_CONTEXT() REPRESENTATION_CONTEXT('2D SPACE',''
  ) );
#342 = PCURVE('',#224,#343);
#343 = DEFINITIONAL_REPRESENTATION('',(#344),#348);
#344 = LINE('',#345,#346);
#345 = CARTESIAN_POINT('',(0.,-0.));
#346 = VECTOR('',#347,1.);
#347 = DIRECTION('',(0.,1.));
#348 = ( GEOMETRIC_REPRESENTATION_CONTEXT(2) 
PARAMETRIC_REPRESENTATION_CONTEXT() REPRESENTATION_CONTEXT('2D SPACE',''
  ) );
#349 = ORIENTED_EDGE('',*,*,#350,.F.);
#350 = EDGE_CURVE('',#328,#328,#351,.T.);
#351 = SURFACE_CURVE('',#352,(#357,#364),.PCURVE_S1.);
#352 = CIRCLE('',#353,6.);
#353 = AXIS2_PLACEMENT_3D('',#354,#355,#356);
#354 = CARTESIAN_POINT('',(600.,92.,218.));
#355 = DIRECTION('',(0.,0.,1.));
#356 = DIRECTION('',(1.,0.,-0.));
#357 = PCURVE('',#224,#358);
#358 = DEFINITIONAL_REPRESENTATION('',(#359),#363);
#359 = LINE('',#360,#361);
#360 = CARTESIAN_POINT('',(0.,53.));
#361 = VECTOR('',#362,1.);
#362 = DIRECTION('',(1.,0.));
#363 = ( GEOMETRIC_REPRESENTATION_CONTEXT(2) 
PARAMETRIC_REPRESENTATION_CONTEXT() REPRESENTATION_CONTEXT('2D SPACE',''
  ) );
#364 = PCURVE('',#365,#370);
#365 = PLANE('',#366);
#366 = AXIS2_PLACEMENT_3D('',#367,#368,#369);
#367 = CARTESIAN_POINT('',(585.,60.,218.));
#368 = DIRECTION('',(0.,0.,1.));
#369 = DIRECTION('',(1.,0.,-0.));
#370 = DEFINITIONAL_REPRESENTATION('',(#371),#375);
#371 = CIRCLE('',#372,6.);
#372 = AXIS2_PLACEMENT_2D('',#373,#374);
#373 = CARTESIAN_POINT('',(15.,32.));
#374 = DIRECTION('',(1.,0.));
#375 = ( GEOMETRIC_REPRESENTATION_CONTEXT(2) 
PARAMETRIC_REPRESENTATION_CONTEXT() REPRESENTATION_CONTEXT('2D SPACE',''
  ) );
#376 = ORIENTED_EDGE('',*,*,#327,.F.);
#377 = ORIENTED_EDGE('',*,*,#57,.T.);
#378 = ORIENTED_EDGE('',*,*,#379,.F.);
#379 = EDGE_CURVE('',#380,#22,#382,.T.);
#380 = VERTEX_POINT('',#381);
#381 = CARTESIAN_POINT('',(594.,92.,199.70849737787));
#382 = SURFACE_CURVE('',#383,(#387,#393),.PCURVE_S1.);
#383 = LINE('',#384,#385);
#384 = CARTESIAN_POINT('',(594.,92.,165.));
#385 = VECTOR('',#386,1.);
#386 = DIRECTION('',(0.,0.,1.));
#387 = PCURVE('',#224,#388);
#388 = DEFINITIONAL_REPRESENTATION('',(#389),#392);
#389 = B_SPLINE_CURVE_WITH_KNOTS('',1,(#390,#391),.UNSPECIFIED.,.F.,.F.,
  (2,2),(30.4,49.6),.PIECEWISE_BEZIER_KNOTS.);
#390 = CARTESIAN_POINT('',(3.14159265359,30.4));
#391 = CARTESIAN_POINT('',(3.14159265359,49.6));
#392 = ( GEOMETRIC_REPRESENTATION_CONTEXT(2) 
PARAMETRIC_REPRESENTATION_CONTEXT() REPRESENTATION_CONTEXT('2D SPACE',''
  ) );
#393 = PCURVE('',#45,#394);
#394 = DEFINITIONAL_REPRESENTATION('',(#395),#398);
#395 = B_SPLINE_CURVE_WITH_KNOTS('',1,(#396,#397),.UNSPECIFIED.,.F.,.F.,
  (2,2),(30.4,49.6),.PIECEWISE_BEZIER_KNOTS.);
#396 = CARTESIAN_POINT('',(-9.6,-6.));
#397 = CARTESIAN_POINT('',(9.6,-6.));
#398 = ( GEOMETRIC_REPRESENTATION_CONTEXT(2) 
PARAMETRIC_REPRESENTATION_CONTEXT() REPRESENTATION_CONTEXT('2D SPACE',''
  ) );
#399 = ORIENTED_EDGE('',*,*,#400,.F.);
#400 = EDGE_CURVE('',#401,#380,#403,.T.);
#401 = VERTEX_POINT('',#402);
#402 = CARTESIAN_POINT('',(606.,92.,199.70849737787));
#403 = SURFACE_CURVE('',#404,(#467,#533),.PCURVE_S1.);
#404 = B_SPLINE_CURVE_WITH_KNOTS('',7,(#405,#406,#407,#408,#409,#410,
    #411,#412,#413,#414,#415,#416,#417,#418,#419,#420,#421,#422,#423,
    #424,#425,#426,#427,#428,#429,#430,#431,#432,#433,#434,#435,#436,
    #437,#438,#439,#440,#441,#442,#443,#444,#445,#446,#447,#448,#449,
    #450,#451,#452,#453,#454,#455,#456,#457,#458,#459,#460,#461,#462,
    #463,#464,#465,#466),.UNSPECIFIED.,.F.,.F.,(8,6,6,6,6,6,6,6,6,6,8),(
    0.,9.699373131908E-02,0.215774703881,0.349521059584,0.399090569683,
    0.457880074188,0.54368815532,0.603278739022,0.785456124287,
    0.955862334869,1.),.UNSPECIFIED.);
#405 = CARTESIAN_POINT('',(606.,92.,199.70849737787));
#406 = CARTESIAN_POINT('',(606.,92.241085103567,199.70849737787));
#407 = CARTESIAN_POINT('',(605.98869866412,92.481535350396,
    199.69568297702));
#408 = CARTESIAN_POINT('',(605.9662022171,92.720726065114,
    199.67017404493));
#409 = CARTESIAN_POINT('',(605.9326610024,92.957982304745,
    199.63248984209));
#410 = CARTESIAN_POINT('',(605.88829065113,93.192519544151,
    199.58355091087));
#411 = CARTESIAN_POINT('',(605.83345814161,93.423387151866,
    199.52464915568));
#412 = CARTESIAN_POINT('',(605.68969086242,93.926213645699,
    199.37501409083));
#413 = CARTESIAN_POINT('',(605.59566994095,94.196427556818,
    199.27990215282));
#414 = CARTESIAN_POINT('',(605.48722224538,94.460122339912,
    199.1742097342));
#415 = CARTESIAN_POINT('',(605.3645617194,94.717246134276,
    199.06001015211));
#416 = CARTESIAN_POINT('',(605.2277427293,94.967632792615,
    198.93922349644));
#417 = CARTESIAN_POINT('',(605.076667426,95.211009459696,198.81360529212
    ));
#418 = CARTESIAN_POINT('',(604.72450609792,95.712740767451,
    198.53974706887));
#419 = CARTESIAN_POINT('',(604.51959648721,95.969006032508,
    198.39071224213));
#420 = CARTESIAN_POINT('',(604.29537791006,96.215989616874,
    198.23964225504));
#421 = CARTESIAN_POINT('',(604.05052105232,96.453250343926,
    198.08839578601));
#422 = CARTESIAN_POINT('',(603.78343198404,96.679619301461,
    197.93908105901));
#423 = CARTESIAN_POINT('',(603.49243129092,96.893062479415,
    197.7943207255));
#424 = CARTESIAN_POINT('',(603.05867197942,97.163684514832,
    197.60670190912));
#425 = CARTESIAN_POINT('',(602.93782584711,97.234700201219,
    197.55702577454));
#426 = CARTESIAN_POINT('',(602.81335501723,97.303383355613,
    197.50858459465));
#427 = CARTESIAN_POINT('',(602.68519772065,97.36954392505,
    197.46157033407));
#428 = CARTESIAN_POINT('',(602.5532997607,97.432972418871,
    197.41618882057));
#429 = CARTESIAN_POINT('',(602.41761464202,97.493439832607,
    197.37265968372));
#430 = CARTESIAN_POINT('',(602.11264353725,97.618605326315,
    197.2820643783));
#431 = CARTESIAN_POINT('',(601.94159378154,97.682083636119,
    197.23578441375));
#432 = CARTESIAN_POINT('',(601.76522248743,97.740550439398,
    197.19288546911));
#433 = CARTESIAN_POINT('',(601.58382346088,97.7934608358,197.15385281533
    ));
#434 = CARTESIAN_POINT('',(601.39771609568,97.840304382255,
    197.11914404072));
#435 = CARTESIAN_POINT('',(601.20724521032,97.880602388718,
    197.08918516654));
#436 = CARTESIAN_POINT('',(600.72894432663,97.962513406005,
    197.02814227586));
#437 = CARTESIAN_POINT('',(600.43676374366,97.996191390649,
    197.00288983418));
#438 = CARTESIAN_POINT('',(600.13955711806,98.013203824537,
    196.99007648135));
#439 = CARTESIAN_POINT('',(599.84071976686,98.012707716213,
    196.99045010317));
#440 = CARTESIAN_POINT('',(599.5436713913,97.994719237255,
    197.00399635956));
#441 = CARTESIAN_POINT('',(599.25180324174,97.960113307869,
    197.02993962316));
#442 = CARTESIAN_POINT('',(598.77162981829,97.876309629963,
    197.09237772557));
#443 = CARTESIAN_POINT('',(598.57899669713,97.834812508896,
    197.12321797919));
#444 = CARTESIAN_POINT('',(598.39089581735,97.786636837202,
    197.15889822799));
#445 = CARTESIAN_POINT('',(598.20767022622,97.732282282191,
    197.19897334177));
#446 = CARTESIAN_POINT('',(598.02963609721,97.672278764972,
    197.24296758035));
#447 = CARTESIAN_POINT('',(597.85708259146,97.607189290411,
    197.29037865692));
#448 = CARTESIAN_POINT('',(597.18030577067,97.324906901647,
    197.4944660864));
#449 = CARTESIAN_POINT('',(596.7222897114,97.069546832286,
    197.67580050664));
#450 = CARTESIAN_POINT('',(596.31349754238,96.783605573341,
    197.87329833527));
#451 = CARTESIAN_POINT('',(595.94956552616,96.474833496929,
    198.07860411671));
#452 = CARTESIAN_POINT('',(595.62594308547,96.147656911548,
    198.28576307914));
#453 = CARTESIAN_POINT('',(595.3385303434,95.803473845,198.4904602076));
#454 = CARTESIAN_POINT('',(594.84748820332,95.102073571694,
    198.87283928332));
#455 = CARTESIAN_POINT('',(594.63894596161,94.746137715911,
    199.05195623794));
#456 = CARTESIAN_POINT('',(594.45968866553,94.375295078127,
    199.21974664709));
#457 = CARTESIAN_POINT('',(594.31027842153,93.99130756409,
    199.37010054771));
#458 = CARTESIAN_POINT('',(594.1912610625,93.595360192869,
    199.49656153296));
#459 = CARTESIAN_POINT('',(594.10355129526,93.187821662967,
    199.59273988749));
#460 = CARTESIAN_POINT('',(594.03534780514,92.659495931662,
    199.66864323877));
#461 = CARTESIAN_POINT('',(594.02360339019,92.550278925629,
    199.68180981703));
#462 = CARTESIAN_POINT('',(594.01417765749,92.440645590192,
    199.69243655046));
#463 = CARTESIAN_POINT('',(594.00709328779,92.330701332945,
    199.70045424915));
#464 = CARTESIAN_POINT('',(594.00236489089,92.220547694806,
    199.70581595693));
#465 = CARTESIAN_POINT('',(593.99999998897,92.110282398991,
    199.70849739037));
#466 = CARTESIAN_POINT('',(594.,91.9999994,199.70849737787));
#467 = PCURVE('',#224,#468);
#468 = DEFINITIONAL_REPRESENTATION('',(#469),#532);
#469 = B_SPLINE_CURVE_WITH_KNOTS('',7,(#470,#471,#472,#473,#474,#475,
    #476,#477,#478,#479,#480,#481,#482,#483,#484,#485,#486,#487,#488,
    #489,#490,#491,#492,#493,#494,#495,#496,#497,#498,#499,#500,#501,
    #502,#503,#504,#505,#506,#507,#508,#509,#510,#511,#512,#513,#514,
    #515,#516,#517,#518,#519,#520,#521,#522,#523,#524,#525,#526,#527,
    #528,#529,#530,#531),.UNSPECIFIED.,.F.,.F.,(8,6,6,6,6,6,6,6,6,6,8),(
    0.,9.699373131908E-02,0.215774703881,0.349521059584,0.399090569683,
    0.457880074188,0.54368815532,0.603278739022,0.785456124287,
    0.955862334869,1.),.UNSPECIFIED.);
#470 = CARTESIAN_POINT('',(0.,34.708497377871));
#471 = CARTESIAN_POINT('',(4.018085059456E-02,34.708497377871));
#472 = CARTESIAN_POINT('',(8.025584224525E-02,34.695682977022));
#473 = CARTESIAN_POINT('',(0.12022709048,34.670174044938));
#474 = CARTESIAN_POINT('',(0.16008492494,34.632489842095));
#475 = CARTESIAN_POINT('',(0.199799748484,34.583550910871));
#476 = CARTESIAN_POINT('',(0.239307430489,34.524649155685));
#477 = CARTESIAN_POINT('',(0.326470036109,34.375014090838));
#478 = CARTESIAN_POINT('',(0.374078404877,34.279902152822));
#479 = CARTESIAN_POINT('',(0.421483169929,34.1742097342));
#480 = CARTESIAN_POINT('',(0.468835044876,34.060010152118));
#481 = CARTESIAN_POINT('',(0.516273551829,33.939223496441));
#482 = CARTESIAN_POINT('',(0.563939899846,33.813605292127));
#483 = CARTESIAN_POINT('',(0.666104242693,33.539747068879));
#484 = CARTESIAN_POINT('',(0.720683538841,33.390712242139));
#485 = CARTESIAN_POINT('',(0.776103600331,33.239642255048));
#486 = CARTESIAN_POINT('',(0.832712343346,33.088395786014));
#487 = CARTESIAN_POINT('',(0.890841957626,32.939081059016));
#488 = CARTESIAN_POINT('',(0.950820678016,32.794320725508));
#489 = CARTESIAN_POINT('',(1.036030130148,32.606701909125));
#490 = CARTESIAN_POINT('',(1.059383213274,32.557025774541));
#491 = CARTESIAN_POINT('',(1.083063059132,32.50858459465));
#492 = CARTESIAN_POINT('',(1.107084021969,32.461570334077));
#493 = CARTESIAN_POINT('',(1.131460563412,32.41618882057));
#494 = CARTESIAN_POINT('',(1.156207739398,32.37265968372));
#495 = CARTESIAN_POINT('',(1.211150582314,32.282064378309));
#496 = CARTESIAN_POINT('',(1.24154100471,32.235784413754));
#497 = CARTESIAN_POINT('',(1.272478099314,32.192885469118));
#498 = CARTESIAN_POINT('',(1.303932887503,32.153852815335));
#499 = CARTESIAN_POINT('',(1.33588158676,32.119144040724));
#500 = CARTESIAN_POINT('',(1.368304930428,32.089185166545));
#501 = CARTESIAN_POINT('',(1.449182263829,32.028142275863));
#502 = CARTESIAN_POINT('',(1.498127729349,32.002889834186));
#503 = CARTESIAN_POINT('',(1.547610564474,31.990076481359));
#504 = CARTESIAN_POINT('',(1.597262101735,31.990450103171));
#505 = CARTESIAN_POINT('',(1.646728401474,32.003996359568));
#506 = CARTESIAN_POINT('',(1.695640370371,32.029939623167));
#507 = CARTESIAN_POINT('',(1.776878971797,32.092377725577));
#508 = CARTESIAN_POINT('',(1.809695530427,32.123217979193));
#509 = CARTESIAN_POINT('',(1.842019573064,32.158898227998));
#510 = CARTESIAN_POINT('',(1.873833027894,32.198973341777));
#511 = CARTESIAN_POINT('',(1.905113140062,32.242967580359));
#512 = CARTESIAN_POINT('',(1.935831834857,32.290378656923));
#513 = CARTESIAN_POINT('',(2.058046378927,32.494466086406));
#514 = CARTESIAN_POINT('',(2.144883384974,32.675800506641));
#515 = CARTESIAN_POINT('',(2.227385521602,32.873298335273));
#516 = CARTESIAN_POINT('',(2.306351385514,33.078604116717));
#517 = CARTESIAN_POINT('',(2.382610398099,33.285763079145));
#518 = CARTESIAN_POINT('',(2.457075044865,33.490460207601));
#519 = CARTESIAN_POINT('',(2.599775656747,33.872839283324));
#520 = CARTESIAN_POINT('',(2.668306134383,34.051956237944));
#521 = CARTESIAN_POINT('',(2.736608782544,34.219746647097));
#522 = CARTESIAN_POINT('',(2.804893517727,34.370100547712));
#523 = CARTESIAN_POINT('',(2.873453906798,34.496561532968));
#524 = CARTESIAN_POINT('',(2.942689624638,34.592739887495));
#525 = CARTESIAN_POINT('',(3.031474601223,34.668643238771));
#526 = CARTESIAN_POINT('',(3.049778235101,34.681809817035));
#527 = CARTESIAN_POINT('',(3.06811116888,34.692436550464));
#528 = CARTESIAN_POINT('',(3.086465624285,34.700454249158));
#529 = CARTESIAN_POINT('',(3.104834702055,34.705815956935));
#530 = CARTESIAN_POINT('',(3.123212253758,34.708497390376));
#531 = CARTESIAN_POINT('',(3.14159275359,34.708497377871));
#532 = ( GEOMETRIC_REPRESENTATION_CONTEXT(2) 
PARAMETRIC_REPRESENTATION_CONTEXT() REPRESENTATION_CONTEXT('2D SPACE',''
  ) );
#533 = PCURVE('',#534,#539);
#534 = CYLINDRICAL_SURFACE('',#535,8.);
#535 = AXIS2_PLACEMENT_3D('',#536,#537,#538);
#536 = CARTESIAN_POINT('',(600.,92.,205.));
#537 = DIRECTION('',(-0.,-1.,-0.));
#538 = DIRECTION('',(0.,-0.,1.));
#539 = DEFINITIONAL_REPRESENTATION('',(#540),#603);
#540 = B_SPLINE_CURVE_WITH_KNOTS('',7,(#541,#542,#543,#544,#545,#546,
    #547,#548,#549,#550,#551,#552,#553,#554,#555,#556,#557,#558,#559,
    #560,#561,#562,#563,#564,#565,#566,#567,#568,#569,#570,#571,#572,
    #573,#574,#575,#576,#577,#578,#579,#580,#581,#582,#583,#584,#585,
    #586,#587,#588,#589,#590,#591,#592,#593,#594,#595,#596,#597,#598,
    #599,#600,#601,#602),.UNSPECIFIED.,.F.,.F.,(8,6,6,6,6,6,6,6,6,6,8),(
    0.,9.699373131908E-02,0.215774703881,0.349521059584,0.399090569683,
    0.457880074188,0.54368815532,0.603278739022,0.785456124287,
    0.955862334869,1.),.UNSPECIFIED.);
#541 = CARTESIAN_POINT('',(-2.293530574608,1.7763568394E-15));
#542 = CARTESIAN_POINT('',(-2.293530574608,-0.241085103567));
#543 = CARTESIAN_POINT('',(-2.295666292297,-0.481535350396));
#544 = CARTESIAN_POINT('',(-2.299917834991,-0.720726065114));
#545 = CARTESIAN_POINT('',(-2.306223808204,-0.957982304745));
#546 = CARTESIAN_POINT('',(-2.314480376511,-1.192519544151));
#547 = CARTESIAN_POINT('',(-2.324538314268,-1.423387151866));
#548 = CARTESIAN_POINT('',(-2.350476848343,-1.926213645699));
#549 = CARTESIAN_POINT('',(-2.367192601156,-2.196427556818));
#550 = CARTESIAN_POINT('',(-2.386116106942,-2.460122339912));
#551 = CARTESIAN_POINT('',(-2.407054314289,-2.717246134276));
#552 = CARTESIAN_POINT('',(-2.429852831243,-2.967632792615));
#553 = CARTESIAN_POINT('',(-2.454399518756,-3.211009459696));
#554 = CARTESIAN_POINT('',(-2.510163520282,-3.712740767451));
#555 = CARTESIAN_POINT('',(-2.541819170832,-3.969006032508));
#556 = CARTESIAN_POINT('',(-2.575578289175,-4.215989616874));
#557 = CARTESIAN_POINT('',(-2.611498966531,-4.453250343926));
#558 = CARTESIAN_POINT('',(-2.64968180571,-4.679619301461));
#559 = CARTESIAN_POINT('',(-2.690251277069,-4.893062479415));
#560 = CARTESIAN_POINT('',(-2.749325906852,-5.163684514832));
#561 = CARTESIAN_POINT('',(-2.765655437794,-5.234700201219));
#562 = CARTESIAN_POINT('',(-2.782346201875,-5.303383355613));
#563 = CARTESIAN_POINT('',(-2.799403740411,-5.36954392505));
#564 = CARTESIAN_POINT('',(-2.81683358086,-5.432972418871));
#565 = CARTESIAN_POINT('',(-2.834641453779,-5.493439832607));
#566 = CARTESIAN_POINT('',(-2.874409312209,-5.618605326315));
#567 = CARTESIAN_POINT('',(-2.896552670494,-5.682083636119));
#568 = CARTESIAN_POINT('',(-2.919229700618,-5.740550439398));
#569 = CARTESIAN_POINT('',(-2.942408275595,-5.7934608358));
#570 = CARTESIAN_POINT('',(-2.966057837987,-5.840304382255));
#571 = CARTESIAN_POINT('',(-2.990149212442,-5.880602388718));
#572 = CARTESIAN_POINT('',(-3.05042176655,-5.962513406004));
#573 = CARTESIAN_POINT('',(-3.087050151299,-5.996191390649));
#574 = CARTESIAN_POINT('',(-3.124179383642,-6.013203824537));
#575 = CARTESIAN_POINT('',(-3.16146827175,-6.012707716213));
#576 = CARTESIAN_POINT('',(-3.198581920436,-5.994719237255));
#577 = CARTESIAN_POINT('',(-3.235179076317,-5.960113307869));
#578 = CARTESIAN_POINT('',(-3.295706063224,-5.876309629963));
#579 = CARTESIAN_POINT('',(-3.320081258441,-5.834812508896));
#580 = CARTESIAN_POINT('',(-3.343997638418,-5.786636837202));
#581 = CARTESIAN_POINT('',(-3.36742647445,-5.732282282191));
#582 = CARTESIAN_POINT('',(-3.390337615697,-5.672278764972));
#583 = CARTESIAN_POINT('',(-3.412699330014,-5.607189290411));
#584 = CARTESIAN_POINT('',(-3.501059260133,-5.324906901647));
#585 = CARTESIAN_POINT('',(-3.562417480856,-5.069546832285));
#586 = CARTESIAN_POINT('',(-3.618949942906,-4.783605573342));
#587 = CARTESIAN_POINT('',(-3.671020008207,-4.474833496929));
#588 = CARTESIAN_POINT('',(-3.718953011364,-4.147656911548));
#589 = CARTESIAN_POINT('',(-3.763019635186,-3.803473845));
#590 = CARTESIAN_POINT('',(-3.840815054083,-3.102073571694));
#591 = CARTESIAN_POINT('',(-3.875138625608,-2.746137715911));
#592 = CARTESIAN_POINT('',(-3.905790600725,-2.375295078126));
#593 = CARTESIAN_POINT('',(-3.932266371094,-1.991307564091));
#594 = CARTESIAN_POINT('',(-3.953970007708,-1.595360192868));
#595 = CARTESIAN_POINT('',(-3.970240305012,-1.187821662967));
#596 = CARTESIAN_POINT('',(-3.98299583984,-0.659495931662));
#597 = CARTESIAN_POINT('',(-3.985201253103,-0.550278925629));
#598 = CARTESIAN_POINT('',(-3.986976824278,-0.440645590192));
#599 = CARTESIAN_POINT('',(-3.988314217027,-0.330701332945));
#600 = CARTESIAN_POINT('',(-3.989207822033,-0.220547694806));
#601 = CARTESIAN_POINT('',(-3.989654734655,-0.110282398991));
#602 = CARTESIAN_POINT('',(-3.989654732571,5.999999999062E-07));
#603 = ( GEOMETRIC_REPRESENTATION_CONTEXT(2) 
PARAMETRIC_REPRESENTATION_CONTEXT() REPRESENTATION_CONTEXT('2D SPACE',''
  ) );
#604 = ORIENTED_EDGE('',*,*,#605,.F.);
#605 = EDGE_CURVE('',#606,#401,#608,.T.);
#606 = VERTEX_POINT('',#607);
#607 = CARTESIAN_POINT('',(606.,92.,172.));
#608 = SEAM_CURVE('',#609,(#613,#620),.PCURVE_S1.);
#609 = LINE('',#610,#611);
#610 = CARTESIAN_POINT('',(606.,92.,165.));
#611 = VECTOR('',#612,1.);
#612 = DIRECTION('',(0.,0.,1.));
#613 = PCURVE('',#224,#614);
#614 = DEFINITIONAL_REPRESENTATION('',(#615),#619);
#615 = LINE('',#616,#617);
#616 = CARTESIAN_POINT('',(0.,-0.));
#617 = VECTOR('',#618,1.);
#618 = DIRECTION('',(0.,1.));
#619 = ( GEOMETRIC_REPRESENTATION_CONTEXT(2) 
PARAMETRIC_REPRESENTATION_CONTEXT() REPRESENTATION_CONTEXT('2D SPACE',''
  ) );
#620 = PCURVE('',#224,#621);
#621 = DEFINITIONAL_REPRESENTATION('',(#622),#626);
#622 = LINE('',#623,#624);
#623 = CARTESIAN_POINT('',(6.28318530718,-0.));
#624 = VECTOR('',#625,1.);
#625 = DIRECTION('',(0.,1.));
#626 = ( GEOMETRIC_REPRESENTATION_CONTEXT(2) 
PARAMETRIC_REPRESENTATION_CONTEXT() REPRESENTATION_CONTEXT('2D SPACE',''
  ) );
#627 = ORIENTED_EDGE('',*,*,#628,.T.);
#628 = EDGE_CURVE('',#606,#606,#629,.T.);
#629 = SURFACE_CURVE('',#630,(#635,#642),.PCURVE_S1.);
#630 = CIRCLE('',#631,6.);
#631 = AXIS2_PLACEMENT_3D('',#632,#633,#634);
#632 = CARTESIAN_POINT('',(600.,92.,172.));
#633 = DIRECTION('',(0.,0.,1.));
#634 = DIRECTION('',(1.,0.,-0.));
#635 = PCURVE('',#224,#636);
#636 = DEFINITIONAL_REPRESENTATION('',(#637),#641);
#637 = LINE('',#638,#639);
#638 = CARTESIAN_POINT('',(0.,7.));
#639 = VECTOR('',#640,1.);
#640 = DIRECTION('',(1.,0.));
#641 = ( GEOMETRIC_REPRESENTATION_CONTEXT(2) 
PARAMETRIC_REPRESENTATION_CONTEXT() REPRESENTATION_CONTEXT('2D SPACE',''
  ) );
#642 = PCURVE('',#643,#648);
#643 = PLANE('',#644);
#644 = AXIS2_PLACEMENT_3D('',#645,#646,#647);
#645 = CARTESIAN_POINT('',(585.,60.,172.));
#646 = DIRECTION('',(0.,0.,1.));
#647 = DIRECTION('',(1.,0.,-0.));
#648 = DEFINITIONAL_REPRESENTATION('',(#649),#653);
#649 = CIRCLE('',#650,6.);
#650 = AXIS2_PLACEMENT_2D('',#651,#652);
#651 = CARTESIAN_POINT('',(15.,32.));
#652 = DIRECTION('',(1.,0.));
#653 = ( GEOMETRIC_REPRESENTATION_CONTEXT(2) 
PARAMETRIC_REPRESENTATION_CONTEXT() REPRESENTATION_CONTEXT('2D SPACE',''
  ) );
#654 = ORIENTED_EDGE('',*,*,#605,.T.);
#655 = ORIENTED_EDGE('',*,*,#656,.T.);
#656 = EDGE_CURVE('',#401,#24,#657,.T.);
#657 = SURFACE_CURVE('',#658,(#662,#669),.PCURVE_S1.);
#658 = LINE('',#659,#660);
#659 = CARTESIAN_POINT('',(606.,92.,165.));
#660 = VECTOR('',#661,1.);
#661 = DIRECTION('',(0.,0.,1.));
#662 = PCURVE('',#224,#663);
#663 = DEFINITIONAL_REPRESENTATION('',(#664),#668);
#664 = LINE('',#665,#666);
#665 = CARTESIAN_POINT('',(6.28318530718,-0.));
#666 = VECTOR('',#667,1.);
#667 = DIRECTION('',(0.,1.));
#668 = ( GEOMETRIC_REPRESENTATION_CONTEXT(2) 
PARAMETRIC_REPRESENTATION_CONTEXT() REPRESENTATION_CONTEXT('2D SPACE',''
  ) );
#669 = PCURVE('',#45,#670);
#670 = DEFINITIONAL_REPRESENTATION('',(#671),#675);
#671 = LINE('',#672,#673);
#672 = CARTESIAN_POINT('',(-40.,6.));
#673 = VECTOR('',#674,1.);
#674 = DIRECTION('',(1.,0.));
#675 = ( GEOMETRIC_REPRESENTATION_CONTEXT(2) 
PARAMETRIC_REPRESENTATION_CONTEXT() REPRESENTATION_CONTEXT('2D SPACE',''
  ) );
#676 = ADVANCED_FACE('',(#677,#791),#643,.F.);
#677 = FACE_BOUND('',#678,.F.);
#678 = EDGE_LOOP('',(#679,#709,#737,#765));
#679 = ORIENTED_EDGE('',*,*,#680,.F.);
#680 = EDGE_CURVE('',#681,#683,#685,.T.);
#681 = VERTEX_POINT('',#682);
#682 = CARTESIAN_POINT('',(585.,60.,172.));
#683 = VERTEX_POINT('',#684);
#684 = CARTESIAN_POINT('',(585.,100.,172.));
#685 = SURFACE_CURVE('',#686,(#690,#697),.PCURVE_S1.);
#686 = LINE('',#687,#688);
#687 = CARTESIAN_POINT('',(585.,60.,172.));
#688 = VECTOR('',#689,1.);
#689 = DIRECTION('',(-0.,1.,0.));
#690 = PCURVE('',#643,#691);
#691 = DEFINITIONAL_REPRESENTATION('',(#692),#696);
#692 = LINE('',#693,#694);
#693 = CARTESIAN_POINT('',(0.,0.));
#694 = VECTOR('',#695,1.);
#695 = DIRECTION('',(0.,1.));
#696 = ( GEOMETRIC_REPRESENTATION_CONTEXT(2) 
PARAMETRIC_REPRESENTATION_CONTEXT() REPRESENTATION_CONTEXT('2D SPACE',''
  ) );
#697 = PCURVE('',#698,#703);
#698 = PLANE('',#699);
#699 = AXIS2_PLACEMENT_3D('',#700,#701,#702);
#700 = CARTESIAN_POINT('',(585.,60.,172.));
#701 = DIRECTION('',(1.,0.,-0.));
#702 = DIRECTION('',(0.,0.,1.));
#703 = DEFINITIONAL_REPRESENTATION('',(#704),#708);
#704 = LINE('',#705,#706);
#705 = CARTESIAN_POINT('',(0.,0.));
#706 = VECTOR('',#707,1.);
#707 = DIRECTION('',(0.,-1.));
#708 = ( GEOMETRIC_REPRESENTATION_CONTEXT(2) 
PARAMETRIC_REPRESENTATION_CONTEXT() REPRESENTATION_CONTEXT('2D SPACE',''
  ) );
#709 = ORIENTED_EDGE('',*,*,#710,.T.);
#710 = EDGE_CURVE('',#681,#711,#713,.T.);
#711 = VERTEX_POINT('',#712);
#712 = CARTESIAN_POINT('',(615.,60.,172.));
#713 = SURFACE_CURVE('',#714,(#718,#725),.PCURVE_S1.);
#714 = LINE('',#715,#716);
#715 = CARTESIAN_POINT('',(585.,60.,172.));
#716 = VECTOR('',#717,1.);
#717 = DIRECTION('',(1.,0.,-0.));
#718 = PCURVE('',#643,#719);
#719 = DEFINITIONAL_REPRESENTATION('',(#720),#724);
#720 = LINE('',#721,#722);
#721 = CARTESIAN_POINT('',(0.,0.));
#722 = VECTOR('',#723,1.);
#723 = DIRECTION('',(1.,0.));
#724 = ( GEOMETRIC_REPRESENTATION_CONTEXT(2) 
PARAMETRIC_REPRESENTATION_CONTEXT() REPRESENTATION_CONTEXT('2D SPACE',''
  ) );
#725 = PCURVE('',#726,#731);
#726 = PLANE('',#727);
#727 = AXIS2_PLACEMENT_3D('',#728,#729,#730);
#728 = CARTESIAN_POINT('',(585.,60.,172.));
#729 = DIRECTION('',(-0.,1.,0.));
#730 = DIRECTION('',(0.,0.,1.));
#731 = DEFINITIONAL_REPRESENTATION('',(#732),#736);
#732 = LINE('',#733,#734);
#733 = CARTESIAN_POINT('',(0.,0.));
#734 = VECTOR('',#735,1.);
#735 = DIRECTION('',(0.,1.));
#736 = ( GEOMETRIC_REPRESENTATION_CONTEXT(2) 
PARAMETRIC_REPRESENTATION_CONTEXT() REPRESENTATION_CONTEXT('2D SPACE',''
  ) );
#737 = ORIENTED_EDGE('',*,*,#738,.T.);
#738 = EDGE_CURVE('',#711,#739,#741,.T.);
#739 = VERTEX_POINT('',#740);
#740 = CARTESIAN_POINT('',(615.,100.,172.));
#741 = SURFACE_CURVE('',#742,(#746,#753),.PCURVE_S1.);
#742 = LINE('',#743,#744);
#743 = CARTESIAN_POINT('',(615.,60.,172.));
#744 = VECTOR('',#745,1.);
#745 = DIRECTION('',(-0.,1.,0.));
#746 = PCURVE('',#643,#747);
#747 = DEFINITIONAL_REPRESENTATION('',(#748),#752);
#748 = LINE('',#749,#750);
#749 = CARTESIAN_POINT('',(30.,0.));
#750 = VECTOR('',#751,1.);
#751 = DIRECTION('',(0.,1.));
#752 = ( GEOMETRIC_REPRESENTATION_CONTEXT(2) 
PARAMETRIC_REPRESENTATION_CONTEXT() REPRESENTATION_CONTEXT('2D SPACE',''
  ) );
#753 = PCURVE('',#754,#759);
#754 = PLANE('',#755);
#755 = AXIS2_PLACEMENT_3D('',#756,#757,#758);
#756 = CARTESIAN_POINT('',(615.,60.,172.));
#757 = DIRECTION('',(1.,0.,-0.));
#758 = DIRECTION('',(0.,0.,1.));
#759 = DEFINITIONAL_REPRESENTATION('',(#760),#764);
#760 = LINE('',#761,#762);
#761 = CARTESIAN_POINT('',(0.,0.));
#762 = VECTOR('',#763,1.);
#763 = DIRECTION('',(0.,-1.));
#764 = ( GEOMETRIC_REPRESENTATION_CONTEXT(2) 
PARAMETRIC_REPRESENTATION_CONTEXT() REPRESENTATION_CONTEXT('2D SPACE',''
  ) );
#765 = ORIENTED_EDGE('',*,*,#766,.F.);
#766 = EDGE_CURVE('',#683,#739,#767,.T.);
#767 = SURFACE_CURVE('',#768,(#772,#779),.PCURVE_S1.);
#768 = LINE('',#769,#770);
#769 = CARTESIAN_POINT('',(585.,100.,172.));
#770 = VECTOR('',#771,1.);
#771 = DIRECTION('',(1.,0.,-0.));
#772 = PCURVE('',#643,#773);
#773 = DEFINITIONAL_REPRESENTATION('',(#774),#778);
#774 = LINE('',#775,#776);
#775 = CARTESIAN_POINT('',(0.,40.));
#776 = VECTOR('',#777,1.);
#777 = DIRECTION('',(1.,0.));
#778 = ( GEOMETRIC_REPRESENTATION_CONTEXT(2) 
PARAMETRIC_REPRESENTATION_CONTEXT() REPRESENTATION_CONTEXT('2D SPACE',''
  ) );
#779 = PCURVE('',#780,#785);
#780 = PLANE('',#781);
#781 = AXIS2_PLACEMENT_3D('',#782,#783,#784);
#782 = CARTESIAN_POINT('',(585.,100.,172.));
#783 = DIRECTION('',(-0.,1.,0.));
#784 = DIRECTION('',(0.,0.,1.));
#785 = DEFINITIONAL_REPRESENTATION('',(#786),#790);
#786 = LINE('',#787,#788);
#787 = CARTESIAN_POINT('',(0.,0.));
#788 = VECTOR('',#789,1.);
#789 = DIRECTION('',(0.,1.));
#790 = ( GEOMETRIC_REPRESENTATION_CONTEXT(2) 
PARAMETRIC_REPRESENTATION_CONTEXT() REPRESENTATION_CONTEXT('2D SPACE',''
  ) );
#791 = FACE_BOUND('',#792,.F.);
#792 = EDGE_LOOP('',(#793));
#793 = ORIENTED_EDGE('',*,*,#628,.F.);
#794 = ADVANCED_FACE('',(#795),#754,.T.);
#795 = FACE_BOUND('',#796,.T.);
#796 = EDGE_LOOP('',(#797,#820,#821,#844));
#797 = ORIENTED_EDGE('',*,*,#798,.F.);
#798 = EDGE_CURVE('',#711,#799,#801,.T.);
#799 = VERTEX_POINT('',#800);
#800 = CARTESIAN_POINT('',(615.,60.,218.));
#801 = SURFACE_CURVE('',#802,(#806,#813),.PCURVE_S1.);
#802 = LINE('',#803,#804);
#803 = CARTESIAN_POINT('',(615.,60.,172.));
#804 = VECTOR('',#805,1.);
#805 = DIRECTION('',(0.,0.,1.));
#806 = PCURVE('',#754,#807);
#807 = DEFINITIONAL_REPRESENTATION('',(#808),#812);
#808 = LINE('',#809,#810);
#809 = CARTESIAN_POINT('',(0.,0.));
#810 = VECTOR('',#811,1.);
#811 = DIRECTION('',(1.,0.));
#812 = ( GEOMETRIC_REPRESENTATION_CONTEXT(2) 
PARAMETRIC_REPRESENTATION_CONTEXT() REPRESENTATION_CONTEXT('2D SPACE',''
  ) );
#813 = PCURVE('',#726,#814);
#814 = DEFINITIONAL_REPRESENTATION('',(#815),#819);
#815 = LINE('',#816,#817);
#816 = CARTESIAN_POINT('',(0.,30.));
#817 = VECTOR('',#818,1.);
#818 = DIRECTION('',(1.,0.));
#819 = ( GEOMETRIC_REPRESENTATION_CONTEXT(2) 
PARAMETRIC_REPRESENTATION_CONTEXT() REPRESENTATION_CONTEXT('2D SPACE',''
  ) );
#820 = ORIENTED_EDGE('',*,*,#738,.T.);
#821 = ORIENTED_EDGE('',*,*,#822,.T.);
#822 = EDGE_CURVE('',#739,#823,#825,.T.);
#823 = VERTEX_POINT('',#824);
#824 = CARTESIAN_POINT('',(615.,100.,218.));
#825 = SURFACE_CURVE('',#826,(#830,#837),.PCURVE_S1.);
#826 = LINE('',#827,#828);
#827 = CARTESIAN_POINT('',(615.,100.,172.));
#828 = VECTOR('',#829,1.);
#829 = DIRECTION('',(0.,0.,1.));
#830 = PCURVE('',#754,#831);
#831 = DEFINITIONAL_REPRESENTATION('',(#832),#836);
#832 = LINE('',#833,#834);
#833 = CARTESIAN_POINT('',(0.,-40.));
#834 = VECTOR('',#835,1.);
#835 = DIRECTION('',(1.,0.));
#836 = ( GEOMETRIC_REPRESENTATION_CONTEXT(2) 
PARAMETRIC_REPRESENTATION_CONTEXT() REPRESENTATION_CONTEXT('2D SPACE',''
  ) );
#837 = PCURVE('',#780,#838);
#838 = DEFINITIONAL_REPRESENTATION('',(#839),#843);
#839 = LINE('',#840,#841);
#840 = CARTESIAN_POINT('',(0.,30.));
#841 = VECTOR('',#842,1.);
#842 = DIRECTION('',(1.,0.));
#843 = ( GEOMETRIC_REPRESENTATION_CONTEXT(2) 
PARAMETRIC_REPRESENTATION_CONTEXT() REPRESENTATION_CONTEXT('2D SPACE',''
  ) );
#844 = ORIENTED_EDGE('',*,*,#845,.F.);
#845 = EDGE_CURVE('',#799,#823,#846,.T.);
#846 = SURFACE_CURVE('',#847,(#851,#858),.PCURVE_S1.);
#847 = LINE('',#848,#849);
#848 = CARTESIAN_POINT('',(615.,60.,218.));
#849 = VECTOR('',#850,1.);
#850 = DIRECTION('',(-0.,1.,0.));
#851 = PCURVE('',#754,#852);
#852 = DEFINITIONAL_REPRESENTATION('',(#853),#857);
#853 = LINE('',#854,#855);
#854 = CARTESIAN_POINT('',(46.,0.));
#855 = VECTOR('',#856,1.);
#856 = DIRECTION('',(0.,-1.));
#857 = ( GEOMETRIC_REPRESENTATION_CONTEXT(2) 
PARAMETRIC_REPRESENTATION_CONTEXT() REPRESENTATION_CONTEXT('2D SPACE',''
  ) );
#858 = PCURVE('',#365,#859);
#859 = DEFINITIONAL_REPRESENTATION('',(#860),#864);
#860 = LINE('',#861,#862);
#861 = CARTESIAN_POINT('',(30.,0.));
#862 = VECTOR('',#863,1.);
#863 = DIRECTION('',(0.,1.));
#864 = ( GEOMETRIC_REPRESENTATION_CONTEXT(2) 
PARAMETRIC_REPRESENTATION_CONTEXT() REPRESENTATION_CONTEXT('2D SPACE',''
  ) );
#865 = ADVANCED_FACE('',(#866),#726,.F.);
#866 = FACE_BOUND('',#867,.F.);
#867 = EDGE_LOOP('',(#868,#869,#892,#913));
#868 = ORIENTED_EDGE('',*,*,#710,.F.);
#869 = ORIENTED_EDGE('',*,*,#870,.T.);
#870 = EDGE_CURVE('',#681,#871,#873,.T.);
#871 = VERTEX_POINT('',#872);
#872 = CARTESIAN_POINT('',(585.,60.,218.));
#873 = SURFACE_CURVE('',#874,(#878,#885),.PCURVE_S1.);
#874 = LINE('',#875,#876);
#875 = CARTESIAN_POINT('',(585.,60.,172.));
#876 = VECTOR('',#877,1.);
#877 = DIRECTION('',(0.,0.,1.));
#878 = PCURVE('',#726,#879);
#879 = DEFINITIONAL_REPRESENTATION('',(#880),#884);
#880 = LINE('',#881,#882);
#881 = CARTESIAN_POINT('',(0.,0.));
#882 = VECTOR('',#883,1.);
#883 = DIRECTION('',(1.,0.));
#884 = ( GEOMETRIC_REPRESENTATION_CONTEXT(2) 
PARAMETRIC_REPRESENTATION_CONTEXT() REPRESENTATION_CONTEXT('2D SPACE',''
  ) );
#885 = PCURVE('',#698,#886);
#886 = DEFINITIONAL_REPRESENTATION('',(#887),#891);
#887 = LINE('',#888,#889);
#888 = CARTESIAN_POINT('',(0.,0.));
#889 = VECTOR('',#890,1.);
#890 = DIRECTION('',(1.,0.));
#891 = ( GEOMETRIC_REPRESENTATION_CONTEXT(2) 
PARAMETRIC_REPRESENTATION_CONTEXT() REPRESENTATION_CONTEXT('2D SPACE',''
  ) );
#892 = ORIENTED_EDGE('',*,*,#893,.T.);
#893 = EDGE_CURVE('',#871,#799,#894,.T.);
#894 = SURFACE_CURVE('',#895,(#899,#906),.PCURVE_S1.);
#895 = LINE('',#896,#897);
#896 = CARTESIAN_POINT('',(585.,60.,218.));
#897 = VECTOR('',#898,1.);
#898 = DIRECTION('',(1.,0.,-0.));
#899 = PCURVE('',#726,#900);
#900 = DEFINITIONAL_REPRESENTATION('',(#901),#905);
#901 = LINE('',#902,#903);
#902 = CARTESIAN_POINT('',(46.,0.));
#903 = VECTOR('',#904,1.);
#904 = DIRECTION('',(0.,1.));
#905 = ( GEOMETRIC_REPRESENTATION_CONTEXT(2) 
PARAMETRIC_REPRESENTATION_CONTEXT() REPRESENTATION_CONTEXT('2D SPACE',''
  ) );
#906 = PCURVE('',#365,#907);
#907 = DEFINITIONAL_REPRESENTATION('',(#908),#912);
#908 = LINE('',#909,#910);
#909 = CARTESIAN_POINT('',(0.,0.));
#910 = VECTOR('',#911,1.);
#911 = DIRECTION('',(1.,0.));
#912 = ( GEOMETRIC_REPRESENTATION_CONTEXT(2) 
PARAMETRIC_REPRESENTATION_CONTEXT() REPRESENTATION_CONTEXT('2D SPACE',''
  ) );
#913 = ORIENTED_EDGE('',*,*,#798,.F.);
#914 = ADVANCED_FACE('',(#915,#963),#780,.T.);
#915 = FACE_BOUND('',#916,.T.);
#916 = EDGE_LOOP('',(#917,#918,#941,#962));
#917 = ORIENTED_EDGE('',*,*,#766,.F.);
#918 = ORIENTED_EDGE('',*,*,#919,.T.);
#919 = EDGE_CURVE('',#683,#920,#922,.T.);
#920 = VERTEX_POINT('',#921);
#921 = CARTESIAN_POINT('',(585.,100.,218.));
#922 = SURFACE_CURVE('',#923,(#927,#934),.PCURVE_S1.);
#923 = LINE('',#924,#925);
#924 = CARTESIAN_POINT('',(585.,100.,172.));
#925 = VECTOR('',#926,1.);
#926 = DIRECTION('',(0.,0.,1.));
#927 = PCURVE('',#780,#928);
#928 = DEFINITIONAL_REPRESENTATION('',(#929),#933);
#929 = LINE('',#930,#931);
#930 = CARTESIAN_POINT('',(0.,0.));
#931 = VECTOR('',#932,1.);
#932 = DIRECTION('',(1.,0.));
#933 = ( GEOMETRIC_REPRESENTATION_CONTEXT(2) 
PARAMETRIC_REPRESENTATION_CONTEXT() REPRESENTATION_CONTEXT('2D SPACE',''
  ) );
#934 = PCURVE('',#698,#935);
#935 = DEFINITIONAL_REPRESENTATION('',(#936),#940);
#936 = LINE('',#937,#938);
#937 = CARTESIAN_POINT('',(0.,-40.));
#938 = VECTOR('',#939,1.);
#939 = DIRECTION('',(1.,0.));
#940 = ( GEOMETRIC_REPRESENTATION_CONTEXT(2) 
PARAMETRIC_REPRESENTATION_CONTEXT() REPRESENTATION_CONTEXT('2D SPACE',''
  ) );
#941 = ORIENTED_EDGE('',*,*,#942,.T.);
#942 = EDGE_CURVE('',#920,#823,#943,.T.);
#943 = SURFACE_CURVE('',#944,(#948,#955),.PCURVE_S1.);
#944 = LINE('',#945,#946);
#945 = CARTESIAN_POINT('',(585.,100.,218.));
#946 = VECTOR('',#947,1.);
#947 = DIRECTION('',(1.,0.,-0.));
#948 = PCURVE('',#780,#949);
#949 = DEFINITIONAL_REPRESENTATION('',(#950),#954);
#950 = LINE('',#951,#952);
#951 = CARTESIAN_POINT('',(46.,0.));
#952 = VECTOR('',#953,1.);
#953 = DIRECTION('',(0.,1.));
#954 = ( GEOMETRIC_REPRESENTATION_CONTEXT(2) 
PARAMETRIC_REPRESENTATION_CONTEXT() REPRESENTATION_CONTEXT('2D SPACE',''
  ) );
#955 = PCURVE('',#365,#956);
#956 = DEFINITIONAL_REPRESENTATION('',(#957),#961);
#957 = LINE('',#958,#959);
#958 = CARTESIAN_POINT('',(0.,40.));
#959 = VECTOR('',#960,1.);
#960 = DIRECTION('',(1.,0.));
#961 = ( GEOMETRIC_REPRESENTATION_CONTEXT(2) 
PARAMETRIC_REPRESENTATION_CONTEXT() REPRESENTATION_CONTEXT('2D SPACE',''
  ) );
#962 = ORIENTED_EDGE('',*,*,#822,.F.);
#963 = FACE_BOUND('',#964,.T.);
#964 = EDGE_LOOP('',(#965));
#965 = ORIENTED_EDGE('',*,*,#966,.T.);
#966 = EDGE_CURVE('',#967,#967,#969,.T.);
#967 = VERTEX_POINT('',#968);
#968 = CARTESIAN_POINT('',(600.,100.,213.));
#969 = SURFACE_CURVE('',#970,(#975,#986),.PCURVE_S1.);
#970 = CIRCLE('',#971,8.);
#971 = AXIS2_PLACEMENT_3D('',#972,#973,#974);
#972 = CARTESIAN_POINT('',(600.,100.,205.));
#973 = DIRECTION('',(-0.,-1.,0.));
#974 = DIRECTION('',(0.,-0.,1.));
#975 = PCURVE('',#780,#976);
#976 = DEFINITIONAL_REPRESENTATION('',(#977),#985);
#977 = ( BOUNDED_CURVE() B_SPLINE_CURVE(2,(#978,#979,#980,#981,#982,#983
,#984),.UNSPECIFIED.,.T.,.F.) B_SPLINE_CURVE_WITH_KNOTS((1,2,2,2,2,1),(
    -2.094395102393,0.,2.094395102393,4.188790204786,6.28318530718,
8.377580409573),.UNSPECIFIED.) CURVE() GEOMETRIC_REPRESENTATION_ITEM() 
RATIONAL_B_SPLINE_CURVE((1.,0.5,1.,0.5,1.,0.5,1.)) REPRESENTATION_ITEM(
  '') );
#978 = CARTESIAN_POINT('',(41.,15.));
#979 = CARTESIAN_POINT('',(41.,1.143593539449));
#980 = CARTESIAN_POINT('',(29.,8.071796769724));
#981 = CARTESIAN_POINT('',(17.,15.));
#982 = CARTESIAN_POINT('',(29.,21.928203230276));
#983 = CARTESIAN_POINT('',(41.,28.856406460551));
#984 = CARTESIAN_POINT('',(41.,15.));
#985 = ( GEOMETRIC_REPRESENTATION_CONTEXT(2) 
PARAMETRIC_REPRESENTATION_CONTEXT() REPRESENTATION_CONTEXT('2D SPACE',''
  ) );
#986 = PCURVE('',#987,#992);
#987 = CYLINDRICAL_SURFACE('',#988,8.);
#988 = AXIS2_PLACEMENT_3D('',#989,#990,#991);
#989 = CARTESIAN_POINT('',(600.,92.,205.));
#990 = DIRECTION('',(-0.,-1.,-0.));
#991 = DIRECTION('',(0.,-0.,1.));
#992 = DEFINITIONAL_REPRESENTATION('',(#993),#997);
#993 = LINE('',#994,#995);
#994 = CARTESIAN_POINT('',(-6.28318530718,-8.));
#995 = VECTOR('',#996,1.);
#996 = DIRECTION('',(1.,-0.));
#997 = ( GEOMETRIC_REPRESENTATION_CONTEXT(2) 
PARAMETRIC_REPRESENTATION_CONTEXT() REPRESENTATION_CONTEXT('2D SPACE',''
  ) );
#998 = ADVANCED_FACE('',(#999),#987,.T.);
#999 = FACE_BOUND('',#1000,.F.);
#1000 = EDGE_LOOP('',(#1001,#1002,#1025,#1113,#1139,#1227,#1250,#1276,
    #1277,#1360,#1388,#1469));
#1001 = ORIENTED_EDGE('',*,*,#966,.T.);
#1002 = ORIENTED_EDGE('',*,*,#1003,.T.);
#1003 = EDGE_CURVE('',#967,#1004,#1006,.T.);
#1004 = VERTEX_POINT('',#1005);
#1005 = CARTESIAN_POINT('',(600.,141.,213.));
#1006 = SEAM_CURVE('',#1007,(#1011,#1018),.PCURVE_S1.);
#1007 = LINE('',#1008,#1009);
#1008 = CARTESIAN_POINT('',(600.,92.,213.));
#1009 = VECTOR('',#1010,1.);
#1010 = DIRECTION('',(0.,1.,0.));
#1011 = PCURVE('',#987,#1012);
#1012 = DEFINITIONAL_REPRESENTATION('',(#1013),#1017);
#1013 = LINE('',#1014,#1015);
#1014 = CARTESIAN_POINT('',(-0.,0.));
#1015 = VECTOR('',#1016,1.);
#1016 = DIRECTION('',(-0.,-1.));
#1017 = ( GEOMETRIC_REPRESENTATION_CONTEXT(2) 
PARAMETRIC_REPRESENTATION_CONTEXT() REPRESENTATION_CONTEXT('2D SPACE',''
  ) );
#1018 = PCURVE('',#987,#1019);
#1019 = DEFINITIONAL_REPRESENTATION('',(#1020),#1024);
#1020 = LINE('',#1021,#1022);
#1021 = CARTESIAN_POINT('',(-6.28318530718,0.));
#1022 = VECTOR('',#1023,1.);
#1023 = DIRECTION('',(-0.,-1.));
#1024 = ( GEOMETRIC_REPRESENTATION_CONTEXT(2) 
PARAMETRIC_REPRESENTATION_CONTEXT() REPRESENTATION_CONTEXT('2D SPACE',''
  ) );
#1025 = ORIENTED_EDGE('',*,*,#1026,.T.);
#1026 = EDGE_CURVE('',#1004,#1027,#1029,.T.);
#1027 = VERTEX_POINT('',#1028);
#1028 = CARTESIAN_POINT('',(606.24499799839,143.51925930159,210.));
#1029 = SURFACE_CURVE('',#1030,(#1054,#1081),.PCURVE_S1.);
#1030 = B_SPLINE_CURVE_WITH_KNOTS('',8,(#1031,#1032,#1033,#1034,#1035,
    #1036,#1037,#1038,#1039,#1040,#1041,#1042,#1043,#1044,#1045,#1046,
    #1047,#1048,#1049,#1050,#1051,#1052,#1053),.UNSPECIFIED.,.F.,.F.,(9,
    7,7,9),(0.,0.223849303871,0.368301378274,1.),.UNSPECIFIED.);
#1031 = CARTESIAN_POINT('',(600.,141.,213.));
#1032 = CARTESIAN_POINT('',(600.24591775783,141.,213.));
#1033 = CARTESIAN_POINT('',(600.49133481684,141.00767928572,
    212.9913604006));
#1034 = CARTESIAN_POINT('',(600.73531370196,141.02298351368,
    212.97414355023));
#1035 = CARTESIAN_POINT('',(600.9769218719,141.04573077921,
    212.94854229164));
#1036 = CARTESIAN_POINT('',(601.21523564147,141.07561329459,
    212.91488073451));
#1037 = CARTESIAN_POINT('',(601.44934410399,141.11219906717,
    212.8736150279));
#1038 = CARTESIAN_POINT('',(601.67835305358,141.15493357744,
    212.82533413285));
#1039 = CARTESIAN_POINT('',(602.04531605506,141.23425045825,
    212.73554377423));
#1040 = CARTESIAN_POINT('',(602.18690586112,141.26767129881,
    212.69766997145));
#1041 = CARTESIAN_POINT('',(602.3261089483,141.30327287625,
    212.65727606183));
#1042 = CARTESIAN_POINT('',(602.46287984671,141.34092381543,
    212.61449900379));
#1043 = CARTESIAN_POINT('',(602.59717699398,141.38049246867,
    212.56947583885));
#1044 = CARTESIAN_POINT('',(602.7289627353,141.42184691581,
    212.5223436916));
#1045 = CARTESIAN_POINT('',(602.85820332341,141.46485496413,
    212.47323976975));
#1046 = CARTESIAN_POINT('',(603.53878607216,141.70411326162,
    212.19954429531));
#1047 = CARTESIAN_POINT('',(604.04435253291,141.92824795344,
    211.94134730763));
#1048 = CARTESIAN_POINT('',(604.50405758235,142.17274433155,
    211.6568888872));
#1049 = CARTESIAN_POINT('',(604.92142075564,142.43074113282,
    211.35279311106));
#1050 = CARTESIAN_POINT('',(605.30037370946,142.69725555016,
    211.03353245672));
#1051 = CARTESIAN_POINT('',(605.64490802367,142.96886316309,
    210.70157022743));
#1052 = CARTESIAN_POINT('',(605.95875997732,143.24343340189,
    210.35751124413));
#1053 = CARTESIAN_POINT('',(606.24499847878,143.5192597645,209.9999994)
  );
#1054 = PCURVE('',#987,#1055);
#1055 = DEFINITIONAL_REPRESENTATION('',(#1056),#1080);
#1056 = B_SPLINE_CURVE_WITH_KNOTS('',8,(#1057,#1058,#1059,#1060,#1061,
    #1062,#1063,#1064,#1065,#1066,#1067,#1068,#1069,#1070,#1071,#1072,
    #1073,#1074,#1075,#1076,#1077,#1078,#1079),.UNSPECIFIED.,.F.,.F.,(9,
    7,7,9),(0.,0.223849303871,0.368301378274,1.),.UNSPECIFIED.);
#1057 = CARTESIAN_POINT('',(0.,-49.));
#1058 = CARTESIAN_POINT('',(-3.073971972892E-02,-49.));
#1059 = CARTESIAN_POINT('',(-6.141683704706E-02,-49.00767928572));
#1060 = CARTESIAN_POINT('',(-9.195847344428E-02,-49.02298351368));
#1061 = CARTESIAN_POINT('',(-0.122291538286,-49.04573077921));
#1062 = CARTESIAN_POINT('',(-0.152340966061,-49.07561329459));
#1063 = CARTESIAN_POINT('',(-0.182027953636,-49.11219906717));
#1064 = CARTESIAN_POINT('',(-0.2112681975,-49.15493357744));
#1065 = CARTESIAN_POINT('',(-0.258491760368,-49.23425045825));
#1066 = CARTESIAN_POINT('',(-0.276808552052,-49.26767129881));
#1067 = CARTESIAN_POINT('',(-0.294920082933,-49.30327287625));
#1068 = CARTESIAN_POINT('',(-0.312825548792,-49.34092381543));
#1069 = CARTESIAN_POINT('',(-0.330523764326,-49.38049246867));
#1070 = CARTESIAN_POINT('',(-0.348013163152,-49.42184691581));
#1071 = CARTESIAN_POINT('',(-0.365291797805,-49.46485496413));
#1072 = CARTESIAN_POINT('',(-0.456986100605,-49.70411326162));
#1073 = CARTESIAN_POINT('',(-0.527660353472,-49.92824795344));
#1074 = CARTESIAN_POINT('',(-0.594873900621,-50.17274433155));
#1075 = CARTESIAN_POINT('',(-0.659078118326,-50.43074113282));
#1076 = CARTESIAN_POINT('',(-0.720730082432,-50.69725555016));
#1077 = CARTESIAN_POINT('',(-0.780324863598,-50.96886316309));
#1078 = CARTESIAN_POINT('',(-0.838417182774,-51.24343340189));
#1079 = CARTESIAN_POINT('',(-0.895664889935,-51.5192597645));
#1080 = ( GEOMETRIC_REPRESENTATION_CONTEXT(2) 
PARAMETRIC_REPRESENTATION_CONTEXT() REPRESENTATION_CONTEXT('2D SPACE',''
  ) );
#1081 = PCURVE('',#1082,#1087);
#1082 = CYLINDRICAL_SURFACE('',#1083,9.);
#1083 = AXIS2_PLACEMENT_3D('',#1084,#1085,#1086);
#1084 = CARTESIAN_POINT('',(600.,150.,210.));
#1085 = DIRECTION('',(0.,0.,1.));
#1086 = DIRECTION('',(1.,0.,-0.));
#1087 = DEFINITIONAL_REPRESENTATION('',(#1088),#1112);
#1088 = B_SPLINE_CURVE_WITH_KNOTS('',8,(#1089,#1090,#1091,#1092,#1093,
    #1094,#1095,#1096,#1097,#1098,#1099,#1100,#1101,#1102,#1103,#1104,
    #1105,#1106,#1107,#1108,#1109,#1110,#1111),.UNSPECIFIED.,.F.,.F.,(9,
    7,7,9),(0.,0.223849303871,0.368301378274,1.),.UNSPECIFIED.);
#1089 = CARTESIAN_POINT('',(4.712388980385,3.));
#1090 = CARTESIAN_POINT('',(4.739713175699,3.));
#1091 = CARTESIAN_POINT('',(4.766981704269,2.991360400608));
#1092 = CARTESIAN_POINT('',(4.794121585563,2.974143550234));
#1093 = CARTESIAN_POINT('',(4.82105970301,2.948542291648));
#1094 = CARTESIAN_POINT('',(4.847721571391,2.914880734513));
#1095 = CARTESIAN_POINT('',(4.874030104238,2.873615027907));
#1096 = CARTESIAN_POINT('',(4.899904381238,2.82533413285));
#1097 = CARTESIAN_POINT('',(4.941619613977,2.735543774237));
#1098 = CARTESIAN_POINT('',(4.957781252436,2.697669971459));
#1099 = CARTESIAN_POINT('',(4.973741535202,2.657276061836));
#1100 = CARTESIAN_POINT('',(4.989498430403,2.614499003796));
#1101 = CARTESIAN_POINT('',(5.005049670095,2.569475838853));
#1102 = CARTESIAN_POINT('',(5.020392750264,2.522343691608));
#1103 = CARTESIAN_POINT('',(5.035524930824,2.473239769752));
#1104 = CARTESIAN_POINT('',(5.115681984288,2.199544295313));
#1105 = CARTESIAN_POINT('',(5.176936096282,1.941347307635));
#1106 = CARTESIAN_POINT('',(5.234556357324,1.656888887203));
#1107 = CARTESIAN_POINT('',(5.288864827642,1.352793111061));
#1108 = CARTESIAN_POINT('',(5.340179056738,1.033532456723));
#1109 = CARTESIAN_POINT('',(5.388816854999,0.701570227435));
#1110 = CARTESIAN_POINT('',(5.435096900183,0.357511244135));
#1111 = CARTESIAN_POINT('',(5.479264463001,-6.E-07));
#1112 = ( GEOMETRIC_REPRESENTATION_CONTEXT(2) 
PARAMETRIC_REPRESENTATION_CONTEXT() REPRESENTATION_CONTEXT('2D SPACE',''
  ) );
#1113 = ORIENTED_EDGE('',*,*,#1114,.F.);
#1114 = EDGE_CURVE('',#1115,#1027,#1117,.T.);
#1115 = VERTEX_POINT('',#1116);
#1116 = CARTESIAN_POINT('',(606.24499799839,156.4807406984,210.));
#1117 = SURFACE_CURVE('',#1118,(#1122,#1128),.PCURVE_S1.);
#1118 = LINE('',#1119,#1120);
#1119 = CARTESIAN_POINT('',(606.24499799839,92.,210.));
#1120 = VECTOR('',#1121,1.);
#1121 = DIRECTION('',(-0.,-1.,-0.));
#1122 = PCURVE('',#987,#1123);
#1123 = DEFINITIONAL_REPRESENTATION('',(#1124),#1127);
#1124 = B_SPLINE_CURVE_WITH_KNOTS('',1,(#1125,#1126),.UNSPECIFIED.,.F.,
  .F.,(2,2),(-68.8,-47.2),.PIECEWISE_BEZIER_KNOTS.);
#1125 = CARTESIAN_POINT('',(-0.895664793858,-68.8));
#1126 = CARTESIAN_POINT('',(-0.895664793858,-47.2));
#1127 = ( GEOMETRIC_REPRESENTATION_CONTEXT(2) 
PARAMETRIC_REPRESENTATION_CONTEXT() REPRESENTATION_CONTEXT('2D SPACE',''
  ) );
#1128 = PCURVE('',#1129,#1134);
#1129 = PLANE('',#1130);
#1130 = AXIS2_PLACEMENT_3D('',#1131,#1132,#1133);
#1131 = CARTESIAN_POINT('',(600.,150.,210.));
#1132 = DIRECTION('',(0.,0.,1.));
#1133 = DIRECTION('',(1.,0.,-0.));
#1134 = DEFINITIONAL_REPRESENTATION('',(#1135),#1138);
#1135 = B_SPLINE_CURVE_WITH_KNOTS('',1,(#1136,#1137),.UNSPECIFIED.,.F.,
  .F.,(2,2),(-68.8,-47.2),.PIECEWISE_BEZIER_KNOTS.);
#1136 = CARTESIAN_POINT('',(6.244997998398,10.8));
#1137 = CARTESIAN_POINT('',(6.244997998398,-10.8));
#1138 = ( GEOMETRIC_REPRESENTATION_CONTEXT(2) 
PARAMETRIC_REPRESENTATION_CONTEXT() REPRESENTATION_CONTEXT('2D SPACE',''
  ) );
#1139 = ORIENTED_EDGE('',*,*,#1140,.F.);
#1140 = EDGE_CURVE('',#1141,#1115,#1143,.T.);
#1141 = VERTEX_POINT('',#1142);
#1142 = CARTESIAN_POINT('',(600.,159.,213.));
#1143 = SURFACE_CURVE('',#1144,(#1168,#1195),.PCURVE_S1.);
#1144 = B_SPLINE_CURVE_WITH_KNOTS('',8,(#1145,#1146,#1147,#1148,#1149,
    #1150,#1151,#1152,#1153,#1154,#1155,#1156,#1157,#1158,#1159,#1160,
    #1161,#1162,#1163,#1164,#1165,#1166,#1167),.UNSPECIFIED.,.F.,.F.,(9,
    7,7,9),(0.,0.223849303681,0.368301378128,1.),.UNSPECIFIED.);
#1145 = CARTESIAN_POINT('',(600.,159.,213.));
#1146 = CARTESIAN_POINT('',(600.24591775824,159.,213.));
#1147 = CARTESIAN_POINT('',(600.49133481705,158.99232071424,
    212.99136040057));
#1148 = CARTESIAN_POINT('',(600.73531370185,158.9770164863,
    212.97414355022));
#1149 = CARTESIAN_POINT('',(600.97692187161,158.95426922081,
    212.94854229168));
#1150 = CARTESIAN_POINT('',(601.21523564126,158.92438670544,
    212.91488073456));
#1151 = CARTESIAN_POINT('',(601.44934410405,158.88780093282,
    212.87361502791));
#1152 = CARTESIAN_POINT('',(601.67835305385,158.84506642249,
    212.82533413278));
#1153 = CARTESIAN_POINT('',(602.04531605505,158.76574954174,
    212.73554377424));
#1154 = CARTESIAN_POINT('',(602.18690586111,158.73232870118,
    212.69766997146));
#1155 = CARTESIAN_POINT('',(602.3261089483,158.69672712374,
    212.65727606183));
#1156 = CARTESIAN_POINT('',(602.46287984671,158.65907618456,
    212.61449900379));
#1157 = CARTESIAN_POINT('',(602.59717699398,158.61950753132,
    212.56947583885));
#1158 = CARTESIAN_POINT('',(602.7289627353,158.57815308419,
    212.52234369161));
#1159 = CARTESIAN_POINT('',(602.8582033234,158.53514503586,
    212.47323976975));
#1160 = CARTESIAN_POINT('',(603.53878607216,158.29588673837,
    212.19954429531));
#1161 = CARTESIAN_POINT('',(604.04435253292,158.07175204655,
    211.94134730763));
#1162 = CARTESIAN_POINT('',(604.50405758234,157.82725566845,
    211.65688888721));
#1163 = CARTESIAN_POINT('',(604.92142075566,157.56925886716,
    211.35279311105));
#1164 = CARTESIAN_POINT('',(605.30037370945,157.30274444984,
    211.03353245672));
#1165 = CARTESIAN_POINT('',(605.64490802367,157.0311368369,
    210.70157022743));
#1166 = CARTESIAN_POINT('',(605.95875997732,156.7565665981,
    210.35751124413));
#1167 = CARTESIAN_POINT('',(606.24499847878,156.48074023549,209.9999994)
  );
#1168 = PCURVE('',#987,#1169);
#1169 = DEFINITIONAL_REPRESENTATION('',(#1170),#1194);
#1170 = B_SPLINE_CURVE_WITH_KNOTS('',8,(#1171,#1172,#1173,#1174,#1175,
    #1176,#1177,#1178,#1179,#1180,#1181,#1182,#1183,#1184,#1185,#1186,
    #1187,#1188,#1189,#1190,#1191,#1192,#1193),.UNSPECIFIED.,.F.,.F.,(9,
    7,7,9),(0.,0.223849303681,0.368301378128,1.),.UNSPECIFIED.);
#1171 = CARTESIAN_POINT('',(0.,-67.));
#1172 = CARTESIAN_POINT('',(-3.073971977997E-02,-67.));
#1173 = CARTESIAN_POINT('',(-6.141683707487E-02,-66.99232071424));
#1174 = CARTESIAN_POINT('',(-9.195847343087E-02,-66.9770164863));
#1175 = CARTESIAN_POINT('',(-0.122291538249,-66.95426922081));
#1176 = CARTESIAN_POINT('',(-0.152340966034,-66.92438670544));
#1177 = CARTESIAN_POINT('',(-0.182027953643,-66.88780093282));
#1178 = CARTESIAN_POINT('',(-0.211268197535,-66.84506642249));
#1179 = CARTESIAN_POINT('',(-0.258491760367,-66.76574954174));
#1180 = CARTESIAN_POINT('',(-0.276808552051,-66.73232870118));
#1181 = CARTESIAN_POINT('',(-0.294920082934,-66.69672712374));
#1182 = CARTESIAN_POINT('',(-0.312825548793,-66.65907618456));
#1183 = CARTESIAN_POINT('',(-0.330523764326,-66.61950753132));
#1184 = CARTESIAN_POINT('',(-0.348013163152,-66.57815308419));
#1185 = CARTESIAN_POINT('',(-0.365291797804,-66.53514503586));
#1186 = CARTESIAN_POINT('',(-0.456986100605,-66.29588673837));
#1187 = CARTESIAN_POINT('',(-0.527660353473,-66.07175204655));
#1188 = CARTESIAN_POINT('',(-0.594873900618,-65.82725566845));
#1189 = CARTESIAN_POINT('',(-0.659078118329,-65.56925886716));
#1190 = CARTESIAN_POINT('',(-0.72073008243,-65.30274444984));
#1191 = CARTESIAN_POINT('',(-0.780324863599,-65.0311368369));
#1192 = CARTESIAN_POINT('',(-0.838417182773,-64.7565665981));
#1193 = CARTESIAN_POINT('',(-0.895664889935,-64.48074023549));
#1194 = ( GEOMETRIC_REPRESENTATION_CONTEXT(2) 
PARAMETRIC_REPRESENTATION_CONTEXT() REPRESENTATION_CONTEXT('2D SPACE',''
  ) );
#1195 = PCURVE('',#1196,#1201);
#1196 = CYLINDRICAL_SURFACE('',#1197,9.);
#1197 = AXIS2_PLACEMENT_3D('',#1198,#1199,#1200);
#1198 = CARTESIAN_POINT('',(600.,150.,210.));
#1199 = DIRECTION('',(0.,0.,1.));
#1200 = DIRECTION('',(1.,0.,-0.));
#1201 = DEFINITIONAL_REPRESENTATION('',(#1202),#1226);
#1202 = B_SPLINE_CURVE_WITH_KNOTS('',8,(#1203,#1204,#1205,#1206,#1207,
    #1208,#1209,#1210,#1211,#1212,#1213,#1214,#1215,#1216,#1217,#1218,
    #1219,#1220,#1221,#1222,#1223,#1224,#1225),.UNSPECIFIED.,.F.,.F.,(9,
    7,7,9),(0.,0.223849303681,0.368301378128,1.),.UNSPECIFIED.);
#1203 = CARTESIAN_POINT('',(1.570796326795,3.));
#1204 = CARTESIAN_POINT('',(1.543472131435,3.));
#1205 = CARTESIAN_POINT('',(1.516203602886,2.99136040058));
#1206 = CARTESIAN_POINT('',(1.489063721628,2.974143550221));
#1207 = CARTESIAN_POINT('',(1.462125604202,2.94854229168));
#1208 = CARTESIAN_POINT('',(1.435463735813,2.914880734563));
#1209 = CARTESIAN_POINT('',(1.409155202935,2.873615027912));
#1210 = CARTESIAN_POINT('',(1.38328092591,2.825334132784));
#1211 = CARTESIAN_POINT('',(1.341565693204,2.73554377424));
#1212 = CARTESIAN_POINT('',(1.325404054744,2.69766997146));
#1213 = CARTESIAN_POINT('',(1.309443771977,2.657276061835));
#1214 = CARTESIAN_POINT('',(1.293686876775,2.614499003793));
#1215 = CARTESIAN_POINT('',(1.278135637084,2.569475838851));
#1216 = CARTESIAN_POINT('',(1.262792556915,2.52234369161));
#1217 = CARTESIAN_POINT('',(1.247660376356,2.473239769755));
#1218 = CARTESIAN_POINT('',(1.167503322892,2.199544295313));
#1219 = CARTESIAN_POINT('',(1.106249210898,1.941347307632));
#1220 = CARTESIAN_POINT('',(1.048628949857,1.65688888721));
#1221 = CARTESIAN_POINT('',(0.994320479537,1.352793111053));
#1222 = CARTESIAN_POINT('',(0.943006250442,1.033532456729));
#1223 = CARTESIAN_POINT('',(0.89436845218,0.701570227431));
#1224 = CARTESIAN_POINT('',(0.848088406996,0.357511244136));
#1225 = CARTESIAN_POINT('',(0.803920844179,-6.E-07));
#1226 = ( GEOMETRIC_REPRESENTATION_CONTEXT(2) 
PARAMETRIC_REPRESENTATION_CONTEXT() REPRESENTATION_CONTEXT('2D SPACE',''
  ) );
#1227 = ORIENTED_EDGE('',*,*,#1228,.T.);
#1228 = EDGE_CURVE('',#1141,#1229,#1231,.T.);
#1229 = VERTEX_POINT('',#1230);
#1230 = CARTESIAN_POINT('',(600.,297.49178035148,213.));
#1231 = SEAM_CURVE('',#1232,(#1236,#1243),.PCURVE_S1.);
#1232 = LINE('',#1233,#1234);
#1233 = CARTESIAN_POINT('',(600.,92.,213.));
#1234 = VECTOR('',#1235,1.);
#1235 = DIRECTION('',(0.,1.,0.));
#1236 = PCURVE('',#987,#1237);
#1237 = DEFINITIONAL_REPRESENTATION('',(#1238),#1242);
#1238 = LINE('',#1239,#1240);
#1239 = CARTESIAN_POINT('',(-0.,0.));
#1240 = VECTOR('',#1241,1.);
#1241 = DIRECTION('',(-0.,-1.));
#1242 = ( GEOMETRIC_REPRESENTATION_CONTEXT(2) 
PARAMETRIC_REPRESENTATION_CONTEXT() REPRESENTATION_CONTEXT('2D SPACE',''
  ) );
#1243 = PCURVE('',#987,#1244);
#1244 = DEFINITIONAL_REPRESENTATION('',(#1245),#1249);
#1245 = LINE('',#1246,#1247);
#1246 = CARTESIAN_POINT('',(-6.28318530718,0.));
#1247 = VECTOR('',#1248,1.);
#1248 = DIRECTION('',(-0.,-1.));
#1249 = ( GEOMETRIC_REPRESENTATION_CONTEXT(2) 
PARAMETRIC_REPRESENTATION_CONTEXT() REPRESENTATION_CONTEXT('2D SPACE',''
  ) );
#1250 = ORIENTED_EDGE('',*,*,#1251,.T.);
#1251 = EDGE_CURVE('',#1229,#1229,#1252,.T.);
#1252 = SURFACE_CURVE('',#1253,(#1258,#1265),.PCURVE_S1.);
#1253 = CIRCLE('',#1254,8.);
#1254 = AXIS2_PLACEMENT_3D('',#1255,#1256,#1257);
#1255 = CARTESIAN_POINT('',(600.,297.49178035148,205.));
#1256 = DIRECTION('',(0.,1.,0.));
#1257 = DIRECTION('',(0.,-0.,1.));
#1258 = PCURVE('',#987,#1259);
#1259 = DEFINITIONAL_REPRESENTATION('',(#1260),#1264);
#1260 = LINE('',#1261,#1262);
#1261 = CARTESIAN_POINT('',(-0.,-205.4917803514));
#1262 = VECTOR('',#1263,1.);
#1263 = DIRECTION('',(-1.,0.));
#1264 = ( GEOMETRIC_REPRESENTATION_CONTEXT(2) 
PARAMETRIC_REPRESENTATION_CONTEXT() REPRESENTATION_CONTEXT('2D SPACE',''
  ) );
#1265 = PCURVE('',#1266,#1271);
#1266 = TOROIDAL_SURFACE('',#1267,30.,8.);
#1267 = AXIS2_PLACEMENT_3D('',#1268,#1269,#1270);
#1268 = CARTESIAN_POINT('',(600.,297.49178035148,175.));
#1269 = DIRECTION('',(1.,-0.,-0.));
#1270 = DIRECTION('',(0.,0.,1.));
#1271 = DEFINITIONAL_REPRESENTATION('',(#1272),#1275);
#1272 = B_SPLINE_CURVE_WITH_KNOTS('',1,(#1273,#1274),.UNSPECIFIED.,.F.,
  .F.,(2,2),(0.,6.28318530718),.PIECEWISE_BEZIER_KNOTS.);
#1273 = CARTESIAN_POINT('',(0.,0.));
#1274 = CARTESIAN_POINT('',(0.,6.28318530718));
#1275 = ( GEOMETRIC_REPRESENTATION_CONTEXT(2) 
PARAMETRIC_REPRESENTATION_CONTEXT() REPRESENTATION_CONTEXT('2D SPACE',''
  ) );
#1276 = ORIENTED_EDGE('',*,*,#1228,.F.);
#1277 = ORIENTED_EDGE('',*,*,#1278,.F.);
#1278 = EDGE_CURVE('',#1279,#1141,#1281,.T.);
#1279 = VERTEX_POINT('',#1280);
#1280 = CARTESIAN_POINT('',(593.7550020016,156.4807406984,210.));
#1281 = SURFACE_CURVE('',#1282,(#1306,#1333),.PCURVE_S1.);
#1282 = B_SPLINE_CURVE_WITH_KNOTS('',8,(#1283,#1284,#1285,#1286,#1287,
    #1288,#1289,#1290,#1291,#1292,#1293,#1294,#1295,#1296,#1297,#1298,
    #1299,#1300,#1301,#1302,#1303,#1304,#1305),.UNSPECIFIED.,.F.,.F.,(9,
    7,7,9),(0.,0.630527582834,0.774856267883,1.),.UNSPECIFIED.);
#1283 = CARTESIAN_POINT('',(593.75500152121,156.48074023549,209.9999994)
  );
#1284 = CARTESIAN_POINT('',(594.0407074752,156.75605342245,
    210.35684609243));
#1285 = CARTESIAN_POINT('',(594.35392565691,157.03011653544,
    210.70029171986));
#1286 = CARTESIAN_POINT('',(594.69770895647,157.30123311631,
    211.03168535447));
#1287 = CARTESIAN_POINT('',(595.07577187126,157.56728455564,
    211.35042798621));
#1288 = CARTESIAN_POINT('',(595.49208177479,157.82486845578,
    211.65407498118));
#1289 = CARTESIAN_POINT('',(595.95054621592,158.06903670127,
    211.93818788221));
#1290 = CARTESIAN_POINT('',(596.45466437276,158.2929791326,
    212.19619458135));
#1291 = CARTESIAN_POINT('',(597.13332762214,158.53230076962,
    212.4699913096));
#1292 = CARTESIAN_POINT('',(597.26230843229,158.57536503837,
    212.51916439847));
#1293 = CARTESIAN_POINT('',(597.39382997781,158.61678463595,
    212.56637537736));
#1294 = CARTESIAN_POINT('',(597.52785957771,158.65642807316,
    212.61148780763));
#1295 = CARTESIAN_POINT('',(597.66436066257,158.69416404133,
    212.65436523424));
#1296 = CARTESIAN_POINT('',(597.80329277452,158.72986141239,
    212.69487118571));
#1297 = CARTESIAN_POINT('',(597.94461156727,158.76338923879,
    212.73286917413));
#1298 = CARTESIAN_POINT('',(598.31236512399,158.84332972576,
    212.82337197943));
#1299 = CARTESIAN_POINT('',(598.54252868954,158.88652728902,
    212.87217876564));
#1300 = CARTESIAN_POINT('',(598.77787246726,158.92352018704,
    212.91390451909));
#1301 = CARTESIAN_POINT('',(599.01748857566,158.95374159813,
    212.94794807272));
#1302 = CARTESIAN_POINT('',(599.26045192251,158.97675000315,
    212.97384374498));
#1303 = CARTESIAN_POINT('',(599.50582410257,158.99223127648,
    212.99126019285));
#1304 = CARTESIAN_POINT('',(599.7526575578,159.,213.));
#1305 = CARTESIAN_POINT('',(600.,159.,213.));
#1306 = PCURVE('',#987,#1307);
#1307 = DEFINITIONAL_REPRESENTATION('',(#1308),#1332);
#1308 = B_SPLINE_CURVE_WITH_KNOTS('',8,(#1309,#1310,#1311,#1312,#1313,
    #1314,#1315,#1316,#1317,#1318,#1319,#1320,#1321,#1322,#1323,#1324,
    #1325,#1326,#1327,#1328,#1329,#1330,#1331),.UNSPECIFIED.,.F.,.F.,(9,
    7,7,9),(0.,0.630527582834,0.774856267883,1.),.UNSPECIFIED.);
#1309 = CARTESIAN_POINT('',(-5.387520417245,-64.48074023549));
#1310 = CARTESIAN_POINT('',(-5.4446616149,-64.75605342245));
#1311 = CARTESIAN_POINT('',(-5.502644570071,-65.03011653544));
#1312 = CARTESIAN_POINT('',(-5.562123605715,-65.30123311631));
#1313 = CARTESIAN_POINT('',(-5.623650451322,-65.56728455564));
#1314 = CARTESIAN_POINT('',(-5.687717428036,-65.82486845578));
#1315 = CARTESIAN_POINT('',(-5.754778893497,-66.06903670127));
#1316 = CARTESIAN_POINT('',(-5.82528336029,-66.2929791326));
#1317 = CARTESIAN_POINT('',(-5.916759830494,-66.53230076962));
#1318 = CARTESIAN_POINT('',(-5.934011207788,-66.57536503837));
#1319 = CARTESIAN_POINT('',(-5.951472868127,-66.61678463595));
#1320 = CARTESIAN_POINT('',(-5.969142967607,-66.65642807316));
#1321 = CARTESIAN_POINT('',(-5.987020038235,-66.69416404133));
#1322 = CARTESIAN_POINT('',(-6.005102987925,-66.72986141239));
#1323 = CARTESIAN_POINT('',(-6.023391100497,-66.76338923879));
#1324 = CARTESIAN_POINT('',(-6.070731859272,-66.84332972576));
#1325 = CARTESIAN_POINT('',(-6.100126661696,-66.88652728902));
#1326 = CARTESIAN_POINT('',(-6.129975291791,-66.92352018704));
#1327 = CARTESIAN_POINT('',(-6.160192017326,-66.95374159813));
#1328 = CARTESIAN_POINT('',(-6.190696763551,-66.97675000315));
#1329 = CARTESIAN_POINT('',(-6.221413318049,-66.99223127648));
#1330 = CARTESIAN_POINT('',(-6.252267501905,-67.));
#1331 = CARTESIAN_POINT('',(-6.28318530718,-67.));
#1332 = ( GEOMETRIC_REPRESENTATION_CONTEXT(2) 
PARAMETRIC_REPRESENTATION_CONTEXT() REPRESENTATION_CONTEXT('2D SPACE',''
  ) );
#1333 = PCURVE('',#1196,#1334);
#1334 = DEFINITIONAL_REPRESENTATION('',(#1335),#1359);
#1335 = B_SPLINE_CURVE_WITH_KNOTS('',8,(#1336,#1337,#1338,#1339,#1340,
    #1341,#1342,#1343,#1344,#1345,#1346,#1347,#1348,#1349,#1350,#1351,
    #1352,#1353,#1354,#1355,#1356,#1357,#1358),.UNSPECIFIED.,.F.,.F.,(9,
    7,7,9),(0.,0.630527582834,0.774856267883,1.),.UNSPECIFIED.);
#1336 = CARTESIAN_POINT('',(2.337671809411,-6.E-07));
#1337 = CARTESIAN_POINT('',(2.293586420458,0.35684609243));
#1338 = CARTESIAN_POINT('',(2.247396181622,0.700291719868));
#1339 = CARTESIAN_POINT('',(2.198857060624,1.031685354478));
#1340 = CARTESIAN_POINT('',(2.147652318451,1.350427986216));
#1341 = CARTESIAN_POINT('',(2.09346611251,1.654074981182));
#1342 = CARTESIAN_POINT('',(2.035982970216,1.938187882212));
#1343 = CARTESIAN_POINT('',(1.974883047463,2.196194581352));
#1344 = CARTESIAN_POINT('',(1.894924829053,2.469991309601));
#1345 = CARTESIAN_POINT('',(1.879818044869,2.519164398479));
#1346 = CARTESIAN_POINT('',(1.864500778527,2.566375377364));
#1347 = CARTESIAN_POINT('',(1.848975673398,2.611487807635));
#1348 = CARTESIAN_POINT('',(1.833245140249,2.654365234242));
#1349 = CARTESIAN_POINT('',(1.817311357237,2.69487118571));
#1350 = CARTESIAN_POINT('',(1.801176269917,2.732869174138));
#1351 = CARTESIAN_POINT('',(1.759360512957,2.823371979432));
#1352 = CARTESIAN_POINT('',(1.733350850161,2.872178765644));
#1353 = CARTESIAN_POINT('',(1.706899982932,2.913904519099));
#1354 = CARTESIAN_POINT('',(1.680090233988,2.947948072727));
#1355 = CARTESIAN_POINT('',(1.652999960397,2.973843744985));
#1356 = CARTESIAN_POINT('',(1.625704763978,2.991260192859));
#1357 = CARTESIAN_POINT('',(1.598278820373,3.));
#1358 = CARTESIAN_POINT('',(1.570796326795,3.));
#1359 = ( GEOMETRIC_REPRESENTATION_CONTEXT(2) 
PARAMETRIC_REPRESENTATION_CONTEXT() REPRESENTATION_CONTEXT('2D SPACE',''
  ) );
#1360 = ORIENTED_EDGE('',*,*,#1361,.F.);
#1361 = EDGE_CURVE('',#1362,#1279,#1364,.T.);
#1362 = VERTEX_POINT('',#1363);
#1363 = CARTESIAN_POINT('',(593.7550020016,143.51925930159,210.));
#1364 = SURFACE_CURVE('',#1365,(#1369,#1376),.PCURVE_S1.);
#1365 = LINE('',#1366,#1367);
#1366 = CARTESIAN_POINT('',(593.7550020016,143.51925930159,210.));
#1367 = VECTOR('',#1368,1.);
#1368 = DIRECTION('',(0.,1.,0.));
#1369 = PCURVE('',#987,#1370);
#1370 = DEFINITIONAL_REPRESENTATION('',(#1371),#1375);
#1371 = LINE('',#1372,#1373);
#1372 = CARTESIAN_POINT('',(-5.387520513322,-51.51925930159));
#1373 = VECTOR('',#1374,1.);
#1374 = DIRECTION('',(-0.,-1.));
#1375 = ( GEOMETRIC_REPRESENTATION_CONTEXT(2) 
PARAMETRIC_REPRESENTATION_CONTEXT() REPRESENTATION_CONTEXT('2D SPACE',''
  ) );
#1376 = PCURVE('',#1377,#1382);
#1377 = PLANE('',#1378);
#1378 = AXIS2_PLACEMENT_3D('',#1379,#1380,#1381);
#1379 = CARTESIAN_POINT('',(600.,150.,210.));
#1380 = DIRECTION('',(0.,0.,1.));
#1381 = DIRECTION('',(1.,0.,-0.));
#1382 = DEFINITIONAL_REPRESENTATION('',(#1383),#1387);
#1383 = LINE('',#1384,#1385);
#1384 = CARTESIAN_POINT('',(-6.244997998398,-6.480740698408));
#1385 = VECTOR('',#1386,1.);
#1386 = DIRECTION('',(0.,1.));
#1387 = ( GEOMETRIC_REPRESENTATION_CONTEXT(2) 
PARAMETRIC_REPRESENTATION_CONTEXT() REPRESENTATION_CONTEXT('2D SPACE',''
  ) );
#1388 = ORIENTED_EDGE('',*,*,#1389,.T.);
#1389 = EDGE_CURVE('',#1362,#1004,#1390,.T.);
#1390 = SURFACE_CURVE('',#1391,(#1415,#1442),.PCURVE_S1.);
#1391 = B_SPLINE_CURVE_WITH_KNOTS('',8,(#1392,#1393,#1394,#1395,#1396,
    #1397,#1398,#1399,#1400,#1401,#1402,#1403,#1404,#1405,#1406,#1407,
    #1408,#1409,#1410,#1411,#1412,#1413,#1414),.UNSPECIFIED.,.F.,.F.,(9,
    7,7,9),(0.,0.630527582834,0.774856267883,1.),.UNSPECIFIED.);
#1392 = CARTESIAN_POINT('',(593.75500152121,143.5192597645,209.9999994)
  );
#1393 = CARTESIAN_POINT('',(594.0407074752,143.24394657755,
    210.35684609243));
#1394 = CARTESIAN_POINT('',(594.35392565691,142.96988346455,
    210.70029171986));
#1395 = CARTESIAN_POINT('',(594.69770895647,142.69876688369,
    211.03168535447));
#1396 = CARTESIAN_POINT('',(595.07577187126,142.43271544435,
    211.35042798621));
#1397 = CARTESIAN_POINT('',(595.49208177479,142.17513154421,
    211.65407498118));
#1398 = CARTESIAN_POINT('',(595.95054621592,141.93096329872,
    211.93818788221));
#1399 = CARTESIAN_POINT('',(596.45466437276,141.70702086739,
    212.19619458135));
#1400 = CARTESIAN_POINT('',(597.13332762214,141.46769923037,
    212.4699913096));
#1401 = CARTESIAN_POINT('',(597.26230843229,141.42463496162,
    212.51916439847));
#1402 = CARTESIAN_POINT('',(597.39382997781,141.38321536404,
    212.56637537736));
#1403 = CARTESIAN_POINT('',(597.52785957771,141.34357192683,
    212.61148780763));
#1404 = CARTESIAN_POINT('',(597.66436066257,141.30583595866,
    212.65436523424));
#1405 = CARTESIAN_POINT('',(597.80329277452,141.27013858761,
    212.69487118571));
#1406 = CARTESIAN_POINT('',(597.94461156727,141.2366107612,
    212.73286917413));
#1407 = CARTESIAN_POINT('',(598.31236512399,141.15667027423,
    212.82337197943));
#1408 = CARTESIAN_POINT('',(598.54252868954,141.11347271097,
    212.87217876564));
#1409 = CARTESIAN_POINT('',(598.77787246726,141.07647981295,
    212.91390451909));
#1410 = CARTESIAN_POINT('',(599.01748857566,141.04625840186,
    212.94794807272));
#1411 = CARTESIAN_POINT('',(599.26045192251,141.02324999684,
    212.97384374498));
#1412 = CARTESIAN_POINT('',(599.50582410257,141.00776872351,
    212.99126019285));
#1413 = CARTESIAN_POINT('',(599.7526575578,141.,213.));
#1414 = CARTESIAN_POINT('',(600.,141.,213.));
#1415 = PCURVE('',#987,#1416);
#1416 = DEFINITIONAL_REPRESENTATION('',(#1417),#1441);
#1417 = B_SPLINE_CURVE_WITH_KNOTS('',8,(#1418,#1419,#1420,#1421,#1422,
    #1423,#1424,#1425,#1426,#1427,#1428,#1429,#1430,#1431,#1432,#1433,
    #1434,#1435,#1436,#1437,#1438,#1439,#1440),.UNSPECIFIED.,.F.,.F.,(9,
    7,7,9),(0.,0.630527582834,0.774856267883,1.),.UNSPECIFIED.);
#1418 = CARTESIAN_POINT('',(-5.387520417245,-51.5192597645));
#1419 = CARTESIAN_POINT('',(-5.4446616149,-51.24394657755));
#1420 = CARTESIAN_POINT('',(-5.502644570072,-50.96988346455));
#1421 = CARTESIAN_POINT('',(-5.562123605715,-50.69876688368));
#1422 = CARTESIAN_POINT('',(-5.623650451322,-50.43271544435));
#1423 = CARTESIAN_POINT('',(-5.687717428035,-50.17513154421));
#1424 = CARTESIAN_POINT('',(-5.754778893497,-49.93096329872));
#1425 = CARTESIAN_POINT('',(-5.82528336029,-49.70702086739));
#1426 = CARTESIAN_POINT('',(-5.916759830494,-49.46769923037));
#1427 = CARTESIAN_POINT('',(-5.934011207788,-49.42463496162));
#1428 = CARTESIAN_POINT('',(-5.951472868127,-49.38321536404));
#1429 = CARTESIAN_POINT('',(-5.969142967607,-49.34357192683));
#1430 = CARTESIAN_POINT('',(-5.987020038235,-49.30583595866));
#1431 = CARTESIAN_POINT('',(-6.005102987925,-49.27013858761));
#1432 = CARTESIAN_POINT('',(-6.023391100497,-49.2366107612));
#1433 = CARTESIAN_POINT('',(-6.070731859272,-49.15667027423));
#1434 = CARTESIAN_POINT('',(-6.100126661696,-49.11347271097));
#1435 = CARTESIAN_POINT('',(-6.129975291791,-49.07647981295));
#1436 = CARTESIAN_POINT('',(-6.160192017326,-49.04625840186));
#1437 = CARTESIAN_POINT('',(-6.190696763551,-49.02324999684));
#1438 = CARTESIAN_POINT('',(-6.221413318049,-49.00776872351));
#1439 = CARTESIAN_POINT('',(-6.252267501905,-49.));
#1440 = CARTESIAN_POINT('',(-6.28318530718,-49.));
#1441 = ( GEOMETRIC_REPRESENTATION_CONTEXT(2) 
PARAMETRIC_REPRESENTATION_CONTEXT() REPRESENTATION_CONTEXT('2D SPACE',''
  ) );
#1442 = PCURVE('',#1082,#1443);
#1443 = DEFINITIONAL_REPRESENTATION('',(#1444),#1468);
#1444 = B_SPLINE_CURVE_WITH_KNOTS('',8,(#1445,#1446,#1447,#1448,#1449,
    #1450,#1451,#1452,#1453,#1454,#1455,#1456,#1457,#1458,#1459,#1460,
    #1461,#1462,#1463,#1464,#1465,#1466,#1467),.UNSPECIFIED.,.F.,.F.,(9,
    7,7,9),(0.,0.630527582834,0.774856267883,1.),.UNSPECIFIED.);
#1445 = CARTESIAN_POINT('',(3.945513497768,-6.E-07));
#1446 = CARTESIAN_POINT('',(3.989598886722,0.35684609243));
#1447 = CARTESIAN_POINT('',(4.035789125558,0.700291719869));
#1448 = CARTESIAN_POINT('',(4.084328246556,1.031685354477));
#1449 = CARTESIAN_POINT('',(4.135532988727,1.350427986218));
#1450 = CARTESIAN_POINT('',(4.18971919467,1.654074981181));
#1451 = CARTESIAN_POINT('',(4.247202336963,1.938187882213));
#1452 = CARTESIAN_POINT('',(4.308302259717,2.196194581352));
#1453 = CARTESIAN_POINT('',(4.388260478127,2.469991309601));
#1454 = CARTESIAN_POINT('',(4.40336726231,2.519164398479));
#1455 = CARTESIAN_POINT('',(4.418684528652,2.566375377364));
#1456 = CARTESIAN_POINT('',(4.434209633781,2.611487807635));
#1457 = CARTESIAN_POINT('',(4.449940166931,2.654365234242));
#1458 = CARTESIAN_POINT('',(4.465873949942,2.69487118571));
#1459 = CARTESIAN_POINT('',(4.482009037262,2.732869174138));
#1460 = CARTESIAN_POINT('',(4.523824794222,2.823371979432));
#1461 = CARTESIAN_POINT('',(4.549834457019,2.872178765644));
#1462 = CARTESIAN_POINT('',(4.576285324247,2.913904519099));
#1463 = CARTESIAN_POINT('',(4.603095073191,2.947948072727));
#1464 = CARTESIAN_POINT('',(4.630185346782,2.973843744985));
#1465 = CARTESIAN_POINT('',(4.657480543202,2.991260192859));
#1466 = CARTESIAN_POINT('',(4.684906486807,3.));
#1467 = CARTESIAN_POINT('',(4.712388980385,3.));
#1468 = ( GEOMETRIC_REPRESENTATION_CONTEXT(2) 
PARAMETRIC_REPRESENTATION_CONTEXT() REPRESENTATION_CONTEXT('2D SPACE',''
  ) );
#1469 = ORIENTED_EDGE('',*,*,#1003,.F.);
#1470 = ADVANCED_FACE('',(#1471),#1377,.F.);
#1471 = FACE_BOUND('',#1472,.F.);
#1472 = EDGE_LOOP('',(#1473,#1497,#1498));
#1473 = ORIENTED_EDGE('',*,*,#1474,.T.);
#1474 = EDGE_CURVE('',#1475,#1362,#1477,.T.);
#1475 = VERTEX_POINT('',#1476);
#1476 = CARTESIAN_POINT('',(591.00517348221,150.30511623194,210.));
#1477 = SURFACE_CURVE('',#1478,(#1483,#1490),.PCURVE_S1.);
#1478 = CIRCLE('',#1479,9.);
#1479 = AXIS2_PLACEMENT_3D('',#1480,#1481,#1482);
#1480 = CARTESIAN_POINT('',(600.,150.,210.));
#1481 = DIRECTION('',(0.,0.,1.));
#1482 = DIRECTION('',(1.,0.,-0.));
#1483 = PCURVE('',#1377,#1484);
#1484 = DEFINITIONAL_REPRESENTATION('',(#1485),#1489);
#1485 = CIRCLE('',#1486,9.);
#1486 = AXIS2_PLACEMENT_2D('',#1487,#1488);
#1487 = CARTESIAN_POINT('',(0.,0.));
#1488 = DIRECTION('',(1.,0.));
#1489 = ( GEOMETRIC_REPRESENTATION_CONTEXT(2) 
PARAMETRIC_REPRESENTATION_CONTEXT() REPRESENTATION_CONTEXT('2D SPACE',''
  ) );
#1490 = PCURVE('',#1082,#1491);
#1491 = DEFINITIONAL_REPRESENTATION('',(#1492),#1496);
#1492 = LINE('',#1493,#1494);
#1493 = CARTESIAN_POINT('',(0.,0.));
#1494 = VECTOR('',#1495,1.);
#1495 = DIRECTION('',(1.,0.));
#1496 = ( GEOMETRIC_REPRESENTATION_CONTEXT(2) 
PARAMETRIC_REPRESENTATION_CONTEXT() REPRESENTATION_CONTEXT('2D SPACE',''
  ) );
#1497 = ORIENTED_EDGE('',*,*,#1361,.T.);
#1498 = ORIENTED_EDGE('',*,*,#1499,.T.);
#1499 = EDGE_CURVE('',#1279,#1475,#1500,.T.);
#1500 = SURFACE_CURVE('',#1501,(#1506,#1513),.PCURVE_S1.);
#1501 = CIRCLE('',#1502,9.);
#1502 = AXIS2_PLACEMENT_3D('',#1503,#1504,#1505);
#1503 = CARTESIAN_POINT('',(600.,150.,210.));
#1504 = DIRECTION('',(0.,0.,1.));
#1505 = DIRECTION('',(1.,0.,-0.));
#1506 = PCURVE('',#1377,#1507);
#1507 = DEFINITIONAL_REPRESENTATION('',(#1508),#1512);
#1508 = CIRCLE('',#1509,9.);
#1509 = AXIS2_PLACEMENT_2D('',#1510,#1511);
#1510 = CARTESIAN_POINT('',(0.,0.));
#1511 = DIRECTION('',(1.,0.));
#1512 = ( GEOMETRIC_REPRESENTATION_CONTEXT(2) 
PARAMETRIC_REPRESENTATION_CONTEXT() REPRESENTATION_CONTEXT('2D SPACE',''
  ) );
#1513 = PCURVE('',#1196,#1514);
#1514 = DEFINITIONAL_REPRESENTATION('',(#1515),#1519);
#1515 = LINE('',#1516,#1517);
#1516 = CARTESIAN_POINT('',(0.,0.));
#1517 = VECTOR('',#1518,1.);
#1518 = DIRECTION('',(1.,0.));
#1519 = ( GEOMETRIC_REPRESENTATION_CONTEXT(2) 
PARAMETRIC_REPRESENTATION_CONTEXT() REPRESENTATION_CONTEXT('2D SPACE',''
  ) );
#1520 = ADVANCED_FACE('',(#1521),#1266,.T.);
#1521 = FACE_BOUND('',#1522,.F.);
#1522 = EDGE_LOOP('',(#1523,#1524,#1548,#1576,#1597));
#1523 = ORIENTED_EDGE('',*,*,#1251,.F.);
#1524 = ORIENTED_EDGE('',*,*,#1525,.T.);
#1525 = EDGE_CURVE('',#1229,#1526,#1528,.T.);
#1526 = VERTEX_POINT('',#1527);
#1527 = CARTESIAN_POINT('',(600.,332.89932124692,188.79514580341));
#1528 = SEAM_CURVE('',#1529,(#1534,#1541),.PCURVE_S1.);
#1529 = CIRCLE('',#1530,38.);
#1530 = AXIS2_PLACEMENT_3D('',#1531,#1532,#1533);
#1531 = CARTESIAN_POINT('',(600.,297.49178035148,175.));
#1532 = DIRECTION('',(-1.,0.,0.));
#1533 = DIRECTION('',(0.,0.,1.));
#1534 = PCURVE('',#1266,#1535);
#1535 = DEFINITIONAL_REPRESENTATION('',(#1536),#1540);
#1536 = LINE('',#1537,#1538);
#1537 = CARTESIAN_POINT('',(-0.,6.28318530718));
#1538 = VECTOR('',#1539,1.);
#1539 = DIRECTION('',(-1.,0.));
#1540 = ( GEOMETRIC_REPRESENTATION_CONTEXT(2) 
PARAMETRIC_REPRESENTATION_CONTEXT() REPRESENTATION_CONTEXT('2D SPACE',''
  ) );
#1541 = PCURVE('',#1266,#1542);
#1542 = DEFINITIONAL_REPRESENTATION('',(#1543),#1547);
#1543 = LINE('',#1544,#1545);
#1544 = CARTESIAN_POINT('',(-0.,0.));
#1545 = VECTOR('',#1546,1.);
#1546 = DIRECTION('',(-1.,0.));
#1547 = ( GEOMETRIC_REPRESENTATION_CONTEXT(2) 
PARAMETRIC_REPRESENTATION_CONTEXT() REPRESENTATION_CONTEXT('2D SPACE',''
  ) );
#1548 = ORIENTED_EDGE('',*,*,#1549,.T.);
#1549 = EDGE_CURVE('',#1526,#1550,#1552,.T.);
#1550 = VERTEX_POINT('',#1551);
#1551 = CARTESIAN_POINT('',(600.,317.99088297516,182.98666335987));
#1552 = SURFACE_CURVE('',#1553,(#1558,#1565),.PCURVE_S1.);
#1553 = CIRCLE('',#1554,8.);
#1554 = AXIS2_PLACEMENT_3D('',#1555,#1556,#1557);
#1555 = CARTESIAN_POINT('',(600.,325.44510211104,185.89090458164));
#1556 = DIRECTION('',(0.,0.363030152722,-0.931777391985));
#1557 = DIRECTION('',(0.,0.931777391985,0.363030152722));
#1558 = PCURVE('',#1266,#1559);
#1559 = DEFINITIONAL_REPRESENTATION('',(#1560),#1564);
#1560 = LINE('',#1561,#1562);
#1561 = CARTESIAN_POINT('',(-1.199278471648,5.551115123126E-17));
#1562 = VECTOR('',#1563,1.);
#1563 = DIRECTION('',(-0.,1.));
#1564 = ( GEOMETRIC_REPRESENTATION_CONTEXT(2) 
PARAMETRIC_REPRESENTATION_CONTEXT() REPRESENTATION_CONTEXT('2D SPACE',''
  ) );
#1565 = PCURVE('',#1566,#1571);
#1566 = CYLINDRICAL_SURFACE('',#1567,8.);
#1567 = AXIS2_PLACEMENT_3D('',#1568,#1569,#1570);
#1568 = CARTESIAN_POINT('',(600.,325.44510211104,185.89090458164));
#1569 = DIRECTION('',(-0.,-0.363030152722,0.931777391985));
#1570 = DIRECTION('',(0.,-0.931777391985,-0.363030152722));
#1571 = DEFINITIONAL_REPRESENTATION('',(#1572),#1575);
#1572 = B_SPLINE_CURVE_WITH_KNOTS('',1,(#1573,#1574),.UNSPECIFIED.,.F.,
  .F.,(2,2),(0.,3.14159265359),.PIECEWISE_BEZIER_KNOTS.);
#1573 = CARTESIAN_POINT('',(-3.14159265359,0.));
#1574 = CARTESIAN_POINT('',(-6.28318530718,0.));
#1575 = ( GEOMETRIC_REPRESENTATION_CONTEXT(2) 
PARAMETRIC_REPRESENTATION_CONTEXT() REPRESENTATION_CONTEXT('2D SPACE',''
  ) );
#1576 = ORIENTED_EDGE('',*,*,#1577,.T.);
#1577 = EDGE_CURVE('',#1550,#1526,#1578,.T.);
#1578 = SURFACE_CURVE('',#1579,(#1584,#1591),.PCURVE_S1.);
#1579 = CIRCLE('',#1580,8.);
#1580 = AXIS2_PLACEMENT_3D('',#1581,#1582,#1583);
#1581 = CARTESIAN_POINT('',(600.,325.44510211104,185.89090458164));
#1582 = DIRECTION('',(0.,0.363030152722,-0.931777391985));
#1583 = DIRECTION('',(0.,0.931777391985,0.363030152722));
#1584 = PCURVE('',#1266,#1585);
#1585 = DEFINITIONAL_REPRESENTATION('',(#1586),#1590);
#1586 = LINE('',#1587,#1588);
#1587 = CARTESIAN_POINT('',(-1.199278471648,5.551115123126E-17));
#1588 = VECTOR('',#1589,1.);
#1589 = DIRECTION('',(-0.,1.));
#1590 = ( GEOMETRIC_REPRESENTATION_CONTEXT(2) 
PARAMETRIC_REPRESENTATION_CONTEXT() REPRESENTATION_CONTEXT('2D SPACE',''
  ) );
#1591 = PCURVE('',#1566,#1592);
#1592 = DEFINITIONAL_REPRESENTATION('',(#1593),#1596);
#1593 = B_SPLINE_CURVE_WITH_KNOTS('',1,(#1594,#1595),.UNSPECIFIED.,.F.,
  .F.,(2,2),(3.14159265359,6.28318530718),.PIECEWISE_BEZIER_KNOTS.);
#1594 = CARTESIAN_POINT('',(0.,0.));
#1595 = CARTESIAN_POINT('',(-3.14159265359,0.));
#1596 = ( GEOMETRIC_REPRESENTATION_CONTEXT(2) 
PARAMETRIC_REPRESENTATION_CONTEXT() REPRESENTATION_CONTEXT('2D SPACE',''
  ) );
#1597 = ORIENTED_EDGE('',*,*,#1525,.F.);
#1598 = ADVANCED_FACE('',(#1599),#1566,.T.);
#1599 = FACE_BOUND('',#1600,.F.);
#1600 = EDGE_LOOP('',(#1601,#1624,#1625,#1626,#1627));
#1601 = ORIENTED_EDGE('',*,*,#1602,.F.);
#1602 = EDGE_CURVE('',#1550,#1603,#1605,.T.);
#1603 = VERTEX_POINT('',#1604);
#1604 = CARTESIAN_POINT('',(600.,337.3922912616,133.18971542467));
#1605 = SEAM_CURVE('',#1606,(#1610,#1617),.PCURVE_S1.);
#1606 = LINE('',#1607,#1608);
#1607 = CARTESIAN_POINT('',(600.,317.99088297516,182.98666335987));
#1608 = VECTOR('',#1609,1.);
#1609 = DIRECTION('',(0.,0.363030152722,-0.931777391985));
#1610 = PCURVE('',#1566,#1611);
#1611 = DEFINITIONAL_REPRESENTATION('',(#1612),#1616);
#1612 = LINE('',#1613,#1614);
#1613 = CARTESIAN_POINT('',(-6.28318530718,0.));
#1614 = VECTOR('',#1615,1.);
#1615 = DIRECTION('',(-0.,-1.));
#1616 = ( GEOMETRIC_REPRESENTATION_CONTEXT(2) 
PARAMETRIC_REPRESENTATION_CONTEXT() REPRESENTATION_CONTEXT('2D SPACE',''
  ) );
#1617 = PCURVE('',#1566,#1618);
#1618 = DEFINITIONAL_REPRESENTATION('',(#1619),#1623);
#1619 = LINE('',#1620,#1621);
#1620 = CARTESIAN_POINT('',(-0.,0.));
#1621 = VECTOR('',#1622,1.);
#1622 = DIRECTION('',(-0.,-1.));
#1623 = ( GEOMETRIC_REPRESENTATION_CONTEXT(2) 
PARAMETRIC_REPRESENTATION_CONTEXT() REPRESENTATION_CONTEXT('2D SPACE',''
  ) );
#1624 = ORIENTED_EDGE('',*,*,#1549,.F.);
#1625 = ORIENTED_EDGE('',*,*,#1577,.F.);
#1626 = ORIENTED_EDGE('',*,*,#1602,.T.);
#1627 = ORIENTED_EDGE('',*,*,#1628,.T.);
#1628 = EDGE_CURVE('',#1603,#1603,#1629,.T.);
#1629 = SURFACE_CURVE('',#1630,(#1789,#1951),.PCURVE_S1.);
#1630 = B_SPLINE_CURVE_WITH_KNOTS('',7,(#1631,#1632,#1633,#1634,#1635,
    #1636,#1637,#1638,#1639,#1640,#1641,#1642,#1643,#1644,#1645,#1646,
    #1647,#1648,#1649,#1650,#1651,#1652,#1653,#1654,#1655,#1656,#1657,
    #1658,#1659,#1660,#1661,#1662,#1663,#1664,#1665,#1666,#1667,#1668,
    #1669,#1670,#1671,#1672,#1673,#1674,#1675,#1676,#1677,#1678,#1679,
    #1680,#1681,#1682,#1683,#1684,#1685,#1686,#1687,#1688,#1689,#1690,
    #1691,#1692,#1693,#1694,#1695,#1696,#1697,#1698,#1699,#1700,#1701,
    #1702,#1703,#1704,#1705,#1706,#1707,#1708,#1709,#1710,#1711,#1712,
    #1713,#1714,#1715,#1716,#1717,#1718,#1719,#1720,#1721,#1722,#1723,
    #1724,#1725,#1726,#1727,#1728,#1729,#1730,#1731,#1732,#1733,#1734,
    #1735,#1736,#1737,#1738,#1739,#1740,#1741,#1742,#1743,#1744,#1745,
    #1746,#1747,#1748,#1749,#1750,#1751,#1752,#1753,#1754,#1755,#1756,
    #1757,#1758,#1759,#1760,#1761,#1762,#1763,#1764,#1765,#1766,#1767,
    #1768,#1769,#1770,#1771,#1772,#1773,#1774,#1775,#1776,#1777,#1778,
    #1779,#1780,#1781,#1782,#1783,#1784,#1785,#1786,#1787,#1788),
  .UNSPECIFIED.,.T.,.F.,(8,6,6,6,6,6,6,6,6,6,6,6,6,6,6,6,6,6,6,6,6,6,6,6
    ,6,6,8),(0.,7.323176380128E-02,0.11115796461,0.151393979808,
    0.177196772198,0.194957732652,0.237175761293,0.296650216876,
    0.322462242477,0.360724887903,0.408192843863,0.460013475861,
    0.48219042026,0.499999700032,0.517808979805,0.539985924203,
    0.591806556201,0.639274512161,0.677537157586,0.703349183187,
    0.762823638769,0.805041667409,0.822802627863,0.848605420253,
    0.888841435451,0.927264820049,1.),.UNSPECIFIED.);
#1631 = CARTESIAN_POINT('',(600.,337.3922912616,133.18971542467));
#1632 = CARTESIAN_POINT('',(599.46460940531,337.3922912616,
    133.18971542467));
#1633 = CARTESIAN_POINT('',(598.92914309929,337.42830278418,
    133.21243465541));
#1634 = CARTESIAN_POINT('',(598.39797158884,337.50034217311,
    133.25788353534));
#1635 = CARTESIAN_POINT('',(597.87524172807,337.60786315392,
    133.32569150072));
#1636 = CARTESIAN_POINT('',(597.36490590879,337.74988467179,
    133.41518863375));
#1637 = CARTESIAN_POINT('',(596.87072380525,337.92502065942,
    133.52543079303));
#1638 = CARTESIAN_POINT('',(596.15050321961,338.23830018029,
    133.72235833484));
#1639 = CARTESIAN_POINT('',(595.91002327959,338.35358439148,
    133.79478532261));
#1640 = CARTESIAN_POINT('',(595.67527088759,338.47701796531,
    133.87228304855));
#1641 = CARTESIAN_POINT('',(595.44669056872,338.60833277052,
    133.95467106518));
#1642 = CARTESIAN_POINT('',(595.22469878959,338.74724074809,
    134.04175612272));
#1643 = CARTESIAN_POINT('',(595.00968540886,338.89343571143,
    134.13333365326));
#1644 = CARTESIAN_POINT('',(594.58169713113,339.20908243067,
    134.33088273769));
#1645 = CARTESIAN_POINT('',(594.36964098609,339.37941047856,
    134.43739260116));
#1646 = CARTESIAN_POINT('',(594.1662802095,339.5571950556,
    134.54846334823));
#1647 = CARTESIAN_POINT('',(593.9720105542,339.74203613429,
    134.66383011132));
#1648 = CARTESIAN_POINT('',(593.78719223428,339.93351951398,
    134.78322002175));
#1649 = CARTESIAN_POINT('',(593.61215215039,340.13121844053,
    134.90635357921));
#1650 = CARTESIAN_POINT('',(593.34139570952,340.46518203558,
    135.11412797921));
#1651 = CARTESIAN_POINT('',(593.23974782315,340.59804557947,
    135.19673278036));
#1652 = CARTESIAN_POINT('',(593.14231981965,340.7331707247,
    135.28068547381));
#1653 = CARTESIAN_POINT('',(593.04918374365,340.87044104321,
    135.36591059213));
#1654 = CARTESIAN_POINT('',(592.96040632069,341.00973881189,
    135.45233215128));
#1655 = CARTESIAN_POINT('',(592.87604895716,341.15094501253,
    135.53987365063));
#1656 = CARTESIAN_POINT('',(592.74118271735,341.39236730092,
    135.68943381525));
#1657 = CARTESIAN_POINT('',(592.68831853757,341.49164256927,
    135.7509037555));
#1658 = CARTESIAN_POINT('',(592.63759351593,341.59172596176,
    135.81284282068));
#1659 = CARTESIAN_POINT('',(592.5890248454,341.69257809708,
    135.87522588466));
#1660 = CARTESIAN_POINT('',(592.54262859701,341.79415938776,
    135.93802776817));
#1661 = CARTESIAN_POINT('',(592.49841971986,341.89643004016,
    136.00122323874));
#1662 = CARTESIAN_POINT('',(592.35655925487,342.24399223616,
    136.21587890436));
#1663 = CARTESIAN_POINT('',(592.26914365343,342.49230384613,
    136.36905203599));
#1664 = CARTESIAN_POINT('',(592.19435115039,342.7437473044,
    136.52396658982));
#1665 = CARTESIAN_POINT('',(592.1323328576,342.99778018413,
    136.68028226709));
#1666 = CARTESIAN_POINT('',(592.08320562862,343.25385541187,
    136.83765843295));
#1667 = CARTESIAN_POINT('',(592.04705260209,343.51142146773,
    136.99575426315));
#1668 = CARTESIAN_POINT('',(591.99134107333,344.13408485794,
    137.37747930106));
#1669 = CARTESIAN_POINT('',(591.98460501727,344.50010822568,
    137.601484762));
#1670 = CARTESIAN_POINT('',(592.00385614002,344.86643450475,
    137.82528951029));
#1671 = CARTESIAN_POINT('',(592.0490984297,345.23149827214,
    138.0479432808));
#1672 = CARTESIAN_POINT('',(592.12020304118,345.5937271929,
    138.26850109179));
#1673 = CARTESIAN_POINT('',(592.21690205334,345.95154379084,
    138.48602350179));
#1674 = CARTESIAN_POINT('',(592.39166413352,346.4560613196,
    138.79226010524));
#1675 = CARTESIAN_POINT('',(592.449297391,346.60762591223,
    138.88419567901));
#1676 = CARTESIAN_POINT('',(592.51163753867,346.75793360874,
    138.97530794407));
#1677 = CARTESIAN_POINT('',(592.57864482713,346.90685592664,
    139.06552126218));
#1678 = CARTESIAN_POINT('',(592.65027403488,347.05426482497,
    139.15476050609));
#1679 = CARTESIAN_POINT('',(592.72647426976,347.2000327959,
    139.24295109298));
#1680 = CARTESIAN_POINT('',(592.9268365018,347.55749265024,
    139.45908479533));
#1681 = CARTESIAN_POINT('',(593.05640442677,347.76706875384,
    139.5856842398));
#1682 = CARTESIAN_POINT('',(593.19570696745,347.97234719905,
    139.70957582049));
#1683 = CARTESIAN_POINT('',(593.3445314629,348.17291888039,
    139.83052198143));
#1684 = CARTESIAN_POINT('',(593.5026363462,348.3683809281,
    139.94828971262));
#1685 = CARTESIAN_POINT('',(593.66974932174,348.55833798127,
    140.06265112097));
#1686 = CARTESIAN_POINT('',(594.06368001243,348.9707518144,
    140.31075723898));
#1687 = CARTESIAN_POINT('',(594.29519049134,349.19003441123,
    140.44254699386));
#1688 = CARTESIAN_POINT('',(594.53951514102,349.39951353561,
    140.56832922682));
#1689 = CARTESIAN_POINT('',(594.79599663093,349.59847723116,
    140.68769633294));
#1690 = CARTESIAN_POINT('',(595.06389717184,349.78624354807,
    140.80025906224));
#1691 = CARTESIAN_POINT('',(595.34238863797,349.96217021515,
    140.90565166792));
#1692 = CARTESIAN_POINT('',(595.94510937075,350.30416169803,
    141.11040500233));
#1693 = CARTESIAN_POINT('',(596.27122956279,350.46786497399,
    141.20833962856));
#1694 = CARTESIAN_POINT('',(596.60764874743,350.61598530155,
    141.29689185029));
#1695 = CARTESIAN_POINT('',(596.9529460017,350.74781452613,
    141.3756596824));
#1696 = CARTESIAN_POINT('',(597.30551484597,350.86275764707,
    141.44430664477));
#1697 = CARTESIAN_POINT('',(597.66353985263,350.96041395753,
    141.50260905895));
#1698 = CARTESIAN_POINT('',(598.17992282533,351.0749523359,
    141.57097282003));
#1699 = CARTESIAN_POINT('',(598.33534295081,351.1060847457,
    141.58955187833));
#1700 = CARTESIAN_POINT('',(598.49127532408,351.13400923916,
    141.60621443329));
#1701 = CARTESIAN_POINT('',(598.64758462303,351.15872442259,
    141.62096044839));
#1702 = CARTESIAN_POINT('',(598.80415526803,351.18023843016,
    141.63379543903));
#1703 = CARTESIAN_POINT('',(598.96089446197,351.19856528755,
    141.64472830081));
#1704 = CARTESIAN_POINT('',(599.24368099872,351.22589021541,
    141.66102815809));
#1705 = CARTESIAN_POINT('',(599.36969495076,351.23601485513,
    141.66706736271));
#1706 = CARTESIAN_POINT('',(599.4957425152,351.24410223337,
    141.67189116583));
#1707 = CARTESIAN_POINT('',(599.62180361117,351.25016086105,
    141.67550479759));
#1708 = CARTESIAN_POINT('',(599.74786819398,351.25419751555,
    141.67791240195));
#1709 = CARTESIAN_POINT('',(599.873933533,351.25621588597,
    141.67911622985));
#1710 = CARTESIAN_POINT('',(600.12606646699,351.25621588597,
    141.67911622985));
#1711 = CARTESIAN_POINT('',(600.25213180601,351.25419751555,
    141.67791240195));
#1712 = CARTESIAN_POINT('',(600.37819638882,351.25016086105,
    141.67550479759));
#1713 = CARTESIAN_POINT('',(600.50425748479,351.24410223337,
    141.67189116583));
#1714 = CARTESIAN_POINT('',(600.63030504923,351.23601485513,
    141.66706736271));
#1715 = CARTESIAN_POINT('',(600.75631900127,351.22589021541,
    141.66102815809));
#1716 = CARTESIAN_POINT('',(601.03910553802,351.19856528755,
    141.64472830081));
#1717 = CARTESIAN_POINT('',(601.19584473196,351.18023843016,
    141.63379543903));
#1718 = CARTESIAN_POINT('',(601.35241537696,351.15872442259,
    141.62096044839));
#1719 = CARTESIAN_POINT('',(601.50872467591,351.13400923916,
    141.60621443329));
#1720 = CARTESIAN_POINT('',(601.66465704918,351.1060847457,
    141.58955187833));
#1721 = CARTESIAN_POINT('',(601.82007717467,351.0749523359,
    141.57097282003));
#1722 = CARTESIAN_POINT('',(602.33646014736,350.96041395753,
    141.50260905895));
#1723 = CARTESIAN_POINT('',(602.69448515403,350.86275764707,
    141.44430664477));
#1724 = CARTESIAN_POINT('',(603.04705399829,350.74781452613,
    141.3756596824));
#1725 = CARTESIAN_POINT('',(603.39235125256,350.61598530155,
    141.29689185029));
#1726 = CARTESIAN_POINT('',(603.72877043721,350.46786497399,
    141.20833962856));
#1727 = CARTESIAN_POINT('',(604.05489062924,350.30416169803,
    141.11040500233));
#1728 = CARTESIAN_POINT('',(604.65761136202,349.96217021515,
    140.90565166792));
#1729 = CARTESIAN_POINT('',(604.93610282815,349.78624354807,
    140.80025906224));
#1730 = CARTESIAN_POINT('',(605.20400336906,349.59847723116,
    140.68769633294));
#1731 = CARTESIAN_POINT('',(605.46048485897,349.39951353561,
    140.56832922682));
#1732 = CARTESIAN_POINT('',(605.70480950865,349.19003441123,
    140.44254699386));
#1733 = CARTESIAN_POINT('',(605.93631998756,348.9707518144,
    140.31075723898));
#1734 = CARTESIAN_POINT('',(606.33025067825,348.55833798127,
    140.06265112097));
#1735 = CARTESIAN_POINT('',(606.49736365379,348.3683809281,
    139.94828971262));
#1736 = CARTESIAN_POINT('',(606.65546853709,348.17291888039,
    139.83052198143));
#1737 = CARTESIAN_POINT('',(606.80429303254,347.97234719905,
    139.70957582049));
#1738 = CARTESIAN_POINT('',(606.94359557322,347.76706875384,
    139.5856842398));
#1739 = CARTESIAN_POINT('',(607.0731634982,347.55749265024,
    139.45908479533));
#1740 = CARTESIAN_POINT('',(607.27352573023,347.2000327959,
    139.24295109298));
#1741 = CARTESIAN_POINT('',(607.34972596511,347.05426482497,
    139.15476050609));
#1742 = CARTESIAN_POINT('',(607.42135517286,346.90685592664,
    139.06552126218));
#1743 = CARTESIAN_POINT('',(607.48836246132,346.75793360874,
    138.97530794407));
#1744 = CARTESIAN_POINT('',(607.55070260899,346.60762591223,
    138.88419567901));
#1745 = CARTESIAN_POINT('',(607.60833586648,346.4560613196,
    138.79226010524));
#1746 = CARTESIAN_POINT('',(607.78309794665,345.95154379084,
    138.48602350179));
#1747 = CARTESIAN_POINT('',(607.87979695881,345.5937271929,
    138.26850109179));
#1748 = CARTESIAN_POINT('',(607.95090157029,345.23149827214,
    138.0479432808));
#1749 = CARTESIAN_POINT('',(607.99614385998,344.86643450475,
    137.82528951029));
#1750 = CARTESIAN_POINT('',(608.01539498272,344.50010822568,
    137.601484762));
#1751 = CARTESIAN_POINT('',(608.00865892666,344.13408485794,
    137.37747930106));
#1752 = CARTESIAN_POINT('',(607.95294739791,343.51142146773,
    136.99575426315));
#1753 = CARTESIAN_POINT('',(607.91679437137,343.25385541187,
    136.83765843295));
#1754 = CARTESIAN_POINT('',(607.86766714239,342.99778018413,
    136.68028226709));
#1755 = CARTESIAN_POINT('',(607.8056488496,342.7437473044,
    136.52396658982));
#1756 = CARTESIAN_POINT('',(607.73085634656,342.49230384613,
    136.36905203599));
#1757 = CARTESIAN_POINT('',(607.64344074512,342.24399223616,
    136.21587890436));
#1758 = CARTESIAN_POINT('',(607.50158028013,341.89643004016,
    136.00122323874));
#1759 = CARTESIAN_POINT('',(607.45737140298,341.79415938776,
    135.93802776817));
#1760 = CARTESIAN_POINT('',(607.41097515459,341.69257809708,
    135.87522588466));
#1761 = CARTESIAN_POINT('',(607.36240648406,341.59172596176,
    135.81284282068));
#1762 = CARTESIAN_POINT('',(607.31168146242,341.49164256927,
    135.7509037555));
#1763 = CARTESIAN_POINT('',(607.25881728264,341.39236730092,
    135.68943381525));
#1764 = CARTESIAN_POINT('',(607.12395104284,341.15094501253,
    135.53987365063));
#1765 = CARTESIAN_POINT('',(607.0395936793,341.00973881189,
    135.45233215128));
#1766 = CARTESIAN_POINT('',(606.95081625634,340.87044104321,
    135.36591059213));
#1767 = CARTESIAN_POINT('',(606.85768018034,340.7331707247,
    135.28068547381));
#1768 = CARTESIAN_POINT('',(606.76025217684,340.59804557947,
    135.19673278036));
#1769 = CARTESIAN_POINT('',(606.65860429047,340.46518203558,
    135.11412797921));
#1770 = CARTESIAN_POINT('',(606.3878478496,340.13121844052,
    134.90635357921));
#1771 = CARTESIAN_POINT('',(606.21280776571,339.93351951397,
    134.78322002175));
#1772 = CARTESIAN_POINT('',(606.02798944579,339.74203613429,
    134.66383011132));
#1773 = CARTESIAN_POINT('',(605.83371979049,339.5571950556,
    134.54846334823));
#1774 = CARTESIAN_POINT('',(605.6303590139,339.37941047856,
    134.43739260116));
#1775 = CARTESIAN_POINT('',(605.41830286886,339.20908243067,
    134.33088273769));
#1776 = CARTESIAN_POINT('',(604.98759219091,338.89142790715,
    134.13207705887));
#1777 = CARTESIAN_POINT('',(604.76966253397,338.74340887635,
    134.03935579745));
#1778 = CARTESIAN_POINT('',(604.54457522373,338.60287348118,
    133.95124845428));
#1779 = CARTESIAN_POINT('',(604.31273604308,338.47013991681,
    133.86796763387));
#1780 = CARTESIAN_POINT('',(604.07457877525,338.34550722342,
    133.78971397614));
#1781 = CARTESIAN_POINT('',(603.83056674364,338.22925336304,
    133.71667457095));
#1782 = CARTESIAN_POINT('',(603.10913427702,337.9179093139,
    133.52095437352));
#1783 = CARTESIAN_POINT('',(602.61776460501,337.74507957212,
    133.41216060082));
#1784 = CARTESIAN_POINT('',(602.11055877432,337.60495231998,
    133.32385578302));
#1785 = CARTESIAN_POINT('',(601.59120309783,337.49887813641,
    133.25695989039));
#1786 = CARTESIAN_POINT('',(601.06357463923,337.42781382181,
    133.21212617529));
#1787 = CARTESIAN_POINT('',(600.53174356901,337.3922912616,
    133.18971542467));
#1788 = CARTESIAN_POINT('',(600.,337.3922912616,133.18971542467));
#1789 = PCURVE('',#1566,#1790);
#1790 = DEFINITIONAL_REPRESENTATION('',(#1791),#1950);
#1791 = B_SPLINE_CURVE_WITH_KNOTS('',7,(#1792,#1793,#1794,#1795,#1796,
    #1797,#1798,#1799,#1800,#1801,#1802,#1803,#1804,#1805,#1806,#1807,
    #1808,#1809,#1810,#1811,#1812,#1813,#1814,#1815,#1816,#1817,#1818,
    #1819,#1820,#1821,#1822,#1823,#1824,#1825,#1826,#1827,#1828,#1829,
    #1830,#1831,#1832,#1833,#1834,#1835,#1836,#1837,#1838,#1839,#1840,
    #1841,#1842,#1843,#1844,#1845,#1846,#1847,#1848,#1849,#1850,#1851,
    #1852,#1853,#1854,#1855,#1856,#1857,#1858,#1859,#1860,#1861,#1862,
    #1863,#1864,#1865,#1866,#1867,#1868,#1869,#1870,#1871,#1872,#1873,
    #1874,#1875,#1876,#1877,#1878,#1879,#1880,#1881,#1882,#1883,#1884,
    #1885,#1886,#1887,#1888,#1889,#1890,#1891,#1892,#1893,#1894,#1895,
    #1896,#1897,#1898,#1899,#1900,#1901,#1902,#1903,#1904,#1905,#1906,
    #1907,#1908,#1909,#1910,#1911,#1912,#1913,#1914,#1915,#1916,#1917,
    #1918,#1919,#1920,#1921,#1922,#1923,#1924,#1925,#1926,#1927,#1928,
    #1929,#1930,#1931,#1932,#1933,#1934,#1935,#1936,#1937,#1938,#1939,
    #1940,#1941,#1942,#1943,#1944,#1945,#1946,#1947,#1948,#1949),
  .UNSPECIFIED.,.F.,.F.,(8,6,6,6,6,6,6,6,6,6,6,6,6,6,6,6,6,6,6,6,6,6,6,6
    ,6,6,8),(0.,7.323176380128E-02,0.11115796461,0.151393979808,
    0.177196772198,0.194957732652,0.237175761293,0.296650216876,
    0.322462242477,0.360724887903,0.408192843863,0.460013475861,
    0.48219042026,0.499999700032,0.517808979805,0.539985924203,
    0.591806556201,0.639274512161,0.677537157586,0.703349183187,
    0.762823638769,0.805041667409,0.822802627863,0.848605420253,
    0.888841435451,0.927264820049,1.),.UNSPECIFIED.);
#1792 = CARTESIAN_POINT('',(0.,-53.44296648912));
#1793 = CARTESIAN_POINT('',(-6.692382433612E-02,-53.44296648912));
#1794 = CARTESIAN_POINT('',(-0.133856988488,-53.4348704921));
#1795 = CARTESIAN_POINT('',(-0.200743442886,-53.41867472366));
#1796 = CARTESIAN_POINT('',(-0.267553344156,-53.39452615261));
#1797 = CARTESIAN_POINT('',(-0.334266567634,-53.36269284072));
#1798 = CARTESIAN_POINT('',(-0.400859080226,-53.32355133339));
#1799 = CARTESIAN_POINT('',(-0.501697392166,-53.25378861438));
#1800 = CARTESIAN_POINT('',(-0.536063872064,-53.2281544294));
#1801 = CARTESIAN_POINT('',(-0.570388933607,-53.2007539096));
#1802 = CARTESIAN_POINT('',(-0.60467101713,-53.17165785213));
#1803 = CARTESIAN_POINT('',(-0.638909321857,-53.14094174864));
#1804 = CARTESIAN_POINT('',(-0.673103444774,-53.10868505594));
#1805 = CARTESIAN_POINT('',(-0.74348240126,-53.03920256195));
#1806 = CARTESIAN_POINT('',(-0.779662124761,-53.00179329639));
#1807 = CARTESIAN_POINT('',(-0.815792088755,-52.96284124751));
#1808 = CARTESIAN_POINT('',(-0.85187327451,-52.9224479909));
#1809 = CARTESIAN_POINT('',(-0.887907420615,-52.8807174121));
#1810 = CARTESIAN_POINT('',(-0.923896697775,-52.83775501856));
#1811 = CARTESIAN_POINT('',(-0.982895489221,-52.76539438493));
#1812 = CARTESIAN_POINT('',(-1.005930173255,-52.73665857137));
#1813 = CARTESIAN_POINT('',(-1.028948154291,-52.70748785173));
#1814 = CARTESIAN_POINT('',(-1.051950217212,-52.67791027795));
#1815 = CARTESIAN_POINT('',(-1.074937213209,-52.64795391318));
#1816 = CARTESIAN_POINT('',(-1.09791005978,-52.61764683182));
#1817 = CARTESIAN_POINT('',(-1.136673688579,-52.5659336219));
#1818 = CARTESIAN_POINT('',(-1.152471400394,-52.54469723712));
#1819 = CARTESIAN_POINT('',(-1.168263198016,-52.52331710577));
#1820 = CARTESIAN_POINT('',(-1.184049413048,-52.50180234319));
#1821 = CARTESIAN_POINT('',(-1.199830386853,-52.48016203944));
#1822 = CARTESIAN_POINT('',(-1.215606470552,-52.45840525925));
#1823 = CARTESIAN_POINT('',(-1.268867210375,-52.38456952005));
#1824 = CARTESIAN_POINT('',(-1.30633085176,-52.33199086063));
#1825 = CARTESIAN_POINT('',(-1.343773692295,-52.27892653874));
#1826 = CARTESIAN_POINT('',(-1.381200830425,-52.22549671976));
#1827 = CARTESIAN_POINT('',(-1.418617538166,-52.17182019542));
#1828 = CARTESIAN_POINT('',(-1.456029079334,-52.11801431966));
#1829 = CARTESIAN_POINT('',(-1.546143735421,-51.98837714503));
#1830 = CARTESIAN_POINT('',(-1.598847539373,-51.91253143993));
#1831 = CARTESIAN_POINT('',(-1.651565545344,-51.83698272029));
#1832 = CARTESIAN_POINT('',(-1.704311964713,-51.76204812592));
#1833 = CARTESIAN_POINT('',(-1.757100811525,-51.68803736444));
#1834 = CARTESIAN_POINT('',(-1.809944798961,-51.61525311475));
#1835 = CARTESIAN_POINT('',(-1.885816599991,-51.51306384657));
#1836 = CARTESIAN_POINT('',(-1.908791613777,-51.48242287462));
#1837 = CARTESIAN_POINT('',(-1.931779832625,-51.45209275193));
#1838 = CARTESIAN_POINT('',(-1.954782081654,-51.42209731346));
#1839 = CARTESIAN_POINT('',(-1.977799131041,-51.39246007839));
#1840 = CARTESIAN_POINT('',(-2.000831671944,-51.36320425208));
#1841 = CARTESIAN_POINT('',(-2.058046583977,-51.2915844601));
#1842 = CARTESIAN_POINT('',(-2.092248374071,-51.2497044048));
#1843 = CARTESIAN_POINT('',(-2.126487408987,-51.20878729617));
#1844 = CARTESIAN_POINT('',(-2.160765299001,-51.16890596587));
#1845 = CARTESIAN_POINT('',(-2.19508327914,-51.13013127347));
#1846 = CARTESIAN_POINT('',(-2.22944196996,-51.09253203668));
#1847 = CARTESIAN_POINT('',(-2.306516133482,-51.01107102194));
#1848 = CARTESIAN_POINT('',(-2.349253697525,-50.96787850245));
#1849 = CARTESIAN_POINT('',(-2.392053431266,-50.92672469998));
#1850 = CARTESIAN_POINT('',(-2.434913359093,-50.88773094994));
#1851 = CARTESIAN_POINT('',(-2.477829277579,-50.8510123783));
#1852 = CARTESIAN_POINT('',(-2.520793385562,-50.81667661587));
#1853 = CARTESIAN_POINT('',(-2.610733873949,-50.75004530819));
#1854 = CARTESIAN_POINT('',(-2.6577226615,-50.71822126284));
#1855 = CARTESIAN_POINT('',(-2.704734977228,-50.68948244976));
#1856 = CARTESIAN_POINT('',(-2.751737311834,-50.66394634812));
#1857 = CARTESIAN_POINT('',(-2.798684068957,-50.6417104793));
#1858 = CARTESIAN_POINT('',(-2.845513089014,-50.62283779317));
#1859 = CARTESIAN_POINT('',(-2.912122347442,-50.60071887116));
#1860 = CARTESIAN_POINT('',(-2.932051862105,-50.59470932815));
#1861 = CARTESIAN_POINT('',(-2.951942717616,-50.58932096928));
#1862 = CARTESIAN_POINT('',(-2.971791283232,-50.58455332259));
#1863 = CARTESIAN_POINT('',(-2.991596345983,-50.58040420194));
#1864 = CARTESIAN_POINT('',(-3.011359356747,-50.57687041034));
#1865 = CARTESIAN_POINT('',(-3.04692461584,-50.57160234458));
#1866 = CARTESIAN_POINT('',(-3.062740550658,-50.56965069975));
#1867 = CARTESIAN_POINT('',(-3.078534902962,-50.56809195122));
#1868 = CARTESIAN_POINT('',(-3.094311713043,-50.56692431537));
#1869 = CARTESIAN_POINT('',(-3.110076178,-50.56614639136));
#1870 = CARTESIAN_POINT('',(-3.125834345216,-50.56575742106));
#1871 = CARTESIAN_POINT('',(-3.157350961964,-50.56575742106));
#1872 = CARTESIAN_POINT('',(-3.173109129179,-50.56614639136));
#1873 = CARTESIAN_POINT('',(-3.188873594136,-50.56692431537));
#1874 = CARTESIAN_POINT('',(-3.204650404218,-50.56809195122));
#1875 = CARTESIAN_POINT('',(-3.220444756522,-50.56965069975));
#1876 = CARTESIAN_POINT('',(-3.23626069134,-50.57160234458));
#1877 = CARTESIAN_POINT('',(-3.271825950432,-50.57687041034));
#1878 = CARTESIAN_POINT('',(-3.291588961197,-50.58040420194));
#1879 = CARTESIAN_POINT('',(-3.311394023948,-50.58455332259));
#1880 = CARTESIAN_POINT('',(-3.331242589564,-50.58932096928));
#1881 = CARTESIAN_POINT('',(-3.351133445075,-50.59470932815));
#1882 = CARTESIAN_POINT('',(-3.371062959738,-50.60071887116));
#1883 = CARTESIAN_POINT('',(-3.437672218165,-50.62283779317));
#1884 = CARTESIAN_POINT('',(-3.484501238223,-50.6417104793));
#1885 = CARTESIAN_POINT('',(-3.531447995345,-50.66394634812));
#1886 = CARTESIAN_POINT('',(-3.578450329952,-50.68948244976));
#1887 = CARTESIAN_POINT('',(-3.625462645679,-50.71822126284));
#1888 = CARTESIAN_POINT('',(-3.672451433231,-50.75004530819));
#1889 = CARTESIAN_POINT('',(-3.762391921617,-50.81667661587));
#1890 = CARTESIAN_POINT('',(-3.805356029601,-50.8510123783));
#1891 = CARTESIAN_POINT('',(-3.848271948086,-50.88773094994));
#1892 = CARTESIAN_POINT('',(-3.891131875914,-50.92672469998));
#1893 = CARTESIAN_POINT('',(-3.933931609655,-50.96787850245));
#1894 = CARTESIAN_POINT('',(-3.976669173697,-51.01107102194));
#1895 = CARTESIAN_POINT('',(-4.05374333722,-51.09253203668));
#1896 = CARTESIAN_POINT('',(-4.08810202804,-51.13013127347));
#1897 = CARTESIAN_POINT('',(-4.122420008179,-51.16890596587));
#1898 = CARTESIAN_POINT('',(-4.156697898193,-51.20878729617));
#1899 = CARTESIAN_POINT('',(-4.190936933109,-51.2497044048));
#1900 = CARTESIAN_POINT('',(-4.225138723202,-51.2915844601));
#1901 = CARTESIAN_POINT('',(-4.282353635236,-51.36320425208));
#1902 = CARTESIAN_POINT('',(-4.305386176139,-51.39246007839));
#1903 = CARTESIAN_POINT('',(-4.328403225526,-51.42209731346));
#1904 = CARTESIAN_POINT('',(-4.351405474554,-51.45209275193));
#1905 = CARTESIAN_POINT('',(-4.374393693402,-51.48242287462));
#1906 = CARTESIAN_POINT('',(-4.397368707189,-51.51306384657));
#1907 = CARTESIAN_POINT('',(-4.473240508218,-51.61525311475));
#1908 = CARTESIAN_POINT('',(-4.526084495655,-51.68803736444));
#1909 = CARTESIAN_POINT('',(-4.578873342467,-51.76204812592));
#1910 = CARTESIAN_POINT('',(-4.631619761836,-51.83698272029));
#1911 = CARTESIAN_POINT('',(-4.684337767807,-51.91253143993));
#1912 = CARTESIAN_POINT('',(-4.737041571759,-51.98837714503));
#1913 = CARTESIAN_POINT('',(-4.827156227846,-52.11801431966));
#1914 = CARTESIAN_POINT('',(-4.864567769014,-52.17182019542));
#1915 = CARTESIAN_POINT('',(-4.901984476754,-52.22549671976));
#1916 = CARTESIAN_POINT('',(-4.939411614885,-52.27892653874));
#1917 = CARTESIAN_POINT('',(-4.97685445542,-52.33199086063));
#1918 = CARTESIAN_POINT('',(-5.014318096805,-52.38456952005));
#1919 = CARTESIAN_POINT('',(-5.067578836627,-52.45840525925));
#1920 = CARTESIAN_POINT('',(-5.083354920326,-52.48016203944));
#1921 = CARTESIAN_POINT('',(-5.099135894131,-52.50180234319));
#1922 = CARTESIAN_POINT('',(-5.114922109164,-52.52331710577));
#1923 = CARTESIAN_POINT('',(-5.130713906786,-52.54469723712));
#1924 = CARTESIAN_POINT('',(-5.1465116186,-52.5659336219));
#1925 = CARTESIAN_POINT('',(-5.1852752474,-52.61764683182));
#1926 = CARTESIAN_POINT('',(-5.208248093971,-52.64795391318));
#1927 = CARTESIAN_POINT('',(-5.231235089968,-52.67791027795));
#1928 = CARTESIAN_POINT('',(-5.254237152889,-52.70748785173));
#1929 = CARTESIAN_POINT('',(-5.277255133925,-52.73665857137));
#1930 = CARTESIAN_POINT('',(-5.300289817959,-52.76539438493));
#1931 = CARTESIAN_POINT('',(-5.359288609405,-52.83775501856));
#1932 = CARTESIAN_POINT('',(-5.395277886565,-52.8807174121));
#1933 = CARTESIAN_POINT('',(-5.431312032669,-52.9224479909));
#1934 = CARTESIAN_POINT('',(-5.467393218425,-52.96284124751));
#1935 = CARTESIAN_POINT('',(-5.503523182418,-53.00179329639));
#1936 = CARTESIAN_POINT('',(-5.53970290592,-53.03920256195));
#1937 = CARTESIAN_POINT('',(-5.610529537486,-53.10912702869));
#1938 = CARTESIAN_POINT('',(-5.645172525529,-53.14178723248));
#1939 = CARTESIAN_POINT('',(-5.679860855161,-53.17286507694));
#1940 = CARTESIAN_POINT('',(-5.71459410005,-53.20227797644));
#1941 = CARTESIAN_POINT('',(-5.749371418247,-53.22994753984));
#1942 = CARTESIAN_POINT('',(-5.784191166263,-53.25580034963));
#1943 = CARTESIAN_POINT('',(-5.885038996291,-53.32514072704));
#1944 = CARTESIAN_POINT('',(-5.951183409596,-53.36376989727));
#1945 = CARTESIAN_POINT('',(-6.017446545364,-53.39517991236));
#1946 = CARTESIAN_POINT('',(-6.083804978335,-53.41900386568));
#1947 = CARTESIAN_POINT('',(-6.150238595941,-53.43498041882));
#1948 = CARTESIAN_POINT('',(-6.216717361052,-53.44296648912));
#1949 = CARTESIAN_POINT('',(-6.28318530718,-53.44296648912));
#1950 = ( GEOMETRIC_REPRESENTATION_CONTEXT(2) 
PARAMETRIC_REPRESENTATION_CONTEXT() REPRESENTATION_CONTEXT('2D SPACE',''
  ) );
#1951 = PCURVE('',#1952,#1957);
#1952 = SPHERICAL_SURFACE('',#1953,22.);
#1953 = AXIS2_PLACEMENT_3D('',#1954,#1955,#1956);
#1954 = CARTESIAN_POINT('',(600.,355.,120.));
#1955 = DIRECTION('',(0.,0.,1.));
#1956 = DIRECTION('',(1.,0.,-0.));
#1957 = DEFINITIONAL_REPRESENTATION('',(#1958),#2117);
#1958 = B_SPLINE_CURVE_WITH_KNOTS('',7,(#1959,#1960,#1961,#1962,#1963,
    #1964,#1965,#1966,#1967,#1968,#1969,#1970,#1971,#1972,#1973,#1974,
    #1975,#1976,#1977,#1978,#1979,#1980,#1981,#1982,#1983,#1984,#1985,
    #1986,#1987,#1988,#1989,#1990,#1991,#1992,#1993,#1994,#1995,#1996,
    #1997,#1998,#1999,#2000,#2001,#2002,#2003,#2004,#2005,#2006,#2007,
    #2008,#2009,#2010,#2011,#2012,#2013,#2014,#2015,#2016,#2017,#2018,
    #2019,#2020,#2021,#2022,#2023,#2024,#2025,#2026,#2027,#2028,#2029,
    #2030,#2031,#2032,#2033,#2034,#2035,#2036,#2037,#2038,#2039,#2040,
    #2041,#2042,#2043,#2044,#2045,#2046,#2047,#2048,#2049,#2050,#2051,
    #2052,#2053,#2054,#2055,#2056,#2057,#2058,#2059,#2060,#2061,#2062,
    #2063,#2064,#2065,#2066,#2067,#2068,#2069,#2070,#2071,#2072,#2073,
    #2074,#2075,#2076,#2077,#2078,#2079,#2080,#2081,#2082,#2083,#2084,
    #2085,#2086,#2087,#2088,#2089,#2090,#2091,#2092,#2093,#2094,#2095,
    #2096,#2097,#2098,#2099,#2100,#2101,#2102,#2103,#2104,#2105,#2106,
    #2107,#2108,#2109,#2110,#2111,#2112,#2113,#2114,#2115,#2116),
  .UNSPECIFIED.,.T.,.F.,(8,6,6,6,6,6,6,6,6,6,6,6,6,6,6,6,6,6,6,6,6,6,6,6
    ,6,6,8),(0.,7.323176380128E-02,0.11115796461,0.151393979808,
    0.177196772198,0.194957732652,0.237175761293,0.296650216876,
    0.322462242477,0.360724887903,0.408192843863,0.460013475861,
    0.48219042026,0.499999700032,0.517808979805,0.539985924203,
    0.591806556201,0.639274512161,0.677537157586,0.703349183187,
    0.762823638769,0.805041667409,0.822802627863,0.848605420253,
    0.888841435451,0.927264820049,1.),.UNSPECIFIED.);
#1959 = CARTESIAN_POINT('',(4.712388980385,0.642916885883));
#1960 = CARTESIAN_POINT('',(4.681982378217,0.642916885883));
#1961 = CARTESIAN_POINT('',(4.651571520996,0.644207184659));
#1962 = CARTESIAN_POINT('',(4.621235022183,0.646788379773));
#1963 = CARTESIAN_POINT('',(4.591039436361,0.650647280024));
#1964 = CARTESIAN_POINT('',(4.561045949841,0.655761533622));
#1965 = CARTESIAN_POINT('',(4.531315949295,0.662100412775));
#1966 = CARTESIAN_POINT('',(4.486689172026,0.673517003237));
#1967 = CARTESIAN_POINT('',(4.471549474631,0.677729867207));
#1968 = CARTESIAN_POINT('',(4.456504379286,0.682254922532));
#1969 = CARTESIAN_POINT('',(4.441561279903,0.68708637585));
#1970 = CARTESIAN_POINT('',(4.426727161417,0.692218110154));
#1971 = CARTESIAN_POINT('',(4.412008799963,0.697643730449));
#1972 = CARTESIAN_POINT('',(4.381928197789,0.709417419116));
#1973 = CARTESIAN_POINT('',(4.366581128842,0.715801622946));
#1974 = CARTESIAN_POINT('',(4.351379707913,0.722501337662));
#1975 = CARTESIAN_POINT('',(4.336331430251,0.729508569674));
#1976 = CARTESIAN_POINT('',(4.321443600349,0.736815243148));
#1977 = CARTESIAN_POINT('',(4.306723597659,0.744413228077));
#1978 = CARTESIAN_POINT('',(4.282851987016,0.757348433142));
#1979 = CARTESIAN_POINT('',(4.273596998832,0.76251896588));
#1980 = CARTESIAN_POINT('',(4.264416142699,0.767803832026));
#1981 = CARTESIAN_POINT('',(4.255311457449,0.773200907556));
#1982 = CARTESIAN_POINT('',(4.246285055795,0.778708078979));
#1983 = CARTESIAN_POINT('',(4.237339124336,0.784323243343));
#1984 = CARTESIAN_POINT('',(4.222375073838,0.793982316396));
#1985 = CARTESIAN_POINT('',(4.216313429505,0.797970502417));
#1986 = CARTESIAN_POINT('',(4.210291731176,0.802008185596));
#1987 = CARTESIAN_POINT('',(4.204310753221,0.806094688157));
#1988 = CARTESIAN_POINT('',(4.198371303759,0.810229335247));
#1989 = CARTESIAN_POINT('',(4.192474224656,0.814411454931));
#1990 = CARTESIAN_POINT('',(4.172705755802,0.828692582528));
#1991 = CARTESIAN_POINT('',(4.159035449754,0.839009253121));
#1992 = CARTESIAN_POINT('',(4.145621408882,0.849581365555));
#1993 = CARTESIAN_POINT('',(4.132476754187,0.860400036916));
#1994 = CARTESIAN_POINT('',(4.119616454071,0.871456432202));
#1995 = CARTESIAN_POINT('',(4.107057986253,0.882741670719));
#1996 = CARTESIAN_POINT('',(4.077584609308,0.91045443585));
#1997 = CARTESIAN_POINT('',(4.06098701363,0.927098620998));
#1998 = CARTESIAN_POINT('',(4.045087170871,0.944153889676));
#1999 = CARTESIAN_POINT('',(4.029956215041,0.961594483108));
#2000 = CARTESIAN_POINT('',(4.015682214899,0.979393783607));
#2001 = CARTESIAN_POINT('',(4.002379491841,0.997522969683));
#2002 = CARTESIAN_POINT('',(3.984919091948,1.023945680367));
#2003 = CARTESIAN_POINT('',(3.979846896536,1.031998443257));
#2004 = CARTESIAN_POINT('',(3.974999658928,1.040104406237));
#2005 = CARTESIAN_POINT('',(3.970391538458,1.04826073446));
#2006 = CARTESIAN_POINT('',(3.966038466335,1.056464416938));
#2007 = CARTESIAN_POINT('',(3.961958506625,1.064712218163));
#2008 = CARTESIAN_POINT('',(3.952559583372,1.085287017412));
#2009 = CARTESIAN_POINT('',(3.947592068097,1.09766272437));
#2010 = CARTESIAN_POINT('',(3.943337451555,1.110116154447));
#2011 = CARTESIAN_POINT('',(3.939874405654,1.122634677779));
#2012 = CARTESIAN_POINT('',(3.937298079627,1.135203875039));
#2013 = CARTESIAN_POINT('',(3.935725685605,1.147806781661));
#2014 = CARTESIAN_POINT('',(3.934776571835,1.176074751538));
#2015 = CARTESIAN_POINT('',(3.936019194407,1.191747095705));
#2016 = CARTESIAN_POINT('',(3.939309112904,1.207401381995));
#2017 = CARTESIAN_POINT('',(3.944992067404,1.222990145812));
#2018 = CARTESIAN_POINT('',(3.953512268123,1.238454656868));
#2019 = CARTESIAN_POINT('',(3.96544837809,1.25371765541));
#2020 = CARTESIAN_POINT('',(3.99913559856,1.284996377703));
#2021 = CARTESIAN_POINT('',(4.021687990907,1.300954630185));
#2022 = CARTESIAN_POINT('',(4.05018825448,1.316404570103));
#2023 = CARTESIAN_POINT('',(4.085849465742,1.331155888155));
#2024 = CARTESIAN_POINT('',(4.13011368495,1.344967189518));
#2025 = CARTESIAN_POINT('',(4.184675054745,1.357479070067));
#2026 = CARTESIAN_POINT('',(4.277559249051,1.37293008565));
#2027 = CARTESIAN_POINT('',(4.307317591358,1.377251012948));
#2028 = CARTESIAN_POINT('',(4.339011093653,1.381231487226));
#2029 = CARTESIAN_POINT('',(4.372610773465,1.384840234688));
#2030 = CARTESIAN_POINT('',(4.408017836213,1.388046869731));
#2031 = CARTESIAN_POINT('',(4.445052291437,1.390823882976));
#2032 = CARTESIAN_POINT('',(4.514297987096,1.39501654259));
#2033 = CARTESIAN_POINT('',(4.546023107828,1.396592606911));
#2034 = CARTESIAN_POINT('',(4.578501104709,1.397866001921));
#2035 = CARTESIAN_POINT('',(4.611570012816,1.398827456595));
#2036 = CARTESIAN_POINT('',(4.645042247704,1.399470557569));
#2037 = CARTESIAN_POINT('',(4.678715439616,1.399792109176));
#2038 = CARTESIAN_POINT('',(4.746062521153,1.399792109176));
#2039 = CARTESIAN_POINT('',(4.779735713065,1.399470557569));
#2040 = CARTESIAN_POINT('',(4.813207947953,1.398827456595));
#2041 = CARTESIAN_POINT('',(4.84627685606,1.397866001921));
#2042 = CARTESIAN_POINT('',(4.878754852942,1.396592606911));
#2043 = CARTESIAN_POINT('',(4.910479973674,1.39501654259));
#2044 = CARTESIAN_POINT('',(4.979725669332,1.390823882976));
#2045 = CARTESIAN_POINT('',(5.016760124556,1.388046869731));
#2046 = CARTESIAN_POINT('',(5.052167187305,1.384840234688));
#2047 = CARTESIAN_POINT('',(5.085766867116,1.381231487226));
#2048 = CARTESIAN_POINT('',(5.117460369412,1.377251012948));
#2049 = CARTESIAN_POINT('',(5.147218711719,1.37293008565));
#2050 = CARTESIAN_POINT('',(5.240102906025,1.357479070067));
#2051 = CARTESIAN_POINT('',(5.294664275819,1.344967189518));
#2052 = CARTESIAN_POINT('',(5.338928495027,1.331155888155));
#2053 = CARTESIAN_POINT('',(5.37458970629,1.316404570103));
#2054 = CARTESIAN_POINT('',(5.403089969862,1.300954630185));
#2055 = CARTESIAN_POINT('',(5.42564236221,1.284996377703));
#2056 = CARTESIAN_POINT('',(5.459329582679,1.25371765541));
#2057 = CARTESIAN_POINT('',(5.471265692647,1.238454656868));
#2058 = CARTESIAN_POINT('',(5.479785893365,1.222990145812));
#2059 = CARTESIAN_POINT('',(5.485468847866,1.207401381995));
#2060 = CARTESIAN_POINT('',(5.488758766362,1.191747095704));
#2061 = CARTESIAN_POINT('',(5.490001388935,1.176074751538));
#2062 = CARTESIAN_POINT('',(5.489052275165,1.147806781661));
#2063 = CARTESIAN_POINT('',(5.487479881143,1.135203875039));
#2064 = CARTESIAN_POINT('',(5.484903555115,1.122634677779));
#2065 = CARTESIAN_POINT('',(5.481440509214,1.110116154447));
#2066 = CARTESIAN_POINT('',(5.477185892672,1.09766272437));
#2067 = CARTESIAN_POINT('',(5.472218377397,1.085287017412));
#2068 = CARTESIAN_POINT('',(5.462819454145,1.064712218163));
#2069 = CARTESIAN_POINT('',(5.458739494435,1.056464416938));
#2070 = CARTESIAN_POINT('',(5.454386422312,1.04826073446));
#2071 = CARTESIAN_POINT('',(5.449778301841,1.040104406237));
#2072 = CARTESIAN_POINT('',(5.444931064234,1.031998443257));
#2073 = CARTESIAN_POINT('',(5.439858868822,1.023945680367));
#2074 = CARTESIAN_POINT('',(5.422398468928,0.997522969683));
#2075 = CARTESIAN_POINT('',(5.40909574587,0.979393783607));
#2076 = CARTESIAN_POINT('',(5.394821745728,0.961594483108));
#2077 = CARTESIAN_POINT('',(5.379690789899,0.944153889676));
#2078 = CARTESIAN_POINT('',(5.363790947139,0.927098620998));
#2079 = CARTESIAN_POINT('',(5.347193351462,0.91045443585));
#2080 = CARTESIAN_POINT('',(5.317719974516,0.882741670719));
#2081 = CARTESIAN_POINT('',(5.305161506698,0.871456432202));
#2082 = CARTESIAN_POINT('',(5.292301206583,0.860400036916));
#2083 = CARTESIAN_POINT('',(5.279156551887,0.849581365555));
#2084 = CARTESIAN_POINT('',(5.265742511015,0.839009253121));
#2085 = CARTESIAN_POINT('',(5.252072204967,0.828692582528));
#2086 = CARTESIAN_POINT('',(5.232303736114,0.814411454931));
#2087 = CARTESIAN_POINT('',(5.22640665701,0.810229335247));
#2088 = CARTESIAN_POINT('',(5.220467207548,0.806094688157));
#2089 = CARTESIAN_POINT('',(5.214486229594,0.802008185596));
#2090 = CARTESIAN_POINT('',(5.208464531264,0.797970502417));
#2091 = CARTESIAN_POINT('',(5.202402886931,0.793982316396));
#2092 = CARTESIAN_POINT('',(5.187438836433,0.784323243342));
#2093 = CARTESIAN_POINT('',(5.178492904974,0.778708078979));
#2094 = CARTESIAN_POINT('',(5.16946650332,0.773200907556));
#2095 = CARTESIAN_POINT('',(5.16036181807,0.767803832026));
#2096 = CARTESIAN_POINT('',(5.151180961937,0.76251896588));
#2097 = CARTESIAN_POINT('',(5.141925973753,0.757348433142));
#2098 = CARTESIAN_POINT('',(5.11805436311,0.744413228077));
#2099 = CARTESIAN_POINT('',(5.10333436042,0.736815243148));
#2100 = CARTESIAN_POINT('',(5.088446530518,0.729508569674));
#2101 = CARTESIAN_POINT('',(5.073398252856,0.722501337662));
#2102 = CARTESIAN_POINT('',(5.058196831927,0.715801622946));
#2103 = CARTESIAN_POINT('',(5.04284976298,0.709417419116));
#2104 = CARTESIAN_POINT('',(5.01257782043,0.697568838929));
#2105 = CARTESIAN_POINT('',(4.997664879007,0.692075905827));
#2106 = CARTESIAN_POINT('',(4.982633217083,0.686884703798));
#2107 = CARTESIAN_POINT('',(4.967489883956,0.682001880635));
#2108 = CARTESIAN_POINT('',(4.952242148118,0.677433789426));
#2109 = CARTESIAN_POINT('',(4.936897710782,0.673186439731));
#2110 = CARTESIAN_POINT('',(4.892250760626,0.661843042182));
#2111 = CARTESIAN_POINT('',(4.862713767639,0.655588506213));
#2112 = CARTESIAN_POINT('',(4.832918374276,0.650542811779));
#2113 = CARTESIAN_POINT('',(4.802924691195,0.646735922409));
#2114 = CARTESIAN_POINT('',(4.772792858025,0.644189665302));
#2115 = CARTESIAN_POINT('',(4.742588455905,0.642916885883));
#2116 = CARTESIAN_POINT('',(4.712388980385,0.642916885883));
#2117 = ( GEOMETRIC_REPRESENTATION_CONTEXT(2) 
PARAMETRIC_REPRESENTATION_CONTEXT() REPRESENTATION_CONTEXT('2D SPACE',''
  ) );
#2118 = ADVANCED_FACE('',(#2119,#2175),#1952,.T.);
#2119 = FACE_BOUND('',#2120,.T.);
#2120 = EDGE_LOOP('',(#2121,#2147,#2148));
#2121 = ORIENTED_EDGE('',*,*,#2122,.T.);
#2122 = EDGE_CURVE('',#2123,#2125,#2127,.T.);
#2123 = VERTEX_POINT('',#2124);
#2124 = CARTESIAN_POINT('',(622.,355.,120.));
#2125 = VERTEX_POINT('',#2126);
#2126 = CARTESIAN_POINT('',(600.,355.,142.));
#2127 = SEAM_CURVE('',#2128,(#2133,#2140),.PCURVE_S1.);
#2128 = CIRCLE('',#2129,22.);
#2129 = AXIS2_PLACEMENT_3D('',#2130,#2131,#2132);
#2130 = CARTESIAN_POINT('',(600.,355.,120.));
#2131 = DIRECTION('',(-2.449293598295E-16,-1.,0.));
#2132 = DIRECTION('',(1.,-2.449293598295E-16,0.));
#2133 = PCURVE('',#1952,#2134);
#2134 = DEFINITIONAL_REPRESENTATION('',(#2135),#2139);
#2135 = LINE('',#2136,#2137);
#2136 = CARTESIAN_POINT('',(6.28318530718,-6.28318530718));
#2137 = VECTOR('',#2138,1.);
#2138 = DIRECTION('',(0.,1.));
#2139 = ( GEOMETRIC_REPRESENTATION_CONTEXT(2) 
PARAMETRIC_REPRESENTATION_CONTEXT() REPRESENTATION_CONTEXT('2D SPACE',''
  ) );
#2140 = PCURVE('',#1952,#2141);
#2141 = DEFINITIONAL_REPRESENTATION('',(#2142),#2146);
#2142 = LINE('',#2143,#2144);
#2143 = CARTESIAN_POINT('',(0.,-6.28318530718));
#2144 = VECTOR('',#2145,1.);
#2145 = DIRECTION('',(0.,1.));
#2146 = ( GEOMETRIC_REPRESENTATION_CONTEXT(2) 
PARAMETRIC_REPRESENTATION_CONTEXT() REPRESENTATION_CONTEXT('2D SPACE',''
  ) );
#2147 = ORIENTED_EDGE('',*,*,#2122,.F.);
#2148 = ORIENTED_EDGE('',*,*,#2149,.T.);
#2149 = EDGE_CURVE('',#2123,#2123,#2150,.T.);
#2150 = SURFACE_CURVE('',#2151,(#2156,#2163),.PCURVE_S1.);
#2151 = CIRCLE('',#2152,22.);
#2152 = AXIS2_PLACEMENT_3D('',#2153,#2154,#2155);
#2153 = CARTESIAN_POINT('',(600.,355.,120.));
#2154 = DIRECTION('',(0.,0.,1.));
#2155 = DIRECTION('',(1.,0.,-0.));
#2156 = PCURVE('',#1952,#2157);
#2157 = DEFINITIONAL_REPRESENTATION('',(#2158),#2162);
#2158 = LINE('',#2159,#2160);
#2159 = CARTESIAN_POINT('',(0.,0.));
#2160 = VECTOR('',#2161,1.);
#2161 = DIRECTION('',(1.,0.));
#2162 = ( GEOMETRIC_REPRESENTATION_CONTEXT(2) 
PARAMETRIC_REPRESENTATION_CONTEXT() REPRESENTATION_CONTEXT('2D SPACE',''
  ) );
#2163 = PCURVE('',#2164,#2169);
#2164 = PLANE('',#2165);
#2165 = AXIS2_PLACEMENT_3D('',#2166,#2167,#2168);
#2166 = CARTESIAN_POINT('',(600.,355.,120.));
#2167 = DIRECTION('',(0.,0.,1.));
#2168 = DIRECTION('',(1.,0.,-0.));
#2169 = DEFINITIONAL_REPRESENTATION('',(#2170),#2174);
#2170 = CIRCLE('',#2171,22.);
#2171 = AXIS2_PLACEMENT_2D('',#2172,#2173);
#2172 = CARTESIAN_POINT('',(0.,0.));
#2173 = DIRECTION('',(1.,0.));
#2174 = ( GEOMETRIC_REPRESENTATION_CONTEXT(2) 
PARAMETRIC_REPRESENTATION_CONTEXT() REPRESENTATION_CONTEXT('2D SPACE',''
  ) );
#2175 = FACE_BOUND('',#2176,.T.);
#2176 = EDGE_LOOP('',(#2177));
#2177 = ORIENTED_EDGE('',*,*,#1628,.T.);
#2178 = ADVANCED_FACE('',(#2179),#2164,.F.);
#2179 = FACE_BOUND('',#2180,.T.);
#2180 = EDGE_LOOP('',(#2181));
#2181 = ORIENTED_EDGE('',*,*,#2149,.F.);
#2182 = ADVANCED_FACE('',(#2183),#1196,.T.);
#2183 = FACE_BOUND('',#2184,.T.);
#2184 = EDGE_LOOP('',(#2185,#2216,#2239,#2261,#2262,#2263,#2264));
#2185 = ORIENTED_EDGE('',*,*,#2186,.F.);
#2186 = EDGE_CURVE('',#2187,#2189,#2191,.T.);
#2187 = VERTEX_POINT('',#2188);
#2188 = CARTESIAN_POINT('',(609.,150.,218.));
#2189 = VERTEX_POINT('',#2190);
#2190 = CARTESIAN_POINT('',(591.00517348221,150.30511623194,218.));
#2191 = SURFACE_CURVE('',#2192,(#2197,#2204),.PCURVE_S1.);
#2192 = CIRCLE('',#2193,9.);
#2193 = AXIS2_PLACEMENT_3D('',#2194,#2195,#2196);
#2194 = CARTESIAN_POINT('',(600.,150.,218.));
#2195 = DIRECTION('',(0.,0.,1.));
#2196 = DIRECTION('',(1.,0.,-0.));
#2197 = PCURVE('',#1196,#2198);
#2198 = DEFINITIONAL_REPRESENTATION('',(#2199),#2203);
#2199 = LINE('',#2200,#2201);
#2200 = CARTESIAN_POINT('',(0.,8.));
#2201 = VECTOR('',#2202,1.);
#2202 = DIRECTION('',(1.,0.));
#2203 = ( GEOMETRIC_REPRESENTATION_CONTEXT(2) 
PARAMETRIC_REPRESENTATION_CONTEXT() REPRESENTATION_CONTEXT('2D SPACE',''
  ) );
#2204 = PCURVE('',#2205,#2210);
#2205 = PLANE('',#2206);
#2206 = AXIS2_PLACEMENT_3D('',#2207,#2208,#2209);
#2207 = CARTESIAN_POINT('',(600.,150.,218.));
#2208 = DIRECTION('',(0.,0.,1.));
#2209 = DIRECTION('',(1.,0.,-0.));
#2210 = DEFINITIONAL_REPRESENTATION('',(#2211),#2215);
#2211 = CIRCLE('',#2212,9.);
#2212 = AXIS2_PLACEMENT_2D('',#2213,#2214);
#2213 = CARTESIAN_POINT('',(0.,0.));
#2214 = DIRECTION('',(1.,0.));
#2215 = ( GEOMETRIC_REPRESENTATION_CONTEXT(2) 
PARAMETRIC_REPRESENTATION_CONTEXT() REPRESENTATION_CONTEXT('2D SPACE',''
  ) );
#2216 = ORIENTED_EDGE('',*,*,#2217,.F.);
#2217 = EDGE_CURVE('',#2218,#2187,#2220,.T.);
#2218 = VERTEX_POINT('',#2219);
#2219 = CARTESIAN_POINT('',(609.,150.,210.));
#2220 = SURFACE_CURVE('',#2221,(#2225,#2232),.PCURVE_S1.);
#2221 = LINE('',#2222,#2223);
#2222 = CARTESIAN_POINT('',(609.,150.,210.));
#2223 = VECTOR('',#2224,1.);
#2224 = DIRECTION('',(0.,0.,1.));
#2225 = PCURVE('',#1196,#2226);
#2226 = DEFINITIONAL_REPRESENTATION('',(#2227),#2231);
#2227 = LINE('',#2228,#2229);
#2228 = CARTESIAN_POINT('',(0.,-0.));
#2229 = VECTOR('',#2230,1.);
#2230 = DIRECTION('',(0.,1.));
#2231 = ( GEOMETRIC_REPRESENTATION_CONTEXT(2) 
PARAMETRIC_REPRESENTATION_CONTEXT() REPRESENTATION_CONTEXT('2D SPACE',''
  ) );
#2232 = PCURVE('',#1082,#2233);
#2233 = DEFINITIONAL_REPRESENTATION('',(#2234),#2238);
#2234 = LINE('',#2235,#2236);
#2235 = CARTESIAN_POINT('',(6.28318530718,-0.));
#2236 = VECTOR('',#2237,1.);
#2237 = DIRECTION('',(0.,1.));
#2238 = ( GEOMETRIC_REPRESENTATION_CONTEXT(2) 
PARAMETRIC_REPRESENTATION_CONTEXT() REPRESENTATION_CONTEXT('2D SPACE',''
  ) );
#2239 = ORIENTED_EDGE('',*,*,#2240,.T.);
#2240 = EDGE_CURVE('',#2218,#1115,#2241,.T.);
#2241 = SURFACE_CURVE('',#2242,(#2247,#2254),.PCURVE_S1.);
#2242 = CIRCLE('',#2243,9.);
#2243 = AXIS2_PLACEMENT_3D('',#2244,#2245,#2246);
#2244 = CARTESIAN_POINT('',(600.,150.,210.));
#2245 = DIRECTION('',(0.,0.,1.));
#2246 = DIRECTION('',(1.,0.,-0.));
#2247 = PCURVE('',#1196,#2248);
#2248 = DEFINITIONAL_REPRESENTATION('',(#2249),#2253);
#2249 = LINE('',#2250,#2251);
#2250 = CARTESIAN_POINT('',(0.,0.));
#2251 = VECTOR('',#2252,1.);
#2252 = DIRECTION('',(1.,0.));
#2253 = ( GEOMETRIC_REPRESENTATION_CONTEXT(2) 
PARAMETRIC_REPRESENTATION_CONTEXT() REPRESENTATION_CONTEXT('2D SPACE',''
  ) );
#2254 = PCURVE('',#1129,#2255);
#2255 = DEFINITIONAL_REPRESENTATION('',(#2256),#2260);
#2256 = CIRCLE('',#2257,9.);
#2257 = AXIS2_PLACEMENT_2D('',#2258,#2259);
#2258 = CARTESIAN_POINT('',(0.,0.));
#2259 = DIRECTION('',(1.,0.));
#2260 = ( GEOMETRIC_REPRESENTATION_CONTEXT(2) 
PARAMETRIC_REPRESENTATION_CONTEXT() REPRESENTATION_CONTEXT('2D SPACE',''
  ) );
#2261 = ORIENTED_EDGE('',*,*,#1140,.F.);
#2262 = ORIENTED_EDGE('',*,*,#1278,.F.);
#2263 = ORIENTED_EDGE('',*,*,#1499,.T.);
#2264 = ORIENTED_EDGE('',*,*,#2265,.F.);
#2265 = EDGE_CURVE('',#2189,#1475,#2266,.T.);
#2266 = SURFACE_CURVE('',#2267,(#2395,#2526),.PCURVE_S1.);
#2267 = B_SPLINE_CURVE_WITH_KNOTS('',6,(#2268,#2269,#2270,#2271,#2272,
    #2273,#2274,#2275,#2276,#2277,#2278,#2279,#2280,#2281,#2282,#2283,
    #2284,#2285,#2286,#2287,#2288,#2289,#2290,#2291,#2292,#2293,#2294,
    #2295,#2296,#2297,#2298,#2299,#2300,#2301,#2302,#2303,#2304,#2305,
    #2306,#2307,#2308,#2309,#2310,#2311,#2312,#2313,#2314,#2315,#2316,
    #2317,#2318,#2319,#2320,#2321,#2322,#2323,#2324,#2325,#2326,#2327,
    #2328,#2329,#2330,#2331,#2332,#2333,#2334,#2335,#2336,#2337,#2338,
    #2339,#2340,#2341,#2342,#2343,#2344,#2345,#2346,#2347,#2348,#2349,
    #2350,#2351,#2352,#2353,#2354,#2355,#2356,#2357,#2358,#2359,#2360,
    #2361,#2362,#2363,#2364,#2365,#2366,#2367,#2368,#2369,#2370,#2371,
    #2372,#2373,#2374,#2375,#2376,#2377,#2378,#2379,#2380,#2381,#2382,
    #2383,#2384,#2385,#2386,#2387,#2388,#2389,#2390,#2391,#2392,#2393,
    #2394),.UNSPECIFIED.,.T.,.F.,(7,5,5,5,5,5,5,5,5,5,5,5,5,5,5,5,5,5,5,
    5,5,5,5,5,5,7),(0.,6.246701022917E-02,0.119417869344,0.137126880261,
    0.160038729023,0.189599822875,0.250730651576,0.287721878988,
    0.340205243194,0.362341096629,0.380278947676,0.437476759245,
    0.500420152945,0.562601642311,0.619292193491,0.636920261009,
    0.659727385521,0.68915336311,0.725536975077,0.775177017552,
    0.811099319809,0.84046922847,0.862527904147,0.880424473499,
    0.937549454258,1.),.UNSPECIFIED.);
#2268 = CARTESIAN_POINT('',(591.80676947606,146.27562440377,214.));
#2269 = CARTESIAN_POINT('',(591.80676947606,146.27562440377,
    214.2299308026));
#2270 = CARTESIAN_POINT('',(591.79944272306,146.29174248705,
    214.45977076669));
#2271 = CARTESIAN_POINT('',(591.78479998169,146.32395494286,
    214.68856941373));
#2272 = CARTESIAN_POINT('',(591.76312785801,146.37226258473,
    214.91536594732));
#2273 = CARTESIAN_POINT('',(591.73499041841,146.4366810059,
    215.13914397964));
#2274 = CARTESIAN_POINT('',(591.67038894728,146.59061324477,
    215.55903479073));
#2275 = CARTESIAN_POINT('',(591.63488116827,146.6774045865,
    215.75583446465));
#2276 = CARTESIAN_POINT('',(591.59524800952,146.77766749863,
    215.94861396449));
#2277 = CARTESIAN_POINT('',(591.55218860505,146.8915961364,
    216.13669492747));
#2278 = CARTESIAN_POINT('',(591.5065454723,147.01945477974,
    216.31923336896));
#2279 = CARTESIAN_POINT('',(591.44463834869,147.2057282163,
    216.54986505985));
#2280 = CARTESIAN_POINT('',(591.42979928337,147.25129427572,
    216.60393889558));
#2281 = CARTESIAN_POINT('',(591.4148344807,147.29825546409,
    216.6573523836));
#2282 = CARTESIAN_POINT('',(591.39977480285,147.34662495299,
    216.71007351093));
#2283 = CARTESIAN_POINT('',(591.38465275868,147.3964167309,
    216.76206755629));
#2284 = CARTESIAN_POINT('',(591.34990116335,147.51392531702,
    216.87957765993));
#2285 = CARTESIAN_POINT('',(591.33025298603,147.5826094673,
    216.94457743406));
#2286 = CARTESIAN_POINT('',(591.3106316165,147.65373152194,
    217.00821616889));
#2287 = CARTESIAN_POINT('',(591.29111700712,147.72732319495,
    217.07040167375));
#2288 = CARTESIAN_POINT('',(591.27179541784,147.80341444642,
    217.13102981101));
#2289 = CARTESIAN_POINT('',(591.22819897861,147.98346854046,
    217.26604841385));
#2290 = CARTESIAN_POINT('',(591.20410796543,148.08913625099,
    217.33934544811));
#2291 = CARTESIAN_POINT('',(591.18069398769,148.1990667891,
    217.40959792813));
#2292 = CARTESIAN_POINT('',(591.15818228331,148.31327437405,
    217.47650105294));
#2293 = CARTESIAN_POINT('',(591.13681343404,148.43175663614,
    217.53972206131));
#2294 = CARTESIAN_POINT('',(591.07553928159,148.8083085339,
    217.72127511155));
#2295 = CARTESIAN_POINT('',(591.03977557534,149.08298603218,
    217.82764411162));
#2296 = CARTESIAN_POINT('',(591.0127255656,149.37478312766,
    217.91205333808));
#2297 = CARTESIAN_POINT('',(590.99711991056,149.67913146329,
    217.97036037772));
#2298 = CARTESIAN_POINT('',(590.99451742236,149.99097558733,218.));
#2299 = CARTESIAN_POINT('',(591.01162163189,150.49520768451,218.));
#2300 = CARTESIAN_POINT('',(591.02288099625,150.68485477501,
    217.98914708049));
#2301 = CARTESIAN_POINT('',(591.03887426096,150.87256690017,
    217.96750149155));
#2302 = CARTESIAN_POINT('',(591.05929183904,151.05687303166,
    217.93546965069));
#2303 = CARTESIAN_POINT('',(591.08359840714,151.23636256764,
    217.89380065857));
#2304 = CARTESIAN_POINT('',(591.15010067468,151.65568785767,
    217.77238884904));
#2305 = CARTESIAN_POINT('',(591.19550606564,151.88919450436,
    217.68404409512));
#2306 = CARTESIAN_POINT('',(591.24576236648,152.10948044996,
    217.58091692497));
#2307 = CARTESIAN_POINT('',(591.29931265573,152.31607279753,
    217.46517689495));
#2308 = CARTESIAN_POINT('',(591.35469433834,152.50873375191,
    217.33887507221));
#2309 = CARTESIAN_POINT('',(591.4341815862,152.76278678264,
    217.14708897326));
#2310 = CARTESIAN_POINT('',(591.45788232952,152.83575339749,
    217.08860136775));
#2311 = CARTESIAN_POINT('',(591.48162028915,152.9063523557,
    217.02862746744));
#2312 = CARTESIAN_POINT('',(591.50531770821,152.97461595076,
    216.96726422723));
#2313 = CARTESIAN_POINT('',(591.52890264129,153.04057799666,
    216.90459775327));
#2314 = CARTESIAN_POINT('',(591.57127632609,153.15588992384,
    216.78892625541));
#2315 = CARTESIAN_POINT('',(591.59012612748,153.20601718598,
    216.73634346769));
#2316 = CARTESIAN_POINT('',(591.60882299265,153.2546737796,
    216.68299531575));
#2317 = CARTESIAN_POINT('',(591.62733330136,153.30187693563,
    216.62891916395));
#2318 = CARTESIAN_POINT('',(591.64562517911,153.3476429506,216.574149365
    ));
#2319 = CARTESIAN_POINT('',(591.72120260778,153.53338613441,
    216.3419628041));
#2320 = CARTESIAN_POINT('',(591.77623761093,153.66039922229,
    216.15838720239));
#2321 = CARTESIAN_POINT('',(591.82775597956,153.7734132191,
    215.96910281516));
#2322 = CARTESIAN_POINT('',(591.87490607378,153.87276568103,
    215.77498313159));
#2323 = CARTESIAN_POINT('',(591.91697987688,153.95871105276,
    215.57672618195));
#2324 = CARTESIAN_POINT('',(591.99345909548,154.11136283851,
    215.15283786274));
#2325 = CARTESIAN_POINT('',(592.02666770576,154.17526511255,
    214.92646913201));
#2326 = CARTESIAN_POINT('',(592.05216921776,154.22314397506,
    214.69697189797));
#2327 = CARTESIAN_POINT('',(592.06937459522,154.25505696414,
    214.46539999722));
#2328 = CARTESIAN_POINT('',(592.07798390446,154.27102575291,
    214.23274812456));
#2329 = CARTESIAN_POINT('',(592.07798390446,154.27102575291,
    213.77006919739));
#2330 = CARTESIAN_POINT('',(592.06958175723,154.25544121442,
    213.5402292333));
#2331 = CARTESIAN_POINT('',(592.05278980941,154.22429506422,
    213.31143058626));
#2332 = CARTESIAN_POINT('',(592.02789395313,154.17756706889,
    213.08463405268));
#2333 = CARTESIAN_POINT('',(591.99545590149,154.11520344728,
    212.86085602035));
#2334 = CARTESIAN_POINT('',(591.92057176605,153.96600274188,
    212.44096520926));
#2335 = CARTESIAN_POINT('',(591.87926422422,153.88181707589,
    212.24416553534));
#2336 = CARTESIAN_POINT('',(591.83292788952,153.78447036096,
    212.0513860355));
#2337 = CARTESIAN_POINT('',(591.78224713202,153.67372151159,
    211.86330507253));
#2338 = CARTESIAN_POINT('',(591.72804462368,153.54924976244,
    211.68076663103));
#2339 = CARTESIAN_POINT('',(591.653657053,153.36759961945,
    211.45013494014));
#2340 = CARTESIAN_POINT('',(591.6357643305,153.32314386492,
    211.39606110441));
#2341 = CARTESIAN_POINT('',(591.61765161926,153.2773047089,
    211.34264761639));
#2342 = CARTESIAN_POINT('',(591.59934881797,153.23006691875,
    211.28992648906));
#2343 = CARTESIAN_POINT('',(591.58088741283,153.18141433518,
    211.2379324437));
#2344 = CARTESIAN_POINT('',(591.53825277373,153.06653079094,
    211.12042234006));
#2345 = CARTESIAN_POINT('',(591.51399540485,152.99933597398,
    211.05542256593));
#2346 = CARTESIAN_POINT('',(591.48959957844,152.92970703996,
    210.9917838311));
#2347 = CARTESIAN_POINT('',(591.465142914,152.85760692983,
    210.92959832625));
#2348 = CARTESIAN_POINT('',(591.44070944296,152.782999907,
    210.86897018898));
#2349 = CARTESIAN_POINT('',(591.385011918,152.60631399357,
    210.73395158614));
#2350 = CARTESIAN_POINT('',(591.35381574852,152.50252169629,
    210.66065455188));
#2351 = CARTESIAN_POINT('',(591.32300618925,152.39443049119,
    210.59040207186));
#2352 = CARTESIAN_POINT('',(591.29280699683,152.28201092851,
    210.52349894705));
#2353 = CARTESIAN_POINT('',(591.26345836055,152.16524906959,
    210.46027793869));
#2354 = CARTESIAN_POINT('',(591.20029288572,151.89441152552,
    210.32793105369));
#2355 = CARTESIAN_POINT('',(591.16700790681,151.73781632839,
    210.26083413476));
#2356 = CARTESIAN_POINT('',(591.1359649548,151.5748204299,
    210.20076780889));
#2357 = CARTESIAN_POINT('',(591.10774678744,151.40595852149,
    210.14858704441));
#2358 = CARTESIAN_POINT('',(591.08288486576,151.23184049642,
    210.10505446387));
#2359 = CARTESIAN_POINT('',(591.03310499664,150.80935499334,
    210.02418543936));
#2360 = CARTESIAN_POINT('',(591.01149550504,150.55728942043,
    209.99493109117));
#2361 = CARTESIAN_POINT('',(590.99837217929,150.30084038811,
    209.98515562144));
#2362 = CARTESIAN_POINT('',(590.99434904831,150.04412966975,
    209.99551169862));
#2363 = CARTESIAN_POINT('',(590.99907747834,149.79131092501,
    210.0253237506));
#2364 = CARTESIAN_POINT('',(591.02038685634,149.36908727958,
    210.10663814912));
#2365 = CARTESIAN_POINT('',(591.03332629533,149.19603735298,
    210.14985104669));
#2366 = CARTESIAN_POINT('',(591.04986798099,149.02789037231,
    210.20148054457));
#2367 = CARTESIAN_POINT('',(591.0695404956,148.86526806455,
    210.26079066028));
#2368 = CARTESIAN_POINT('',(591.09181874931,148.70872399128,
    210.32695683642));
#2369 = CARTESIAN_POINT('',(591.13604496262,148.43611578657,
    210.45800377105));
#2370 = CARTESIAN_POINT('',(591.15733617452,148.31772721276,
    210.52098898793));
#2371 = CARTESIAN_POINT('',(591.17977217645,148.2035961634,
    210.58765137146));
#2372 = CARTESIAN_POINT('',(591.20311333029,148.09372618147,
    210.65765912819));
#2373 = CARTESIAN_POINT('',(591.22713513644,147.98810420837,
    210.73070801625));
#2374 = CARTESIAN_POINT('',(591.27002814528,147.81054110544,
    210.86346052398));
#2375 = CARTESIAN_POINT('',(591.28869638615,147.73674646097,
    210.92197040755));
#2376 = CARTESIAN_POINT('',(591.30755127228,147.66529205237,
    210.98194464007));
#2377 = CARTESIAN_POINT('',(591.32651438374,147.59615094534,
    211.04328827813));
#2378 = CARTESIAN_POINT('',(591.34551286761,147.52929450597,
    211.10591695164));
#2379 = CARTESIAN_POINT('',(591.37986733099,147.41227964158,
    211.22155124314));
#2380 = CARTESIAN_POINT('',(591.39523399225,147.36135142879,
    211.27414227521));
#2381 = CARTESIAN_POINT('',(591.4105433584,147.31189218609,
    211.32749022313));
#2382 = CARTESIAN_POINT('',(591.42576113867,147.26388716923,
    211.38155829059));
#2383 = CARTESIAN_POINT('',(591.44085481479,147.21732246599,
    211.43631262177));
#2384 = CARTESIAN_POINT('',(591.50347764941,147.02810838337,
    211.66858730961));
#2385 = CARTESIAN_POINT('',(591.54960723935,146.89850164708,
    211.85221657517));
#2386 = CARTESIAN_POINT('',(591.59314944879,146.78305258916,
    212.04150815417));
#2387 = CARTESIAN_POINT('',(591.63323851144,146.68148695457,
    212.23559504877));
#2388 = CARTESIAN_POINT('',(591.66915667304,146.59360303018,
    212.43378286822));
#2389 = CARTESIAN_POINT('',(591.73437812618,146.43808302363,
    212.85599633767));
#2390 = CARTESIAN_POINT('',(591.76275056965,146.3731036279,
    213.08069416052));
#2391 = CARTESIAN_POINT('',(591.78460872805,146.32437568001,
    213.30844922573));
#2392 = CARTESIAN_POINT('',(591.79937888156,146.29188293176,
    213.53823195934));
#2393 = CARTESIAN_POINT('',(591.80676947606,146.27562440377,
    213.76906961696));
#2394 = CARTESIAN_POINT('',(591.80676947606,146.27562440377,214.));
#2395 = PCURVE('',#1196,#2396);
#2396 = DEFINITIONAL_REPRESENTATION('',(#2397),#2525);
#2397 = B_SPLINE_CURVE_WITH_KNOTS('',6,(#2398,#2399,#2400,#2401,#2402,
    #2403,#2404,#2405,#2406,#2407,#2408,#2409,#2410,#2411,#2412,#2413,
    #2414,#2415,#2416,#2417,#2418,#2419,#2420,#2421,#2422,#2423,#2424,
    #2425,#2426,#2427,#2428,#2429,#2430,#2431,#2432,#2433,#2434,#2435,
    #2436,#2437,#2438,#2439,#2440,#2441,#2442,#2443,#2444,#2445,#2446,
    #2447,#2448,#2449,#2450,#2451,#2452,#2453,#2454,#2455,#2456,#2457,
    #2458,#2459,#2460,#2461,#2462,#2463,#2464,#2465,#2466,#2467,#2468,
    #2469,#2470,#2471,#2472,#2473,#2474,#2475,#2476,#2477,#2478,#2479,
    #2480,#2481,#2482,#2483,#2484,#2485,#2486,#2487,#2488,#2489,#2490,
    #2491,#2492,#2493,#2494,#2495,#2496,#2497,#2498,#2499,#2500,#2501,
    #2502,#2503,#2504,#2505,#2506,#2507,#2508,#2509,#2510,#2511,#2512,
    #2513,#2514,#2515,#2516,#2517,#2518,#2519,#2520,#2521,#2522,#2523,
    #2524),.UNSPECIFIED.,.F.,.F.,(7,5,5,5,5,5,5,5,5,5,5,5,5,5,5,5,5,5,5,
    5,5,5,5,5,5,7),(0.,6.246701022917E-02,0.119417869344,0.137126880261,
    0.160038729023,0.189599822875,0.250730651576,0.287721878988,
    0.340205243194,0.362341096629,0.380278947676,0.437476759245,
    0.500420152945,0.562601642311,0.619292193491,0.636920261009,
    0.659727385521,0.68915336311,0.725536975077,0.775177017552,
    0.811099319809,0.84046922847,0.862527904147,0.880424473499,
    0.937549454258,1.),.UNSPECIFIED.);
#2398 = CARTESIAN_POINT('',(3.568238344288,4.));
#2399 = CARTESIAN_POINT('',(3.568238344288,4.229930802609));
#2400 = CARTESIAN_POINT('',(3.56627110213,4.459770766697));
#2401 = CARTESIAN_POINT('',(3.562339499832,4.688569413738));
#2402 = CARTESIAN_POINT('',(3.556456670037,4.91536594732));
#2403 = CARTESIAN_POINT('',(3.548646884994,5.139143979644));
#2404 = CARTESIAN_POINT('',(3.530098155633,5.55903479073));
#2405 = CARTESIAN_POINT('',(3.51967929248,5.755834464658));
#2406 = CARTESIAN_POINT('',(3.507701456059,5.948613964493));
#2407 = CARTESIAN_POINT('',(3.494171659433,6.136694927471));
#2408 = CARTESIAN_POINT('',(3.47909069428,6.319233368969));
#2409 = CARTESIAN_POINT('',(3.457280546817,6.549865059857));
#2410 = CARTESIAN_POINT('',(3.451956037022,6.603938895583));
#2411 = CARTESIAN_POINT('',(3.446479774958,6.657352383609));
#2412 = CARTESIAN_POINT('',(3.440851125385,6.710073510932));
#2413 = CARTESIAN_POINT('',(3.435069336647,6.762067556297));
#2414 = CARTESIAN_POINT('',(3.421453831148,6.879577659931));
#2415 = CARTESIAN_POINT('',(3.413516440532,6.944577434068));
#2416 = CARTESIAN_POINT('',(3.405319350095,7.008216168896));
#2417 = CARTESIAN_POINT('',(3.396860584623,7.070401673751));
#2418 = CARTESIAN_POINT('',(3.388138212415,7.131029811014));
#2419 = CARTESIAN_POINT('',(3.367554110227,7.266048413858));
#2420 = CARTESIAN_POINT('',(3.355513062679,7.339345448117));
#2421 = CARTESIAN_POINT('',(3.343026566017,7.409597928132));
#2422 = CARTESIAN_POINT('',(3.330095090283,7.476501052948));
#2423 = CARTESIAN_POINT('',(3.316719959961,7.53972206131));
#2424 = CARTESIAN_POINT('',(3.274330546324,7.721275111558));
#2425 = CARTESIAN_POINT('',(3.243568761538,7.827644111622));
#2426 = CARTESIAN_POINT('',(3.211043291494,7.912053338083));
#2427 = CARTESIAN_POINT('',(3.177228623881,7.97036037772));
#2428 = CARTESIAN_POINT('',(3.142608944424,8.));
#2429 = CARTESIAN_POINT('',(3.086550931946,8.));
#2430 = CARTESIAN_POINT('',(3.065448729987,7.989147080496));
#2431 = CARTESIAN_POINT('',(3.044526599444,7.967501491559));
#2432 = CARTESIAN_POINT('',(3.023932235408,7.93546965069));
#2433 = CARTESIAN_POINT('',(3.003812090253,7.893800658571));
#2434 = CARTESIAN_POINT('',(2.956638095214,7.772388849043));
#2435 = CARTESIAN_POINT('',(2.930222939269,7.684044095124));
#2436 = CARTESIAN_POINT('',(2.905136023987,7.580916924972));
#2437 = CARTESIAN_POINT('',(2.881435642858,7.465176894955));
#2438 = CARTESIAN_POINT('',(2.859168047595,7.338875072213));
#2439 = CARTESIAN_POINT('',(2.82959053591,7.147088973261));
#2440 = CARTESIAN_POINT('',(2.821066656277,7.088601367759));
#2441 = CARTESIAN_POINT('',(2.812791422727,7.028627467441));
#2442 = CARTESIAN_POINT('',(2.804763094775,6.967264227239));
#2443 = CARTESIAN_POINT('',(2.796979859365,6.904597753278));
#2444 = CARTESIAN_POINT('',(2.78332974757,6.788926255417));
#2445 = CARTESIAN_POINT('',(2.777379440725,6.736343467695));
#2446 = CARTESIAN_POINT('',(2.771587971301,6.682995315751));
#2447 = CARTESIAN_POINT('',(2.765954519953,6.628919163953));
#2448 = CARTESIAN_POINT('',(2.760478387012,6.574149365002));
#2449 = CARTESIAN_POINT('',(2.738197221281,6.341962804108));
#2450 = CARTESIAN_POINT('',(2.722820626422,6.15838720239));
#2451 = CARTESIAN_POINT('',(2.709023405315,5.969102815168));
#2452 = CARTESIAN_POINT('',(2.696805552266,5.77498313159));
#2453 = CARTESIAN_POINT('',(2.686173679066,5.576726181955));
#2454 = CARTESIAN_POINT('',(2.667202733585,5.152837862742));
#2455 = CARTESIAN_POINT('',(2.659201829858,4.926469132016));
#2456 = CARTESIAN_POINT('',(2.653174508553,4.696971897971));
#2457 = CARTESIAN_POINT('',(2.649146107014,4.465399997225));
#2458 = CARTESIAN_POINT('',(2.647130360925,4.232748124561));
#2459 = CARTESIAN_POINT('',(2.647130360925,3.770069197391));
#2460 = CARTESIAN_POINT('',(2.649097603083,3.540229233303));
#2461 = CARTESIAN_POINT('',(2.65302920538,3.311430586261));
#2462 = CARTESIAN_POINT('',(2.658912035175,3.08463405268));
#2463 = CARTESIAN_POINT('',(2.666721820219,2.860856020356));
#2464 = CARTESIAN_POINT('',(2.68527054958,2.440965209269));
#2465 = CARTESIAN_POINT('',(2.695689412732,2.244165535342));
#2466 = CARTESIAN_POINT('',(2.707667249154,2.051386035508));
#2467 = CARTESIAN_POINT('',(2.721197045779,1.86330507253));
#2468 = CARTESIAN_POINT('',(2.736278010933,1.680766631031));
#2469 = CARTESIAN_POINT('',(2.758088158396,1.450134940143));
#2470 = CARTESIAN_POINT('',(2.76341266819,1.396061104417));
#2471 = CARTESIAN_POINT('',(2.768888930255,1.342647616391));
#2472 = CARTESIAN_POINT('',(2.774517579828,1.289926489068));
#2473 = CARTESIAN_POINT('',(2.780299368566,1.237932443703));
#2474 = CARTESIAN_POINT('',(2.793914874065,1.120422340069));
#2475 = CARTESIAN_POINT('',(2.80185226468,1.055422565932));
#2476 = CARTESIAN_POINT('',(2.810049355117,0.991783831104));
#2477 = CARTESIAN_POINT('',(2.81850812059,0.929598326249));
#2478 = CARTESIAN_POINT('',(2.827230492798,0.868970188986));
#2479 = CARTESIAN_POINT('',(2.847814594986,0.733951586142));
#2480 = CARTESIAN_POINT('',(2.859855642533,0.660654551883));
#2481 = CARTESIAN_POINT('',(2.872342139196,0.590402071868));
#2482 = CARTESIAN_POINT('',(2.885273614929,0.523498947052));
#2483 = CARTESIAN_POINT('',(2.898648745252,0.46027793869));
#2484 = CARTESIAN_POINT('',(2.929549392991,0.32793105369));
#2485 = CARTESIAN_POINT('',(2.947334139441,0.260834134766));
#2486 = CARTESIAN_POINT('',(2.965763798824,0.200767808893));
#2487 = CARTESIAN_POINT('',(2.984778669437,0.148587044414));
#2488 = CARTESIAN_POINT('',(3.004315433546,0.105054463876));
#2489 = CARTESIAN_POINT('',(3.051582998142,2.418543936556E-02));
#2490 = CARTESIAN_POINT('',(3.079678876689,-5.068908826884E-03));
#2491 = CARTESIAN_POINT('',(3.10818441141,-1.484437855932E-02));
#2492 = CARTESIAN_POINT('',(3.136685269204,-4.488301373325E-03));
#2493 = CARTESIAN_POINT('',(3.164767055309,2.532375060116E-02));
#2494 = CARTESIAN_POINT('',(3.211740504121,0.106638149123));
#2495 = CARTESIAN_POINT('',(3.231016279612,0.149851046691));
#2496 = CARTESIAN_POINT('',(3.249782037382,0.201480544574));
#2497 = CARTESIAN_POINT('',(3.267976631586,0.260790660289));
#2498 = CARTESIAN_POINT('',(3.285542363962,0.326956836429));
#2499 = CARTESIAN_POINT('',(3.31622818552,0.458003771054));
#2500 = CARTESIAN_POINT('',(3.329591547874,0.520988987934));
#2501 = CARTESIAN_POINT('',(3.342513060987,0.587651371465));
#2502 = CARTESIAN_POINT('',(3.354991296325,0.657659128199));
#2503 = CARTESIAN_POINT('',(3.367025682817,0.73070801625));
#2504 = CARTESIAN_POINT('',(3.387322391096,0.863460523982));
#2505 = CARTESIAN_POINT('',(3.395779618198,0.921970407556));
#2506 = CARTESIAN_POINT('',(3.403990121153,0.981944640076));
#2507 = CARTESIAN_POINT('',(3.411955637982,1.043288278135));
#2508 = CARTESIAN_POINT('',(3.419677960556,1.10591695164));
#2509 = CARTESIAN_POINT('',(3.433228372896,1.221551243141));
#2510 = CARTESIAN_POINT('',(3.439138880579,1.27414227521));
#2511 = CARTESIAN_POINT('',(3.444891381439,1.327490223139));
#2512 = CARTESIAN_POINT('',(3.450486678547,1.381558290593));
#2513 = CARTESIAN_POINT('',(3.455925454263,1.436312621779));
#2514 = CARTESIAN_POINT('',(3.478070762402,1.668587309619));
#2515 = CARTESIAN_POINT('',(3.493352682806,1.852216575178));
#2516 = CARTESIAN_POINT('',(3.507059358409,2.041508154174));
#2517 = CARTESIAN_POINT('',(3.519190382732,2.235595048776));
#2518 = CARTESIAN_POINT('',(3.529738854107,2.433782868224));
#2519 = CARTESIAN_POINT('',(3.548476915454,2.855996337678));
#2520 = CARTESIAN_POINT('',(3.556354250413,3.080694160521));
#2521 = CARTESIAN_POINT('',(3.562288147818,3.308449225738));
#2522 = CARTESIAN_POINT('',(3.566253960633,3.538231959347));
#2523 = CARTESIAN_POINT('',(3.568238344288,3.769069616964));
#2524 = CARTESIAN_POINT('',(3.568238344288,4.));
#2525 = ( GEOMETRIC_REPRESENTATION_CONTEXT(2) 
PARAMETRIC_REPRESENTATION_CONTEXT() REPRESENTATION_CONTEXT('2D SPACE',''
  ) );
#2526 = PCURVE('',#2527,#2532);
#2527 = CYLINDRICAL_SURFACE('',#2528,4.);
#2528 = AXIS2_PLACEMENT_3D('',#2529,#2530,#2531);
#2529 = CARTESIAN_POINT('',(600.,150.,214.));
#2530 = DIRECTION('',(-0.999425168642,3.390180354961E-02,0.));
#2531 = DIRECTION('',(-3.390180354961E-02,-0.999425168642,0.));
#2532 = DEFINITIONAL_REPRESENTATION('',(#2533),#2661);
#2533 = B_SPLINE_CURVE_WITH_KNOTS('',6,(#2534,#2535,#2536,#2537,#2538,
    #2539,#2540,#2541,#2542,#2543,#2544,#2545,#2546,#2547,#2548,#2549,
    #2550,#2551,#2552,#2553,#2554,#2555,#2556,#2557,#2558,#2559,#2560,
    #2561,#2562,#2563,#2564,#2565,#2566,#2567,#2568,#2569,#2570,#2571,
    #2572,#2573,#2574,#2575,#2576,#2577,#2578,#2579,#2580,#2581,#2582,
    #2583,#2584,#2585,#2586,#2587,#2588,#2589,#2590,#2591,#2592,#2593,
    #2594,#2595,#2596,#2597,#2598,#2599,#2600,#2601,#2602,#2603,#2604,
    #2605,#2606,#2607,#2608,#2609,#2610,#2611,#2612,#2613,#2614,#2615,
    #2616,#2617,#2618,#2619,#2620,#2621,#2622,#2623,#2624,#2625,#2626,
    #2627,#2628,#2629,#2630,#2631,#2632,#2633,#2634,#2635,#2636,#2637,
    #2638,#2639,#2640,#2641,#2642,#2643,#2644,#2645,#2646,#2647,#2648,
    #2649,#2650,#2651,#2652,#2653,#2654,#2655,#2656,#2657,#2658,#2659,
    #2660),.UNSPECIFIED.,.F.,.F.,(7,5,5,5,5,5,5,5,5,5,5,5,5,5,5,5,5,5,5,
    5,5,5,5,5,5,7),(0.,6.246701022917E-02,0.119417869344,0.137126880261,
    0.160038729023,0.189599822875,0.250730651576,0.287721878988,
    0.340205243194,0.362341096629,0.380278947676,0.437476759245,
    0.500420152945,0.562601642311,0.619292193491,0.636920261009,
    0.659727385521,0.68915336311,0.725536975077,0.775177017552,
    0.811099319809,0.84046922847,0.862527904147,0.880424473499,
    0.937549454258,1.),.UNSPECIFIED.);
#2534 = CARTESIAN_POINT('',(0.,8.062257748299));
#2535 = CARTESIAN_POINT('',(5.748270065226E-02,8.062257748299));
#2536 = CARTESIAN_POINT('',(0.114942690998,8.070126721749));
#2537 = CARTESIAN_POINT('',(0.172484243006,8.085853106365));
#2538 = CARTESIAN_POINT('',(0.230207690773,8.10915048841));
#2539 = CARTESIAN_POINT('',(0.288211987306,8.13945565439));
#2540 = CARTESIAN_POINT('',(0.399821552869,8.209238571083));
#2541 = CARTESIAN_POINT('',(0.453359892923,8.24766832213));
#2542 = CARTESIAN_POINT('',(0.507356359844,8.290677792047));
#2543 = CARTESIAN_POINT('',(0.561956297902,8.337574830921));
#2544 = CARTESIAN_POINT('',(0.617310560612,8.387526365168));
#2545 = CARTESIAN_POINT('',(0.69108041274,8.455712908083));
#2546 = CARTESIAN_POINT('',(0.708669731654,8.472088215031));
#2547 = CARTESIAN_POINT('',(0.726356393115,8.488636484446));
#2548 = CARTESIAN_POINT('',(0.744146549906,8.505327318431));
#2549 = CARTESIAN_POINT('',(0.762046581592,8.522128701054));
#2550 = CARTESIAN_POINT('',(0.80337278818,8.560844073074));
#2551 = CARTESIAN_POINT('',(0.826877221021,8.582809472578));
#2552 = CARTESIAN_POINT('',(0.850590932513,8.604830729052));
#2553 = CARTESIAN_POINT('',(0.874528494904,8.626829011265));
#2554 = CARTESIAN_POINT('',(0.898704513219,8.648719124554));
#2555 = CARTESIAN_POINT('',(0.954652307197,8.698394661704));
#2556 = CARTESIAN_POINT('',(0.986600212,8.726054152575));
#2557 = CARTESIAN_POINT('',(1.01899929951,8.753181514736));
#2558 = CARTESIAN_POINT('',(1.051871875908,8.779552121792));
#2559 = CARTESIAN_POINT('',(1.08524229996,8.804925449953));
#2560 = CARTESIAN_POINT('',(1.189234687044,8.878930168565));
#2561 = CARTESIAN_POINT('',(1.262316322388,8.923985379297));
#2562 = CARTESIAN_POINT('',(1.337537035892,8.960912287653));
#2563 = CARTESIAN_POINT('',(1.414321903806,8.98682692956));
#2564 = CARTESIAN_POINT('',(1.492215995204,9.));
#2565 = CARTESIAN_POINT('',(1.61834652328,9.));
#2566 = CARTESIAN_POINT('',(1.665826466787,8.995176486282));
#2567 = CARTESIAN_POINT('',(1.713056613898,8.985556194595));
#2568 = CARTESIAN_POINT('',(1.75985735079,8.971398663445));
#2569 = CARTESIAN_POINT('',(1.80603289216,8.953191086504));
#2570 = CARTESIAN_POINT('',(1.91565360419,8.900942930163));
#2571 = CARTESIAN_POINT('',(1.978200851849,8.863479936114));
#2572 = CARTESIAN_POINT('',(2.039115110752,8.820720615022));
#2573 = CARTESIAN_POINT('',(2.098468877274,8.774204961332));
#2574 = CARTESIAN_POINT('',(2.156306136052,8.72538666768));
#2575 = CARTESIAN_POINT('',(2.236394512229,8.654557967518));
#2576 = CARTESIAN_POINT('',(2.259912292597,8.633344547971));
#2577 = CARTESIAN_POINT('',(2.283202868254,8.61201366568));
#2578 = CARTESIAN_POINT('',(2.306279563134,8.590644127628));
#2579 = CARTESIAN_POINT('',(2.32915572629,8.569308984228));
#2580 = CARTESIAN_POINT('',(2.370230831347,8.53086893946));
#2581 = CARTESIAN_POINT('',(2.388493883863,8.513729378112));
#2582 = CARTESIAN_POINT('',(2.406640899192,8.496692806766));
#2583 = CARTESIAN_POINT('',(2.424678653123,8.479793410489));
#2584 = CARTESIAN_POINT('',(2.442613687473,8.463063597931));
#2585 = CARTESIAN_POINT('',(2.517333715373,8.39382664247));
#2586 = CARTESIAN_POINT('',(2.573263393816,8.343129247913));
#2587 = CARTESIAN_POINT('',(2.62841115982,8.29547187198));
#2588 = CARTESIAN_POINT('',(2.682933617265,8.251717108761));
#2589 = CARTESIAN_POINT('',(2.736981523527,8.212581194105));
#2590 = CARTESIAN_POINT('',(2.849829581222,8.141321109011));
#2591 = CARTESIAN_POINT('',(2.908558392713,8.110297990419));
#2592 = CARTESIAN_POINT('',(2.966995068026,8.086434317277));
#2593 = CARTESIAN_POINT('',(3.025242654863,8.070320737899));
#2594 = CARTESIAN_POINT('',(3.083405622449,8.062257748299));
#2595 = CARTESIAN_POINT('',(3.199075354242,8.062257748299));
#2596 = CARTESIAN_POINT('',(3.256535344587,8.070126721749));
#2597 = CARTESIAN_POINT('',(3.314076896596,8.085853106365));
#2598 = CARTESIAN_POINT('',(3.371800344363,8.10915048841));
#2599 = CARTESIAN_POINT('',(3.429804640895,8.13945565439));
#2600 = CARTESIAN_POINT('',(3.541414206459,8.209238571083));
#2601 = CARTESIAN_POINT('',(3.594952546513,8.24766832213));
#2602 = CARTESIAN_POINT('',(3.648949013434,8.290677792047));
#2603 = CARTESIAN_POINT('',(3.703548951491,8.337574830921));
#2604 = CARTESIAN_POINT('',(3.758903214201,8.387526365168));
#2605 = CARTESIAN_POINT('',(3.83267306633,8.455712908083));
#2606 = CARTESIAN_POINT('',(3.850262385244,8.472088215031));
#2607 = CARTESIAN_POINT('',(3.867949046705,8.488636484446));
#2608 = CARTESIAN_POINT('',(3.885739203495,8.505327318431));
#2609 = CARTESIAN_POINT('',(3.903639235182,8.522128701054));
#2610 = CARTESIAN_POINT('',(3.944965441769,8.560844073074));
#2611 = CARTESIAN_POINT('',(3.96846987461,8.582809472578));
#2612 = CARTESIAN_POINT('',(3.992183586103,8.604830729052));
#2613 = CARTESIAN_POINT('',(4.016121148494,8.626829011265));
#2614 = CARTESIAN_POINT('',(4.040297166809,8.648719124554));
#2615 = CARTESIAN_POINT('',(4.096244960787,8.698394661704));
#2616 = CARTESIAN_POINT('',(4.12819286559,8.726054152575));
#2617 = CARTESIAN_POINT('',(4.1605919531,8.753181514736));
#2618 = CARTESIAN_POINT('',(4.193464529497,8.779552121791));
#2619 = CARTESIAN_POINT('',(4.22683495355,8.804925449953));
#2620 = CARTESIAN_POINT('',(4.302642374441,8.858872734068));
#2621 = CARTESIAN_POINT('',(4.345420291645,8.886829720121));
#2622 = CARTESIAN_POINT('',(4.38898553015,8.912328972735));
#2623 = CARTESIAN_POINT('',(4.433279679375,8.934806196166));
#2624 = CARTESIAN_POINT('',(4.478259913278,8.953750911348));
#2625 = CARTESIAN_POINT('',(4.58615357478,8.989179144913));
#2626 = CARTESIAN_POINT('',(4.649568486346,9.002230737163));
#2627 = CARTESIAN_POINT('',(4.713510742841,9.006652434507));
#2628 = CARTESIAN_POINT('',(4.777447090747,9.001970296515));
#2629 = CARTESIAN_POINT('',(4.840843699252,8.988673573124));
#2630 = CARTESIAN_POINT('',(4.948102371712,8.953062301336));
#2631 = CARTESIAN_POINT('',(4.992496199204,8.934263595731));
#2632 = CARTESIAN_POINT('',(5.03622020972,8.912030932844));
#2633 = CARTESIAN_POINT('',(5.079232437998,8.886856537075));
#2634 = CARTESIAN_POINT('',(5.12147604649,8.859283963184));
#2635 = CARTESIAN_POINT('',(5.196720800483,8.805841262688));
#2636 = CARTESIAN_POINT('',(5.230043437927,8.780548703474));
#2637 = CARTESIAN_POINT('',(5.262869702959,8.754256350045));
#2638 = CARTESIAN_POINT('',(5.295223637759,8.72720382289));
#2639 = CARTESIAN_POINT('',(5.327127225597,8.699615049846));
#2640 = CARTESIAN_POINT('',(5.382241681179,8.650726987824));
#2641 = CARTESIAN_POINT('',(5.405644032231,8.629567706501));
#2642 = CARTESIAN_POINT('',(5.42882232641,8.608301225429));
#2643 = CARTESIAN_POINT('',(5.451789766712,8.587005006329));
#2644 = CARTESIAN_POINT('',(5.474559552696,8.565750889507));
#2645 = CARTESIAN_POINT('',(5.515468731425,8.527449159207));
#2646 = CARTESIAN_POINT('',(5.533671024602,8.510364772926));
#2647 = CARTESIAN_POINT('',(5.551758704039,8.493387449545));
#2648 = CARTESIAN_POINT('',(5.569738478193,8.476550960285));
#2649 = CARTESIAN_POINT('',(5.587616819948,8.45988733306));
#2650 = CARTESIAN_POINT('',(5.662162907688,8.390885797354));
#2651 = CARTESIAN_POINT('',(5.717984450472,8.340388822032));
#2652 = CARTESIAN_POINT('',(5.773032790493,8.292957710738));
#2653 = CARTESIAN_POINT('',(5.827463066167,8.249448434348));
#2654 = CARTESIAN_POINT('',(5.881424669427,8.210571496097));
#2655 = CARTESIAN_POINT('',(5.993713477871,8.140115125585));
#2656 = CARTESIAN_POINT('',(6.051974769682,8.109556072767));
#2657 = CARTESIAN_POINT('',(6.109951245912,8.086058513811));
#2658 = CARTESIAN_POINT('',(6.167743297661,8.070195287879));
#2659 = CARTESIAN_POINT('',(6.225452711421,8.062257748299));
#2660 = CARTESIAN_POINT('',(6.28318530718,8.062257748299));
#2661 = ( GEOMETRIC_REPRESENTATION_CONTEXT(2) 
PARAMETRIC_REPRESENTATION_CONTEXT() REPRESENTATION_CONTEXT('2D SPACE',''
  ) );
#2662 = ADVANCED_FACE('',(#2663),#2527,.T.);
#2663 = FACE_BOUND('',#2664,.T.);
#2664 = EDGE_LOOP('',(#2665,#2782,#2805,#3198,#3199,#3592,#3593,#3703,
    #3818,#4018));
#2665 = ORIENTED_EDGE('',*,*,#2666,.F.);
#2666 = EDGE_CURVE('',#2667,#2669,#2671,.T.);
#2667 = VERTEX_POINT('',#2668);
#2668 = CARTESIAN_POINT('',(460.52201609553,150.72897424708,214.));
#2669 = VERTEX_POINT('',#2670);
#2670 = CARTESIAN_POINT('',(461.59482651778,154.69488376805,218.));
#2671 = SURFACE_CURVE('',#2672,(#2705,#2741),.PCURVE_S1.);
#2672 = B_SPLINE_CURVE_WITH_KNOTS('',6,(#2673,#2674,#2675,#2676,#2677,
    #2678,#2679,#2680,#2681,#2682,#2683,#2684,#2685,#2686,#2687,#2688,
    #2689,#2690,#2691,#2692,#2693,#2694,#2695,#2696,#2697,#2698,#2699,
    #2700,#2701,#2702,#2703,#2704),.UNSPECIFIED.,.F.,.F.,(7,5,5,5,5,5,7)
  ,(0.,0.239807510197,0.458438811388,0.526422756841,0.614380118424,
    0.727863576163,1.),.UNSPECIFIED.);
#2673 = CARTESIAN_POINT('',(460.52201609553,150.72897424708,214.));
#2674 = CARTESIAN_POINT('',(460.52201609553,150.72897424708,
    214.2299308026));
#2675 = CARTESIAN_POINT('',(460.53041824276,150.74455878557,
    214.45977076669));
#2676 = CARTESIAN_POINT('',(460.54721019058,150.77570493577,
    214.68856941373));
#2677 = CARTESIAN_POINT('',(460.57210604686,150.8224329311,
    214.91536594732));
#2678 = CARTESIAN_POINT('',(460.6045440985,150.88479655271,
    215.13914397964));
#2679 = CARTESIAN_POINT('',(460.67942823395,151.03399725811,
    215.55903479073));
#2680 = CARTESIAN_POINT('',(460.72073577577,151.11818292411,
    215.75583446465));
#2681 = CARTESIAN_POINT('',(460.76707211047,151.21552963903,
    215.94861396449));
#2682 = CARTESIAN_POINT('',(460.81775286797,151.3262784884,
    216.13669492747));
#2683 = CARTESIAN_POINT('',(460.87195537631,151.45075023755,
    216.31923336896));
#2684 = CARTESIAN_POINT('',(460.94634294699,151.63240038054,
    216.54986505985));
#2685 = CARTESIAN_POINT('',(460.9642356695,151.67685613507,
    216.60393889558));
#2686 = CARTESIAN_POINT('',(460.98234838073,151.72269529109,
    216.6573523836));
#2687 = CARTESIAN_POINT('',(461.00065118202,151.76993308124,
    216.71007351093));
#2688 = CARTESIAN_POINT('',(461.01911258717,151.81858566481,
    216.76206755629));
#2689 = CARTESIAN_POINT('',(461.06174722626,151.93346920905,
    216.87957765993));
#2690 = CARTESIAN_POINT('',(461.08600459515,152.00066402601,
    216.94457743406));
#2691 = CARTESIAN_POINT('',(461.11040042155,152.07029296003,
    217.00821616889));
#2692 = CARTESIAN_POINT('',(461.13485708599,152.14239307016,
    217.07040167375));
#2693 = CARTESIAN_POINT('',(461.15929055703,152.21700009299,
    217.13102981101));
#2694 = CARTESIAN_POINT('',(461.21498808199,152.39368600643,
    217.26604841385));
#2695 = CARTESIAN_POINT('',(461.24618425147,152.4974783037,
    217.33934544811));
#2696 = CARTESIAN_POINT('',(461.27699381074,152.6055695088,
    217.40959792813));
#2697 = CARTESIAN_POINT('',(461.30719300316,152.71798907148,
    217.47650105294));
#2698 = CARTESIAN_POINT('',(461.33654163945,152.8347509304,
    217.53972206131));
#2699 = CARTESIAN_POINT('',(461.43251447798,153.24625813363,
    217.74080827588));
#2700 = CARTESIAN_POINT('',(461.49505212009,153.56660705177,
    217.8619007177));
#2701 = CARTESIAN_POINT('',(461.54663700338,153.9105506296,
    217.95180978212));
#2702 = CARTESIAN_POINT('',(461.58236063989,154.27011316208,
    218.00420508127));
#2703 = CARTESIAN_POINT('',(461.6,154.63627157933,218.01615597045));
#2704 = CARTESIAN_POINT('',(461.6,155.,217.98834603375));
#2705 = PCURVE('',#2527,#2706);
#2706 = DEFINITIONAL_REPRESENTATION('',(#2707),#2740);
#2707 = B_SPLINE_CURVE_WITH_KNOTS('',6,(#2708,#2709,#2710,#2711,#2712,
    #2713,#2714,#2715,#2716,#2717,#2718,#2719,#2720,#2721,#2722,#2723,
    #2724,#2725,#2726,#2727,#2728,#2729,#2730,#2731,#2732,#2733,#2734,
    #2735,#2736,#2737,#2738,#2739),.UNSPECIFIED.,.F.,.F.,(7,5,5,5,5,5,7)
  ,(0.,0.239807510197,0.458438811388,0.526422756841,0.614380118424,
    0.727863576163,1.),.UNSPECIFIED.);
#2708 = CARTESIAN_POINT('',(0.,139.42252112735));
#2709 = CARTESIAN_POINT('',(5.748270065222E-02,139.42252112735));
#2710 = CARTESIAN_POINT('',(0.114942690998,139.4146521539));
#2711 = CARTESIAN_POINT('',(0.172484243006,139.39892576928));
#2712 = CARTESIAN_POINT('',(0.230207690773,139.37562838724));
#2713 = CARTESIAN_POINT('',(0.288211987306,139.34532322126));
#2714 = CARTESIAN_POINT('',(0.39982155287,139.27554030456));
#2715 = CARTESIAN_POINT('',(0.453359892923,139.23711055352));
#2716 = CARTESIAN_POINT('',(0.507356359844,139.1941010836));
#2717 = CARTESIAN_POINT('',(0.561956297902,139.14720404473));
#2718 = CARTESIAN_POINT('',(0.617310560612,139.09725251048));
#2719 = CARTESIAN_POINT('',(0.69108041274,139.02906596756));
#2720 = CARTESIAN_POINT('',(0.708669731654,139.01269066062));
#2721 = CARTESIAN_POINT('',(0.726356393115,138.9961423912));
#2722 = CARTESIAN_POINT('',(0.744146549906,138.97945155722));
#2723 = CARTESIAN_POINT('',(0.762046581592,138.96265017459));
#2724 = CARTESIAN_POINT('',(0.80337278818,138.92393480257));
#2725 = CARTESIAN_POINT('',(0.826877221021,138.90196940307));
#2726 = CARTESIAN_POINT('',(0.850590932513,138.8799481466));
#2727 = CARTESIAN_POINT('',(0.874528494904,138.85794986438));
#2728 = CARTESIAN_POINT('',(0.898704513219,138.83605975109));
#2729 = CARTESIAN_POINT('',(0.954652307197,138.78638421394));
#2730 = CARTESIAN_POINT('',(0.986600212,138.75872472307));
#2731 = CARTESIAN_POINT('',(1.01899929951,138.73159736091));
#2732 = CARTESIAN_POINT('',(1.051871875908,138.70522675386));
#2733 = CARTESIAN_POINT('',(1.08524229996,138.67985342569));
#2734 = CARTESIAN_POINT('',(1.200423154453,138.59788659172));
#2735 = CARTESIAN_POINT('',(1.286127788823,138.5462453043));
#2736 = CARTESIAN_POINT('',(1.374618308289,138.50635038123));
#2737 = CARTESIAN_POINT('',(1.464862875498,138.48283709812));
#2738 = CARTESIAN_POINT('',(1.556004164831,138.4776213084));
#2739 = CARTESIAN_POINT('',(1.647149550685,138.48995235787));
#2740 = ( GEOMETRIC_REPRESENTATION_CONTEXT(2) 
PARAMETRIC_REPRESENTATION_CONTEXT() REPRESENTATION_CONTEXT('2D SPACE',''
  ) );
#2741 = PCURVE('',#2742,#2747);
#2742 = CYLINDRICAL_SURFACE('',#2743,9.);
#2743 = AXIS2_PLACEMENT_3D('',#2744,#2745,#2746);
#2744 = CARTESIAN_POINT('',(452.6,155.,210.));
#2745 = DIRECTION('',(0.,0.,1.));
#2746 = DIRECTION('',(1.,0.,-0.));
#2747 = DEFINITIONAL_REPRESENTATION('',(#2748),#2781);
#2748 = B_SPLINE_CURVE_WITH_KNOTS('',6,(#2749,#2750,#2751,#2752,#2753,
    #2754,#2755,#2756,#2757,#2758,#2759,#2760,#2761,#2762,#2763,#2764,
    #2765,#2766,#2767,#2768,#2769,#2770,#2771,#2772,#2773,#2774,#2775,
    #2776,#2777,#2778,#2779,#2780),.UNSPECIFIED.,.F.,.F.,(7,5,5,5,5,5,7)
  ,(0.,0.239807510197,0.458438811388,0.526422756841,0.614380118424,
    0.727863576163,1.),.UNSPECIFIED.);
#2749 = CARTESIAN_POINT('',(5.788723014515,4.));
#2750 = CARTESIAN_POINT('',(5.788723014515,4.229930802609));
#2751 = CARTESIAN_POINT('',(5.790690256673,4.459770766697));
#2752 = CARTESIAN_POINT('',(5.79462185897,4.688569413739));
#2753 = CARTESIAN_POINT('',(5.800504688765,4.91536594732));
#2754 = CARTESIAN_POINT('',(5.808314473809,5.139143979644));
#2755 = CARTESIAN_POINT('',(5.82686320317,5.559034790731));
#2756 = CARTESIAN_POINT('',(5.837282066322,5.755834464658));
#2757 = CARTESIAN_POINT('',(5.849259902744,5.948613964492));
#2758 = CARTESIAN_POINT('',(5.862789699369,6.136694927471));
#2759 = CARTESIAN_POINT('',(5.877870664522,6.319233368969));
#2760 = CARTESIAN_POINT('',(5.899680811986,6.549865059857));
#2761 = CARTESIAN_POINT('',(5.90500532178,6.603938895583));
#2762 = CARTESIAN_POINT('',(5.910481583844,6.657352383609));
#2763 = CARTESIAN_POINT('',(5.916110233417,6.710073510932));
#2764 = CARTESIAN_POINT('',(5.921892022156,6.762067556297));
#2765 = CARTESIAN_POINT('',(5.935507527655,6.879577659931));
#2766 = CARTESIAN_POINT('',(5.94344491827,6.944577434068));
#2767 = CARTESIAN_POINT('',(5.951642008707,7.008216168896));
#2768 = CARTESIAN_POINT('',(5.960100774179,7.070401673751));
#2769 = CARTESIAN_POINT('',(5.968823146388,7.131029811014));
#2770 = CARTESIAN_POINT('',(5.989407248576,7.266048413858));
#2771 = CARTESIAN_POINT('',(6.001448296123,7.339345448117));
#2772 = CARTESIAN_POINT('',(6.013934792785,7.409597928132));
#2773 = CARTESIAN_POINT('',(6.026866268519,7.476501052948));
#2774 = CARTESIAN_POINT('',(6.040241398841,7.53972206131));
#2775 = CARTESIAN_POINT('',(6.087191459524,7.740808275886));
#2776 = CARTESIAN_POINT('',(6.123433968378,7.861900717704));
#2777 = CARTESIAN_POINT('',(6.162017434784,7.951809782129));
#2778 = CARTESIAN_POINT('',(6.202086556008,8.004205081275));
#2779 = CARTESIAN_POINT('',(6.242771038216,8.01615597045));
#2780 = CARTESIAN_POINT('',(6.28318530718,7.988346033759));
#2781 = ( GEOMETRIC_REPRESENTATION_CONTEXT(2) 
PARAMETRIC_REPRESENTATION_CONTEXT() REPRESENTATION_CONTEXT('2D SPACE',''
  ) );
#2782 = ORIENTED_EDGE('',*,*,#2783,.F.);
#2783 = EDGE_CURVE('',#2784,#2667,#2786,.T.);
#2784 = VERTEX_POINT('',#2785);
#2785 = CARTESIAN_POINT('',(591.80676947606,146.27562440377,214.));
#2786 = SEAM_CURVE('',#2787,(#2791,#2798),.PCURVE_S1.);
#2787 = LINE('',#2788,#2789);
#2788 = CARTESIAN_POINT('',(599.8643927858,146.00229932543,214.));
#2789 = VECTOR('',#2790,1.);
#2790 = DIRECTION('',(-0.999425168642,3.390180354961E-02,0.));
#2791 = PCURVE('',#2527,#2792);
#2792 = DEFINITIONAL_REPRESENTATION('',(#2793),#2797);
#2793 = LINE('',#2794,#2795);
#2794 = CARTESIAN_POINT('',(6.28318530718,-0.));
#2795 = VECTOR('',#2796,1.);
#2796 = DIRECTION('',(0.,1.));
#2797 = ( GEOMETRIC_REPRESENTATION_CONTEXT(2) 
PARAMETRIC_REPRESENTATION_CONTEXT() REPRESENTATION_CONTEXT('2D SPACE',''
  ) );
#2798 = PCURVE('',#2527,#2799);
#2799 = DEFINITIONAL_REPRESENTATION('',(#2800),#2804);
#2800 = LINE('',#2801,#2802);
#2801 = CARTESIAN_POINT('',(0.,-0.));
#2802 = VECTOR('',#2803,1.);
#2803 = DIRECTION('',(0.,1.));
#2804 = ( GEOMETRIC_REPRESENTATION_CONTEXT(2) 
PARAMETRIC_REPRESENTATION_CONTEXT() REPRESENTATION_CONTEXT('2D SPACE',''
  ) );
#2805 = ORIENTED_EDGE('',*,*,#2806,.T.);
#2806 = EDGE_CURVE('',#2784,#2189,#2807,.T.);
#2807 = SURFACE_CURVE('',#2808,(#2936,#3067),.PCURVE_S1.);
#2808 = B_SPLINE_CURVE_WITH_KNOTS('',6,(#2809,#2810,#2811,#2812,#2813,
    #2814,#2815,#2816,#2817,#2818,#2819,#2820,#2821,#2822,#2823,#2824,
    #2825,#2826,#2827,#2828,#2829,#2830,#2831,#2832,#2833,#2834,#2835,
    #2836,#2837,#2838,#2839,#2840,#2841,#2842,#2843,#2844,#2845,#2846,
    #2847,#2848,#2849,#2850,#2851,#2852,#2853,#2854,#2855,#2856,#2857,
    #2858,#2859,#2860,#2861,#2862,#2863,#2864,#2865,#2866,#2867,#2868,
    #2869,#2870,#2871,#2872,#2873,#2874,#2875,#2876,#2877,#2878,#2879,
    #2880,#2881,#2882,#2883,#2884,#2885,#2886,#2887,#2888,#2889,#2890,
    #2891,#2892,#2893,#2894,#2895,#2896,#2897,#2898,#2899,#2900,#2901,
    #2902,#2903,#2904,#2905,#2906,#2907,#2908,#2909,#2910,#2911,#2912,
    #2913,#2914,#2915,#2916,#2917,#2918,#2919,#2920,#2921,#2922,#2923,
    #2924,#2925,#2926,#2927,#2928,#2929,#2930,#2931,#2932,#2933,#2934,
    #2935),.UNSPECIFIED.,.T.,.F.,(7,5,5,5,5,5,5,5,5,5,5,5,5,5,5,5,5,5,5,
    5,5,5,5,5,5,7),(0.,6.246701022917E-02,0.119417869344,0.137126880261,
    0.160038729023,0.189599822875,0.250730651576,0.287721878988,
    0.340205243194,0.362341096629,0.380278947676,0.437476759245,
    0.500420152945,0.562601642311,0.619292193491,0.636920261009,
    0.659727385521,0.68915336311,0.725536975077,0.775177017552,
    0.811099319809,0.84046922847,0.862527904147,0.880424473499,
    0.937549454258,1.),.UNSPECIFIED.);
#2809 = CARTESIAN_POINT('',(591.80676947606,146.27562440377,214.));
#2810 = CARTESIAN_POINT('',(591.80676947606,146.27562440377,
    214.2299308026));
#2811 = CARTESIAN_POINT('',(591.79944272306,146.29174248705,
    214.45977076669));
#2812 = CARTESIAN_POINT('',(591.78479998169,146.32395494286,
    214.68856941373));
#2813 = CARTESIAN_POINT('',(591.76312785801,146.37226258473,
    214.91536594732));
#2814 = CARTESIAN_POINT('',(591.73499041841,146.4366810059,
    215.13914397964));
#2815 = CARTESIAN_POINT('',(591.67038894728,146.59061324477,
    215.55903479073));
#2816 = CARTESIAN_POINT('',(591.63488116827,146.6774045865,
    215.75583446465));
#2817 = CARTESIAN_POINT('',(591.59524800952,146.77766749863,
    215.94861396449));
#2818 = CARTESIAN_POINT('',(591.55218860505,146.8915961364,
    216.13669492747));
#2819 = CARTESIAN_POINT('',(591.5065454723,147.01945477974,
    216.31923336896));
#2820 = CARTESIAN_POINT('',(591.44463834869,147.2057282163,
    216.54986505985));
#2821 = CARTESIAN_POINT('',(591.42979928337,147.25129427572,
    216.60393889558));
#2822 = CARTESIAN_POINT('',(591.4148344807,147.29825546409,
    216.6573523836));
#2823 = CARTESIAN_POINT('',(591.39977480285,147.34662495299,
    216.71007351093));
#2824 = CARTESIAN_POINT('',(591.38465275868,147.3964167309,
    216.76206755629));
#2825 = CARTESIAN_POINT('',(591.34990116335,147.51392531702,
    216.87957765993));
#2826 = CARTESIAN_POINT('',(591.33025298603,147.5826094673,
    216.94457743406));
#2827 = CARTESIAN_POINT('',(591.3106316165,147.65373152194,
    217.00821616889));
#2828 = CARTESIAN_POINT('',(591.29111700712,147.72732319495,
    217.07040167375));
#2829 = CARTESIAN_POINT('',(591.27179541784,147.80341444642,
    217.13102981101));
#2830 = CARTESIAN_POINT('',(591.22819897861,147.98346854046,
    217.26604841385));
#2831 = CARTESIAN_POINT('',(591.20410796543,148.08913625099,
    217.33934544811));
#2832 = CARTESIAN_POINT('',(591.18069398769,148.1990667891,
    217.40959792813));
#2833 = CARTESIAN_POINT('',(591.15818228331,148.31327437405,
    217.47650105294));
#2834 = CARTESIAN_POINT('',(591.13681343404,148.43175663614,
    217.53972206131));
#2835 = CARTESIAN_POINT('',(591.07553928159,148.8083085339,
    217.72127511155));
#2836 = CARTESIAN_POINT('',(591.03977557534,149.08298603218,
    217.82764411162));
#2837 = CARTESIAN_POINT('',(591.0127255656,149.37478312766,
    217.91205333808));
#2838 = CARTESIAN_POINT('',(590.99711991056,149.67913146329,
    217.97036037772));
#2839 = CARTESIAN_POINT('',(590.99451742236,149.99097558733,218.));
#2840 = CARTESIAN_POINT('',(591.01162163189,150.49520768451,218.));
#2841 = CARTESIAN_POINT('',(591.02288099625,150.68485477501,
    217.98914708049));
#2842 = CARTESIAN_POINT('',(591.03887426096,150.87256690017,
    217.96750149155));
#2843 = CARTESIAN_POINT('',(591.05929183904,151.05687303166,
    217.93546965069));
#2844 = CARTESIAN_POINT('',(591.08359840714,151.23636256764,
    217.89380065857));
#2845 = CARTESIAN_POINT('',(591.15010067468,151.65568785767,
    217.77238884904));
#2846 = CARTESIAN_POINT('',(591.19550606564,151.88919450436,
    217.68404409512));
#2847 = CARTESIAN_POINT('',(591.24576236648,152.10948044996,
    217.58091692497));
#2848 = CARTESIAN_POINT('',(591.29931265573,152.31607279753,
    217.46517689495));
#2849 = CARTESIAN_POINT('',(591.35469433834,152.50873375191,
    217.33887507221));
#2850 = CARTESIAN_POINT('',(591.4341815862,152.76278678264,
    217.14708897326));
#2851 = CARTESIAN_POINT('',(591.45788232952,152.83575339749,
    217.08860136775));
#2852 = CARTESIAN_POINT('',(591.48162028915,152.9063523557,
    217.02862746744));
#2853 = CARTESIAN_POINT('',(591.50531770821,152.97461595076,
    216.96726422723));
#2854 = CARTESIAN_POINT('',(591.52890264129,153.04057799666,
    216.90459775327));
#2855 = CARTESIAN_POINT('',(591.57127632609,153.15588992384,
    216.78892625541));
#2856 = CARTESIAN_POINT('',(591.59012612748,153.20601718598,
    216.73634346769));
#2857 = CARTESIAN_POINT('',(591.60882299265,153.2546737796,
    216.68299531575));
#2858 = CARTESIAN_POINT('',(591.62733330136,153.30187693563,
    216.62891916395));
#2859 = CARTESIAN_POINT('',(591.64562517911,153.3476429506,216.574149365
    ));
#2860 = CARTESIAN_POINT('',(591.72120260778,153.53338613441,
    216.3419628041));
#2861 = CARTESIAN_POINT('',(591.77623761093,153.66039922229,
    216.15838720239));
#2862 = CARTESIAN_POINT('',(591.82775597956,153.7734132191,
    215.96910281516));
#2863 = CARTESIAN_POINT('',(591.87490607378,153.87276568103,
    215.77498313159));
#2864 = CARTESIAN_POINT('',(591.91697987688,153.95871105276,
    215.57672618195));
#2865 = CARTESIAN_POINT('',(591.99345909548,154.11136283851,
    215.15283786274));
#2866 = CARTESIAN_POINT('',(592.02666770576,154.17526511255,
    214.92646913201));
#2867 = CARTESIAN_POINT('',(592.05216921776,154.22314397506,
    214.69697189797));
#2868 = CARTESIAN_POINT('',(592.06937459522,154.25505696414,
    214.46539999722));
#2869 = CARTESIAN_POINT('',(592.07798390446,154.27102575291,
    214.23274812456));
#2870 = CARTESIAN_POINT('',(592.07798390446,154.27102575291,
    213.77006919739));
#2871 = CARTESIAN_POINT('',(592.06958175723,154.25544121442,
    213.5402292333));
#2872 = CARTESIAN_POINT('',(592.05278980941,154.22429506422,
    213.31143058626));
#2873 = CARTESIAN_POINT('',(592.02789395313,154.17756706889,
    213.08463405268));
#2874 = CARTESIAN_POINT('',(591.99545590149,154.11520344728,
    212.86085602035));
#2875 = CARTESIAN_POINT('',(591.92057176605,153.96600274188,
    212.44096520926));
#2876 = CARTESIAN_POINT('',(591.87926422422,153.88181707589,
    212.24416553534));
#2877 = CARTESIAN_POINT('',(591.83292788952,153.78447036096,
    212.0513860355));
#2878 = CARTESIAN_POINT('',(591.78224713202,153.67372151159,
    211.86330507253));
#2879 = CARTESIAN_POINT('',(591.72804462368,153.54924976244,
    211.68076663103));
#2880 = CARTESIAN_POINT('',(591.653657053,153.36759961945,
    211.45013494014));
#2881 = CARTESIAN_POINT('',(591.6357643305,153.32314386492,
    211.39606110441));
#2882 = CARTESIAN_POINT('',(591.61765161926,153.2773047089,
    211.34264761639));
#2883 = CARTESIAN_POINT('',(591.59934881797,153.23006691875,
    211.28992648906));
#2884 = CARTESIAN_POINT('',(591.58088741283,153.18141433518,
    211.2379324437));
#2885 = CARTESIAN_POINT('',(591.53825277373,153.06653079094,
    211.12042234006));
#2886 = CARTESIAN_POINT('',(591.51399540485,152.99933597398,
    211.05542256593));
#2887 = CARTESIAN_POINT('',(591.48959957844,152.92970703996,
    210.9917838311));
#2888 = CARTESIAN_POINT('',(591.465142914,152.85760692983,
    210.92959832625));
#2889 = CARTESIAN_POINT('',(591.44070944296,152.782999907,
    210.86897018898));
#2890 = CARTESIAN_POINT('',(591.385011918,152.60631399357,
    210.73395158614));
#2891 = CARTESIAN_POINT('',(591.35381574852,152.50252169629,
    210.66065455188));
#2892 = CARTESIAN_POINT('',(591.32300618925,152.39443049119,
    210.59040207186));
#2893 = CARTESIAN_POINT('',(591.29280699683,152.28201092851,
    210.52349894705));
#2894 = CARTESIAN_POINT('',(591.26345836055,152.16524906959,
    210.46027793869));
#2895 = CARTESIAN_POINT('',(591.20029288572,151.89441152552,
    210.32793105369));
#2896 = CARTESIAN_POINT('',(591.16700790681,151.73781632839,
    210.26083413476));
#2897 = CARTESIAN_POINT('',(591.1359649548,151.5748204299,
    210.20076780889));
#2898 = CARTESIAN_POINT('',(591.10774678744,151.40595852149,
    210.14858704441));
#2899 = CARTESIAN_POINT('',(591.08288486576,151.23184049642,
    210.10505446387));
#2900 = CARTESIAN_POINT('',(591.03310499664,150.80935499334,
    210.02418543936));
#2901 = CARTESIAN_POINT('',(591.01149550504,150.55728942043,
    209.99493109117));
#2902 = CARTESIAN_POINT('',(590.99837217929,150.30084038811,
    209.98515562144));
#2903 = CARTESIAN_POINT('',(590.99434904831,150.04412966975,
    209.99551169862));
#2904 = CARTESIAN_POINT('',(590.99907747834,149.79131092501,
    210.0253237506));
#2905 = CARTESIAN_POINT('',(591.02038685634,149.36908727958,
    210.10663814912));
#2906 = CARTESIAN_POINT('',(591.03332629533,149.19603735298,
    210.14985104669));
#2907 = CARTESIAN_POINT('',(591.04986798099,149.02789037231,
    210.20148054457));
#2908 = CARTESIAN_POINT('',(591.0695404956,148.86526806455,
    210.26079066028));
#2909 = CARTESIAN_POINT('',(591.09181874931,148.70872399128,
    210.32695683642));
#2910 = CARTESIAN_POINT('',(591.13604496262,148.43611578657,
    210.45800377105));
#2911 = CARTESIAN_POINT('',(591.15733617452,148.31772721276,
    210.52098898793));
#2912 = CARTESIAN_POINT('',(591.17977217645,148.2035961634,
    210.58765137146));
#2913 = CARTESIAN_POINT('',(591.20311333029,148.09372618147,
    210.65765912819));
#2914 = CARTESIAN_POINT('',(591.22713513644,147.98810420837,
    210.73070801625));
#2915 = CARTESIAN_POINT('',(591.27002814528,147.81054110544,
    210.86346052398));
#2916 = CARTESIAN_POINT('',(591.28869638615,147.73674646097,
    210.92197040755));
#2917 = CARTESIAN_POINT('',(591.30755127228,147.66529205237,
    210.98194464007));
#2918 = CARTESIAN_POINT('',(591.32651438374,147.59615094534,
    211.04328827813));
#2919 = CARTESIAN_POINT('',(591.34551286761,147.52929450597,
    211.10591695164));
#2920 = CARTESIAN_POINT('',(591.37986733099,147.41227964158,
    211.22155124314));
#2921 = CARTESIAN_POINT('',(591.39523399225,147.36135142879,
    211.27414227521));
#2922 = CARTESIAN_POINT('',(591.4105433584,147.31189218609,
    211.32749022313));
#2923 = CARTESIAN_POINT('',(591.42576113867,147.26388716923,
    211.38155829059));
#2924 = CARTESIAN_POINT('',(591.44085481479,147.21732246599,
    211.43631262177));
#2925 = CARTESIAN_POINT('',(591.50347764941,147.02810838337,
    211.66858730961));
#2926 = CARTESIAN_POINT('',(591.54960723935,146.89850164708,
    211.85221657517));
#2927 = CARTESIAN_POINT('',(591.59314944879,146.78305258916,
    212.04150815417));
#2928 = CARTESIAN_POINT('',(591.63323851144,146.68148695457,
    212.23559504877));
#2929 = CARTESIAN_POINT('',(591.66915667304,146.59360303018,
    212.43378286822));
#2930 = CARTESIAN_POINT('',(591.73437812618,146.43808302363,
    212.85599633767));
#2931 = CARTESIAN_POINT('',(591.76275056965,146.3731036279,
    213.08069416052));
#2932 = CARTESIAN_POINT('',(591.78460872805,146.32437568001,
    213.30844922573));
#2933 = CARTESIAN_POINT('',(591.79937888156,146.29188293176,
    213.53823195934));
#2934 = CARTESIAN_POINT('',(591.80676947606,146.27562440377,
    213.76906961696));
#2935 = CARTESIAN_POINT('',(591.80676947606,146.27562440377,214.));
#2936 = PCURVE('',#2527,#2937);
#2937 = DEFINITIONAL_REPRESENTATION('',(#2938),#3066);
#2938 = B_SPLINE_CURVE_WITH_KNOTS('',6,(#2939,#2940,#2941,#2942,#2943,
    #2944,#2945,#2946,#2947,#2948,#2949,#2950,#2951,#2952,#2953,#2954,
    #2955,#2956,#2957,#2958,#2959,#2960,#2961,#2962,#2963,#2964,#2965,
    #2966,#2967,#2968,#2969,#2970,#2971,#2972,#2973,#2974,#2975,#2976,
    #2977,#2978,#2979,#2980,#2981,#2982,#2983,#2984,#2985,#2986,#2987,
    #2988,#2989,#2990,#2991,#2992,#2993,#2994,#2995,#2996,#2997,#2998,
    #2999,#3000,#3001,#3002,#3003,#3004,#3005,#3006,#3007,#3008,#3009,
    #3010,#3011,#3012,#3013,#3014,#3015,#3016,#3017,#3018,#3019,#3020,
    #3021,#3022,#3023,#3024,#3025,#3026,#3027,#3028,#3029,#3030,#3031,
    #3032,#3033,#3034,#3035,#3036,#3037,#3038,#3039,#3040,#3041,#3042,
    #3043,#3044,#3045,#3046,#3047,#3048,#3049,#3050,#3051,#3052,#3053,
    #3054,#3055,#3056,#3057,#3058,#3059,#3060,#3061,#3062,#3063,#3064,
    #3065),.UNSPECIFIED.,.F.,.F.,(7,5,5,5,5,5,5,5,5,5,5,5,5,5,5,5,5,5,5,
    5,5,5,5,5,5,7),(0.,6.246701022917E-02,0.119417869344,0.137126880261,
    0.160038729023,0.189599822875,0.250730651576,0.287721878988,
    0.340205243194,0.362341096629,0.380278947676,0.437476759245,
    0.500420152945,0.562601642311,0.619292193491,0.636920261009,
    0.659727385521,0.68915336311,0.725536975077,0.775177017552,
    0.811099319809,0.84046922847,0.862527904147,0.880424473499,
    0.937549454258,1.),.UNSPECIFIED.);
#2939 = CARTESIAN_POINT('',(0.,8.062257748299));
#2940 = CARTESIAN_POINT('',(5.748270065226E-02,8.062257748299));
#2941 = CARTESIAN_POINT('',(0.114942690998,8.070126721749));
#2942 = CARTESIAN_POINT('',(0.172484243006,8.085853106365));
#2943 = CARTESIAN_POINT('',(0.230207690773,8.10915048841));
#2944 = CARTESIAN_POINT('',(0.288211987306,8.13945565439));
#2945 = CARTESIAN_POINT('',(0.399821552869,8.209238571083));
#2946 = CARTESIAN_POINT('',(0.453359892923,8.24766832213));
#2947 = CARTESIAN_POINT('',(0.507356359844,8.290677792047));
#2948 = CARTESIAN_POINT('',(0.561956297902,8.337574830921));
#2949 = CARTESIAN_POINT('',(0.617310560612,8.387526365168));
#2950 = CARTESIAN_POINT('',(0.69108041274,8.455712908083));
#2951 = CARTESIAN_POINT('',(0.708669731654,8.472088215031));
#2952 = CARTESIAN_POINT('',(0.726356393115,8.488636484446));
#2953 = CARTESIAN_POINT('',(0.744146549906,8.505327318431));
#2954 = CARTESIAN_POINT('',(0.762046581592,8.522128701054));
#2955 = CARTESIAN_POINT('',(0.80337278818,8.560844073074));
#2956 = CARTESIAN_POINT('',(0.826877221021,8.582809472578));
#2957 = CARTESIAN_POINT('',(0.850590932513,8.604830729052));
#2958 = CARTESIAN_POINT('',(0.874528494904,8.626829011265));
#2959 = CARTESIAN_POINT('',(0.898704513219,8.648719124554));
#2960 = CARTESIAN_POINT('',(0.954652307197,8.698394661704));
#2961 = CARTESIAN_POINT('',(0.986600212,8.726054152575));
#2962 = CARTESIAN_POINT('',(1.01899929951,8.753181514736));
#2963 = CARTESIAN_POINT('',(1.051871875908,8.779552121792));
#2964 = CARTESIAN_POINT('',(1.08524229996,8.804925449953));
#2965 = CARTESIAN_POINT('',(1.189234687044,8.878930168565));
#2966 = CARTESIAN_POINT('',(1.262316322388,8.923985379297));
#2967 = CARTESIAN_POINT('',(1.337537035892,8.960912287653));
#2968 = CARTESIAN_POINT('',(1.414321903806,8.98682692956));
#2969 = CARTESIAN_POINT('',(1.492215995204,9.));
#2970 = CARTESIAN_POINT('',(1.61834652328,9.));
#2971 = CARTESIAN_POINT('',(1.665826466787,8.995176486282));
#2972 = CARTESIAN_POINT('',(1.713056613898,8.985556194595));
#2973 = CARTESIAN_POINT('',(1.75985735079,8.971398663445));
#2974 = CARTESIAN_POINT('',(1.80603289216,8.953191086504));
#2975 = CARTESIAN_POINT('',(1.91565360419,8.900942930163));
#2976 = CARTESIAN_POINT('',(1.978200851849,8.863479936114));
#2977 = CARTESIAN_POINT('',(2.039115110752,8.820720615022));
#2978 = CARTESIAN_POINT('',(2.098468877274,8.774204961332));
#2979 = CARTESIAN_POINT('',(2.156306136052,8.72538666768));
#2980 = CARTESIAN_POINT('',(2.236394512229,8.654557967518));
#2981 = CARTESIAN_POINT('',(2.259912292597,8.633344547971));
#2982 = CARTESIAN_POINT('',(2.283202868254,8.61201366568));
#2983 = CARTESIAN_POINT('',(2.306279563134,8.590644127628));
#2984 = CARTESIAN_POINT('',(2.32915572629,8.569308984228));
#2985 = CARTESIAN_POINT('',(2.370230831347,8.53086893946));
#2986 = CARTESIAN_POINT('',(2.388493883863,8.513729378112));
#2987 = CARTESIAN_POINT('',(2.406640899192,8.496692806766));
#2988 = CARTESIAN_POINT('',(2.424678653123,8.479793410489));
#2989 = CARTESIAN_POINT('',(2.442613687473,8.463063597931));
#2990 = CARTESIAN_POINT('',(2.517333715373,8.39382664247));
#2991 = CARTESIAN_POINT('',(2.573263393816,8.343129247913));
#2992 = CARTESIAN_POINT('',(2.62841115982,8.29547187198));
#2993 = CARTESIAN_POINT('',(2.682933617265,8.251717108761));
#2994 = CARTESIAN_POINT('',(2.736981523527,8.212581194105));
#2995 = CARTESIAN_POINT('',(2.849829581222,8.141321109011));
#2996 = CARTESIAN_POINT('',(2.908558392713,8.110297990419));
#2997 = CARTESIAN_POINT('',(2.966995068026,8.086434317277));
#2998 = CARTESIAN_POINT('',(3.025242654863,8.070320737899));
#2999 = CARTESIAN_POINT('',(3.083405622449,8.062257748299));
#3000 = CARTESIAN_POINT('',(3.199075354242,8.062257748299));
#3001 = CARTESIAN_POINT('',(3.256535344587,8.070126721749));
#3002 = CARTESIAN_POINT('',(3.314076896596,8.085853106365));
#3003 = CARTESIAN_POINT('',(3.371800344363,8.10915048841));
#3004 = CARTESIAN_POINT('',(3.429804640895,8.13945565439));
#3005 = CARTESIAN_POINT('',(3.541414206459,8.209238571083));
#3006 = CARTESIAN_POINT('',(3.594952546513,8.24766832213));
#3007 = CARTESIAN_POINT('',(3.648949013434,8.290677792047));
#3008 = CARTESIAN_POINT('',(3.703548951491,8.337574830921));
#3009 = CARTESIAN_POINT('',(3.758903214201,8.387526365168));
#3010 = CARTESIAN_POINT('',(3.83267306633,8.455712908083));
#3011 = CARTESIAN_POINT('',(3.850262385244,8.472088215031));
#3012 = CARTESIAN_POINT('',(3.867949046705,8.488636484446));
#3013 = CARTESIAN_POINT('',(3.885739203495,8.505327318431));
#3014 = CARTESIAN_POINT('',(3.903639235182,8.522128701054));
#3015 = CARTESIAN_POINT('',(3.944965441769,8.560844073074));
#3016 = CARTESIAN_POINT('',(3.96846987461,8.582809472578));
#3017 = CARTESIAN_POINT('',(3.992183586103,8.604830729052));
#3018 = CARTESIAN_POINT('',(4.016121148494,8.626829011265));
#3019 = CARTESIAN_POINT('',(4.040297166809,8.648719124554));
#3020 = CARTESIAN_POINT('',(4.096244960787,8.698394661704));
#3021 = CARTESIAN_POINT('',(4.12819286559,8.726054152575));
#3022 = CARTESIAN_POINT('',(4.1605919531,8.753181514736));
#3023 = CARTESIAN_POINT('',(4.193464529497,8.779552121791));
#3024 = CARTESIAN_POINT('',(4.22683495355,8.804925449953));
#3025 = CARTESIAN_POINT('',(4.302642374441,8.858872734068));
#3026 = CARTESIAN_POINT('',(4.345420291645,8.886829720121));
#3027 = CARTESIAN_POINT('',(4.38898553015,8.912328972735));
#3028 = CARTESIAN_POINT('',(4.433279679375,8.934806196166));
#3029 = CARTESIAN_POINT('',(4.478259913278,8.953750911348));
#3030 = CARTESIAN_POINT('',(4.58615357478,8.989179144913));
#3031 = CARTESIAN_POINT('',(4.649568486346,9.002230737163));
#3032 = CARTESIAN_POINT('',(4.713510742841,9.006652434507));
#3033 = CARTESIAN_POINT('',(4.777447090747,9.001970296515));
#3034 = CARTESIAN_POINT('',(4.840843699252,8.988673573124));
#3035 = CARTESIAN_POINT('',(4.948102371712,8.953062301336));
#3036 = CARTESIAN_POINT('',(4.992496199204,8.934263595731));
#3037 = CARTESIAN_POINT('',(5.03622020972,8.912030932844));
#3038 = CARTESIAN_POINT('',(5.079232437998,8.886856537075));
#3039 = CARTESIAN_POINT('',(5.12147604649,8.859283963184));
#3040 = CARTESIAN_POINT('',(5.196720800483,8.805841262688));
#3041 = CARTESIAN_POINT('',(5.230043437927,8.780548703474));
#3042 = CARTESIAN_POINT('',(5.262869702959,8.754256350045));
#3043 = CARTESIAN_POINT('',(5.295223637759,8.72720382289));
#3044 = CARTESIAN_POINT('',(5.327127225597,8.699615049846));
#3045 = CARTESIAN_POINT('',(5.382241681179,8.650726987824));
#3046 = CARTESIAN_POINT('',(5.405644032231,8.629567706501));
#3047 = CARTESIAN_POINT('',(5.42882232641,8.608301225429));
#3048 = CARTESIAN_POINT('',(5.451789766712,8.587005006329));
#3049 = CARTESIAN_POINT('',(5.474559552696,8.565750889507));
#3050 = CARTESIAN_POINT('',(5.515468731425,8.527449159207));
#3051 = CARTESIAN_POINT('',(5.533671024602,8.510364772926));
#3052 = CARTESIAN_POINT('',(5.551758704039,8.493387449545));
#3053 = CARTESIAN_POINT('',(5.569738478193,8.476550960285));
#3054 = CARTESIAN_POINT('',(5.587616819948,8.45988733306));
#3055 = CARTESIAN_POINT('',(5.662162907688,8.390885797354));
#3056 = CARTESIAN_POINT('',(5.717984450472,8.340388822032));
#3057 = CARTESIAN_POINT('',(5.773032790493,8.292957710738));
#3058 = CARTESIAN_POINT('',(5.827463066167,8.249448434348));
#3059 = CARTESIAN_POINT('',(5.881424669427,8.210571496097));
#3060 = CARTESIAN_POINT('',(5.993713477871,8.140115125585));
#3061 = CARTESIAN_POINT('',(6.051974769682,8.109556072767));
#3062 = CARTESIAN_POINT('',(6.109951245912,8.086058513811));
#3063 = CARTESIAN_POINT('',(6.167743297661,8.070195287879));
#3064 = CARTESIAN_POINT('',(6.225452711421,8.062257748299));
#3065 = CARTESIAN_POINT('',(6.28318530718,8.062257748299));
#3066 = ( GEOMETRIC_REPRESENTATION_CONTEXT(2) 
PARAMETRIC_REPRESENTATION_CONTEXT() REPRESENTATION_CONTEXT('2D SPACE',''
  ) );
#3067 = PCURVE('',#1082,#3068);
#3068 = DEFINITIONAL_REPRESENTATION('',(#3069),#3197);
#3069 = B_SPLINE_CURVE_WITH_KNOTS('',6,(#3070,#3071,#3072,#3073,#3074,
    #3075,#3076,#3077,#3078,#3079,#3080,#3081,#3082,#3083,#3084,#3085,
    #3086,#3087,#3088,#3089,#3090,#3091,#3092,#3093,#3094,#3095,#3096,
    #3097,#3098,#3099,#3100,#3101,#3102,#3103,#3104,#3105,#3106,#3107,
    #3108,#3109,#3110,#3111,#3112,#3113,#3114,#3115,#3116,#3117,#3118,
    #3119,#3120,#3121,#3122,#3123,#3124,#3125,#3126,#3127,#3128,#3129,
    #3130,#3131,#3132,#3133,#3134,#3135,#3136,#3137,#3138,#3139,#3140,
    #3141,#3142,#3143,#3144,#3145,#3146,#3147,#3148,#3149,#3150,#3151,
    #3152,#3153,#3154,#3155,#3156,#3157,#3158,#3159,#3160,#3161,#3162,
    #3163,#3164,#3165,#3166,#3167,#3168,#3169,#3170,#3171,#3172,#3173,
    #3174,#3175,#3176,#3177,#3178,#3179,#3180,#3181,#3182,#3183,#3184,
    #3185,#3186,#3187,#3188,#3189,#3190,#3191,#3192,#3193,#3194,#3195,
    #3196),.UNSPECIFIED.,.F.,.F.,(7,5,5,5,5,5,5,5,5,5,5,5,5,5,5,5,5,5,5,
    5,5,5,5,5,5,7),(0.,6.246701022917E-02,0.119417869344,0.137126880261,
    0.160038729023,0.189599822875,0.250730651576,0.287721878988,
    0.340205243194,0.362341096629,0.380278947676,0.437476759245,
    0.500420152945,0.562601642311,0.619292193491,0.636920261009,
    0.659727385521,0.68915336311,0.725536975077,0.775177017552,
    0.811099319809,0.84046922847,0.862527904147,0.880424473499,
    0.937549454258,1.),.UNSPECIFIED.);
#3070 = CARTESIAN_POINT('',(3.568238344288,4.));
#3071 = CARTESIAN_POINT('',(3.568238344288,4.229930802609));
#3072 = CARTESIAN_POINT('',(3.56627110213,4.459770766697));
#3073 = CARTESIAN_POINT('',(3.562339499832,4.688569413738));
#3074 = CARTESIAN_POINT('',(3.556456670037,4.91536594732));
#3075 = CARTESIAN_POINT('',(3.548646884994,5.139143979644));
#3076 = CARTESIAN_POINT('',(3.530098155633,5.55903479073));
#3077 = CARTESIAN_POINT('',(3.51967929248,5.755834464658));
#3078 = CARTESIAN_POINT('',(3.507701456059,5.948613964493));
#3079 = CARTESIAN_POINT('',(3.494171659433,6.136694927471));
#3080 = CARTESIAN_POINT('',(3.47909069428,6.319233368969));
#3081 = CARTESIAN_POINT('',(3.457280546817,6.549865059857));
#3082 = CARTESIAN_POINT('',(3.451956037022,6.603938895583));
#3083 = CARTESIAN_POINT('',(3.446479774958,6.657352383609));
#3084 = CARTESIAN_POINT('',(3.440851125385,6.710073510932));
#3085 = CARTESIAN_POINT('',(3.435069336647,6.762067556297));
#3086 = CARTESIAN_POINT('',(3.421453831148,6.879577659931));
#3087 = CARTESIAN_POINT('',(3.413516440532,6.944577434068));
#3088 = CARTESIAN_POINT('',(3.405319350095,7.008216168896));
#3089 = CARTESIAN_POINT('',(3.396860584623,7.070401673751));
#3090 = CARTESIAN_POINT('',(3.388138212415,7.131029811014));
#3091 = CARTESIAN_POINT('',(3.367554110227,7.266048413858));
#3092 = CARTESIAN_POINT('',(3.355513062679,7.339345448117));
#3093 = CARTESIAN_POINT('',(3.343026566017,7.409597928132));
#3094 = CARTESIAN_POINT('',(3.330095090283,7.476501052948));
#3095 = CARTESIAN_POINT('',(3.316719959961,7.53972206131));
#3096 = CARTESIAN_POINT('',(3.274330546324,7.721275111558));
#3097 = CARTESIAN_POINT('',(3.243568761538,7.827644111622));
#3098 = CARTESIAN_POINT('',(3.211043291494,7.912053338083));
#3099 = CARTESIAN_POINT('',(3.177228623881,7.97036037772));
#3100 = CARTESIAN_POINT('',(3.142608944424,8.));
#3101 = CARTESIAN_POINT('',(3.086550931946,8.));
#3102 = CARTESIAN_POINT('',(3.065448729987,7.989147080496));
#3103 = CARTESIAN_POINT('',(3.044526599444,7.967501491559));
#3104 = CARTESIAN_POINT('',(3.023932235408,7.93546965069));
#3105 = CARTESIAN_POINT('',(3.003812090253,7.893800658571));
#3106 = CARTESIAN_POINT('',(2.956638095214,7.772388849043));
#3107 = CARTESIAN_POINT('',(2.930222939269,7.684044095124));
#3108 = CARTESIAN_POINT('',(2.905136023987,7.580916924972));
#3109 = CARTESIAN_POINT('',(2.881435642858,7.465176894955));
#3110 = CARTESIAN_POINT('',(2.859168047595,7.338875072213));
#3111 = CARTESIAN_POINT('',(2.82959053591,7.147088973261));
#3112 = CARTESIAN_POINT('',(2.821066656277,7.088601367759));
#3113 = CARTESIAN_POINT('',(2.812791422727,7.028627467441));
#3114 = CARTESIAN_POINT('',(2.804763094775,6.967264227239));
#3115 = CARTESIAN_POINT('',(2.796979859365,6.904597753278));
#3116 = CARTESIAN_POINT('',(2.78332974757,6.788926255417));
#3117 = CARTESIAN_POINT('',(2.777379440725,6.736343467695));
#3118 = CARTESIAN_POINT('',(2.771587971301,6.682995315751));
#3119 = CARTESIAN_POINT('',(2.765954519953,6.628919163953));
#3120 = CARTESIAN_POINT('',(2.760478387012,6.574149365002));
#3121 = CARTESIAN_POINT('',(2.738197221281,6.341962804108));
#3122 = CARTESIAN_POINT('',(2.722820626422,6.15838720239));
#3123 = CARTESIAN_POINT('',(2.709023405315,5.969102815168));
#3124 = CARTESIAN_POINT('',(2.696805552266,5.77498313159));
#3125 = CARTESIAN_POINT('',(2.686173679066,5.576726181955));
#3126 = CARTESIAN_POINT('',(2.667202733585,5.152837862742));
#3127 = CARTESIAN_POINT('',(2.659201829858,4.926469132016));
#3128 = CARTESIAN_POINT('',(2.653174508553,4.696971897971));
#3129 = CARTESIAN_POINT('',(2.649146107014,4.465399997225));
#3130 = CARTESIAN_POINT('',(2.647130360925,4.232748124561));
#3131 = CARTESIAN_POINT('',(2.647130360925,3.770069197391));
#3132 = CARTESIAN_POINT('',(2.649097603083,3.540229233303));
#3133 = CARTESIAN_POINT('',(2.65302920538,3.311430586261));
#3134 = CARTESIAN_POINT('',(2.658912035175,3.08463405268));
#3135 = CARTESIAN_POINT('',(2.666721820219,2.860856020356));
#3136 = CARTESIAN_POINT('',(2.68527054958,2.440965209269));
#3137 = CARTESIAN_POINT('',(2.695689412732,2.244165535342));
#3138 = CARTESIAN_POINT('',(2.707667249154,2.051386035508));
#3139 = CARTESIAN_POINT('',(2.721197045779,1.86330507253));
#3140 = CARTESIAN_POINT('',(2.736278010933,1.680766631031));
#3141 = CARTESIAN_POINT('',(2.758088158396,1.450134940143));
#3142 = CARTESIAN_POINT('',(2.76341266819,1.396061104417));
#3143 = CARTESIAN_POINT('',(2.768888930255,1.342647616391));
#3144 = CARTESIAN_POINT('',(2.774517579828,1.289926489068));
#3145 = CARTESIAN_POINT('',(2.780299368566,1.237932443703));
#3146 = CARTESIAN_POINT('',(2.793914874065,1.120422340069));
#3147 = CARTESIAN_POINT('',(2.80185226468,1.055422565932));
#3148 = CARTESIAN_POINT('',(2.810049355117,0.991783831104));
#3149 = CARTESIAN_POINT('',(2.81850812059,0.929598326249));
#3150 = CARTESIAN_POINT('',(2.827230492798,0.868970188986));
#3151 = CARTESIAN_POINT('',(2.847814594986,0.733951586142));
#3152 = CARTESIAN_POINT('',(2.859855642533,0.660654551883));
#3153 = CARTESIAN_POINT('',(2.872342139196,0.590402071868));
#3154 = CARTESIAN_POINT('',(2.885273614929,0.523498947052));
#3155 = CARTESIAN_POINT('',(2.898648745252,0.46027793869));
#3156 = CARTESIAN_POINT('',(2.929549392991,0.32793105369));
#3157 = CARTESIAN_POINT('',(2.947334139441,0.260834134766));
#3158 = CARTESIAN_POINT('',(2.965763798824,0.200767808893));
#3159 = CARTESIAN_POINT('',(2.984778669437,0.148587044414));
#3160 = CARTESIAN_POINT('',(3.004315433546,0.105054463876));
#3161 = CARTESIAN_POINT('',(3.051582998142,2.418543936556E-02));
#3162 = CARTESIAN_POINT('',(3.079678876689,-5.068908826884E-03));
#3163 = CARTESIAN_POINT('',(3.10818441141,-1.484437855932E-02));
#3164 = CARTESIAN_POINT('',(3.136685269204,-4.488301373325E-03));
#3165 = CARTESIAN_POINT('',(3.164767055309,2.532375060116E-02));
#3166 = CARTESIAN_POINT('',(3.211740504121,0.106638149123));
#3167 = CARTESIAN_POINT('',(3.231016279612,0.149851046691));
#3168 = CARTESIAN_POINT('',(3.249782037382,0.201480544574));
#3169 = CARTESIAN_POINT('',(3.267976631586,0.260790660289));
#3170 = CARTESIAN_POINT('',(3.285542363962,0.326956836429));
#3171 = CARTESIAN_POINT('',(3.31622818552,0.458003771054));
#3172 = CARTESIAN_POINT('',(3.329591547874,0.520988987934));
#3173 = CARTESIAN_POINT('',(3.342513060987,0.587651371465));
#3174 = CARTESIAN_POINT('',(3.354991296325,0.657659128199));
#3175 = CARTESIAN_POINT('',(3.367025682817,0.73070801625));
#3176 = CARTESIAN_POINT('',(3.387322391096,0.863460523982));
#3177 = CARTESIAN_POINT('',(3.395779618198,0.921970407556));
#3178 = CARTESIAN_POINT('',(3.403990121153,0.981944640076));
#3179 = CARTESIAN_POINT('',(3.411955637982,1.043288278135));
#3180 = CARTESIAN_POINT('',(3.419677960556,1.10591695164));
#3181 = CARTESIAN_POINT('',(3.433228372896,1.221551243141));
#3182 = CARTESIAN_POINT('',(3.439138880579,1.27414227521));
#3183 = CARTESIAN_POINT('',(3.444891381439,1.327490223139));
#3184 = CARTESIAN_POINT('',(3.450486678547,1.381558290593));
#3185 = CARTESIAN_POINT('',(3.455925454263,1.436312621779));
#3186 = CARTESIAN_POINT('',(3.478070762402,1.668587309619));
#3187 = CARTESIAN_POINT('',(3.493352682806,1.852216575178));
#3188 = CARTESIAN_POINT('',(3.507059358409,2.041508154174));
#3189 = CARTESIAN_POINT('',(3.519190382732,2.235595048776));
#3190 = CARTESIAN_POINT('',(3.529738854107,2.433782868224));
#3191 = CARTESIAN_POINT('',(3.548476915454,2.855996337678));
#3192 = CARTESIAN_POINT('',(3.556354250413,3.080694160521));
#3193 = CARTESIAN_POINT('',(3.562288147818,3.308449225738));
#3194 = CARTESIAN_POINT('',(3.566253960633,3.538231959347));
#3195 = CARTESIAN_POINT('',(3.568238344288,3.769069616964));
#3196 = CARTESIAN_POINT('',(3.568238344288,4.));
#3197 = ( GEOMETRIC_REPRESENTATION_CONTEXT(2) 
PARAMETRIC_REPRESENTATION_CONTEXT() REPRESENTATION_CONTEXT('2D SPACE',''
  ) );
#3198 = ORIENTED_EDGE('',*,*,#2265,.T.);
#3199 = ORIENTED_EDGE('',*,*,#3200,.T.);
#3200 = EDGE_CURVE('',#1475,#2784,#3201,.T.);
#3201 = SURFACE_CURVE('',#3202,(#3330,#3461),.PCURVE_S1.);
#3202 = B_SPLINE_CURVE_WITH_KNOTS('',6,(#3203,#3204,#3205,#3206,#3207,
    #3208,#3209,#3210,#3211,#3212,#3213,#3214,#3215,#3216,#3217,#3218,
    #3219,#3220,#3221,#3222,#3223,#3224,#3225,#3226,#3227,#3228,#3229,
    #3230,#3231,#3232,#3233,#3234,#3235,#3236,#3237,#3238,#3239,#3240,
    #3241,#3242,#3243,#3244,#3245,#3246,#3247,#3248,#3249,#3250,#3251,
    #3252,#3253,#3254,#3255,#3256,#3257,#3258,#3259,#3260,#3261,#3262,
    #3263,#3264,#3265,#3266,#3267,#3268,#3269,#3270,#3271,#3272,#3273,
    #3274,#3275,#3276,#3277,#3278,#3279,#3280,#3281,#3282,#3283,#3284,
    #3285,#3286,#3287,#3288,#3289,#3290,#3291,#3292,#3293,#3294,#3295,
    #3296,#3297,#3298,#3299,#3300,#3301,#3302,#3303,#3304,#3305,#3306,
    #3307,#3308,#3309,#3310,#3311,#3312,#3313,#3314,#3315,#3316,#3317,
    #3318,#3319,#3320,#3321,#3322,#3323,#3324,#3325,#3326,#3327,#3328,
    #3329),.UNSPECIFIED.,.T.,.F.,(7,5,5,5,5,5,5,5,5,5,5,5,5,5,5,5,5,5,5,
    5,5,5,5,5,5,7),(0.,6.246701022917E-02,0.119417869344,0.137126880261,
    0.160038729023,0.189599822875,0.250730651576,0.287721878988,
    0.340205243194,0.362341096629,0.380278947676,0.437476759245,
    0.500420152945,0.562601642311,0.619292193491,0.636920261009,
    0.659727385521,0.68915336311,0.725536975077,0.775177017552,
    0.811099319809,0.84046922847,0.862527904147,0.880424473499,
    0.937549454258,1.),.UNSPECIFIED.);
#3203 = CARTESIAN_POINT('',(591.80676947606,146.27562440377,214.));
#3204 = CARTESIAN_POINT('',(591.80676947606,146.27562440377,
    214.2299308026));
#3205 = CARTESIAN_POINT('',(591.79944272306,146.29174248705,
    214.45977076669));
#3206 = CARTESIAN_POINT('',(591.78479998169,146.32395494286,
    214.68856941373));
#3207 = CARTESIAN_POINT('',(591.76312785801,146.37226258473,
    214.91536594732));
#3208 = CARTESIAN_POINT('',(591.73499041841,146.4366810059,
    215.13914397964));
#3209 = CARTESIAN_POINT('',(591.67038894728,146.59061324477,
    215.55903479073));
#3210 = CARTESIAN_POINT('',(591.63488116827,146.6774045865,
    215.75583446465));
#3211 = CARTESIAN_POINT('',(591.59524800952,146.77766749863,
    215.94861396449));
#3212 = CARTESIAN_POINT('',(591.55218860505,146.8915961364,
    216.13669492747));
#3213 = CARTESIAN_POINT('',(591.5065454723,147.01945477974,
    216.31923336896));
#3214 = CARTESIAN_POINT('',(591.44463834869,147.2057282163,
    216.54986505985));
#3215 = CARTESIAN_POINT('',(591.42979928337,147.25129427572,
    216.60393889558));
#3216 = CARTESIAN_POINT('',(591.4148344807,147.29825546409,
    216.6573523836));
#3217 = CARTESIAN_POINT('',(591.39977480285,147.34662495299,
    216.71007351093));
#3218 = CARTESIAN_POINT('',(591.38465275868,147.3964167309,
    216.76206755629));
#3219 = CARTESIAN_POINT('',(591.34990116335,147.51392531702,
    216.87957765993));
#3220 = CARTESIAN_POINT('',(591.33025298603,147.5826094673,
    216.94457743406));
#3221 = CARTESIAN_POINT('',(591.3106316165,147.65373152194,
    217.00821616889));
#3222 = CARTESIAN_POINT('',(591.29111700712,147.72732319495,
    217.07040167375));
#3223 = CARTESIAN_POINT('',(591.27179541784,147.80341444642,
    217.13102981101));
#3224 = CARTESIAN_POINT('',(591.22819897861,147.98346854046,
    217.26604841385));
#3225 = CARTESIAN_POINT('',(591.20410796543,148.08913625099,
    217.33934544811));
#3226 = CARTESIAN_POINT('',(591.18069398769,148.1990667891,
    217.40959792813));
#3227 = CARTESIAN_POINT('',(591.15818228331,148.31327437405,
    217.47650105294));
#3228 = CARTESIAN_POINT('',(591.13681343404,148.43175663614,
    217.53972206131));
#3229 = CARTESIAN_POINT('',(591.07553928159,148.8083085339,
    217.72127511155));
#3230 = CARTESIAN_POINT('',(591.03977557534,149.08298603218,
    217.82764411162));
#3231 = CARTESIAN_POINT('',(591.0127255656,149.37478312766,
    217.91205333808));
#3232 = CARTESIAN_POINT('',(590.99711991056,149.67913146329,
    217.97036037772));
#3233 = CARTESIAN_POINT('',(590.99451742236,149.99097558733,218.));
#3234 = CARTESIAN_POINT('',(591.01162163189,150.49520768451,218.));
#3235 = CARTESIAN_POINT('',(591.02288099625,150.68485477501,
    217.98914708049));
#3236 = CARTESIAN_POINT('',(591.03887426096,150.87256690017,
    217.96750149155));
#3237 = CARTESIAN_POINT('',(591.05929183904,151.05687303166,
    217.93546965069));
#3238 = CARTESIAN_POINT('',(591.08359840714,151.23636256764,
    217.89380065857));
#3239 = CARTESIAN_POINT('',(591.15010067468,151.65568785767,
    217.77238884904));
#3240 = CARTESIAN_POINT('',(591.19550606564,151.88919450436,
    217.68404409512));
#3241 = CARTESIAN_POINT('',(591.24576236648,152.10948044996,
    217.58091692497));
#3242 = CARTESIAN_POINT('',(591.29931265573,152.31607279753,
    217.46517689495));
#3243 = CARTESIAN_POINT('',(591.35469433834,152.50873375191,
    217.33887507221));
#3244 = CARTESIAN_POINT('',(591.4341815862,152.76278678264,
    217.14708897326));
#3245 = CARTESIAN_POINT('',(591.45788232952,152.83575339749,
    217.08860136775));
#3246 = CARTESIAN_POINT('',(591.48162028915,152.9063523557,
    217.02862746744));
#3247 = CARTESIAN_POINT('',(591.50531770821,152.97461595076,
    216.96726422723));
#3248 = CARTESIAN_POINT('',(591.52890264129,153.04057799666,
    216.90459775327));
#3249 = CARTESIAN_POINT('',(591.57127632609,153.15588992384,
    216.78892625541));
#3250 = CARTESIAN_POINT('',(591.59012612748,153.20601718598,
    216.73634346769));
#3251 = CARTESIAN_POINT('',(591.60882299265,153.2546737796,
    216.68299531575));
#3252 = CARTESIAN_POINT('',(591.62733330136,153.30187693563,
    216.62891916395));
#3253 = CARTESIAN_POINT('',(591.64562517911,153.3476429506,216.574149365
    ));
#3254 = CARTESIAN_POINT('',(591.72120260778,153.53338613441,
    216.3419628041));
#3255 = CARTESIAN_POINT('',(591.77623761093,153.66039922229,
    216.15838720239));
#3256 = CARTESIAN_POINT('',(591.82775597956,153.7734132191,
    215.96910281516));
#3257 = CARTESIAN_POINT('',(591.87490607378,153.87276568103,
    215.77498313159));
#3258 = CARTESIAN_POINT('',(591.91697987688,153.95871105276,
    215.57672618195));
#3259 = CARTESIAN_POINT('',(591.99345909548,154.11136283851,
    215.15283786274));
#3260 = CARTESIAN_POINT('',(592.02666770576,154.17526511255,
    214.92646913201));
#3261 = CARTESIAN_POINT('',(592.05216921776,154.22314397506,
    214.69697189797));
#3262 = CARTESIAN_POINT('',(592.06937459522,154.25505696414,
    214.46539999722));
#3263 = CARTESIAN_POINT('',(592.07798390446,154.27102575291,
    214.23274812456));
#3264 = CARTESIAN_POINT('',(592.07798390446,154.27102575291,
    213.77006919739));
#3265 = CARTESIAN_POINT('',(592.06958175723,154.25544121442,
    213.5402292333));
#3266 = CARTESIAN_POINT('',(592.05278980941,154.22429506422,
    213.31143058626));
#3267 = CARTESIAN_POINT('',(592.02789395313,154.17756706889,
    213.08463405268));
#3268 = CARTESIAN_POINT('',(591.99545590149,154.11520344728,
    212.86085602035));
#3269 = CARTESIAN_POINT('',(591.92057176605,153.96600274188,
    212.44096520926));
#3270 = CARTESIAN_POINT('',(591.87926422422,153.88181707589,
    212.24416553534));
#3271 = CARTESIAN_POINT('',(591.83292788952,153.78447036096,
    212.0513860355));
#3272 = CARTESIAN_POINT('',(591.78224713202,153.67372151159,
    211.86330507253));
#3273 = CARTESIAN_POINT('',(591.72804462368,153.54924976244,
    211.68076663103));
#3274 = CARTESIAN_POINT('',(591.653657053,153.36759961945,
    211.45013494014));
#3275 = CARTESIAN_POINT('',(591.6357643305,153.32314386492,
    211.39606110441));
#3276 = CARTESIAN_POINT('',(591.61765161926,153.2773047089,
    211.34264761639));
#3277 = CARTESIAN_POINT('',(591.59934881797,153.23006691875,
    211.28992648906));
#3278 = CARTESIAN_POINT('',(591.58088741283,153.18141433518,
    211.2379324437));
#3279 = CARTESIAN_POINT('',(591.53825277373,153.06653079094,
    211.12042234006));
#3280 = CARTESIAN_POINT('',(591.51399540485,152.99933597398,
    211.05542256593));
#3281 = CARTESIAN_POINT('',(591.48959957844,152.92970703996,
    210.9917838311));
#3282 = CARTESIAN_POINT('',(591.465142914,152.85760692983,
    210.92959832625));
#3283 = CARTESIAN_POINT('',(591.44070944296,152.782999907,
    210.86897018898));
#3284 = CARTESIAN_POINT('',(591.385011918,152.60631399357,
    210.73395158614));
#3285 = CARTESIAN_POINT('',(591.35381574852,152.50252169629,
    210.66065455188));
#3286 = CARTESIAN_POINT('',(591.32300618925,152.39443049119,
    210.59040207186));
#3287 = CARTESIAN_POINT('',(591.29280699683,152.28201092851,
    210.52349894705));
#3288 = CARTESIAN_POINT('',(591.26345836055,152.16524906959,
    210.46027793869));
#3289 = CARTESIAN_POINT('',(591.20029288572,151.89441152552,
    210.32793105369));
#3290 = CARTESIAN_POINT('',(591.16700790681,151.73781632839,
    210.26083413476));
#3291 = CARTESIAN_POINT('',(591.1359649548,151.5748204299,
    210.20076780889));
#3292 = CARTESIAN_POINT('',(591.10774678744,151.40595852149,
    210.14858704441));
#3293 = CARTESIAN_POINT('',(591.08288486576,151.23184049642,
    210.10505446387));
#3294 = CARTESIAN_POINT('',(591.03310499664,150.80935499334,
    210.02418543936));
#3295 = CARTESIAN_POINT('',(591.01149550504,150.55728942043,
    209.99493109117));
#3296 = CARTESIAN_POINT('',(590.99837217929,150.30084038811,
    209.98515562144));
#3297 = CARTESIAN_POINT('',(590.99434904831,150.04412966975,
    209.99551169862));
#3298 = CARTESIAN_POINT('',(590.99907747834,149.79131092501,
    210.0253237506));
#3299 = CARTESIAN_POINT('',(591.02038685634,149.36908727958,
    210.10663814912));
#3300 = CARTESIAN_POINT('',(591.03332629533,149.19603735298,
    210.14985104669));
#3301 = CARTESIAN_POINT('',(591.04986798099,149.02789037231,
    210.20148054457));
#3302 = CARTESIAN_POINT('',(591.0695404956,148.86526806455,
    210.26079066028));
#3303 = CARTESIAN_POINT('',(591.09181874931,148.70872399128,
    210.32695683642));
#3304 = CARTESIAN_POINT('',(591.13604496262,148.43611578657,
    210.45800377105));
#3305 = CARTESIAN_POINT('',(591.15733617452,148.31772721276,
    210.52098898793));
#3306 = CARTESIAN_POINT('',(591.17977217645,148.2035961634,
    210.58765137146));
#3307 = CARTESIAN_POINT('',(591.20311333029,148.09372618147,
    210.65765912819));
#3308 = CARTESIAN_POINT('',(591.22713513644,147.98810420837,
    210.73070801625));
#3309 = CARTESIAN_POINT('',(591.27002814528,147.81054110544,
    210.86346052398));
#3310 = CARTESIAN_POINT('',(591.28869638615,147.73674646097,
    210.92197040755));
#3311 = CARTESIAN_POINT('',(591.30755127228,147.66529205237,
    210.98194464007));
#3312 = CARTESIAN_POINT('',(591.32651438374,147.59615094534,
    211.04328827813));
#3313 = CARTESIAN_POINT('',(591.34551286761,147.52929450597,
    211.10591695164));
#3314 = CARTESIAN_POINT('',(591.37986733099,147.41227964158,
    211.22155124314));
#3315 = CARTESIAN_POINT('',(591.39523399225,147.36135142879,
    211.27414227521));
#3316 = CARTESIAN_POINT('',(591.4105433584,147.31189218609,
    211.32749022313));
#3317 = CARTESIAN_POINT('',(591.42576113867,147.26388716923,
    211.38155829059));
#3318 = CARTESIAN_POINT('',(591.44085481479,147.21732246599,
    211.43631262177));
#3319 = CARTESIAN_POINT('',(591.50347764941,147.02810838337,
    211.66858730961));
#3320 = CARTESIAN_POINT('',(591.54960723935,146.89850164708,
    211.85221657517));
#3321 = CARTESIAN_POINT('',(591.59314944879,146.78305258916,
    212.04150815417));
#3322 = CARTESIAN_POINT('',(591.63323851144,146.68148695457,
    212.23559504877));
#3323 = CARTESIAN_POINT('',(591.66915667304,146.59360303018,
    212.43378286822));
#3324 = CARTESIAN_POINT('',(591.73437812618,146.43808302363,
    212.85599633767));
#3325 = CARTESIAN_POINT('',(591.76275056965,146.3731036279,
    213.08069416052));
#3326 = CARTESIAN_POINT('',(591.78460872805,146.32437568001,
    213.30844922573));
#3327 = CARTESIAN_POINT('',(591.79937888156,146.29188293176,
    213.53823195934));
#3328 = CARTESIAN_POINT('',(591.80676947606,146.27562440377,
    213.76906961696));
#3329 = CARTESIAN_POINT('',(591.80676947606,146.27562440377,214.));
#3330 = PCURVE('',#2527,#3331);
#3331 = DEFINITIONAL_REPRESENTATION('',(#3332),#3460);
#3332 = B_SPLINE_CURVE_WITH_KNOTS('',6,(#3333,#3334,#3335,#3336,#3337,
    #3338,#3339,#3340,#3341,#3342,#3343,#3344,#3345,#3346,#3347,#3348,
    #3349,#3350,#3351,#3352,#3353,#3354,#3355,#3356,#3357,#3358,#3359,
    #3360,#3361,#3362,#3363,#3364,#3365,#3366,#3367,#3368,#3369,#3370,
    #3371,#3372,#3373,#3374,#3375,#3376,#3377,#3378,#3379,#3380,#3381,
    #3382,#3383,#3384,#3385,#3386,#3387,#3388,#3389,#3390,#3391,#3392,
    #3393,#3394,#3395,#3396,#3397,#3398,#3399,#3400,#3401,#3402,#3403,
    #3404,#3405,#3406,#3407,#3408,#3409,#3410,#3411,#3412,#3413,#3414,
    #3415,#3416,#3417,#3418,#3419,#3420,#3421,#3422,#3423,#3424,#3425,
    #3426,#3427,#3428,#3429,#3430,#3431,#3432,#3433,#3434,#3435,#3436,
    #3437,#3438,#3439,#3440,#3441,#3442,#3443,#3444,#3445,#3446,#3447,
    #3448,#3449,#3450,#3451,#3452,#3453,#3454,#3455,#3456,#3457,#3458,
    #3459),.UNSPECIFIED.,.F.,.F.,(7,5,5,5,5,5,5,5,5,5,5,5,5,5,5,5,5,5,5,
    5,5,5,5,5,5,7),(0.,6.246701022917E-02,0.119417869344,0.137126880261,
    0.160038729023,0.189599822875,0.250730651576,0.287721878988,
    0.340205243194,0.362341096629,0.380278947676,0.437476759245,
    0.500420152945,0.562601642311,0.619292193491,0.636920261009,
    0.659727385521,0.68915336311,0.725536975077,0.775177017552,
    0.811099319809,0.84046922847,0.862527904147,0.880424473499,
    0.937549454258,1.),.UNSPECIFIED.);
#3333 = CARTESIAN_POINT('',(0.,8.062257748299));
#3334 = CARTESIAN_POINT('',(5.748270065226E-02,8.062257748299));
#3335 = CARTESIAN_POINT('',(0.114942690998,8.070126721749));
#3336 = CARTESIAN_POINT('',(0.172484243006,8.085853106365));
#3337 = CARTESIAN_POINT('',(0.230207690773,8.10915048841));
#3338 = CARTESIAN_POINT('',(0.288211987306,8.13945565439));
#3339 = CARTESIAN_POINT('',(0.399821552869,8.209238571083));
#3340 = CARTESIAN_POINT('',(0.453359892923,8.24766832213));
#3341 = CARTESIAN_POINT('',(0.507356359844,8.290677792047));
#3342 = CARTESIAN_POINT('',(0.561956297902,8.337574830921));
#3343 = CARTESIAN_POINT('',(0.617310560612,8.387526365168));
#3344 = CARTESIAN_POINT('',(0.69108041274,8.455712908083));
#3345 = CARTESIAN_POINT('',(0.708669731654,8.472088215031));
#3346 = CARTESIAN_POINT('',(0.726356393115,8.488636484446));
#3347 = CARTESIAN_POINT('',(0.744146549906,8.505327318431));
#3348 = CARTESIAN_POINT('',(0.762046581592,8.522128701054));
#3349 = CARTESIAN_POINT('',(0.80337278818,8.560844073074));
#3350 = CARTESIAN_POINT('',(0.826877221021,8.582809472578));
#3351 = CARTESIAN_POINT('',(0.850590932513,8.604830729052));
#3352 = CARTESIAN_POINT('',(0.874528494904,8.626829011265));
#3353 = CARTESIAN_POINT('',(0.898704513219,8.648719124554));
#3354 = CARTESIAN_POINT('',(0.954652307197,8.698394661704));
#3355 = CARTESIAN_POINT('',(0.986600212,8.726054152575));
#3356 = CARTESIAN_POINT('',(1.01899929951,8.753181514736));
#3357 = CARTESIAN_POINT('',(1.051871875908,8.779552121792));
#3358 = CARTESIAN_POINT('',(1.08524229996,8.804925449953));
#3359 = CARTESIAN_POINT('',(1.189234687044,8.878930168565));
#3360 = CARTESIAN_POINT('',(1.262316322388,8.923985379297));
#3361 = CARTESIAN_POINT('',(1.337537035892,8.960912287653));
#3362 = CARTESIAN_POINT('',(1.414321903806,8.98682692956));
#3363 = CARTESIAN_POINT('',(1.492215995204,9.));
#3364 = CARTESIAN_POINT('',(1.61834652328,9.));
#3365 = CARTESIAN_POINT('',(1.665826466787,8.995176486282));
#3366 = CARTESIAN_POINT('',(1.713056613898,8.985556194595));
#3367 = CARTESIAN_POINT('',(1.75985735079,8.971398663445));
#3368 = CARTESIAN_POINT('',(1.80603289216,8.953191086504));
#3369 = CARTESIAN_POINT('',(1.91565360419,8.900942930163));
#3370 = CARTESIAN_POINT('',(1.978200851849,8.863479936114));
#3371 = CARTESIAN_POINT('',(2.039115110752,8.820720615022));
#3372 = CARTESIAN_POINT('',(2.098468877274,8.774204961332));
#3373 = CARTESIAN_POINT('',(2.156306136052,8.72538666768));
#3374 = CARTESIAN_POINT('',(2.236394512229,8.654557967518));
#3375 = CARTESIAN_POINT('',(2.259912292597,8.633344547971));
#3376 = CARTESIAN_POINT('',(2.283202868254,8.61201366568));
#3377 = CARTESIAN_POINT('',(2.306279563134,8.590644127628));
#3378 = CARTESIAN_POINT('',(2.32915572629,8.569308984228));
#3379 = CARTESIAN_POINT('',(2.370230831347,8.53086893946));
#3380 = CARTESIAN_POINT('',(2.388493883863,8.513729378112));
#3381 = CARTESIAN_POINT('',(2.406640899192,8.496692806766));
#3382 = CARTESIAN_POINT('',(2.424678653123,8.479793410489));
#3383 = CARTESIAN_POINT('',(2.442613687473,8.463063597931));
#3384 = CARTESIAN_POINT('',(2.517333715373,8.39382664247));
#3385 = CARTESIAN_POINT('',(2.573263393816,8.343129247913));
#3386 = CARTESIAN_POINT('',(2.62841115982,8.29547187198));
#3387 = CARTESIAN_POINT('',(2.682933617265,8.251717108761));
#3388 = CARTESIAN_POINT('',(2.736981523527,8.212581194105));
#3389 = CARTESIAN_POINT('',(2.849829581222,8.141321109011));
#3390 = CARTESIAN_POINT('',(2.908558392713,8.110297990419));
#3391 = CARTESIAN_POINT('',(2.966995068026,8.086434317277));
#3392 = CARTESIAN_POINT('',(3.025242654863,8.070320737899));
#3393 = CARTESIAN_POINT('',(3.083405622449,8.062257748299));
#3394 = CARTESIAN_POINT('',(3.199075354242,8.062257748299));
#3395 = CARTESIAN_POINT('',(3.256535344587,8.070126721749));
#3396 = CARTESIAN_POINT('',(3.314076896596,8.085853106365));
#3397 = CARTESIAN_POINT('',(3.371800344363,8.10915048841));
#3398 = CARTESIAN_POINT('',(3.429804640895,8.13945565439));
#3399 = CARTESIAN_POINT('',(3.541414206459,8.209238571083));
#3400 = CARTESIAN_POINT('',(3.594952546513,8.24766832213));
#3401 = CARTESIAN_POINT('',(3.648949013434,8.290677792047));
#3402 = CARTESIAN_POINT('',(3.703548951491,8.337574830921));
#3403 = CARTESIAN_POINT('',(3.758903214201,8.387526365168));
#3404 = CARTESIAN_POINT('',(3.83267306633,8.455712908083));
#3405 = CARTESIAN_POINT('',(3.850262385244,8.472088215031));
#3406 = CARTESIAN_POINT('',(3.867949046705,8.488636484446));
#3407 = CARTESIAN_POINT('',(3.885739203495,8.505327318431));
#3408 = CARTESIAN_POINT('',(3.903639235182,8.522128701054));
#3409 = CARTESIAN_POINT('',(3.944965441769,8.560844073074));
#3410 = CARTESIAN_POINT('',(3.96846987461,8.582809472578));
#3411 = CARTESIAN_POINT('',(3.992183586103,8.604830729052));
#3412 = CARTESIAN_POINT('',(4.016121148494,8.626829011265));
#3413 = CARTESIAN_POINT('',(4.040297166809,8.648719124554));
#3414 = CARTESIAN_POINT('',(4.096244960787,8.698394661704));
#3415 = CARTESIAN_POINT('',(4.12819286559,8.726054152575));
#3416 = CARTESIAN_POINT('',(4.1605919531,8.753181514736));
#3417 = CARTESIAN_POINT('',(4.193464529497,8.779552121791));
#3418 = CARTESIAN_POINT('',(4.22683495355,8.804925449953));
#3419 = CARTESIAN_POINT('',(4.302642374441,8.858872734068));
#3420 = CARTESIAN_POINT('',(4.345420291645,8.886829720121));
#3421 = CARTESIAN_POINT('',(4.38898553015,8.912328972735));
#3422 = CARTESIAN_POINT('',(4.433279679375,8.934806196166));
#3423 = CARTESIAN_POINT('',(4.478259913278,8.953750911348));
#3424 = CARTESIAN_POINT('',(4.58615357478,8.989179144913));
#3425 = CARTESIAN_POINT('',(4.649568486346,9.002230737163));
#3426 = CARTESIAN_POINT('',(4.713510742841,9.006652434507));
#3427 = CARTESIAN_POINT('',(4.777447090747,9.001970296515));
#3428 = CARTESIAN_POINT('',(4.840843699252,8.988673573124));
#3429 = CARTESIAN_POINT('',(4.948102371712,8.953062301336));
#3430 = CARTESIAN_POINT('',(4.992496199204,8.934263595731));
#3431 = CARTESIAN_POINT('',(5.03622020972,8.912030932844));
#3432 = CARTESIAN_POINT('',(5.079232437998,8.886856537075));
#3433 = CARTESIAN_POINT('',(5.12147604649,8.859283963184));
#3434 = CARTESIAN_POINT('',(5.196720800483,8.805841262688));
#3435 = CARTESIAN_POINT('',(5.230043437927,8.780548703474));
#3436 = CARTESIAN_POINT('',(5.262869702959,8.754256350045));
#3437 = CARTESIAN_POINT('',(5.295223637759,8.72720382289));
#3438 = CARTESIAN_POINT('',(5.327127225597,8.699615049846));
#3439 = CARTESIAN_POINT('',(5.382241681179,8.650726987824));
#3440 = CARTESIAN_POINT('',(5.405644032231,8.629567706501));
#3441 = CARTESIAN_POINT('',(5.42882232641,8.608301225429));
#3442 = CARTESIAN_POINT('',(5.451789766712,8.587005006329));
#3443 = CARTESIAN_POINT('',(5.474559552696,8.565750889507));
#3444 = CARTESIAN_POINT('',(5.515468731425,8.527449159207));
#3445 = CARTESIAN_POINT('',(5.533671024602,8.510364772926));
#3446 = CARTESIAN_POINT('',(5.551758704039,8.493387449545));
#3447 = CARTESIAN_POINT('',(5.569738478193,8.476550960285));
#3448 = CARTESIAN_POINT('',(5.587616819948,8.45988733306));
#3449 = CARTESIAN_POINT('',(5.662162907688,8.390885797354));
#3450 = CARTESIAN_POINT('',(5.717984450472,8.340388822032));
#3451 = CARTESIAN_POINT('',(5.773032790493,8.292957710738));
#3452 = CARTESIAN_POINT('',(5.827463066167,8.249448434348));
#3453 = CARTESIAN_POINT('',(5.881424669427,8.210571496097));
#3454 = CARTESIAN_POINT('',(5.993713477871,8.140115125585));
#3455 = CARTESIAN_POINT('',(6.051974769682,8.109556072767));
#3456 = CARTESIAN_POINT('',(6.109951245912,8.086058513811));
#3457 = CARTESIAN_POINT('',(6.167743297661,8.070195287879));
#3458 = CARTESIAN_POINT('',(6.225452711421,8.062257748299));
#3459 = CARTESIAN_POINT('',(6.28318530718,8.062257748299));
#3460 = ( GEOMETRIC_REPRESENTATION_CONTEXT(2) 
PARAMETRIC_REPRESENTATION_CONTEXT() REPRESENTATION_CONTEXT('2D SPACE',''
  ) );
#3461 = PCURVE('',#1082,#3462);
#3462 = DEFINITIONAL_REPRESENTATION('',(#3463),#3591);
#3463 = B_SPLINE_CURVE_WITH_KNOTS('',6,(#3464,#3465,#3466,#3467,#3468,
    #3469,#3470,#3471,#3472,#3473,#3474,#3475,#3476,#3477,#3478,#3479,
    #3480,#3481,#3482,#3483,#3484,#3485,#3486,#3487,#3488,#3489,#3490,
    #3491,#3492,#3493,#3494,#3495,#3496,#3497,#3498,#3499,#3500,#3501,
    #3502,#3503,#3504,#3505,#3506,#3507,#3508,#3509,#3510,#3511,#3512,
    #3513,#3514,#3515,#3516,#3517,#3518,#3519,#3520,#3521,#3522,#3523,
    #3524,#3525,#3526,#3527,#3528,#3529,#3530,#3531,#3532,#3533,#3534,
    #3535,#3536,#3537,#3538,#3539,#3540,#3541,#3542,#3543,#3544,#3545,
    #3546,#3547,#3548,#3549,#3550,#3551,#3552,#3553,#3554,#3555,#3556,
    #3557,#3558,#3559,#3560,#3561,#3562,#3563,#3564,#3565,#3566,#3567,
    #3568,#3569,#3570,#3571,#3572,#3573,#3574,#3575,#3576,#3577,#3578,
    #3579,#3580,#3581,#3582,#3583,#3584,#3585,#3586,#3587,#3588,#3589,
    #3590),.UNSPECIFIED.,.F.,.F.,(7,5,5,5,5,5,5,5,5,5,5,5,5,5,5,5,5,5,5,
    5,5,5,5,5,5,7),(0.,6.246701022917E-02,0.119417869344,0.137126880261,
    0.160038729023,0.189599822875,0.250730651576,0.287721878988,
    0.340205243194,0.362341096629,0.380278947676,0.437476759245,
    0.500420152945,0.562601642311,0.619292193491,0.636920261009,
    0.659727385521,0.68915336311,0.725536975077,0.775177017552,
    0.811099319809,0.84046922847,0.862527904147,0.880424473499,
    0.937549454258,1.),.UNSPECIFIED.);
#3464 = CARTESIAN_POINT('',(3.568238344288,4.));
#3465 = CARTESIAN_POINT('',(3.568238344288,4.229930802609));
#3466 = CARTESIAN_POINT('',(3.56627110213,4.459770766697));
#3467 = CARTESIAN_POINT('',(3.562339499832,4.688569413738));
#3468 = CARTESIAN_POINT('',(3.556456670037,4.91536594732));
#3469 = CARTESIAN_POINT('',(3.548646884994,5.139143979644));
#3470 = CARTESIAN_POINT('',(3.530098155633,5.55903479073));
#3471 = CARTESIAN_POINT('',(3.51967929248,5.755834464658));
#3472 = CARTESIAN_POINT('',(3.507701456059,5.948613964493));
#3473 = CARTESIAN_POINT('',(3.494171659433,6.136694927471));
#3474 = CARTESIAN_POINT('',(3.47909069428,6.319233368969));
#3475 = CARTESIAN_POINT('',(3.457280546817,6.549865059857));
#3476 = CARTESIAN_POINT('',(3.451956037022,6.603938895583));
#3477 = CARTESIAN_POINT('',(3.446479774958,6.657352383609));
#3478 = CARTESIAN_POINT('',(3.440851125385,6.710073510932));
#3479 = CARTESIAN_POINT('',(3.435069336647,6.762067556297));
#3480 = CARTESIAN_POINT('',(3.421453831148,6.879577659931));
#3481 = CARTESIAN_POINT('',(3.413516440532,6.944577434068));
#3482 = CARTESIAN_POINT('',(3.405319350095,7.008216168896));
#3483 = CARTESIAN_POINT('',(3.396860584623,7.070401673751));
#3484 = CARTESIAN_POINT('',(3.388138212415,7.131029811014));
#3485 = CARTESIAN_POINT('',(3.367554110227,7.266048413858));
#3486 = CARTESIAN_POINT('',(3.355513062679,7.339345448117));
#3487 = CARTESIAN_POINT('',(3.343026566017,7.409597928132));
#3488 = CARTESIAN_POINT('',(3.330095090283,7.476501052948));
#3489 = CARTESIAN_POINT('',(3.316719959961,7.53972206131));
#3490 = CARTESIAN_POINT('',(3.274330546324,7.721275111558));
#3491 = CARTESIAN_POINT('',(3.243568761538,7.827644111622));
#3492 = CARTESIAN_POINT('',(3.211043291494,7.912053338083));
#3493 = CARTESIAN_POINT('',(3.177228623881,7.97036037772));
#3494 = CARTESIAN_POINT('',(3.142608944424,8.));
#3495 = CARTESIAN_POINT('',(3.086550931946,8.));
#3496 = CARTESIAN_POINT('',(3.065448729987,7.989147080496));
#3497 = CARTESIAN_POINT('',(3.044526599444,7.967501491559));
#3498 = CARTESIAN_POINT('',(3.023932235408,7.93546965069));
#3499 = CARTESIAN_POINT('',(3.003812090253,7.893800658571));
#3500 = CARTESIAN_POINT('',(2.956638095214,7.772388849043));
#3501 = CARTESIAN_POINT('',(2.930222939269,7.684044095124));
#3502 = CARTESIAN_POINT('',(2.905136023987,7.580916924972));
#3503 = CARTESIAN_POINT('',(2.881435642858,7.465176894955));
#3504 = CARTESIAN_POINT('',(2.859168047595,7.338875072213));
#3505 = CARTESIAN_POINT('',(2.82959053591,7.147088973261));
#3506 = CARTESIAN_POINT('',(2.821066656277,7.088601367759));
#3507 = CARTESIAN_POINT('',(2.812791422727,7.028627467441));
#3508 = CARTESIAN_POINT('',(2.804763094775,6.967264227239));
#3509 = CARTESIAN_POINT('',(2.796979859365,6.904597753278));
#3510 = CARTESIAN_POINT('',(2.78332974757,6.788926255417));
#3511 = CARTESIAN_POINT('',(2.777379440725,6.736343467695));
#3512 = CARTESIAN_POINT('',(2.771587971301,6.682995315751));
#3513 = CARTESIAN_POINT('',(2.765954519953,6.628919163953));
#3514 = CARTESIAN_POINT('',(2.760478387012,6.574149365002));
#3515 = CARTESIAN_POINT('',(2.738197221281,6.341962804108));
#3516 = CARTESIAN_POINT('',(2.722820626422,6.15838720239));
#3517 = CARTESIAN_POINT('',(2.709023405315,5.969102815168));
#3518 = CARTESIAN_POINT('',(2.696805552266,5.77498313159));
#3519 = CARTESIAN_POINT('',(2.686173679066,5.576726181955));
#3520 = CARTESIAN_POINT('',(2.667202733585,5.152837862742));
#3521 = CARTESIAN_POINT('',(2.659201829858,4.926469132016));
#3522 = CARTESIAN_POINT('',(2.653174508553,4.696971897971));
#3523 = CARTESIAN_POINT('',(2.649146107014,4.465399997225));
#3524 = CARTESIAN_POINT('',(2.647130360925,4.232748124561));
#3525 = CARTESIAN_POINT('',(2.647130360925,3.770069197391));
#3526 = CARTESIAN_POINT('',(2.649097603083,3.540229233303));
#3527 = CARTESIAN_POINT('',(2.65302920538,3.311430586261));
#3528 = CARTESIAN_POINT('',(2.658912035175,3.08463405268));
#3529 = CARTESIAN_POINT('',(2.666721820219,2.860856020356));
#3530 = CARTESIAN_POINT('',(2.68527054958,2.440965209269));
#3531 = CARTESIAN_POINT('',(2.695689412732,2.244165535342));
#3532 = CARTESIAN_POINT('',(2.707667249154,2.051386035508));
#3533 = CARTESIAN_POINT('',(2.721197045779,1.86330507253));
#3534 = CARTESIAN_POINT('',(2.736278010933,1.680766631031));
#3535 = CARTESIAN_POINT('',(2.758088158396,1.450134940143));
#3536 = CARTESIAN_POINT('',(2.76341266819,1.396061104417));
#3537 = CARTESIAN_POINT('',(2.768888930255,1.342647616391));
#3538 = CARTESIAN_POINT('',(2.774517579828,1.289926489068));
#3539 = CARTESIAN_POINT('',(2.780299368566,1.237932443703));
#3540 = CARTESIAN_POINT('',(2.793914874065,1.120422340069));
#3541 = CARTESIAN_POINT('',(2.80185226468,1.055422565932));
#3542 = CARTESIAN_POINT('',(2.810049355117,0.991783831104));
#3543 = CARTESIAN_POINT('',(2.81850812059,0.929598326249));
#3544 = CARTESIAN_POINT('',(2.827230492798,0.868970188986));
#3545 = CARTESIAN_POINT('',(2.847814594986,0.733951586142));
#3546 = CARTESIAN_POINT('',(2.859855642533,0.660654551883));
#3547 = CARTESIAN_POINT('',(2.872342139196,0.590402071868));
#3548 = CARTESIAN_POINT('',(2.885273614929,0.523498947052));
#3549 = CARTESIAN_POINT('',(2.898648745252,0.46027793869));
#3550 = CARTESIAN_POINT('',(2.929549392991,0.32793105369));
#3551 = CARTESIAN_POINT('',(2.947334139441,0.260834134766));
#3552 = CARTESIAN_POINT('',(2.965763798824,0.200767808893));
#3553 = CARTESIAN_POINT('',(2.984778669437,0.148587044414));
#3554 = CARTESIAN_POINT('',(3.004315433546,0.105054463876));
#3555 = CARTESIAN_POINT('',(3.051582998142,2.418543936556E-02));
#3556 = CARTESIAN_POINT('',(3.079678876689,-5.068908826884E-03));
#3557 = CARTESIAN_POINT('',(3.10818441141,-1.484437855932E-02));
#3558 = CARTESIAN_POINT('',(3.136685269204,-4.488301373325E-03));
#3559 = CARTESIAN_POINT('',(3.164767055309,2.532375060116E-02));
#3560 = CARTESIAN_POINT('',(3.211740504121,0.106638149123));
#3561 = CARTESIAN_POINT('',(3.231016279612,0.149851046691));
#3562 = CARTESIAN_POINT('',(3.249782037382,0.201480544574));
#3563 = CARTESIAN_POINT('',(3.267976631586,0.260790660289));
#3564 = CARTESIAN_POINT('',(3.285542363962,0.326956836429));
#3565 = CARTESIAN_POINT('',(3.31622818552,0.458003771054));
#3566 = CARTESIAN_POINT('',(3.329591547874,0.520988987934));
#3567 = CARTESIAN_POINT('',(3.342513060987,0.587651371465));
#3568 = CARTESIAN_POINT('',(3.354991296325,0.657659128199));
#3569 = CARTESIAN_POINT('',(3.367025682817,0.73070801625));
#3570 = CARTESIAN_POINT('',(3.387322391096,0.863460523982));
#3571 = CARTESIAN_POINT('',(3.395779618198,0.921970407556));
#3572 = CARTESIAN_POINT('',(3.403990121153,0.981944640076));
#3573 = CARTESIAN_POINT('',(3.411955637982,1.043288278135));
#3574 = CARTESIAN_POINT('',(3.419677960556,1.10591695164));
#3575 = CARTESIAN_POINT('',(3.433228372896,1.221551243141));
#3576 = CARTESIAN_POINT('',(3.439138880579,1.27414227521));
#3577 = CARTESIAN_POINT('',(3.444891381439,1.327490223139));
#3578 = CARTESIAN_POINT('',(3.450486678547,1.381558290593));
#3579 = CARTESIAN_POINT('',(3.455925454263,1.436312621779));
#3580 = CARTESIAN_POINT('',(3.478070762402,1.668587309619));
#3581 = CARTESIAN_POINT('',(3.493352682806,1.852216575178));
#3582 = CARTESIAN_POINT('',(3.507059358409,2.041508154174));
#3583 = CARTESIAN_POINT('',(3.519190382732,2.235595048776));
#3584 = CARTESIAN_POINT('',(3.529738854107,2.433782868224));
#3585 = CARTESIAN_POINT('',(3.548476915454,2.855996337678));
#3586 = CARTESIAN_POINT('',(3.556354250413,3.080694160521));
#3587 = CARTESIAN_POINT('',(3.562288147818,3.308449225738));
#3588 = CARTESIAN_POINT('',(3.566253960633,3.538231959347));
#3589 = CARTESIAN_POINT('',(3.568238344288,3.769069616964));
#3590 = CARTESIAN_POINT('',(3.568238344288,4.));
#3591 = ( GEOMETRIC_REPRESENTATION_CONTEXT(2) 
PARAMETRIC_REPRESENTATION_CONTEXT() REPRESENTATION_CONTEXT('2D SPACE',''
  ) );
#3592 = ORIENTED_EDGE('',*,*,#2783,.T.);
#3593 = ORIENTED_EDGE('',*,*,#3594,.F.);
#3594 = EDGE_CURVE('',#3595,#2667,#3597,.T.);
#3595 = VERTEX_POINT('',#3596);
#3596 = CARTESIAN_POINT('',(461.59482651778,154.69488376805,210.));
#3597 = SURFACE_CURVE('',#3598,(#3631,#3667),.PCURVE_S1.);
#3598 = B_SPLINE_CURVE_WITH_KNOTS('',6,(#3599,#3600,#3601,#3602,#3603,
    #3604,#3605,#3606,#3607,#3608,#3609,#3610,#3611,#3612,#3613,#3614,
    #3615,#3616,#3617,#3618,#3619,#3620,#3621,#3622,#3623,#3624,#3625,
    #3626,#3627,#3628,#3629,#3630),.UNSPECIFIED.,.F.,.F.,(7,5,5,5,5,5,7)
  ,(0.,0.18288083495,0.385393756707,0.470376734742,0.539324834008,
    0.759403809146,1.),.UNSPECIFIED.);
#3599 = CARTESIAN_POINT('',(461.6,155.,210.01165396624));
#3600 = CARTESIAN_POINT('',(461.6,154.75711414091,209.9930834065));
#3601 = CARTESIAN_POINT('',(461.59213418885,154.5118968526,
    209.99214741441));
#3602 = CARTESIAN_POINT('',(461.57611946141,154.26767005511,
    210.00944041184));
#3603 = CARTESIAN_POINT('',(461.5523337534,154.02777824964,
    210.04452589478));
#3604 = CARTESIAN_POINT('',(461.52185561123,153.79543053466,
    210.09597241815));
#3605 = CARTESIAN_POINT('',(461.44680186042,153.32787108839,
    210.23358690462));
#3606 = CARTESIAN_POINT('',(461.40102082262,153.09475991996,
    210.3229686605));
#3607 = CARTESIAN_POINT('',(461.35045326945,152.87495919957,
    210.42706216139));
#3608 = CARTESIAN_POINT('',(461.29665778856,152.66891211189,
    210.54369733744));
#3609 = CARTESIAN_POINT('',(461.24109186172,152.476829088,210.6708334584
    ));
#3610 = CARTESIAN_POINT('',(461.16153670265,152.22399061164,
    210.86346052398));
#3611 = CARTESIAN_POINT('',(461.13791070691,152.15163064277,
    210.92197040755));
#3612 = CARTESIAN_POINT('',(461.11425708018,152.08161817829,
    210.98194464007));
#3613 = CARTESIAN_POINT('',(461.09065223691,152.01392103173,
    211.04328827813));
#3614 = CARTESIAN_POINT('',(461.0671669222,151.94850569814,
    211.10591695164));
#3615 = CARTESIAN_POINT('',(461.02496195905,151.83408782923,
    211.22155124314));
#3616 = CARTESIAN_POINT('',(461.00617948903,151.78431799945,
    211.27414227521));
#3617 = CARTESIAN_POINT('',(460.98755372662,151.73600988052,
    211.32749022313));
#3618 = CARTESIAN_POINT('',(460.96911788465,151.68914643836,
    211.38155829059));
#3619 = CARTESIAN_POINT('',(460.95090346387,151.64371158915,
    211.43631262177));
#3620 = CARTESIAN_POINT('',(460.87560255851,151.45917606677,
    211.66858730053));
#3621 = CARTESIAN_POINT('',(460.82079624545,151.3329931914,
    211.85221659031));
#3622 = CARTESIAN_POINT('',(460.76953076544,151.22076014112,
    212.04150815384));
#3623 = CARTESIAN_POINT('',(460.7226513005,151.12214460226,
    212.2355950335));
#3624 = CARTESIAN_POINT('',(460.68086027555,151.03689666289,
    212.43378287804));
#3625 = CARTESIAN_POINT('',(460.60524999049,150.88615385591,
    212.85599633767));
#3626 = CARTESIAN_POINT('',(460.57253946094,150.8232464742,
    213.08069416052));
#3627 = CARTESIAN_POINT('',(460.54742951569,150.77611174556,
    213.30844922573));
#3628 = CARTESIAN_POINT('',(460.53049145469,150.74469458124,
    213.53823195934));
#3629 = CARTESIAN_POINT('',(460.52201609553,150.72897424708,
    213.76906961696));
#3630 = CARTESIAN_POINT('',(460.52201609553,150.72897424708,214.));
#3631 = PCURVE('',#2527,#3632);
#3632 = DEFINITIONAL_REPRESENTATION('',(#3633),#3666);
#3633 = B_SPLINE_CURVE_WITH_KNOTS('',6,(#3634,#3635,#3636,#3637,#3638,
    #3639,#3640,#3641,#3642,#3643,#3644,#3645,#3646,#3647,#3648,#3649,
    #3650,#3651,#3652,#3653,#3654,#3655,#3656,#3657,#3658,#3659,#3660,
    #3661,#3662,#3663,#3664,#3665),.UNSPECIFIED.,.F.,.F.,(7,5,5,5,5,5,7)
  ,(0.,0.18288083495,0.385393756707,0.470376734742,0.539324834008,
    0.759403809146,1.),.UNSPECIFIED.);
#3634 = CARTESIAN_POINT('',(4.636035756494,138.48995235787));
#3635 = CARTESIAN_POINT('',(4.696899643083,138.48171808919));
#3636 = CARTESIAN_POINT('',(4.758074513779,138.48126607048));
#3637 = CARTESIAN_POINT('',(4.819129866895,138.48899186324));
#3638 = CARTESIAN_POINT('',(4.879663481186,138.50463113362));
#3639 = CARTESIAN_POINT('',(4.939239532397,138.52721474941));
#3640 = CARTESIAN_POINT('',(5.06163305803,138.58637424847));
#3641 = CARTESIAN_POINT('',(5.124182504827,138.62422608086));
#3642 = CARTESIAN_POINT('',(5.185091753147,138.66731292538));
#3643 = CARTESIAN_POINT('',(5.244437673397,138.71409211505));
#3644 = CARTESIAN_POINT('',(5.3022692872,138.7631141399));
#3645 = CARTESIAN_POINT('',(5.382241681179,138.83405188782));
#3646 = CARTESIAN_POINT('',(5.405644032231,138.85521116915));
#3647 = CARTESIAN_POINT('',(5.42882232641,138.87647765022));
#3648 = CARTESIAN_POINT('',(5.451789766712,138.89777386932));
#3649 = CARTESIAN_POINT('',(5.474559552696,138.91902798614));
#3650 = CARTESIAN_POINT('',(5.515468731425,138.95732971644));
#3651 = CARTESIAN_POINT('',(5.533671024602,138.97441410272));
#3652 = CARTESIAN_POINT('',(5.551758704039,138.9913914261));
#3653 = CARTESIAN_POINT('',(5.569738478193,139.00822791536));
#3654 = CARTESIAN_POINT('',(5.587616819948,139.02489154259));
#3655 = CARTESIAN_POINT('',(5.662162904774,139.0938930756));
#3656 = CARTESIAN_POINT('',(5.717984454933,139.14439005722));
#3657 = CARTESIAN_POINT('',(5.773032790639,139.19182116541));
#3658 = CARTESIAN_POINT('',(5.827463061779,139.23533043793));
#3659 = CARTESIAN_POINT('',(5.881424672039,139.27420738119));
#3660 = CARTESIAN_POINT('',(5.993713477871,139.34466375006));
#3661 = CARTESIAN_POINT('',(6.051974769682,139.37522280288));
#3662 = CARTESIAN_POINT('',(6.109951245912,139.39872036184));
#3663 = CARTESIAN_POINT('',(6.167743297661,139.41458358777));
#3664 = CARTESIAN_POINT('',(6.225452711421,139.42252112735));
#3665 = CARTESIAN_POINT('',(6.28318530718,139.42252112735));
#3666 = ( GEOMETRIC_REPRESENTATION_CONTEXT(2) 
PARAMETRIC_REPRESENTATION_CONTEXT() REPRESENTATION_CONTEXT('2D SPACE',''
  ) );
#3667 = PCURVE('',#2742,#3668);
#3668 = DEFINITIONAL_REPRESENTATION('',(#3669),#3702);
#3669 = B_SPLINE_CURVE_WITH_KNOTS('',6,(#3670,#3671,#3672,#3673,#3674,
    #3675,#3676,#3677,#3678,#3679,#3680,#3681,#3682,#3683,#3684,#3685,
    #3686,#3687,#3688,#3689,#3690,#3691,#3692,#3693,#3694,#3695,#3696,
    #3697,#3698,#3699,#3700,#3701),.UNSPECIFIED.,.F.,.F.,(7,5,5,5,5,5,7)
  ,(0.,0.18288083495,0.385393756707,0.470376734742,0.539324834008,
    0.759403809146,1.),.UNSPECIFIED.);
#3670 = CARTESIAN_POINT('',(6.28318530718,1.16539662408E-02));
#3671 = CARTESIAN_POINT('',(6.256197989504,-6.916593496873E-03));
#3672 = CARTESIAN_POINT('',(6.228951599794,-7.852585587074E-03));
#3673 = CARTESIAN_POINT('',(6.201780029534,9.440411848956E-03));
#3674 = CARTESIAN_POINT('',(6.175015520506,4.452589478468E-02));
#3675 = CARTESIAN_POINT('',(6.148988670963,9.597241814975E-02));
#3676 = CARTESIAN_POINT('',(6.096372555829,0.233586904625));
#3677 = CARTESIAN_POINT('',(6.069992489696,0.322968660505));
#3678 = CARTESIAN_POINT('',(6.04495030135,0.427062161396));
#3679 = CARTESIAN_POINT('',(6.021301596297,0.543697337442));
#3680 = CARTESIAN_POINT('',(5.999089977135,0.6708334584));
#3681 = CARTESIAN_POINT('',(5.969638967706,0.863460523982));
#3682 = CARTESIAN_POINT('',(5.961181740604,0.921970407556));
#3683 = CARTESIAN_POINT('',(5.952971237649,0.981944640076));
#3684 = CARTESIAN_POINT('',(5.945005720821,1.043288278135));
#3685 = CARTESIAN_POINT('',(5.937283398246,1.10591695164));
#3686 = CARTESIAN_POINT('',(5.923732985906,1.221551243141));
#3687 = CARTESIAN_POINT('',(5.917822478223,1.27414227521));
#3688 = CARTESIAN_POINT('',(5.912069977363,1.327490223139));
#3689 = CARTESIAN_POINT('',(5.906474680255,1.381558290593));
#3690 = CARTESIAN_POINT('',(5.901035904539,1.436312621779));
#3691 = CARTESIAN_POINT('',(5.878890597266,1.668587300538));
#3692 = CARTESIAN_POINT('',(5.863608674912,1.852216590318));
#3693 = CARTESIAN_POINT('',(5.849902000193,2.041508153849));
#3694 = CARTESIAN_POINT('',(5.83777097706,2.2355950335));
#3695 = CARTESIAN_POINT('',(5.82722250426,2.433782878045));
#3696 = CARTESIAN_POINT('',(5.808484443348,2.855996337679));
#3697 = CARTESIAN_POINT('',(5.80060710839,3.080694160521));
#3698 = CARTESIAN_POINT('',(5.794673210984,3.308449225739));
#3699 = CARTESIAN_POINT('',(5.790707398169,3.538231959347));
#3700 = CARTESIAN_POINT('',(5.788723014515,3.769069616964));
#3701 = CARTESIAN_POINT('',(5.788723014515,4.));
#3702 = ( GEOMETRIC_REPRESENTATION_CONTEXT(2) 
PARAMETRIC_REPRESENTATION_CONTEXT() REPRESENTATION_CONTEXT('2D SPACE',''
  ) );
#3703 = ORIENTED_EDGE('',*,*,#3704,.F.);
#3704 = EDGE_CURVE('',#3705,#3595,#3707,.T.);
#3705 = VERTEX_POINT('',#3706);
#3706 = CARTESIAN_POINT('',(461.6,155.,210.01165396624));
#3707 = SURFACE_CURVE('',#3708,(#3741,#3777),.PCURVE_S1.);
#3708 = B_SPLINE_CURVE_WITH_KNOTS('',6,(#3709,#3710,#3711,#3712,#3713,
    #3714,#3715,#3716,#3717,#3718,#3719,#3720,#3721,#3722,#3723,#3724,
    #3725,#3726,#3727,#3728,#3729,#3730,#3731,#3732,#3733,#3734,#3735,
    #3736,#3737,#3738,#3739,#3740),.UNSPECIFIED.,.F.,.F.,(7,5,5,5,5,5,7)
  ,(0.,0.18288083495,0.385393756707,0.470376734742,0.539324834008,
    0.759403809146,1.),.UNSPECIFIED.);
#3709 = CARTESIAN_POINT('',(461.6,155.,210.01165396624));
#3710 = CARTESIAN_POINT('',(461.6,154.75711414091,209.9930834065));
#3711 = CARTESIAN_POINT('',(461.59213418885,154.5118968526,
    209.99214741441));
#3712 = CARTESIAN_POINT('',(461.57611946141,154.26767005511,
    210.00944041184));
#3713 = CARTESIAN_POINT('',(461.5523337534,154.02777824964,
    210.04452589478));
#3714 = CARTESIAN_POINT('',(461.52185561123,153.79543053466,
    210.09597241815));
#3715 = CARTESIAN_POINT('',(461.44680186042,153.32787108839,
    210.23358690462));
#3716 = CARTESIAN_POINT('',(461.40102082262,153.09475991996,
    210.3229686605));
#3717 = CARTESIAN_POINT('',(461.35045326945,152.87495919957,
    210.42706216139));
#3718 = CARTESIAN_POINT('',(461.29665778856,152.66891211189,
    210.54369733744));
#3719 = CARTESIAN_POINT('',(461.24109186172,152.476829088,210.6708334584
    ));
#3720 = CARTESIAN_POINT('',(461.16153670265,152.22399061164,
    210.86346052398));
#3721 = CARTESIAN_POINT('',(461.13791070691,152.15163064277,
    210.92197040755));
#3722 = CARTESIAN_POINT('',(461.11425708018,152.08161817829,
    210.98194464007));
#3723 = CARTESIAN_POINT('',(461.09065223691,152.01392103173,
    211.04328827813));
#3724 = CARTESIAN_POINT('',(461.0671669222,151.94850569814,
    211.10591695164));
#3725 = CARTESIAN_POINT('',(461.02496195905,151.83408782923,
    211.22155124314));
#3726 = CARTESIAN_POINT('',(461.00617948903,151.78431799945,
    211.27414227521));
#3727 = CARTESIAN_POINT('',(460.98755372662,151.73600988052,
    211.32749022313));
#3728 = CARTESIAN_POINT('',(460.96911788465,151.68914643836,
    211.38155829059));
#3729 = CARTESIAN_POINT('',(460.95090346387,151.64371158915,
    211.43631262177));
#3730 = CARTESIAN_POINT('',(460.87560255851,151.45917606677,
    211.66858730053));
#3731 = CARTESIAN_POINT('',(460.82079624545,151.3329931914,
    211.85221659031));
#3732 = CARTESIAN_POINT('',(460.76953076544,151.22076014112,
    212.04150815384));
#3733 = CARTESIAN_POINT('',(460.7226513005,151.12214460226,
    212.2355950335));
#3734 = CARTESIAN_POINT('',(460.68086027555,151.03689666289,
    212.43378287804));
#3735 = CARTESIAN_POINT('',(460.60524999049,150.88615385591,
    212.85599633767));
#3736 = CARTESIAN_POINT('',(460.57253946094,150.8232464742,
    213.08069416052));
#3737 = CARTESIAN_POINT('',(460.54742951569,150.77611174556,
    213.30844922573));
#3738 = CARTESIAN_POINT('',(460.53049145469,150.74469458124,
    213.53823195934));
#3739 = CARTESIAN_POINT('',(460.52201609553,150.72897424708,
    213.76906961696));
#3740 = CARTESIAN_POINT('',(460.52201609553,150.72897424708,214.));
#3741 = PCURVE('',#2527,#3742);
#3742 = DEFINITIONAL_REPRESENTATION('',(#3743),#3776);
#3743 = B_SPLINE_CURVE_WITH_KNOTS('',6,(#3744,#3745,#3746,#3747,#3748,
    #3749,#3750,#3751,#3752,#3753,#3754,#3755,#3756,#3757,#3758,#3759,
    #3760,#3761,#3762,#3763,#3764,#3765,#3766,#3767,#3768,#3769,#3770,
    #3771,#3772,#3773,#3774,#3775),.UNSPECIFIED.,.F.,.F.,(7,5,5,5,5,5,7)
  ,(0.,0.18288083495,0.385393756707,0.470376734742,0.539324834008,
    0.759403809146,1.),.UNSPECIFIED.);
#3744 = CARTESIAN_POINT('',(4.636035756494,138.48995235787));
#3745 = CARTESIAN_POINT('',(4.696899643083,138.48171808919));
#3746 = CARTESIAN_POINT('',(4.758074513779,138.48126607048));
#3747 = CARTESIAN_POINT('',(4.819129866895,138.48899186324));
#3748 = CARTESIAN_POINT('',(4.879663481186,138.50463113362));
#3749 = CARTESIAN_POINT('',(4.939239532397,138.52721474941));
#3750 = CARTESIAN_POINT('',(5.06163305803,138.58637424847));
#3751 = CARTESIAN_POINT('',(5.124182504827,138.62422608086));
#3752 = CARTESIAN_POINT('',(5.185091753147,138.66731292538));
#3753 = CARTESIAN_POINT('',(5.244437673397,138.71409211505));
#3754 = CARTESIAN_POINT('',(5.3022692872,138.7631141399));
#3755 = CARTESIAN_POINT('',(5.382241681179,138.83405188782));
#3756 = CARTESIAN_POINT('',(5.405644032231,138.85521116915));
#3757 = CARTESIAN_POINT('',(5.42882232641,138.87647765022));
#3758 = CARTESIAN_POINT('',(5.451789766712,138.89777386932));
#3759 = CARTESIAN_POINT('',(5.474559552696,138.91902798614));
#3760 = CARTESIAN_POINT('',(5.515468731425,138.95732971644));
#3761 = CARTESIAN_POINT('',(5.533671024602,138.97441410272));
#3762 = CARTESIAN_POINT('',(5.551758704039,138.9913914261));
#3763 = CARTESIAN_POINT('',(5.569738478193,139.00822791536));
#3764 = CARTESIAN_POINT('',(5.587616819948,139.02489154259));
#3765 = CARTESIAN_POINT('',(5.662162904774,139.0938930756));
#3766 = CARTESIAN_POINT('',(5.717984454933,139.14439005722));
#3767 = CARTESIAN_POINT('',(5.773032790639,139.19182116541));
#3768 = CARTESIAN_POINT('',(5.827463061779,139.23533043793));
#3769 = CARTESIAN_POINT('',(5.881424672039,139.27420738119));
#3770 = CARTESIAN_POINT('',(5.993713477871,139.34466375006));
#3771 = CARTESIAN_POINT('',(6.051974769682,139.37522280288));
#3772 = CARTESIAN_POINT('',(6.109951245912,139.39872036184));
#3773 = CARTESIAN_POINT('',(6.167743297661,139.41458358777));
#3774 = CARTESIAN_POINT('',(6.225452711421,139.42252112735));
#3775 = CARTESIAN_POINT('',(6.28318530718,139.42252112735));
#3776 = ( GEOMETRIC_REPRESENTATION_CONTEXT(2) 
PARAMETRIC_REPRESENTATION_CONTEXT() REPRESENTATION_CONTEXT('2D SPACE',''
  ) );
#3777 = PCURVE('',#3778,#3783);
#3778 = CYLINDRICAL_SURFACE('',#3779,9.);
#3779 = AXIS2_PLACEMENT_3D('',#3780,#3781,#3782);
#3780 = CARTESIAN_POINT('',(452.6,155.,210.));
#3781 = DIRECTION('',(0.,0.,1.));
#3782 = DIRECTION('',(1.,0.,-0.));
#3783 = DEFINITIONAL_REPRESENTATION('',(#3784),#3817);
#3784 = B_SPLINE_CURVE_WITH_KNOTS('',6,(#3785,#3786,#3787,#3788,#3789,
    #3790,#3791,#3792,#3793,#3794,#3795,#3796,#3797,#3798,#3799,#3800,
    #3801,#3802,#3803,#3804,#3805,#3806,#3807,#3808,#3809,#3810,#3811,
    #3812,#3813,#3814,#3815,#3816),.UNSPECIFIED.,.F.,.F.,(7,5,5,5,5,5,7)
  ,(0.,0.18288083495,0.385393756707,0.470376734742,0.539324834008,
    0.759403809146,1.),.UNSPECIFIED.);
#3785 = CARTESIAN_POINT('',(6.28318530718,1.16539662408E-02));
#3786 = CARTESIAN_POINT('',(6.256197989504,-6.916593496873E-03));
#3787 = CARTESIAN_POINT('',(6.228951599794,-7.852585587074E-03));
#3788 = CARTESIAN_POINT('',(6.201780029534,9.440411848956E-03));
#3789 = CARTESIAN_POINT('',(6.175015520506,4.452589478468E-02));
#3790 = CARTESIAN_POINT('',(6.148988670963,9.597241814975E-02));
#3791 = CARTESIAN_POINT('',(6.096372555829,0.233586904625));
#3792 = CARTESIAN_POINT('',(6.069992489696,0.322968660505));
#3793 = CARTESIAN_POINT('',(6.04495030135,0.427062161396));
#3794 = CARTESIAN_POINT('',(6.021301596297,0.543697337442));
#3795 = CARTESIAN_POINT('',(5.999089977135,0.6708334584));
#3796 = CARTESIAN_POINT('',(5.969638967706,0.863460523982));
#3797 = CARTESIAN_POINT('',(5.961181740604,0.921970407556));
#3798 = CARTESIAN_POINT('',(5.952971237649,0.981944640076));
#3799 = CARTESIAN_POINT('',(5.945005720821,1.043288278135));
#3800 = CARTESIAN_POINT('',(5.937283398246,1.10591695164));
#3801 = CARTESIAN_POINT('',(5.923732985906,1.221551243141));
#3802 = CARTESIAN_POINT('',(5.917822478223,1.27414227521));
#3803 = CARTESIAN_POINT('',(5.912069977363,1.327490223139));
#3804 = CARTESIAN_POINT('',(5.906474680255,1.381558290593));
#3805 = CARTESIAN_POINT('',(5.901035904539,1.436312621779));
#3806 = CARTESIAN_POINT('',(5.878890597266,1.668587300538));
#3807 = CARTESIAN_POINT('',(5.863608674912,1.852216590318));
#3808 = CARTESIAN_POINT('',(5.849902000193,2.041508153849));
#3809 = CARTESIAN_POINT('',(5.83777097706,2.2355950335));
#3810 = CARTESIAN_POINT('',(5.82722250426,2.433782878045));
#3811 = CARTESIAN_POINT('',(5.808484443348,2.855996337679));
#3812 = CARTESIAN_POINT('',(5.80060710839,3.080694160521));
#3813 = CARTESIAN_POINT('',(5.794673210984,3.308449225739));
#3814 = CARTESIAN_POINT('',(5.790707398169,3.538231959347));
#3815 = CARTESIAN_POINT('',(5.788723014515,3.769069616964));
#3816 = CARTESIAN_POINT('',(5.788723014515,4.));
#3817 = ( GEOMETRIC_REPRESENTATION_CONTEXT(2) 
PARAMETRIC_REPRESENTATION_CONTEXT() REPRESENTATION_CONTEXT('2D SPACE',''
  ) );
#3818 = ORIENTED_EDGE('',*,*,#3819,.F.);
#3819 = EDGE_CURVE('',#3820,#3705,#3822,.T.);
#3820 = VERTEX_POINT('',#3821);
#3821 = CARTESIAN_POINT('',(461.6,155.,217.98834603375));
#3822 = SURFACE_CURVE('',#3823,(#3886,#3952),.PCURVE_S1.);
#3823 = B_SPLINE_CURVE_WITH_KNOTS('',6,(#3824,#3825,#3826,#3827,#3828,
    #3829,#3830,#3831,#3832,#3833,#3834,#3835,#3836,#3837,#3838,#3839,
    #3840,#3841,#3842,#3843,#3844,#3845,#3846,#3847,#3848,#3849,#3850,
    #3851,#3852,#3853,#3854,#3855,#3856,#3857,#3858,#3859,#3860,#3861,
    #3862,#3863,#3864,#3865,#3866,#3867,#3868,#3869,#3870,#3871,#3872,
    #3873,#3874,#3875,#3876,#3877,#3878,#3879,#3880,#3881,#3882,#3883,
    #3884,#3885),.UNSPECIFIED.,.F.,.F.,(7,5,5,5,5,5,5,5,5,5,5,5,7),(0.,
    0.108334009031,0.168622501281,0.214483427416,0.251728688515,
    0.368750979901,0.500006762531,0.629673746977,0.747890479135,
    0.784650267065,0.829573206444,0.889993415081,1.),.UNSPECIFIED.);
#3824 = CARTESIAN_POINT('',(461.6,155.,217.98834603375));
#3825 = CARTESIAN_POINT('',(461.6,155.26582209361,217.96802181608));
#3826 = CARTESIAN_POINT('',(461.59057847477,155.52666929793,
    217.92674216196));
#3827 = CARTESIAN_POINT('',(461.57239670241,155.77977405071,
    217.86582274854));
#3828 = CARTESIAN_POINT('',(461.54667496856,156.02253820397,
    217.78720126895));
#3829 = CARTESIAN_POINT('',(461.51507726723,156.25264676153,
    217.69345433764));
#3830 = CARTESIAN_POINT('',(461.45960588031,156.58813239456,
    217.52912434957));
#3831 = CARTESIAN_POINT('',(461.43845558334,156.70396641469,
    217.46651185955));
#3832 = CARTESIAN_POINT('',(461.416227278,156.81567165114,
    217.40038060141));
#3833 = CARTESIAN_POINT('',(461.39314775793,156.92324893673,
    217.33104338635));
#3834 = CARTESIAN_POINT('',(461.36942930888,157.02671421463,
    217.25878660809));
#3835 = CARTESIAN_POINT('',(461.32688820876,157.20169830124,
    217.12688330029));
#3836 = CARTESIAN_POINT('',(461.30824909654,157.27494998941,
    217.06834706748));
#3837 = CARTESIAN_POINT('',(461.28943308114,157.34587842233,
    217.00836578549));
#3838 = CARTESIAN_POINT('',(461.2705174073,157.4145105133,
    216.94703263845));
#3839 = CARTESIAN_POINT('',(461.25157386493,157.48087469093,
    216.88443047934));
#3840 = CARTESIAN_POINT('',(461.21731531633,157.59708003424,
    216.76881871689));
#3841 = CARTESIAN_POINT('',(461.20198743618,157.64768244466,
    216.71621705983));
#3842 = CARTESIAN_POINT('',(461.18672081099,157.69682357065,
    216.66286602827));
#3843 = CARTESIAN_POINT('',(461.17154935937,157.74451800417,
    216.60880191486));
#3844 = CARTESIAN_POINT('',(461.1565052563,157.79077948884,
    216.55405813544));
#3845 = CARTESIAN_POINT('',(461.09484703242,157.97650990463,
    216.32462416619));
#3846 = CARTESIAN_POINT('',(461.04961098745,158.10344700141,
    216.14409347976));
#3847 = CARTESIAN_POINT('',(461.00688565534,158.21672709645,
    215.95811146741));
#3848 = CARTESIAN_POINT('',(460.96749059501,158.31660906993,
    215.76749878982));
#3849 = CARTESIAN_POINT('',(460.9321076034,158.40328418074,
    215.57291547959));
#3850 = CARTESIAN_POINT('',(460.86674154017,158.55935190077,
    215.15283786274));
#3851 = CARTESIAN_POINT('',(460.83793957939,158.62535765415,
    214.92646913201));
#3852 = CARTESIAN_POINT('',(460.81574118029,158.67485455977,
    214.69697189797));
#3853 = CARTESIAN_POINT('',(460.80073792417,158.70786010766,
    214.46539999722));
#3854 = CARTESIAN_POINT('',(460.79323052393,158.72437559622,
    214.23274812456));
#3855 = CARTESIAN_POINT('',(460.79323052393,158.72437559622,
    213.77006919739));
#3856 = CARTESIAN_POINT('',(460.80055727693,158.70825751294,
    213.5402292333));
#3857 = CARTESIAN_POINT('',(460.81520001831,158.67604505713,
    213.31143058626));
#3858 = CARTESIAN_POINT('',(460.83687214198,158.62773741526,
    213.08463405268));
#3859 = CARTESIAN_POINT('',(460.86500958158,158.56331899409,
    212.86085602035));
#3860 = CARTESIAN_POINT('',(460.92961105126,158.40938675866,
    212.44096521865));
#3861 = CARTESIAN_POINT('',(460.96511883466,158.32259540557,
    212.24416552075));
#3862 = CARTESIAN_POINT('',(461.00475199006,158.22233250302,
    212.05138603519));
#3863 = CARTESIAN_POINT('',(461.04781139181,158.1084038723,
    211.86330508698));
#3864 = CARTESIAN_POINT('',(461.09345453001,157.98054521324,
    211.68076662236));
#3865 = CARTESIAN_POINT('',(461.15536165131,157.79427178369,
    211.45013494014));
#3866 = CARTESIAN_POINT('',(461.17020071662,157.74870572428,
    211.39606110441));
#3867 = CARTESIAN_POINT('',(461.18516551929,157.7017445359,
    211.34264761639));
#3868 = CARTESIAN_POINT('',(461.20022519714,157.653375047,
    211.28992648906));
#3869 = CARTESIAN_POINT('',(461.21534724131,157.60358326909,
    211.2379324437));
#3870 = CARTESIAN_POINT('',(461.24901212935,157.48974926067,
    211.12409696522));
#3871 = CARTESIAN_POINT('',(461.26756858945,157.42499876283,
    211.06263362765));
#3872 = CARTESIAN_POINT('',(461.28610475575,157.35807490735,
    211.00238067377));
#3873 = CARTESIAN_POINT('',(461.30455353085,157.28895093256,
    210.94341527648));
#3874 = CARTESIAN_POINT('',(461.32284284073,157.21760131102,
    210.88582400491));
#3875 = CARTESIAN_POINT('',(461.3651761827,157.0450122149,
    210.75422126691));
#3876 = CARTESIAN_POINT('',(461.38903401843,156.94193158436,
    210.68138281207));
#3877 = CARTESIAN_POINT('',(461.41227423666,156.8347260952,
    210.61144504623));
#3878 = CARTESIAN_POINT('',(461.43468516028,156.72337611751,
    210.54469205778));
#3879 = CARTESIAN_POINT('',(461.45604020258,156.60787675061,
    210.48143513439));
#3880 = CARTESIAN_POINT('',(461.51262194762,156.27041387823,
    210.31382489911));
#3881 = CARTESIAN_POINT('',(461.54507592365,156.03751943919,
    210.21767979889));
#3882 = CARTESIAN_POINT('',(461.5715447438,155.79151187899,
    210.13702281474));
#3883 = CARTESIAN_POINT('',(461.59028141739,155.53477170965,
    210.07455003701));
#3884 = CARTESIAN_POINT('',(461.6,155.26998019563,210.03229610395));
#3885 = CARTESIAN_POINT('',(461.6,155.,210.01165396624));
#3886 = PCURVE('',#2527,#3887);
#3887 = DEFINITIONAL_REPRESENTATION('',(#3888),#3951);
#3888 = B_SPLINE_CURVE_WITH_KNOTS('',6,(#3889,#3890,#3891,#3892,#3893,
    #3894,#3895,#3896,#3897,#3898,#3899,#3900,#3901,#3902,#3903,#3904,
    #3905,#3906,#3907,#3908,#3909,#3910,#3911,#3912,#3913,#3914,#3915,
    #3916,#3917,#3918,#3919,#3920,#3921,#3922,#3923,#3924,#3925,#3926,
    #3927,#3928,#3929,#3930,#3931,#3932,#3933,#3934,#3935,#3936,#3937,
    #3938,#3939,#3940,#3941,#3942,#3943,#3944,#3945,#3946,#3947,#3948,
    #3949,#3950),.UNSPECIFIED.,.F.,.F.,(7,5,5,5,5,5,5,5,5,5,5,5,7),(0.,
    0.108334009031,0.168622501281,0.214483427416,0.251728688515,
    0.368750979901,0.500006762531,0.629673746977,0.747890479135,
    0.784650267065,0.829573206444,0.889993415081,1.),.UNSPECIFIED.);
#3889 = CARTESIAN_POINT('',(1.647149550685,138.48995235787));
#3890 = CARTESIAN_POINT('',(1.713760945105,138.49896420626));
#3891 = CARTESIAN_POINT('',(1.779452939216,138.51722350638));
#3892 = CARTESIAN_POINT('',(1.844048643541,138.54397553489));
#3893 = CARTESIAN_POINT('',(1.907332382603,138.57791262571));
#3894 = CARTESIAN_POINT('',(1.969023792897,138.61729325881));
#3895 = CARTESIAN_POINT('',(2.061951198578,138.68410632706));
#3896 = CARTESIAN_POINT('',(2.094670512176,138.70917144837));
#3897 = CARTESIAN_POINT('',(2.126911191548,138.73517398516));
#3898 = CARTESIAN_POINT('',(2.158696673582,138.7618873024));
#3899 = CARTESIAN_POINT('',(2.190048534881,138.78909977688));
#3900 = CARTESIAN_POINT('',(2.244523506371,138.83754869916));
#3901 = CARTESIAN_POINT('',(2.267824540582,138.85866046138));
#3902 = CARTESIAN_POINT('',(2.290904300376,138.87987026254));
#3903 = CARTESIAN_POINT('',(2.313775882638,138.90110181473));
#3904 = CARTESIAN_POINT('',(2.336452355646,138.92228433307));
#3905 = CARTESIAN_POINT('',(2.377215250338,138.9604627595));
#3906 = CARTESIAN_POINT('',(2.395363518533,138.97749734168));
#3907 = CARTESIAN_POINT('',(2.413398449302,138.99442116393));
#3908 = CARTESIAN_POINT('',(2.431326691147,139.01120082184));
#3909 = CARTESIAN_POINT('',(2.449154655426,139.02780462485));
#3910 = CARTESIAN_POINT('',(2.522607203207,139.09572400172));
#3911 = CARTESIAN_POINT('',(2.577423525401,139.14523744012));
#3912 = CARTESIAN_POINT('',(2.631496603035,139.19177861189));
#3913 = CARTESIAN_POINT('',(2.684973520587,139.23453720575));
#3914 = CARTESIAN_POINT('',(2.737996013288,139.27283830069));
#3915 = CARTESIAN_POINT('',(2.849829581222,139.34345776664));
#3916 = CARTESIAN_POINT('',(2.908558392713,139.37448088523));
#3917 = CARTESIAN_POINT('',(2.966995068026,139.39834455837));
#3918 = CARTESIAN_POINT('',(3.025242654863,139.41445813775));
#3919 = CARTESIAN_POINT('',(3.08340562245,139.42252112735));
#3920 = CARTESIAN_POINT('',(3.199075354242,139.42252112735));
#3921 = CARTESIAN_POINT('',(3.256535344587,139.4146521539));
#3922 = CARTESIAN_POINT('',(3.314076896596,139.39892576928));
#3923 = CARTESIAN_POINT('',(3.371800344363,139.37562838724));
#3924 = CARTESIAN_POINT('',(3.429804640895,139.34532322126));
#3925 = CARTESIAN_POINT('',(3.541414203966,139.27554030612));
#3926 = CARTESIAN_POINT('',(3.594952550696,139.23711055032));
#3927 = CARTESIAN_POINT('',(3.6489490133,139.19410108407));
#3928 = CARTESIAN_POINT('',(3.703548947241,139.14720404815));
#3929 = CARTESIAN_POINT('',(3.758903216974,139.09725250792));
#3930 = CARTESIAN_POINT('',(3.83267306633,139.02906596756));
#3931 = CARTESIAN_POINT('',(3.850262385244,139.01269066062));
#3932 = CARTESIAN_POINT('',(3.867949046705,138.9961423912));
#3933 = CARTESIAN_POINT('',(3.885739203495,138.97945155722));
#3934 = CARTESIAN_POINT('',(3.903639235182,138.96265017459));
#3935 = CARTESIAN_POINT('',(3.943673141673,138.92514546));
#3936 = CARTESIAN_POINT('',(3.96586430902,138.90440450808));
#3937 = CARTESIAN_POINT('',(3.988241468946,138.88361015754));
#3938 = CARTESIAN_POINT('',(4.010816890922,138.86282855996));
#3939 = CARTESIAN_POINT('',(4.033602895085,138.8421308825));
#3940 = CARTESIAN_POINT('',(4.087558313263,138.79397079343));
#3941 = CARTESIAN_POINT('',(4.118914835059,138.76663205265));
#3942 = CARTESIAN_POINT('',(4.150703549227,138.73977073419));
#3943 = CARTESIAN_POINT('',(4.182946772527,138.713597728));
#3944 = CARTESIAN_POINT('',(4.215668629792,138.68833932441));
#3945 = CARTESIAN_POINT('',(4.309394713223,138.62034950433));
#3946 = CARTESIAN_POINT('',(4.371945559307,138.58001864234));
#3947 = CARTESIAN_POINT('',(4.436140013003,138.54522493731));
#3948 = CARTESIAN_POINT('',(4.501691696512,138.51779507937));
#3949 = CARTESIAN_POINT('',(4.568382398368,138.49910517342));
#3950 = CARTESIAN_POINT('',(4.636035756494,138.48995235787));
#3951 = ( GEOMETRIC_REPRESENTATION_CONTEXT(2) 
PARAMETRIC_REPRESENTATION_CONTEXT() REPRESENTATION_CONTEXT('2D SPACE',''
  ) );
#3952 = PCURVE('',#2742,#3953);
#3953 = DEFINITIONAL_REPRESENTATION('',(#3954),#4017);
#3954 = B_SPLINE_CURVE_WITH_KNOTS('',6,(#3955,#3956,#3957,#3958,#3959,
    #3960,#3961,#3962,#3963,#3964,#3965,#3966,#3967,#3968,#3969,#3970,
    #3971,#3972,#3973,#3974,#3975,#3976,#3977,#3978,#3979,#3980,#3981,
    #3982,#3983,#3984,#3985,#3986,#3987,#3988,#3989,#3990,#3991,#3992,
    #3993,#3994,#3995,#3996,#3997,#3998,#3999,#4000,#4001,#4002,#4003,
    #4004,#4005,#4006,#4007,#4008,#4009,#4010,#4011,#4012,#4013,#4014,
    #4015,#4016),.UNSPECIFIED.,.F.,.F.,(7,5,5,5,5,5,5,5,5,5,5,5,7),(0.,
    0.108334009031,0.168622501281,0.214483427416,0.251728688515,
    0.368750979901,0.500006762531,0.629673746977,0.747890479135,
    0.784650267065,0.829573206444,0.889993415081,1.),.UNSPECIFIED.);
#3955 = CARTESIAN_POINT('',(0.,7.988346033759));
#3956 = CARTESIAN_POINT('',(2.953578817907E-02,7.968021816089));
#3957 = CARTESIAN_POINT('',(5.851882055877E-02,7.926742161963));
#3958 = CARTESIAN_POINT('',(8.668790043612E-02,7.865822748549));
#3959 = CARTESIAN_POINT('',(0.113792292907,7.78720126895));
#3960 = CARTESIAN_POINT('',(0.139590154785,7.693454337643));
#3961 = CARTESIAN_POINT('',(0.177372455941,7.529124349575));
#3962 = CARTESIAN_POINT('',(0.190453858838,7.466511859552));
#3963 = CARTESIAN_POINT('',(0.203106630187,7.400380601411));
#3964 = CARTESIAN_POINT('',(0.215329784138,7.331043386354));
#3965 = CARTESIAN_POINT('',(0.227123108852,7.258786608092));
#3966 = CARTESIAN_POINT('',(0.247132111691,7.126883300298));
#3967 = CARTESIAN_POINT('',(0.25553007702,7.06834706748));
#3968 = CARTESIAN_POINT('',(0.26368299069,7.008365785495));
#3969 = CARTESIAN_POINT('',(0.271592587568,6.947032638457));
#3970 = CARTESIAN_POINT('',(0.279260640028,6.884430479344));
#3971 = CARTESIAN_POINT('',(0.292721754563,6.76881871689));
#3972 = CARTESIAN_POINT('',(0.29859636683,6.716217059837));
#3973 = CARTESIAN_POINT('',(0.304313704699,6.662866028277));
#3974 = CARTESIAN_POINT('',(0.30987455647,6.608801914859));
#3975 = CARTESIAN_POINT('',(0.315279588789,6.55405813544));
#3976 = CARTESIAN_POINT('',(0.33702375898,6.324624166197));
#3977 = CARTESIAN_POINT('',(0.351993181127,6.144093479768));
#3978 = CARTESIAN_POINT('',(0.365442503862,5.958111467414));
#3979 = CARTESIAN_POINT('',(0.377371257682,5.767498789824));
#3980 = CARTESIAN_POINT('',(0.387772918956,5.572915479599));
#3981 = CARTESIAN_POINT('',(0.406573318038,5.152837862741));
#3982 = CARTESIAN_POINT('',(0.414574221765,4.926469132016));
#3983 = CARTESIAN_POINT('',(0.42060154307,4.696971897971));
#3984 = CARTESIAN_POINT('',(0.424629944608,4.465399997225));
#3985 = CARTESIAN_POINT('',(0.426645690698,4.232748124561));
#3986 = CARTESIAN_POINT('',(0.426645690698,3.770069197391));
#3987 = CARTESIAN_POINT('',(0.42467844854,3.540229233303));
#3988 = CARTESIAN_POINT('',(0.420746846243,3.311430586261));
#3989 = CARTESIAN_POINT('',(0.414864016447,3.08463405268));
#3990 = CARTESIAN_POINT('',(0.407054231404,2.860856020357));
#3991 = CARTESIAN_POINT('',(0.388505502457,2.440965218651));
#3992 = CARTESIAN_POINT('',(0.378086637952,2.244165520754));
#3993 = CARTESIAN_POINT('',(0.366108802658,2.051386035194));
#3994 = CARTESIAN_POINT('',(0.352579006872,1.863305086984));
#3995 = CARTESIAN_POINT('',(0.33749803987,1.680766622362));
#3996 = CARTESIAN_POINT('',(0.315687893227,1.450134940143));
#3997 = CARTESIAN_POINT('',(0.310363383433,1.396061104417));
#3998 = CARTESIAN_POINT('',(0.304887121368,1.342647616391));
#3999 = CARTESIAN_POINT('',(0.299258471795,1.289926489068));
#4000 = CARTESIAN_POINT('',(0.293476683057,1.237932443703));
#4001 = CARTESIAN_POINT('',(0.280286944172,1.124096965222));
#4002 = CARTESIAN_POINT('',(0.272803085822,1.062633627659));
#4003 = CARTESIAN_POINT('',(0.265087630897,1.002380673778));
#4004 = CARTESIAN_POINT('',(0.257138917448,0.943415276484));
#4005 = CARTESIAN_POINT('',(0.248955302712,0.885824004915));
#4006 = CARTESIAN_POINT('',(0.22921028992,0.754221266918));
#4007 = CARTESIAN_POINT('',(0.217455126099,0.681382812074));
#4008 = CARTESIAN_POINT('',(0.205268572442,0.611445046234));
#4009 = CARTESIAN_POINT('',(0.192650506739,0.544692057781));
#4010 = CARTESIAN_POINT('',(0.179601552435,0.481435134397));
#4011 = CARTESIAN_POINT('',(0.141582277904,0.313824899112));
#4012 = CARTESIAN_POINT('',(0.115465065339,0.217679798899));
#4013 = CARTESIAN_POINT('',(8.799431142113E-02,0.137022814747));
#4014 = CARTESIAN_POINT('',(5.94190892965E-02,7.455003701279E-02));
#4015 = CARTESIAN_POINT('',(2.999779951527E-02,3.229610395094E-02));
#4016 = CARTESIAN_POINT('',(0.,1.16539662408E-02));
#4017 = ( GEOMETRIC_REPRESENTATION_CONTEXT(2) 
PARAMETRIC_REPRESENTATION_CONTEXT() REPRESENTATION_CONTEXT('2D SPACE',''
  ) );
#4018 = ORIENTED_EDGE('',*,*,#4019,.F.);
#4019 = EDGE_CURVE('',#2669,#3820,#4020,.T.);
#4020 = SURFACE_CURVE('',#4021,(#4054,#4090),.PCURVE_S1.);
#4021 = B_SPLINE_CURVE_WITH_KNOTS('',6,(#4022,#4023,#4024,#4025,#4026,
    #4027,#4028,#4029,#4030,#4031,#4032,#4033,#4034,#4035,#4036,#4037,
    #4038,#4039,#4040,#4041,#4042,#4043,#4044,#4045,#4046,#4047,#4048,
    #4049,#4050,#4051,#4052,#4053),.UNSPECIFIED.,.F.,.F.,(7,5,5,5,5,5,7)
  ,(0.,0.239807510197,0.458438811388,0.526422756841,0.614380118424,
    0.727863576163,1.),.UNSPECIFIED.);
#4022 = CARTESIAN_POINT('',(460.52201609553,150.72897424708,214.));
#4023 = CARTESIAN_POINT('',(460.52201609553,150.72897424708,
    214.2299308026));
#4024 = CARTESIAN_POINT('',(460.53041824276,150.74455878557,
    214.45977076669));
#4025 = CARTESIAN_POINT('',(460.54721019058,150.77570493577,
    214.68856941373));
#4026 = CARTESIAN_POINT('',(460.57210604686,150.8224329311,
    214.91536594732));
#4027 = CARTESIAN_POINT('',(460.6045440985,150.88479655271,
    215.13914397964));
#4028 = CARTESIAN_POINT('',(460.67942823395,151.03399725811,
    215.55903479073));
#4029 = CARTESIAN_POINT('',(460.72073577577,151.11818292411,
    215.75583446465));
#4030 = CARTESIAN_POINT('',(460.76707211047,151.21552963903,
    215.94861396449));
#4031 = CARTESIAN_POINT('',(460.81775286797,151.3262784884,
    216.13669492747));
#4032 = CARTESIAN_POINT('',(460.87195537631,151.45075023755,
    216.31923336896));
#4033 = CARTESIAN_POINT('',(460.94634294699,151.63240038054,
    216.54986505985));
#4034 = CARTESIAN_POINT('',(460.9642356695,151.67685613507,
    216.60393889558));
#4035 = CARTESIAN_POINT('',(460.98234838073,151.72269529109,
    216.6573523836));
#4036 = CARTESIAN_POINT('',(461.00065118202,151.76993308124,
    216.71007351093));
#4037 = CARTESIAN_POINT('',(461.01911258717,151.81858566481,
    216.76206755629));
#4038 = CARTESIAN_POINT('',(461.06174722626,151.93346920905,
    216.87957765993));
#4039 = CARTESIAN_POINT('',(461.08600459515,152.00066402601,
    216.94457743406));
#4040 = CARTESIAN_POINT('',(461.11040042155,152.07029296003,
    217.00821616889));
#4041 = CARTESIAN_POINT('',(461.13485708599,152.14239307016,
    217.07040167375));
#4042 = CARTESIAN_POINT('',(461.15929055703,152.21700009299,
    217.13102981101));
#4043 = CARTESIAN_POINT('',(461.21498808199,152.39368600643,
    217.26604841385));
#4044 = CARTESIAN_POINT('',(461.24618425147,152.4974783037,
    217.33934544811));
#4045 = CARTESIAN_POINT('',(461.27699381074,152.6055695088,
    217.40959792813));
#4046 = CARTESIAN_POINT('',(461.30719300316,152.71798907148,
    217.47650105294));
#4047 = CARTESIAN_POINT('',(461.33654163945,152.8347509304,
    217.53972206131));
#4048 = CARTESIAN_POINT('',(461.43251447798,153.24625813363,
    217.74080827588));
#4049 = CARTESIAN_POINT('',(461.49505212009,153.56660705177,
    217.8619007177));
#4050 = CARTESIAN_POINT('',(461.54663700338,153.9105506296,
    217.95180978212));
#4051 = CARTESIAN_POINT('',(461.58236063989,154.27011316208,
    218.00420508127));
#4052 = CARTESIAN_POINT('',(461.6,154.63627157933,218.01615597045));
#4053 = CARTESIAN_POINT('',(461.6,155.,217.98834603375));
#4054 = PCURVE('',#2527,#4055);
#4055 = DEFINITIONAL_REPRESENTATION('',(#4056),#4089);
#4056 = B_SPLINE_CURVE_WITH_KNOTS('',6,(#4057,#4058,#4059,#4060,#4061,
    #4062,#4063,#4064,#4065,#4066,#4067,#4068,#4069,#4070,#4071,#4072,
    #4073,#4074,#4075,#4076,#4077,#4078,#4079,#4080,#4081,#4082,#4083,
    #4084,#4085,#4086,#4087,#4088),.UNSPECIFIED.,.F.,.F.,(7,5,5,5,5,5,7)
  ,(0.,0.239807510197,0.458438811388,0.526422756841,0.614380118424,
    0.727863576163,1.),.UNSPECIFIED.);
#4057 = CARTESIAN_POINT('',(0.,139.42252112735));
#4058 = CARTESIAN_POINT('',(5.748270065222E-02,139.42252112735));
#4059 = CARTESIAN_POINT('',(0.114942690998,139.4146521539));
#4060 = CARTESIAN_POINT('',(0.172484243006,139.39892576928));
#4061 = CARTESIAN_POINT('',(0.230207690773,139.37562838724));
#4062 = CARTESIAN_POINT('',(0.288211987306,139.34532322126));
#4063 = CARTESIAN_POINT('',(0.39982155287,139.27554030456));
#4064 = CARTESIAN_POINT('',(0.453359892923,139.23711055352));
#4065 = CARTESIAN_POINT('',(0.507356359844,139.1941010836));
#4066 = CARTESIAN_POINT('',(0.561956297902,139.14720404473));
#4067 = CARTESIAN_POINT('',(0.617310560612,139.09725251048));
#4068 = CARTESIAN_POINT('',(0.69108041274,139.02906596756));
#4069 = CARTESIAN_POINT('',(0.708669731654,139.01269066062));
#4070 = CARTESIAN_POINT('',(0.726356393115,138.9961423912));
#4071 = CARTESIAN_POINT('',(0.744146549906,138.97945155722));
#4072 = CARTESIAN_POINT('',(0.762046581592,138.96265017459));
#4073 = CARTESIAN_POINT('',(0.80337278818,138.92393480257));
#4074 = CARTESIAN_POINT('',(0.826877221021,138.90196940307));
#4075 = CARTESIAN_POINT('',(0.850590932513,138.8799481466));
#4076 = CARTESIAN_POINT('',(0.874528494904,138.85794986438));
#4077 = CARTESIAN_POINT('',(0.898704513219,138.83605975109));
#4078 = CARTESIAN_POINT('',(0.954652307197,138.78638421394));
#4079 = CARTESIAN_POINT('',(0.986600212,138.75872472307));
#4080 = CARTESIAN_POINT('',(1.01899929951,138.73159736091));
#4081 = CARTESIAN_POINT('',(1.051871875908,138.70522675386));
#4082 = CARTESIAN_POINT('',(1.08524229996,138.67985342569));
#4083 = CARTESIAN_POINT('',(1.200423154453,138.59788659172));
#4084 = CARTESIAN_POINT('',(1.286127788823,138.5462453043));
#4085 = CARTESIAN_POINT('',(1.374618308289,138.50635038123));
#4086 = CARTESIAN_POINT('',(1.464862875498,138.48283709812));
#4087 = CARTESIAN_POINT('',(1.556004164831,138.4776213084));
#4088 = CARTESIAN_POINT('',(1.647149550685,138.48995235787));
#4089 = ( GEOMETRIC_REPRESENTATION_CONTEXT(2) 
PARAMETRIC_REPRESENTATION_CONTEXT() REPRESENTATION_CONTEXT('2D SPACE',''
  ) );
#4090 = PCURVE('',#2742,#4091);
#4091 = DEFINITIONAL_REPRESENTATION('',(#4092),#4125);
#4092 = B_SPLINE_CURVE_WITH_KNOTS('',6,(#4093,#4094,#4095,#4096,#4097,
    #4098,#4099,#4100,#4101,#4102,#4103,#4104,#4105,#4106,#4107,#4108,
    #4109,#4110,#4111,#4112,#4113,#4114,#4115,#4116,#4117,#4118,#4119,
    #4120,#4121,#4122,#4123,#4124),.UNSPECIFIED.,.F.,.F.,(7,5,5,5,5,5,7)
  ,(0.,0.239807510197,0.458438811388,0.526422756841,0.614380118424,
    0.727863576163,1.),.UNSPECIFIED.);
#4093 = CARTESIAN_POINT('',(5.788723014515,4.));
#4094 = CARTESIAN_POINT('',(5.788723014515,4.229930802609));
#4095 = CARTESIAN_POINT('',(5.790690256673,4.459770766697));
#4096 = CARTESIAN_POINT('',(5.79462185897,4.688569413739));
#4097 = CARTESIAN_POINT('',(5.800504688765,4.91536594732));
#4098 = CARTESIAN_POINT('',(5.808314473809,5.139143979644));
#4099 = CARTESIAN_POINT('',(5.82686320317,5.559034790731));
#4100 = CARTESIAN_POINT('',(5.837282066322,5.755834464658));
#4101 = CARTESIAN_POINT('',(5.849259902744,5.948613964492));
#4102 = CARTESIAN_POINT('',(5.862789699369,6.136694927471));
#4103 = CARTESIAN_POINT('',(5.877870664522,6.319233368969));
#4104 = CARTESIAN_POINT('',(5.899680811986,6.549865059857));
#4105 = CARTESIAN_POINT('',(5.90500532178,6.603938895583));
#4106 = CARTESIAN_POINT('',(5.910481583844,6.657352383609));
#4107 = CARTESIAN_POINT('',(5.916110233417,6.710073510932));
#4108 = CARTESIAN_POINT('',(5.921892022156,6.762067556297));
#4109 = CARTESIAN_POINT('',(5.935507527655,6.879577659931));
#4110 = CARTESIAN_POINT('',(5.94344491827,6.944577434068));
#4111 = CARTESIAN_POINT('',(5.951642008707,7.008216168896));
#4112 = CARTESIAN_POINT('',(5.960100774179,7.070401673751));
#4113 = CARTESIAN_POINT('',(5.968823146388,7.131029811014));
#4114 = CARTESIAN_POINT('',(5.989407248576,7.266048413858));
#4115 = CARTESIAN_POINT('',(6.001448296123,7.339345448117));
#4116 = CARTESIAN_POINT('',(6.013934792785,7.409597928132));
#4117 = CARTESIAN_POINT('',(6.026866268519,7.476501052948));
#4118 = CARTESIAN_POINT('',(6.040241398841,7.53972206131));
#4119 = CARTESIAN_POINT('',(6.087191459524,7.740808275886));
#4120 = CARTESIAN_POINT('',(6.123433968378,7.861900717704));
#4121 = CARTESIAN_POINT('',(6.162017434784,7.951809782129));
#4122 = CARTESIAN_POINT('',(6.202086556008,8.004205081275));
#4123 = CARTESIAN_POINT('',(6.242771038216,8.01615597045));
#4124 = CARTESIAN_POINT('',(6.28318530718,7.988346033759));
#4125 = ( GEOMETRIC_REPRESENTATION_CONTEXT(2) 
PARAMETRIC_REPRESENTATION_CONTEXT() REPRESENTATION_CONTEXT('2D SPACE',''
  ) );
#4126 = ADVANCED_FACE('',(#4127),#3778,.T.);
#4127 = FACE_BOUND('',#4128,.T.);
#4128 = EDGE_LOOP('',(#4129,#4130,#4159));
#4129 = ORIENTED_EDGE('',*,*,#3704,.T.);
#4130 = ORIENTED_EDGE('',*,*,#4131,.T.);
#4131 = EDGE_CURVE('',#3595,#4132,#4134,.T.);
#4132 = VERTEX_POINT('',#4133);
#4133 = CARTESIAN_POINT('',(461.6,155.,210.));
#4134 = SURFACE_CURVE('',#4135,(#4140,#4147),.PCURVE_S1.);
#4135 = CIRCLE('',#4136,9.);
#4136 = AXIS2_PLACEMENT_3D('',#4137,#4138,#4139);
#4137 = CARTESIAN_POINT('',(452.6,155.,210.));
#4138 = DIRECTION('',(0.,0.,1.));
#4139 = DIRECTION('',(1.,0.,-0.));
#4140 = PCURVE('',#3778,#4141);
#4141 = DEFINITIONAL_REPRESENTATION('',(#4142),#4146);
#4142 = LINE('',#4143,#4144);
#4143 = CARTESIAN_POINT('',(0.,0.));
#4144 = VECTOR('',#4145,1.);
#4145 = DIRECTION('',(1.,0.));
#4146 = ( GEOMETRIC_REPRESENTATION_CONTEXT(2) 
PARAMETRIC_REPRESENTATION_CONTEXT() REPRESENTATION_CONTEXT('2D SPACE',''
  ) );
#4147 = PCURVE('',#4148,#4153);
#4148 = PLANE('',#4149);
#4149 = AXIS2_PLACEMENT_3D('',#4150,#4151,#4152);
#4150 = CARTESIAN_POINT('',(452.6,155.,210.));
#4151 = DIRECTION('',(0.,0.,1.));
#4152 = DIRECTION('',(1.,0.,-0.));
#4153 = DEFINITIONAL_REPRESENTATION('',(#4154),#4158);
#4154 = CIRCLE('',#4155,9.);
#4155 = AXIS2_PLACEMENT_2D('',#4156,#4157);
#4156 = CARTESIAN_POINT('',(0.,0.));
#4157 = DIRECTION('',(1.,0.));
#4158 = ( GEOMETRIC_REPRESENTATION_CONTEXT(2) 
PARAMETRIC_REPRESENTATION_CONTEXT() REPRESENTATION_CONTEXT('2D SPACE',''
  ) );
#4159 = ORIENTED_EDGE('',*,*,#4160,.T.);
#4160 = EDGE_CURVE('',#4132,#3705,#4161,.T.);
#4161 = SURFACE_CURVE('',#4162,(#4166,#4173),.PCURVE_S1.);
#4162 = LINE('',#4163,#4164);
#4163 = CARTESIAN_POINT('',(461.6,155.,210.));
#4164 = VECTOR('',#4165,1.);
#4165 = DIRECTION('',(0.,0.,1.));
#4166 = PCURVE('',#3778,#4167);
#4167 = DEFINITIONAL_REPRESENTATION('',(#4168),#4172);
#4168 = LINE('',#4169,#4170);
#4169 = CARTESIAN_POINT('',(6.28318530718,-0.));
#4170 = VECTOR('',#4171,1.);
#4171 = DIRECTION('',(0.,1.));
#4172 = ( GEOMETRIC_REPRESENTATION_CONTEXT(2) 
PARAMETRIC_REPRESENTATION_CONTEXT() REPRESENTATION_CONTEXT('2D SPACE',''
  ) );
#4173 = PCURVE('',#2742,#4174);
#4174 = DEFINITIONAL_REPRESENTATION('',(#4175),#4179);
#4175 = LINE('',#4176,#4177);
#4176 = CARTESIAN_POINT('',(0.,-0.));
#4177 = VECTOR('',#4178,1.);
#4178 = DIRECTION('',(0.,1.));
#4179 = ( GEOMETRIC_REPRESENTATION_CONTEXT(2) 
PARAMETRIC_REPRESENTATION_CONTEXT() REPRESENTATION_CONTEXT('2D SPACE',''
  ) );
#4180 = ADVANCED_FACE('',(#4181),#4148,.F.);
#4181 = FACE_BOUND('',#4182,.F.);
#4182 = EDGE_LOOP('',(#4183,#4205));
#4183 = ORIENTED_EDGE('',*,*,#4184,.T.);
#4184 = EDGE_CURVE('',#4132,#3595,#4185,.T.);
#4185 = SURFACE_CURVE('',#4186,(#4191,#4198),.PCURVE_S1.);
#4186 = CIRCLE('',#4187,9.);
#4187 = AXIS2_PLACEMENT_3D('',#4188,#4189,#4190);
#4188 = CARTESIAN_POINT('',(452.6,155.,210.));
#4189 = DIRECTION('',(0.,0.,1.));
#4190 = DIRECTION('',(1.,0.,-0.));
#4191 = PCURVE('',#4148,#4192);
#4192 = DEFINITIONAL_REPRESENTATION('',(#4193),#4197);
#4193 = CIRCLE('',#4194,9.);
#4194 = AXIS2_PLACEMENT_2D('',#4195,#4196);
#4195 = CARTESIAN_POINT('',(0.,0.));
#4196 = DIRECTION('',(1.,0.));
#4197 = ( GEOMETRIC_REPRESENTATION_CONTEXT(2) 
PARAMETRIC_REPRESENTATION_CONTEXT() REPRESENTATION_CONTEXT('2D SPACE',''
  ) );
#4198 = PCURVE('',#2742,#4199);
#4199 = DEFINITIONAL_REPRESENTATION('',(#4200),#4204);
#4200 = LINE('',#4201,#4202);
#4201 = CARTESIAN_POINT('',(0.,0.));
#4202 = VECTOR('',#4203,1.);
#4203 = DIRECTION('',(1.,0.));
#4204 = ( GEOMETRIC_REPRESENTATION_CONTEXT(2) 
PARAMETRIC_REPRESENTATION_CONTEXT() REPRESENTATION_CONTEXT('2D SPACE',''
  ) );
#4205 = ORIENTED_EDGE('',*,*,#4131,.T.);
#4206 = ADVANCED_FACE('',(#4207),#2742,.T.);
#4207 = FACE_BOUND('',#4208,.T.);
#4208 = EDGE_LOOP('',(#4209,#4238,#4259,#4260,#4261,#4262,#4263,#4264,
    #4265,#4266));
#4209 = ORIENTED_EDGE('',*,*,#4210,.F.);
#4210 = EDGE_CURVE('',#4211,#2669,#4213,.T.);
#4211 = VERTEX_POINT('',#4212);
#4212 = CARTESIAN_POINT('',(461.6,155.,218.));
#4213 = SURFACE_CURVE('',#4214,(#4219,#4226),.PCURVE_S1.);
#4214 = CIRCLE('',#4215,9.);
#4215 = AXIS2_PLACEMENT_3D('',#4216,#4217,#4218);
#4216 = CARTESIAN_POINT('',(452.6,155.,218.));
#4217 = DIRECTION('',(0.,0.,1.));
#4218 = DIRECTION('',(1.,0.,-0.));
#4219 = PCURVE('',#2742,#4220);
#4220 = DEFINITIONAL_REPRESENTATION('',(#4221),#4225);
#4221 = LINE('',#4222,#4223);
#4222 = CARTESIAN_POINT('',(0.,8.));
#4223 = VECTOR('',#4224,1.);
#4224 = DIRECTION('',(1.,0.));
#4225 = ( GEOMETRIC_REPRESENTATION_CONTEXT(2) 
PARAMETRIC_REPRESENTATION_CONTEXT() REPRESENTATION_CONTEXT('2D SPACE',''
  ) );
#4226 = PCURVE('',#4227,#4232);
#4227 = PLANE('',#4228);
#4228 = AXIS2_PLACEMENT_3D('',#4229,#4230,#4231);
#4229 = CARTESIAN_POINT('',(452.6,155.,218.));
#4230 = DIRECTION('',(0.,0.,1.));
#4231 = DIRECTION('',(1.,0.,-0.));
#4232 = DEFINITIONAL_REPRESENTATION('',(#4233),#4237);
#4233 = CIRCLE('',#4234,9.);
#4234 = AXIS2_PLACEMENT_2D('',#4235,#4236);
#4235 = CARTESIAN_POINT('',(0.,0.));
#4236 = DIRECTION('',(1.,0.));
#4237 = ( GEOMETRIC_REPRESENTATION_CONTEXT(2) 
PARAMETRIC_REPRESENTATION_CONTEXT() REPRESENTATION_CONTEXT('2D SPACE',''
  ) );
#4238 = ORIENTED_EDGE('',*,*,#4239,.F.);
#4239 = EDGE_CURVE('',#3820,#4211,#4240,.T.);
#4240 = SEAM_CURVE('',#4241,(#4245,#4252),.PCURVE_S1.);
#4241 = LINE('',#4242,#4243);
#4242 = CARTESIAN_POINT('',(461.6,155.,210.));
#4243 = VECTOR('',#4244,1.);
#4244 = DIRECTION('',(0.,0.,1.));
#4245 = PCURVE('',#2742,#4246);
#4246 = DEFINITIONAL_REPRESENTATION('',(#4247),#4251);
#4247 = LINE('',#4248,#4249);
#4248 = CARTESIAN_POINT('',(0.,-0.));
#4249 = VECTOR('',#4250,1.);
#4250 = DIRECTION('',(0.,1.));
#4251 = ( GEOMETRIC_REPRESENTATION_CONTEXT(2) 
PARAMETRIC_REPRESENTATION_CONTEXT() REPRESENTATION_CONTEXT('2D SPACE',''
  ) );
#4252 = PCURVE('',#2742,#4253);
#4253 = DEFINITIONAL_REPRESENTATION('',(#4254),#4258);
#4254 = LINE('',#4255,#4256);
#4255 = CARTESIAN_POINT('',(6.28318530718,-0.));
#4256 = VECTOR('',#4257,1.);
#4257 = DIRECTION('',(0.,1.));
#4258 = ( GEOMETRIC_REPRESENTATION_CONTEXT(2) 
PARAMETRIC_REPRESENTATION_CONTEXT() REPRESENTATION_CONTEXT('2D SPACE',''
  ) );
#4259 = ORIENTED_EDGE('',*,*,#3819,.T.);
#4260 = ORIENTED_EDGE('',*,*,#4160,.F.);
#4261 = ORIENTED_EDGE('',*,*,#4184,.T.);
#4262 = ORIENTED_EDGE('',*,*,#3594,.T.);
#4263 = ORIENTED_EDGE('',*,*,#2666,.T.);
#4264 = ORIENTED_EDGE('',*,*,#4019,.T.);
#4265 = ORIENTED_EDGE('',*,*,#4239,.T.);
#4266 = ORIENTED_EDGE('',*,*,#4267,.F.);
#4267 = EDGE_CURVE('',#2669,#4211,#4268,.T.);
#4268 = SURFACE_CURVE('',#4269,(#4274,#4281),.PCURVE_S1.);
#4269 = CIRCLE('',#4270,9.);
#4270 = AXIS2_PLACEMENT_3D('',#4271,#4272,#4273);
#4271 = CARTESIAN_POINT('',(452.6,155.,218.));
#4272 = DIRECTION('',(0.,0.,1.));
#4273 = DIRECTION('',(1.,0.,-0.));
#4274 = PCURVE('',#2742,#4275);
#4275 = DEFINITIONAL_REPRESENTATION('',(#4276),#4280);
#4276 = LINE('',#4277,#4278);
#4277 = CARTESIAN_POINT('',(0.,8.));
#4278 = VECTOR('',#4279,1.);
#4279 = DIRECTION('',(1.,0.));
#4280 = ( GEOMETRIC_REPRESENTATION_CONTEXT(2) 
PARAMETRIC_REPRESENTATION_CONTEXT() REPRESENTATION_CONTEXT('2D SPACE',''
  ) );
#4281 = PCURVE('',#4227,#4282);
#4282 = DEFINITIONAL_REPRESENTATION('',(#4283),#4287);
#4283 = CIRCLE('',#4284,9.);
#4284 = AXIS2_PLACEMENT_2D('',#4285,#4286);
#4285 = CARTESIAN_POINT('',(0.,0.));
#4286 = DIRECTION('',(1.,0.));
#4287 = ( GEOMETRIC_REPRESENTATION_CONTEXT(2) 
PARAMETRIC_REPRESENTATION_CONTEXT() REPRESENTATION_CONTEXT('2D SPACE',''
  ) );
#4288 = ADVANCED_FACE('',(#4289),#4227,.T.);
#4289 = FACE_BOUND('',#4290,.T.);
#4290 = EDGE_LOOP('',(#4291,#4292));
#4291 = ORIENTED_EDGE('',*,*,#4210,.T.);
#4292 = ORIENTED_EDGE('',*,*,#4267,.T.);
#4293 = ADVANCED_FACE('',(#4294),#2205,.T.);
#4294 = FACE_BOUND('',#4295,.T.);
#4295 = EDGE_LOOP('',(#4296,#4297));
#4296 = ORIENTED_EDGE('',*,*,#2186,.T.);
#4297 = ORIENTED_EDGE('',*,*,#4298,.T.);
#4298 = EDGE_CURVE('',#2189,#2187,#4299,.T.);
#4299 = SURFACE_CURVE('',#4300,(#4305,#4312),.PCURVE_S1.);
#4300 = CIRCLE('',#4301,9.);
#4301 = AXIS2_PLACEMENT_3D('',#4302,#4303,#4304);
#4302 = CARTESIAN_POINT('',(600.,150.,218.));
#4303 = DIRECTION('',(0.,0.,1.));
#4304 = DIRECTION('',(1.,0.,-0.));
#4305 = PCURVE('',#2205,#4306);
#4306 = DEFINITIONAL_REPRESENTATION('',(#4307),#4311);
#4307 = CIRCLE('',#4308,9.);
#4308 = AXIS2_PLACEMENT_2D('',#4309,#4310);
#4309 = CARTESIAN_POINT('',(0.,0.));
#4310 = DIRECTION('',(1.,0.));
#4311 = ( GEOMETRIC_REPRESENTATION_CONTEXT(2) 
PARAMETRIC_REPRESENTATION_CONTEXT() REPRESENTATION_CONTEXT('2D SPACE',''
  ) );
#4312 = PCURVE('',#1082,#4313);
#4313 = DEFINITIONAL_REPRESENTATION('',(#4314),#4318);
#4314 = LINE('',#4315,#4316);
#4315 = CARTESIAN_POINT('',(0.,8.));
#4316 = VECTOR('',#4317,1.);
#4317 = DIRECTION('',(1.,0.));
#4318 = ( GEOMETRIC_REPRESENTATION_CONTEXT(2) 
PARAMETRIC_REPRESENTATION_CONTEXT() REPRESENTATION_CONTEXT('2D SPACE',''
  ) );
#4319 = ADVANCED_FACE('',(#4320),#1129,.F.);
#4320 = FACE_BOUND('',#4321,.F.);
#4321 = EDGE_LOOP('',(#4322,#4344,#4345));
#4322 = ORIENTED_EDGE('',*,*,#4323,.T.);
#4323 = EDGE_CURVE('',#1027,#2218,#4324,.T.);
#4324 = SURFACE_CURVE('',#4325,(#4330,#4337),.PCURVE_S1.);
#4325 = CIRCLE('',#4326,9.);
#4326 = AXIS2_PLACEMENT_3D('',#4327,#4328,#4329);
#4327 = CARTESIAN_POINT('',(600.,150.,210.));
#4328 = DIRECTION('',(0.,0.,1.));
#4329 = DIRECTION('',(1.,0.,-0.));
#4330 = PCURVE('',#1129,#4331);
#4331 = DEFINITIONAL_REPRESENTATION('',(#4332),#4336);
#4332 = CIRCLE('',#4333,9.);
#4333 = AXIS2_PLACEMENT_2D('',#4334,#4335);
#4334 = CARTESIAN_POINT('',(0.,0.));
#4335 = DIRECTION('',(1.,0.));
#4336 = ( GEOMETRIC_REPRESENTATION_CONTEXT(2) 
PARAMETRIC_REPRESENTATION_CONTEXT() REPRESENTATION_CONTEXT('2D SPACE',''
  ) );
#4337 = PCURVE('',#1082,#4338);
#4338 = DEFINITIONAL_REPRESENTATION('',(#4339),#4343);
#4339 = LINE('',#4340,#4341);
#4340 = CARTESIAN_POINT('',(0.,0.));
#4341 = VECTOR('',#4342,1.);
#4342 = DIRECTION('',(1.,0.));
#4343 = ( GEOMETRIC_REPRESENTATION_CONTEXT(2) 
PARAMETRIC_REPRESENTATION_CONTEXT() REPRESENTATION_CONTEXT('2D SPACE',''
  ) );
#4344 = ORIENTED_EDGE('',*,*,#2240,.T.);
#4345 = ORIENTED_EDGE('',*,*,#1114,.T.);
#4346 = ADVANCED_FACE('',(#4347),#1082,.T.);
#4347 = FACE_BOUND('',#4348,.T.);
#4348 = EDGE_LOOP('',(#4349,#4350,#4351,#4352,#4353,#4354,#4355,#4356));
#4349 = ORIENTED_EDGE('',*,*,#4323,.T.);
#4350 = ORIENTED_EDGE('',*,*,#2217,.T.);
#4351 = ORIENTED_EDGE('',*,*,#4298,.F.);
#4352 = ORIENTED_EDGE('',*,*,#2806,.F.);
#4353 = ORIENTED_EDGE('',*,*,#3200,.F.);
#4354 = ORIENTED_EDGE('',*,*,#1474,.T.);
#4355 = ORIENTED_EDGE('',*,*,#1389,.T.);
#4356 = ORIENTED_EDGE('',*,*,#1026,.T.);
#4357 = ADVANCED_FACE('',(#4358),#698,.F.);
#4358 = FACE_BOUND('',#4359,.F.);
#4359 = EDGE_LOOP('',(#4360,#4361,#4362,#4363));
#4360 = ORIENTED_EDGE('',*,*,#870,.F.);
#4361 = ORIENTED_EDGE('',*,*,#680,.T.);
#4362 = ORIENTED_EDGE('',*,*,#919,.T.);
#4363 = ORIENTED_EDGE('',*,*,#4364,.F.);
#4364 = EDGE_CURVE('',#871,#920,#4365,.T.);
#4365 = SURFACE_CURVE('',#4366,(#4370,#4377),.PCURVE_S1.);
#4366 = LINE('',#4367,#4368);
#4367 = CARTESIAN_POINT('',(585.,60.,218.));
#4368 = VECTOR('',#4369,1.);
#4369 = DIRECTION('',(-0.,1.,0.));
#4370 = PCURVE('',#698,#4371);
#4371 = DEFINITIONAL_REPRESENTATION('',(#4372),#4376);
#4372 = LINE('',#4373,#4374);
#4373 = CARTESIAN_POINT('',(46.,0.));
#4374 = VECTOR('',#4375,1.);
#4375 = DIRECTION('',(0.,-1.));
#4376 = ( GEOMETRIC_REPRESENTATION_CONTEXT(2) 
PARAMETRIC_REPRESENTATION_CONTEXT() REPRESENTATION_CONTEXT('2D SPACE',''
  ) );
#4377 = PCURVE('',#365,#4378);
#4378 = DEFINITIONAL_REPRESENTATION('',(#4379),#4383);
#4379 = LINE('',#4380,#4381);
#4380 = CARTESIAN_POINT('',(0.,0.));
#4381 = VECTOR('',#4382,1.);
#4382 = DIRECTION('',(0.,1.));
#4383 = ( GEOMETRIC_REPRESENTATION_CONTEXT(2) 
PARAMETRIC_REPRESENTATION_CONTEXT() REPRESENTATION_CONTEXT('2D SPACE',''
  ) );
#4384 = ADVANCED_FACE('',(#4385),#534,.T.);
#4385 = FACE_BOUND('',#4386,.F.);
#4386 = EDGE_LOOP('',(#4387,#4409));
#4387 = ORIENTED_EDGE('',*,*,#4388,.F.);
#4388 = EDGE_CURVE('',#401,#380,#4389,.T.);
#4389 = SURFACE_CURVE('',#4390,(#4395,#4402),.PCURVE_S1.);
#4390 = CIRCLE('',#4391,8.);
#4391 = AXIS2_PLACEMENT_3D('',#4392,#4393,#4394);
#4392 = CARTESIAN_POINT('',(600.,92.,205.));
#4393 = DIRECTION('',(0.,1.,0.));
#4394 = DIRECTION('',(0.,-0.,1.));
#4395 = PCURVE('',#534,#4396);
#4396 = DEFINITIONAL_REPRESENTATION('',(#4397),#4401);
#4397 = LINE('',#4398,#4399);
#4398 = CARTESIAN_POINT('',(-0.,0.));
#4399 = VECTOR('',#4400,1.);
#4400 = DIRECTION('',(-1.,0.));
#4401 = ( GEOMETRIC_REPRESENTATION_CONTEXT(2) 
PARAMETRIC_REPRESENTATION_CONTEXT() REPRESENTATION_CONTEXT('2D SPACE',''
  ) );
#4402 = PCURVE('',#45,#4403);
#4403 = DEFINITIONAL_REPRESENTATION('',(#4404),#4408);
#4404 = CIRCLE('',#4405,8.);
#4405 = AXIS2_PLACEMENT_2D('',#4406,#4407);
#4406 = CARTESIAN_POINT('',(0.,-1.136868377216E-13));
#4407 = DIRECTION('',(1.,0.));
#4408 = ( GEOMETRIC_REPRESENTATION_CONTEXT(2) 
PARAMETRIC_REPRESENTATION_CONTEXT() REPRESENTATION_CONTEXT('2D SPACE',''
  ) );
#4409 = ORIENTED_EDGE('',*,*,#400,.T.);
#4410 = ADVANCED_FACE('',(#4411,#4417),#365,.T.);
#4411 = FACE_BOUND('',#4412,.T.);
#4412 = EDGE_LOOP('',(#4413,#4414,#4415,#4416));
#4413 = ORIENTED_EDGE('',*,*,#4364,.F.);
#4414 = ORIENTED_EDGE('',*,*,#893,.T.);
#4415 = ORIENTED_EDGE('',*,*,#845,.T.);
#4416 = ORIENTED_EDGE('',*,*,#942,.F.);
#4417 = FACE_BOUND('',#4418,.T.);
#4418 = EDGE_LOOP('',(#4419));
#4419 = ORIENTED_EDGE('',*,*,#350,.F.);
#4420 = ADVANCED_FACE('',(#4421),#45,.F.);
#4421 = FACE_BOUND('',#4422,.F.);
#4422 = EDGE_LOOP('',(#4423,#4424,#4425,#4426));
#4423 = ORIENTED_EDGE('',*,*,#21,.T.);
#4424 = ORIENTED_EDGE('',*,*,#656,.F.);
#4425 = ORIENTED_EDGE('',*,*,#4388,.T.);
#4426 = ORIENTED_EDGE('',*,*,#379,.T.);
#4427 = ( GEOMETRIC_REPRESENTATION_CONTEXT(3) 
GLOBAL_UNCERTAINTY_ASSIGNED_CONTEXT((#4431)) 
GLOBAL_UNIT_ASSIGNED_CONTEXT((#4428,#4429,#4430)) REPRESENTATION_CONTEXT
('Context #1','3D Context with UNIT and UNCERTAINTY') );
#4428 = ( LENGTH_UNIT() NAMED_UNIT(*) SI_UNIT(.MILLI.,.METRE.) );
#4429 = ( NAMED_UNIT(*) PLANE_ANGLE_UNIT() SI_UNIT($,.RADIAN.) );
#4430 = ( NAMED_UNIT(*) SI_UNIT($,.STERADIAN.) SOLID_ANGLE_UNIT() );
#4431 = UNCERTAINTY_MEASURE_WITH_UNIT(LENGTH_MEASURE(2.E-06),#4428,
  'distance_accuracy_value','confusion accuracy');
#4432 = PRODUCT_RELATED_PRODUCT_CATEGORY('part',$,(#7));
#4433 = MECHANICAL_DESIGN_GEOMETRIC_PRESENTATION_REPRESENTATION('',(
    #4434),#4427);
#4434 = STYLED_ITEM('color',(#4435),#15);
#4435 = PRESENTATION_STYLE_ASSIGNMENT((#4436));
#4436 = SURFACE_STYLE_USAGE(.BOTH.,#4437);
#4437 = SURFACE_SIDE_STYLE('',(#4438));
#4438 = SURFACE_STYLE_FILL_AREA(#4439);
#4439 = FILL_AREA_STYLE('',(#4440));
#4440 = FILL_AREA_STYLE_COLOUR('',#4441);
#4441 = COLOUR_RGB('',0.423582879168,0.423582879168,0.423582879168);
ENDSEC;
END-ISO-10303-21;
