ISO-10303-21;
HEADER;
FILE_DESCRIPTION(('Open CASCADE Model'),'2;1');
FILE_NAME('Open CASCADE Shape Model','2026-10-01T11:33:29',('Author'),(
    'Open CASCADE'),'Open CASCADE STEP processor 7.9','Open CASCADE 7.9'
  ,'Unknown');
FILE_SCHEMA(('AUTOMOTIVE_DESIGN { 1 0 10303 214 1 1 1 1 }'));
ENDSEC;
DATA;
#1 = APPLICATION_PROTOCOL_DEFINITION('international standard',
  'automotive_design',2000,#2);
#2 = APPLICATION_CONTEXT(
  'core data for automotive mechanical design processes');
#3 = SHAPE_DEFINITION_REPRESENTATION(#4,#10);
#4 = PRODUCT_DEFINITION_SHAPE('','',#5);
#5 = PRODUCT_DEFINITION('design','',#6,#9);
#6 = PRODUCT_DEFINITION_FORMATION('','',#7);
#7 = PRODUCT('C-HIT-02_Detachable_push_pull_rod_yellow',
  'C-HIT-02_Detachable_push_pull_rod_yellow','',(#8));
#8 = PRODUCT_CONTEXT('',#2,'mechanical');
#9 = PRODUCT_DEFINITION_CONTEXT('part definition',#2,'design');
#10 = ADVANCED_BREP_SHAPE_REPRESENTATION('',(#11,#15),#3184);
#11 = AXIS2_PLACEMENT_3D('',#12,#13,#14);
#12 = CARTESIAN_POINT('',(0.,0.,0.));
#13 = DIRECTION('',(0.,0.,1.));
#14 = DIRECTION('',(1.,0.,-0.));
#15 = MANIFOLD_SOLID_BREP('',#16);
#16 = CLOSED_SHELL('',(#17,#336,#425,#460,#1148,#1174,#1211,#1290,#1370,
    #1397,#1423,#1430,#1437,#1524,#1736,#1786,#1836,#1912,#2014,#2069,
    #2073,#2120,#2127,#2681,#2685,#2710,#2867,#2943,#3045,#3100,#3104,
    #3151,#3158,#3167,#3174));
#17 = ADVANCED_FACE('',(#18),#33,.T.);
#18 = FACE_BOUND('',#19,.F.);
#19 = EDGE_LOOP('',(#20,#56,#79,#120,#156,#192,#226,#227,#251,#280,#309)
  );
#20 = ORIENTED_EDGE('',*,*,#21,.F.);
#21 = EDGE_CURVE('',#22,#24,#26,.T.);
#22 = VERTEX_POINT('',#23);
#23 = CARTESIAN_POINT('',(0.,0.,12.7));
#24 = VERTEX_POINT('',#25);
#25 = CARTESIAN_POINT('',(0.,-7.82879301042,10.));
#26 = SURFACE_CURVE('',#27,(#32,#44),.PCURVE_S1.);
#27 = CIRCLE('',#28,12.7);
#28 = AXIS2_PLACEMENT_3D('',#29,#30,#31);
#29 = CARTESIAN_POINT('',(0.,0.,0.));
#30 = DIRECTION('',(1.,0.,0.));
#31 = DIRECTION('',(-0.,0.,1.));
#32 = PCURVE('',#33,#38);
#33 = CYLINDRICAL_SURFACE('',#34,12.7);
#34 = AXIS2_PLACEMENT_3D('',#35,#36,#37);
#35 = CARTESIAN_POINT('',(0.,0.,0.));
#36 = DIRECTION('',(-1.,-0.,-0.));
#37 = DIRECTION('',(-0.,0.,1.));
#38 = DEFINITIONAL_REPRESENTATION('',(#39),#43);
#39 = LINE('',#40,#41);
#40 = CARTESIAN_POINT('',(-0.,0.));
#41 = VECTOR('',#42,1.);
#42 = DIRECTION('',(-1.,0.));
#43 = ( GEOMETRIC_REPRESENTATION_CONTEXT(2) 
PARAMETRIC_REPRESENTATION_CONTEXT() REPRESENTATION_CONTEXT('2D SPACE',''
  ) );
#44 = PCURVE('',#45,#50);
#45 = PLANE('',#46);
#46 = AXIS2_PLACEMENT_3D('',#47,#48,#49);
#47 = CARTESIAN_POINT('',(0.,-15.,10.));
#48 = DIRECTION('',(1.,0.,-0.));
#49 = DIRECTION('',(0.,0.,1.));
#50 = DEFINITIONAL_REPRESENTATION('',(#51),#55);
#51 = CIRCLE('',#52,12.7);
#52 = AXIS2_PLACEMENT_2D('',#53,#54);
#53 = CARTESIAN_POINT('',(-10.,-15.));
#54 = DIRECTION('',(1.,0.));
#55 = ( GEOMETRIC_REPRESENTATION_CONTEXT(2) 
PARAMETRIC_REPRESENTATION_CONTEXT() REPRESENTATION_CONTEXT('2D SPACE',''
  ) );
#56 = ORIENTED_EDGE('',*,*,#57,.T.);
#57 = EDGE_CURVE('',#22,#58,#60,.T.);
#58 = VERTEX_POINT('',#59);
#59 = CARTESIAN_POINT('',(1.3873E+03,0.,12.7));
#60 = SEAM_CURVE('',#61,(#65,#72),.PCURVE_S1.);
#61 = LINE('',#62,#63);
#62 = CARTESIAN_POINT('',(0.,0.,12.7));
#63 = VECTOR('',#64,1.);
#64 = DIRECTION('',(1.,0.,0.));
#65 = PCURVE('',#33,#66);
#66 = DEFINITIONAL_REPRESENTATION('',(#67),#71);
#67 = LINE('',#68,#69);
#68 = CARTESIAN_POINT('',(-6.28318530718,0.));
#69 = VECTOR('',#70,1.);
#70 = DIRECTION('',(-0.,-1.));
#71 = ( GEOMETRIC_REPRESENTATION_CONTEXT(2) 
PARAMETRIC_REPRESENTATION_CONTEXT() REPRESENTATION_CONTEXT('2D SPACE',''
  ) );
#72 = PCURVE('',#33,#73);
#73 = DEFINITIONAL_REPRESENTATION('',(#74),#78);
#74 = LINE('',#75,#76);
#75 = CARTESIAN_POINT('',(-0.,0.));
#76 = VECTOR('',#77,1.);
#77 = DIRECTION('',(-0.,-1.));
#78 = ( GEOMETRIC_REPRESENTATION_CONTEXT(2) 
PARAMETRIC_REPRESENTATION_CONTEXT() REPRESENTATION_CONTEXT('2D SPACE',''
  ) );
#79 = ORIENTED_EDGE('',*,*,#80,.F.);
#80 = EDGE_CURVE('',#81,#58,#83,.T.);
#81 = VERTEX_POINT('',#82);
#82 = CARTESIAN_POINT('',(1.4E+03,-12.7,7.776507174586E-16));
#83 = SURFACE_CURVE('',#84,(#89,#102),.PCURVE_S1.);
#84 = ELLIPSE('',#85,17.960512242138,12.7);
#85 = AXIS2_PLACEMENT_3D('',#86,#87,#88);
#86 = CARTESIAN_POINT('',(1.4E+03,0.,0.));
#87 = DIRECTION('',(-0.707106781187,0.,-0.707106781187));
#88 = DIRECTION('',(-0.707106781187,0.,0.707106781187));
#89 = PCURVE('',#33,#90);
#90 = DEFINITIONAL_REPRESENTATION('',(#91),#101);
#91 = B_SPLINE_CURVE_WITH_KNOTS('',8,(#92,#93,#94,#95,#96,#97,#98,#99,
    #100),.UNSPECIFIED.,.F.,.F.,(9,9),(4.712388979944,6.28318530718),
  .PIECEWISE_BEZIER_KNOTS.);
#92 = CARTESIAN_POINT('',(-1.570796327236,-1.400000000006E+03));
#93 = CARTESIAN_POINT('',(-1.374446786332,-1.397506360836E+03));
#94 = CARTESIAN_POINT('',(-1.178097245427,-1.395012721074E+03));
#95 = CARTESIAN_POINT('',(-0.98174770452,-1.392665581583E+03));
#96 = CARTESIAN_POINT('',(-0.785398163616,-1.390611413875E+03));
#97 = CARTESIAN_POINT('',(-0.589048622711,-1.388978710807E+03));
#98 = CARTESIAN_POINT('',(-0.392699081809,-1.387859571855E+03));
#99 = CARTESIAN_POINT('',(-0.196349540905,-1.3873E+03));
#100 = CARTESIAN_POINT('',(-2.449293598295E-16,-1.3873E+03));
#101 = ( GEOMETRIC_REPRESENTATION_CONTEXT(2) 
PARAMETRIC_REPRESENTATION_CONTEXT() REPRESENTATION_CONTEXT('2D SPACE',''
  ) );
#102 = PCURVE('',#103,#108);
#103 = CYLINDRICAL_SURFACE('',#104,12.7);
#104 = AXIS2_PLACEMENT_3D('',#105,#106,#107);
#105 = CARTESIAN_POINT('',(1.4E+03,0.,-200.));
#106 = DIRECTION('',(-0.,-0.,-1.));
#107 = DIRECTION('',(1.,0.,-0.));
#108 = DEFINITIONAL_REPRESENTATION('',(#109),#119);
#109 = B_SPLINE_CURVE_WITH_KNOTS('',8,(#110,#111,#112,#113,#114,#115,
    #116,#117,#118),.UNSPECIFIED.,.F.,.F.,(9,9),(4.712388979944,
    6.28318530718),.PIECEWISE_BEZIER_KNOTS.);
#110 = CARTESIAN_POINT('',(-4.712388980826,-199.9999999943));
#111 = CARTESIAN_POINT('',(-4.516039439921,-202.4936391638));
#112 = CARTESIAN_POINT('',(-4.319689899016,-204.9872789254));
#113 = CARTESIAN_POINT('',(-4.123340358117,-207.3344184149));
#114 = CARTESIAN_POINT('',(-3.926990817199,-209.3885861299));
#115 = CARTESIAN_POINT('',(-3.730641276306,-211.0212891884));
#116 = CARTESIAN_POINT('',(-3.534291735396,-212.1404281444));
#117 = CARTESIAN_POINT('',(-3.337942194494,-212.7));
#118 = CARTESIAN_POINT('',(-3.14159265359,-212.7));
#119 = ( GEOMETRIC_REPRESENTATION_CONTEXT(2) 
PARAMETRIC_REPRESENTATION_CONTEXT() REPRESENTATION_CONTEXT('2D SPACE',''
  ) );
#120 = ORIENTED_EDGE('',*,*,#121,.F.);
#121 = EDGE_CURVE('',#122,#81,#124,.T.);
#122 = VERTEX_POINT('',#123);
#123 = CARTESIAN_POINT('',(1.3873E+03,1.555301434917E-15,-12.7));
#124 = SURFACE_CURVE('',#125,(#130,#143),.PCURVE_S1.);
#125 = ELLIPSE('',#126,17.960512242138,12.7);
#126 = AXIS2_PLACEMENT_3D('',#127,#128,#129);
#127 = CARTESIAN_POINT('',(1.4E+03,0.,0.));
#128 = DIRECTION('',(-0.707106781187,0.,0.707106781187));
#129 = DIRECTION('',(-0.707106781187,0.,-0.707106781187));
#130 = PCURVE('',#33,#131);
#131 = DEFINITIONAL_REPRESENTATION('',(#132),#142);
#132 = B_SPLINE_CURVE_WITH_KNOTS('',8,(#133,#134,#135,#136,#137,#138,
    #139,#140,#141),.UNSPECIFIED.,.F.,.F.,(9,9),(0.,1.570796373598),
  .PIECEWISE_BEZIER_KNOTS.);
#133 = CARTESIAN_POINT('',(-3.14159265359,-1.3873E+03));
#134 = CARTESIAN_POINT('',(-2.94524310689,-1.3873E+03));
#135 = CARTESIAN_POINT('',(-2.748893560189,-1.387859571889E+03));
#136 = CARTESIAN_POINT('',(-2.552544013498,-1.388978710906E+03));
#137 = CARTESIAN_POINT('',(-2.356194466773,-1.390611414061E+03));
#138 = CARTESIAN_POINT('',(-2.159844920093,-1.392665581883E+03));
#139 = CARTESIAN_POINT('',(-1.96349537339,-1.39501272149E+03));
#140 = CARTESIAN_POINT('',(-1.767145826692,-1.397506361351E+03));
#141 = CARTESIAN_POINT('',(-1.570796279992,-1.400000000594E+03));
#142 = ( GEOMETRIC_REPRESENTATION_CONTEXT(2) 
PARAMETRIC_REPRESENTATION_CONTEXT() REPRESENTATION_CONTEXT('2D SPACE',''
  ) );
#143 = PCURVE('',#103,#144);
#144 = DEFINITIONAL_REPRESENTATION('',(#145),#155);
#145 = B_SPLINE_CURVE_WITH_KNOTS('',8,(#146,#147,#148,#149,#150,#151,
    #152,#153,#154),.UNSPECIFIED.,.F.,.F.,(9,9),(0.,1.570796373598),
  .PIECEWISE_BEZIER_KNOTS.);
#146 = CARTESIAN_POINT('',(-3.14159265359,-187.3));
#147 = CARTESIAN_POINT('',(-3.33794220029,-187.3));
#148 = CARTESIAN_POINT('',(-3.534291746991,-187.8595718884));
#149 = CARTESIAN_POINT('',(-3.730641293672,-188.9787109111));
#150 = CARTESIAN_POINT('',(-3.926990840406,-190.611414063));
#151 = CARTESIAN_POINT('',(-4.123340387068,-192.6655818879));
#152 = CARTESIAN_POINT('',(-4.319689933788,-195.0127214899));
#153 = CARTESIAN_POINT('',(-4.516039480488,-197.5063613513));
#154 = CARTESIAN_POINT('',(-4.712389027188,-200.0000005943));
#155 = ( GEOMETRIC_REPRESENTATION_CONTEXT(2) 
PARAMETRIC_REPRESENTATION_CONTEXT() REPRESENTATION_CONTEXT('2D SPACE',''
  ) );
#156 = ORIENTED_EDGE('',*,*,#157,.F.);
#157 = EDGE_CURVE('',#158,#122,#160,.T.);
#158 = VERTEX_POINT('',#159);
#159 = CARTESIAN_POINT('',(1.4E+03,12.7,-2.332952152376E-15));
#160 = SURFACE_CURVE('',#161,(#166,#179),.PCURVE_S1.);
#161 = ELLIPSE('',#162,17.960512242138,12.7);
#162 = AXIS2_PLACEMENT_3D('',#163,#164,#165);
#163 = CARTESIAN_POINT('',(1.4E+03,0.,0.));
#164 = DIRECTION('',(-0.707106781187,0.,0.707106781187));
#165 = DIRECTION('',(-0.707106781187,0.,-0.707106781187));
#166 = PCURVE('',#33,#167);
#167 = DEFINITIONAL_REPRESENTATION('',(#168),#178);
#168 = B_SPLINE_CURVE_WITH_KNOTS('',8,(#169,#170,#171,#172,#173,#174,
    #175,#176,#177),.UNSPECIFIED.,.F.,.F.,(9,9),(4.712388979944,
    6.28318530718),.PIECEWISE_BEZIER_KNOTS.);
#169 = CARTESIAN_POINT('',(-4.712388980825,-1.400000000006E+03));
#170 = CARTESIAN_POINT('',(-4.516039439921,-1.397506360836E+03));
#171 = CARTESIAN_POINT('',(-4.319689899014,-1.395012721075E+03));
#172 = CARTESIAN_POINT('',(-4.123340358115,-1.392665581583E+03));
#173 = CARTESIAN_POINT('',(-3.926990817188,-1.390611413869E+03));
#174 = CARTESIAN_POINT('',(-3.730641276301,-1.388978710812E+03));
#175 = CARTESIAN_POINT('',(-3.534291735396,-1.387859571854E+03));
#176 = CARTESIAN_POINT('',(-3.337942194494,-1.3873E+03));
#177 = CARTESIAN_POINT('',(-3.14159265359,-1.3873E+03));
#178 = ( GEOMETRIC_REPRESENTATION_CONTEXT(2) 
PARAMETRIC_REPRESENTATION_CONTEXT() REPRESENTATION_CONTEXT('2D SPACE',''
  ) );
#179 = PCURVE('',#103,#180);
#180 = DEFINITIONAL_REPRESENTATION('',(#181),#191);
#181 = B_SPLINE_CURVE_WITH_KNOTS('',8,(#182,#183,#184,#185,#186,#187,
    #188,#189,#190),.UNSPECIFIED.,.F.,.F.,(9,9),(4.712388979944,
    6.28318530718),.PIECEWISE_BEZIER_KNOTS.);
#182 = CARTESIAN_POINT('',(-1.570796326354,-200.0000000055));
#183 = CARTESIAN_POINT('',(-1.767145867259,-197.5063608361));
#184 = CARTESIAN_POINT('',(-1.963495408159,-195.0127210744));
#185 = CARTESIAN_POINT('',(-2.15984494908,-192.6655815852));
#186 = CARTESIAN_POINT('',(-2.35619448995,-190.6114138694));
#187 = CARTESIAN_POINT('',(-2.552544030888,-188.9787108122));
#188 = CARTESIAN_POINT('',(-2.748893571777,-187.8595718551));
#189 = CARTESIAN_POINT('',(-2.945243112685,-187.3));
#190 = CARTESIAN_POINT('',(-3.14159265359,-187.3));
#191 = ( GEOMETRIC_REPRESENTATION_CONTEXT(2) 
PARAMETRIC_REPRESENTATION_CONTEXT() REPRESENTATION_CONTEXT('2D SPACE',''
  ) );
#192 = ORIENTED_EDGE('',*,*,#193,.F.);
#193 = EDGE_CURVE('',#58,#158,#194,.T.);
#194 = SURFACE_CURVE('',#195,(#200,#213),.PCURVE_S1.);
#195 = ELLIPSE('',#196,17.960512242138,12.7);
#196 = AXIS2_PLACEMENT_3D('',#197,#198,#199);
#197 = CARTESIAN_POINT('',(1.4E+03,0.,0.));
#198 = DIRECTION('',(-0.707106781187,0.,-0.707106781187));
#199 = DIRECTION('',(-0.707106781187,0.,0.707106781187));
#200 = PCURVE('',#33,#201);
#201 = DEFINITIONAL_REPRESENTATION('',(#202),#212);
#202 = B_SPLINE_CURVE_WITH_KNOTS('',8,(#203,#204,#205,#206,#207,#208,
    #209,#210,#211),.UNSPECIFIED.,.F.,.F.,(9,9),(0.,1.570796373598),
  .PIECEWISE_BEZIER_KNOTS.);
#203 = CARTESIAN_POINT('',(-6.28318530718,-1.3873E+03));
#204 = CARTESIAN_POINT('',(-6.08683576048,-1.3873E+03));
#205 = CARTESIAN_POINT('',(-5.89048621378,-1.387859571889E+03));
#206 = CARTESIAN_POINT('',(-5.694136667084,-1.388978710909E+03));
#207 = CARTESIAN_POINT('',(-5.49778712038,-1.390611414066E+03));
#208 = CARTESIAN_POINT('',(-5.301437573684,-1.392665581886E+03));
#209 = CARTESIAN_POINT('',(-5.105088026981,-1.395012721491E+03));
#210 = CARTESIAN_POINT('',(-4.908738480281,-1.397506361351E+03));
#211 = CARTESIAN_POINT('',(-4.712388933581,-1.400000000594E+03));
#212 = ( GEOMETRIC_REPRESENTATION_CONTEXT(2) 
PARAMETRIC_REPRESENTATION_CONTEXT() REPRESENTATION_CONTEXT('2D SPACE',''
  ) );
#213 = PCURVE('',#103,#214);
#214 = DEFINITIONAL_REPRESENTATION('',(#215),#225);
#215 = B_SPLINE_CURVE_WITH_KNOTS('',8,(#216,#217,#218,#219,#220,#221,
    #222,#223,#224),.UNSPECIFIED.,.F.,.F.,(9,9),(0.,1.570796373598),
  .PIECEWISE_BEZIER_KNOTS.);
#216 = CARTESIAN_POINT('',(-3.14159265359,-212.7));
#217 = CARTESIAN_POINT('',(-2.94524310689,-212.7));
#218 = CARTESIAN_POINT('',(-2.74889356019,-212.1404281114));
#219 = CARTESIAN_POINT('',(-2.552544013484,-211.0212890885));
#220 = CARTESIAN_POINT('',(-2.356194466804,-209.388585937));
#221 = CARTESIAN_POINT('',(-2.159844920083,-207.3344181111));
#222 = CARTESIAN_POINT('',(-1.963495373392,-204.9872785099));
#223 = CARTESIAN_POINT('',(-1.767145826691,-202.4936386486));
#224 = CARTESIAN_POINT('',(-1.570796279992,-199.9999994055));
#225 = ( GEOMETRIC_REPRESENTATION_CONTEXT(2) 
PARAMETRIC_REPRESENTATION_CONTEXT() REPRESENTATION_CONTEXT('2D SPACE',''
  ) );
#226 = ORIENTED_EDGE('',*,*,#57,.F.);
#227 = ORIENTED_EDGE('',*,*,#228,.F.);
#228 = EDGE_CURVE('',#229,#22,#231,.T.);
#229 = VERTEX_POINT('',#230);
#230 = CARTESIAN_POINT('',(0.,7.82879301042,10.));
#231 = SURFACE_CURVE('',#232,(#237,#244),.PCURVE_S1.);
#232 = CIRCLE('',#233,12.7);
#233 = AXIS2_PLACEMENT_3D('',#234,#235,#236);
#234 = CARTESIAN_POINT('',(0.,0.,0.));
#235 = DIRECTION('',(1.,0.,0.));
#236 = DIRECTION('',(-0.,0.,1.));
#237 = PCURVE('',#33,#238);
#238 = DEFINITIONAL_REPRESENTATION('',(#239),#243);
#239 = LINE('',#240,#241);
#240 = CARTESIAN_POINT('',(-0.,0.));
#241 = VECTOR('',#242,1.);
#242 = DIRECTION('',(-1.,0.));
#243 = ( GEOMETRIC_REPRESENTATION_CONTEXT(2) 
PARAMETRIC_REPRESENTATION_CONTEXT() REPRESENTATION_CONTEXT('2D SPACE',''
  ) );
#244 = PCURVE('',#45,#245);
#245 = DEFINITIONAL_REPRESENTATION('',(#246),#250);
#246 = CIRCLE('',#247,12.7);
#247 = AXIS2_PLACEMENT_2D('',#248,#249);
#248 = CARTESIAN_POINT('',(-10.,-15.));
#249 = DIRECTION('',(1.,0.));
#250 = ( GEOMETRIC_REPRESENTATION_CONTEXT(2) 
PARAMETRIC_REPRESENTATION_CONTEXT() REPRESENTATION_CONTEXT('2D SPACE',''
  ) );
#251 = ORIENTED_EDGE('',*,*,#252,.F.);
#252 = EDGE_CURVE('',#253,#229,#255,.T.);
#253 = VERTEX_POINT('',#254);
#254 = CARTESIAN_POINT('',(0.,7.82879301042,-10.));
#255 = SURFACE_CURVE('',#256,(#261,#268),.PCURVE_S1.);
#256 = CIRCLE('',#257,12.7);
#257 = AXIS2_PLACEMENT_3D('',#258,#259,#260);
#258 = CARTESIAN_POINT('',(0.,0.,0.));
#259 = DIRECTION('',(1.,0.,0.));
#260 = DIRECTION('',(-0.,0.,1.));
#261 = PCURVE('',#33,#262);
#262 = DEFINITIONAL_REPRESENTATION('',(#263),#267);
#263 = LINE('',#264,#265);
#264 = CARTESIAN_POINT('',(-0.,0.));
#265 = VECTOR('',#266,1.);
#266 = DIRECTION('',(-1.,0.));
#267 = ( GEOMETRIC_REPRESENTATION_CONTEXT(2) 
PARAMETRIC_REPRESENTATION_CONTEXT() REPRESENTATION_CONTEXT('2D SPACE',''
  ) );
#268 = PCURVE('',#269,#274);
#269 = PLANE('',#270);
#270 = AXIS2_PLACEMENT_3D('',#271,#272,#273);
#271 = CARTESIAN_POINT('',(0.,-1.204325410458E-15,0.));
#272 = DIRECTION('',(1.,0.,0.));
#273 = DIRECTION('',(-0.,0.,1.));
#274 = DEFINITIONAL_REPRESENTATION('',(#275),#279);
#275 = CIRCLE('',#276,12.7);
#276 = AXIS2_PLACEMENT_2D('',#277,#278);
#277 = CARTESIAN_POINT('',(0.,-1.204325410458E-15));
#278 = DIRECTION('',(1.,0.));
#279 = ( GEOMETRIC_REPRESENTATION_CONTEXT(2) 
PARAMETRIC_REPRESENTATION_CONTEXT() REPRESENTATION_CONTEXT('2D SPACE',''
  ) );
#280 = ORIENTED_EDGE('',*,*,#281,.F.);
#281 = EDGE_CURVE('',#282,#253,#284,.T.);
#282 = VERTEX_POINT('',#283);
#283 = CARTESIAN_POINT('',(0.,-7.82879301042,-10.));
#284 = SURFACE_CURVE('',#285,(#290,#297),.PCURVE_S1.);
#285 = CIRCLE('',#286,12.7);
#286 = AXIS2_PLACEMENT_3D('',#287,#288,#289);
#287 = CARTESIAN_POINT('',(0.,0.,0.));
#288 = DIRECTION('',(1.,0.,0.));
#289 = DIRECTION('',(-0.,0.,1.));
#290 = PCURVE('',#33,#291);
#291 = DEFINITIONAL_REPRESENTATION('',(#292),#296);
#292 = LINE('',#293,#294);
#293 = CARTESIAN_POINT('',(-0.,0.));
#294 = VECTOR('',#295,1.);
#295 = DIRECTION('',(-1.,0.));
#296 = ( GEOMETRIC_REPRESENTATION_CONTEXT(2) 
PARAMETRIC_REPRESENTATION_CONTEXT() REPRESENTATION_CONTEXT('2D SPACE',''
  ) );
#297 = PCURVE('',#298,#303);
#298 = PLANE('',#299);
#299 = AXIS2_PLACEMENT_3D('',#300,#301,#302);
#300 = CARTESIAN_POINT('',(0.,-15.,-18.));
#301 = DIRECTION('',(1.,0.,-0.));
#302 = DIRECTION('',(0.,0.,1.));
#303 = DEFINITIONAL_REPRESENTATION('',(#304),#308);
#304 = CIRCLE('',#305,12.7);
#305 = AXIS2_PLACEMENT_2D('',#306,#307);
#306 = CARTESIAN_POINT('',(18.,-15.));
#307 = DIRECTION('',(1.,0.));
#308 = ( GEOMETRIC_REPRESENTATION_CONTEXT(2) 
PARAMETRIC_REPRESENTATION_CONTEXT() REPRESENTATION_CONTEXT('2D SPACE',''
  ) );
#309 = ORIENTED_EDGE('',*,*,#310,.F.);
#310 = EDGE_CURVE('',#24,#282,#311,.T.);
#311 = SURFACE_CURVE('',#312,(#317,#324),.PCURVE_S1.);
#312 = CIRCLE('',#313,12.7);
#313 = AXIS2_PLACEMENT_3D('',#314,#315,#316);
#314 = CARTESIAN_POINT('',(0.,0.,0.));
#315 = DIRECTION('',(1.,0.,0.));
#316 = DIRECTION('',(-0.,0.,1.));
#317 = PCURVE('',#33,#318);
#318 = DEFINITIONAL_REPRESENTATION('',(#319),#323);
#319 = LINE('',#320,#321);
#320 = CARTESIAN_POINT('',(-0.,0.));
#321 = VECTOR('',#322,1.);
#322 = DIRECTION('',(-1.,0.));
#323 = ( GEOMETRIC_REPRESENTATION_CONTEXT(2) 
PARAMETRIC_REPRESENTATION_CONTEXT() REPRESENTATION_CONTEXT('2D SPACE',''
  ) );
#324 = PCURVE('',#325,#330);
#325 = PLANE('',#326);
#326 = AXIS2_PLACEMENT_3D('',#327,#328,#329);
#327 = CARTESIAN_POINT('',(0.,-1.204325410458E-15,0.));
#328 = DIRECTION('',(1.,0.,0.));
#329 = DIRECTION('',(-0.,0.,1.));
#330 = DEFINITIONAL_REPRESENTATION('',(#331),#335);
#331 = CIRCLE('',#332,12.7);
#332 = AXIS2_PLACEMENT_2D('',#333,#334);
#333 = CARTESIAN_POINT('',(0.,-1.204325410458E-15));
#334 = DIRECTION('',(1.,0.));
#335 = ( GEOMETRIC_REPRESENTATION_CONTEXT(2) 
PARAMETRIC_REPRESENTATION_CONTEXT() REPRESENTATION_CONTEXT('2D SPACE',''
  ) );
#336 = ADVANCED_FACE('',(#337,#419),#103,.T.);
#337 = FACE_BOUND('',#338,.F.);
#338 = EDGE_LOOP('',(#339,#368,#391,#418));
#339 = ORIENTED_EDGE('',*,*,#340,.F.);
#340 = EDGE_CURVE('',#341,#341,#343,.T.);
#341 = VERTEX_POINT('',#342);
#342 = CARTESIAN_POINT('',(1.4127E+03,0.,-200.));
#343 = SURFACE_CURVE('',#344,(#349,#356),.PCURVE_S1.);
#344 = CIRCLE('',#345,12.7);
#345 = AXIS2_PLACEMENT_3D('',#346,#347,#348);
#346 = CARTESIAN_POINT('',(1.4E+03,0.,-200.));
#347 = DIRECTION('',(0.,0.,1.));
#348 = DIRECTION('',(1.,0.,-0.));
#349 = PCURVE('',#103,#350);
#350 = DEFINITIONAL_REPRESENTATION('',(#351),#355);
#351 = LINE('',#352,#353);
#352 = CARTESIAN_POINT('',(-0.,0.));
#353 = VECTOR('',#354,1.);
#354 = DIRECTION('',(-1.,0.));
#355 = ( GEOMETRIC_REPRESENTATION_CONTEXT(2) 
PARAMETRIC_REPRESENTATION_CONTEXT() REPRESENTATION_CONTEXT('2D SPACE',''
  ) );
#356 = PCURVE('',#357,#362);
#357 = PLANE('',#358);
#358 = AXIS2_PLACEMENT_3D('',#359,#360,#361);
#359 = CARTESIAN_POINT('',(1.4E+03,2.496394827031E-15,-200.));
#360 = DIRECTION('',(0.,0.,1.));
#361 = DIRECTION('',(1.,0.,-0.));
#362 = DEFINITIONAL_REPRESENTATION('',(#363),#367);
#363 = CIRCLE('',#364,12.7);
#364 = AXIS2_PLACEMENT_2D('',#365,#366);
#365 = CARTESIAN_POINT('',(-2.273736754432E-13,-2.496394827031E-15));
#366 = DIRECTION('',(1.,0.));
#367 = ( GEOMETRIC_REPRESENTATION_CONTEXT(2) 
PARAMETRIC_REPRESENTATION_CONTEXT() REPRESENTATION_CONTEXT('2D SPACE',''
  ) );
#368 = ORIENTED_EDGE('',*,*,#369,.T.);
#369 = EDGE_CURVE('',#341,#370,#372,.T.);
#370 = VERTEX_POINT('',#371);
#371 = CARTESIAN_POINT('',(1.4127E+03,0.,200.));
#372 = SEAM_CURVE('',#373,(#377,#384),.PCURVE_S1.);
#373 = LINE('',#374,#375);
#374 = CARTESIAN_POINT('',(1.4127E+03,0.,-200.));
#375 = VECTOR('',#376,1.);
#376 = DIRECTION('',(0.,0.,1.));
#377 = PCURVE('',#103,#378);
#378 = DEFINITIONAL_REPRESENTATION('',(#379),#383);
#379 = LINE('',#380,#381);
#380 = CARTESIAN_POINT('',(-6.28318530718,0.));
#381 = VECTOR('',#382,1.);
#382 = DIRECTION('',(-0.,-1.));
#383 = ( GEOMETRIC_REPRESENTATION_CONTEXT(2) 
PARAMETRIC_REPRESENTATION_CONTEXT() REPRESENTATION_CONTEXT('2D SPACE',''
  ) );
#384 = PCURVE('',#103,#385);
#385 = DEFINITIONAL_REPRESENTATION('',(#386),#390);
#386 = LINE('',#387,#388);
#387 = CARTESIAN_POINT('',(-0.,0.));
#388 = VECTOR('',#389,1.);
#389 = DIRECTION('',(-0.,-1.));
#390 = ( GEOMETRIC_REPRESENTATION_CONTEXT(2) 
PARAMETRIC_REPRESENTATION_CONTEXT() REPRESENTATION_CONTEXT('2D SPACE',''
  ) );
#391 = ORIENTED_EDGE('',*,*,#392,.T.);
#392 = EDGE_CURVE('',#370,#370,#393,.T.);
#393 = SURFACE_CURVE('',#394,(#399,#406),.PCURVE_S1.);
#394 = CIRCLE('',#395,12.7);
#395 = AXIS2_PLACEMENT_3D('',#396,#397,#398);
#396 = CARTESIAN_POINT('',(1.4E+03,0.,200.));
#397 = DIRECTION('',(0.,0.,1.));
#398 = DIRECTION('',(1.,0.,-0.));
#399 = PCURVE('',#103,#400);
#400 = DEFINITIONAL_REPRESENTATION('',(#401),#405);
#401 = LINE('',#402,#403);
#402 = CARTESIAN_POINT('',(-0.,-400.));
#403 = VECTOR('',#404,1.);
#404 = DIRECTION('',(-1.,0.));
#405 = ( GEOMETRIC_REPRESENTATION_CONTEXT(2) 
PARAMETRIC_REPRESENTATION_CONTEXT() REPRESENTATION_CONTEXT('2D SPACE',''
  ) );
#406 = PCURVE('',#407,#412);
#407 = PLANE('',#408);
#408 = AXIS2_PLACEMENT_3D('',#409,#410,#411);
#409 = CARTESIAN_POINT('',(1.4E+03,2.496394827031E-15,200.));
#410 = DIRECTION('',(0.,0.,1.));
#411 = DIRECTION('',(1.,0.,-0.));
#412 = DEFINITIONAL_REPRESENTATION('',(#413),#417);
#413 = CIRCLE('',#414,12.7);
#414 = AXIS2_PLACEMENT_2D('',#415,#416);
#415 = CARTESIAN_POINT('',(-2.273736754432E-13,-2.496394827031E-15));
#416 = DIRECTION('',(1.,0.));
#417 = ( GEOMETRIC_REPRESENTATION_CONTEXT(2) 
PARAMETRIC_REPRESENTATION_CONTEXT() REPRESENTATION_CONTEXT('2D SPACE',''
  ) );
#418 = ORIENTED_EDGE('',*,*,#369,.F.);
#419 = FACE_BOUND('',#420,.F.);
#420 = EDGE_LOOP('',(#421,#422,#423,#424));
#421 = ORIENTED_EDGE('',*,*,#80,.T.);
#422 = ORIENTED_EDGE('',*,*,#193,.T.);
#423 = ORIENTED_EDGE('',*,*,#157,.T.);
#424 = ORIENTED_EDGE('',*,*,#121,.T.);
#425 = ADVANCED_FACE('',(#426,#429),#407,.T.);
#426 = FACE_BOUND('',#427,.T.);
#427 = EDGE_LOOP('',(#428));
#428 = ORIENTED_EDGE('',*,*,#392,.T.);
#429 = FACE_BOUND('',#430,.T.);
#430 = EDGE_LOOP('',(#431));
#431 = ORIENTED_EDGE('',*,*,#432,.F.);
#432 = EDGE_CURVE('',#433,#433,#435,.T.);
#433 = VERTEX_POINT('',#434);
#434 = CARTESIAN_POINT('',(1.41105E+03,0.,200.));
#435 = SURFACE_CURVE('',#436,(#441,#448),.PCURVE_S1.);
#436 = CIRCLE('',#437,11.05);
#437 = AXIS2_PLACEMENT_3D('',#438,#439,#440);
#438 = CARTESIAN_POINT('',(1.4E+03,0.,200.));
#439 = DIRECTION('',(0.,0.,1.));
#440 = DIRECTION('',(1.,0.,-0.));
#441 = PCURVE('',#407,#442);
#442 = DEFINITIONAL_REPRESENTATION('',(#443),#447);
#443 = CIRCLE('',#444,11.05);
#444 = AXIS2_PLACEMENT_2D('',#445,#446);
#445 = CARTESIAN_POINT('',(-2.273736754432E-13,-2.496394827031E-15));
#446 = DIRECTION('',(1.,0.));
#447 = ( GEOMETRIC_REPRESENTATION_CONTEXT(2) 
PARAMETRIC_REPRESENTATION_CONTEXT() REPRESENTATION_CONTEXT('2D SPACE',''
  ) );
#448 = PCURVE('',#449,#454);
#449 = CYLINDRICAL_SURFACE('',#450,11.05);
#450 = AXIS2_PLACEMENT_3D('',#451,#452,#453);
#451 = CARTESIAN_POINT('',(1.4E+03,0.,-200.));
#452 = DIRECTION('',(-0.,-0.,-1.));
#453 = DIRECTION('',(1.,0.,-0.));
#454 = DEFINITIONAL_REPRESENTATION('',(#455),#459);
#455 = LINE('',#456,#457);
#456 = CARTESIAN_POINT('',(-0.,-400.));
#457 = VECTOR('',#458,1.);
#458 = DIRECTION('',(-1.,0.));
#459 = ( GEOMETRIC_REPRESENTATION_CONTEXT(2) 
PARAMETRIC_REPRESENTATION_CONTEXT() REPRESENTATION_CONTEXT('2D SPACE',''
  ) );
#460 = ADVANCED_FACE('',(#461,#510),#449,.F.);
#461 = FACE_BOUND('',#462,.T.);
#462 = EDGE_LOOP('',(#463,#487,#508,#509));
#463 = ORIENTED_EDGE('',*,*,#464,.F.);
#464 = EDGE_CURVE('',#465,#465,#467,.T.);
#465 = VERTEX_POINT('',#466);
#466 = CARTESIAN_POINT('',(1.41105E+03,0.,-200.));
#467 = SURFACE_CURVE('',#468,(#473,#480),.PCURVE_S1.);
#468 = CIRCLE('',#469,11.05);
#469 = AXIS2_PLACEMENT_3D('',#470,#471,#472);
#470 = CARTESIAN_POINT('',(1.4E+03,0.,-200.));
#471 = DIRECTION('',(0.,0.,1.));
#472 = DIRECTION('',(1.,0.,-0.));
#473 = PCURVE('',#449,#474);
#474 = DEFINITIONAL_REPRESENTATION('',(#475),#479);
#475 = LINE('',#476,#477);
#476 = CARTESIAN_POINT('',(-0.,0.));
#477 = VECTOR('',#478,1.);
#478 = DIRECTION('',(-1.,0.));
#479 = ( GEOMETRIC_REPRESENTATION_CONTEXT(2) 
PARAMETRIC_REPRESENTATION_CONTEXT() REPRESENTATION_CONTEXT('2D SPACE',''
  ) );
#480 = PCURVE('',#357,#481);
#481 = DEFINITIONAL_REPRESENTATION('',(#482),#486);
#482 = CIRCLE('',#483,11.05);
#483 = AXIS2_PLACEMENT_2D('',#484,#485);
#484 = CARTESIAN_POINT('',(-2.273736754432E-13,-2.496394827031E-15));
#485 = DIRECTION('',(1.,0.));
#486 = ( GEOMETRIC_REPRESENTATION_CONTEXT(2) 
PARAMETRIC_REPRESENTATION_CONTEXT() REPRESENTATION_CONTEXT('2D SPACE',''
  ) );
#487 = ORIENTED_EDGE('',*,*,#488,.T.);
#488 = EDGE_CURVE('',#465,#433,#489,.T.);
#489 = SEAM_CURVE('',#490,(#494,#501),.PCURVE_S1.);
#490 = LINE('',#491,#492);
#491 = CARTESIAN_POINT('',(1.41105E+03,0.,-200.));
#492 = VECTOR('',#493,1.);
#493 = DIRECTION('',(0.,0.,1.));
#494 = PCURVE('',#449,#495);
#495 = DEFINITIONAL_REPRESENTATION('',(#496),#500);
#496 = LINE('',#497,#498);
#497 = CARTESIAN_POINT('',(-0.,0.));
#498 = VECTOR('',#499,1.);
#499 = DIRECTION('',(-0.,-1.));
#500 = ( GEOMETRIC_REPRESENTATION_CONTEXT(2) 
PARAMETRIC_REPRESENTATION_CONTEXT() REPRESENTATION_CONTEXT('2D SPACE',''
  ) );
#501 = PCURVE('',#449,#502);
#502 = DEFINITIONAL_REPRESENTATION('',(#503),#507);
#503 = LINE('',#504,#505);
#504 = CARTESIAN_POINT('',(-6.28318530718,0.));
#505 = VECTOR('',#506,1.);
#506 = DIRECTION('',(-0.,-1.));
#507 = ( GEOMETRIC_REPRESENTATION_CONTEXT(2) 
PARAMETRIC_REPRESENTATION_CONTEXT() REPRESENTATION_CONTEXT('2D SPACE',''
  ) );
#508 = ORIENTED_EDGE('',*,*,#432,.T.);
#509 = ORIENTED_EDGE('',*,*,#488,.F.);
#510 = FACE_BOUND('',#511,.T.);
#511 = EDGE_LOOP('',(#512,#540,#763,#784,#810,#1129));
#512 = ORIENTED_EDGE('',*,*,#513,.T.);
#513 = EDGE_CURVE('',#514,#516,#518,.T.);
#514 = VERTEX_POINT('',#515);
#515 = CARTESIAN_POINT('',(1.4E+03,11.05,-2.029852069587E-15));
#516 = VERTEX_POINT('',#517);
#517 = CARTESIAN_POINT('',(1.4E+03,11.050000000002,-6.259992012771));
#518 = SURFACE_CURVE('',#519,(#523,#529),.PCURVE_S1.);
#519 = LINE('',#520,#521);
#520 = CARTESIAN_POINT('',(1.4E+03,11.05,-200.));
#521 = VECTOR('',#522,1.);
#522 = DIRECTION('',(-0.,-0.,-1.));
#523 = PCURVE('',#449,#524);
#524 = DEFINITIONAL_REPRESENTATION('',(#525),#528);
#525 = B_SPLINE_CURVE_WITH_KNOTS('',1,(#526,#527),.UNSPECIFIED.,.F.,.F.,
  (2,2),(-215.24,-184.76),.PIECEWISE_BEZIER_KNOTS.);
#526 = CARTESIAN_POINT('',(-1.570796326795,-215.24));
#527 = CARTESIAN_POINT('',(-1.570796326795,-184.76));
#528 = ( GEOMETRIC_REPRESENTATION_CONTEXT(2) 
PARAMETRIC_REPRESENTATION_CONTEXT() REPRESENTATION_CONTEXT('2D SPACE',''
  ) );
#529 = PCURVE('',#530,#535);
#530 = PLANE('',#531);
#531 = AXIS2_PLACEMENT_3D('',#532,#533,#534);
#532 = CARTESIAN_POINT('',(1.4E+03,-1.204325410458E-15,0.));
#533 = DIRECTION('',(1.,0.,0.));
#534 = DIRECTION('',(-0.,0.,1.));
#535 = DEFINITIONAL_REPRESENTATION('',(#536),#539);
#536 = B_SPLINE_CURVE_WITH_KNOTS('',1,(#537,#538),.UNSPECIFIED.,.F.,.F.,
  (2,2),(-215.24,-184.76),.PIECEWISE_BEZIER_KNOTS.);
#537 = CARTESIAN_POINT('',(15.24,-11.05));
#538 = CARTESIAN_POINT('',(-15.24,-11.05));
#539 = ( GEOMETRIC_REPRESENTATION_CONTEXT(2) 
PARAMETRIC_REPRESENTATION_CONTEXT() REPRESENTATION_CONTEXT('2D SPACE',''
  ) );
#540 = ORIENTED_EDGE('',*,*,#541,.T.);
#541 = EDGE_CURVE('',#516,#542,#544,.T.);
#542 = VERTEX_POINT('',#543);
#543 = CARTESIAN_POINT('',(1.4E+03,-11.05,-6.259992012771));
#544 = SURFACE_CURVE('',#545,(#614,#686),.PCURVE_S1.);
#545 = B_SPLINE_CURVE_WITH_KNOTS('',7,(#546,#547,#548,#549,#550,#551,
    #552,#553,#554,#555,#556,#557,#558,#559,#560,#561,#562,#563,#564,
    #565,#566,#567,#568,#569,#570,#571,#572,#573,#574,#575,#576,#577,
    #578,#579,#580,#581,#582,#583,#584,#585,#586,#587,#588,#589,#590,
    #591,#592,#593,#594,#595,#596,#597,#598,#599,#600,#601,#602,#603,
    #604,#605,#606,#607,#608,#609,#610,#611,#612,#613),.UNSPECIFIED.,.F.
  ,.F.,(8,6,6,6,6,6,6,6,6,6,6,8),(0.,7.757837937091E-02,0.207159384956,
    0.352165182319,0.403951115076,0.461104874864,0.537489644119,
    0.596454445423,0.647765892597,0.792690809189,0.922558557746,1.),
  .UNSPECIFIED.);
#546 = CARTESIAN_POINT('',(1.4000000006E+03,11.05,-6.259992012774));
#547 = CARTESIAN_POINT('',(1.399631693808E+03,11.050000019999,
    -6.259991977473));
#548 = CARTESIAN_POINT('',(1.399265572017E+03,11.035677506261,
    -6.285272757428));
#549 = CARTESIAN_POINT('',(1.398902260085E+03,11.00734119947,
    -6.335294662749));
#550 = CARTESIAN_POINT('',(1.398542538379E+03,10.965316427409,
    -6.408622604178));
#551 = CARTESIAN_POINT('',(1.398187637902E+03,10.910039923008,
    -6.502896870605));
#552 = CARTESIAN_POINT('',(1.397839450157E+03,10.842301311984,
    -6.61486756563));
#553 = CARTESIAN_POINT('',(1.396934748631E+03,10.632226834704,
    -6.950327347618));
#554 = CARTESIAN_POINT('',(1.396388213223E+03,10.468737093798,
    -7.200789005107));
#555 = CARTESIAN_POINT('',(1.39585957493E+03,10.275448745168,
    -7.480281318862));
#556 = CARTESIAN_POINT('',(1.395348269468E+03,10.053707926994,
    -7.779068223533));
#557 = CARTESIAN_POINT('',(1.394853269358E+03,9.804283695704,
    -8.090558907564));
#558 = CARTESIAN_POINT('',(1.394372673572E+03,9.526317657855,
    -8.41081449202));
#559 = CARTESIAN_POINT('',(1.393380635951E+03,8.870231915557,
    -9.102889671589));
#560 = CARTESIAN_POINT('',(1.392875749047E+03,8.486389453759,
    -9.473923938252));
#561 = CARTESIAN_POINT('',(1.392387716991E+03,8.062385040714,
    -9.846257430591));
#562 = CARTESIAN_POINT('',(1.391916568953E+03,7.59411630774,
    -10.21646517439));
#563 = CARTESIAN_POINT('',(1.39146453909E+03,7.076662120009,
    -10.58007388625));
#564 = CARTESIAN_POINT('',(1.391036557007E+03,6.504911934906,
    -10.93079874509));
#565 = CARTESIAN_POINT('',(1.390499247438E+03,5.648800484043,
    -11.37741710423));
#566 = CARTESIAN_POINT('',(1.390361813661E+03,5.415772574034,
    -11.49229392178));
#567 = CARTESIAN_POINT('',(1.390228709715E+03,5.17474435165,
    -11.60411962401));
#568 = CARTESIAN_POINT('',(1.390100371035E+03,4.925476921885,
    -11.71244077188));
#569 = CARTESIAN_POINT('',(1.389977298178E+03,4.667751684384,
    -11.81674991968));
#570 = CARTESIAN_POINT('',(1.389860056595E+03,4.401370570317,
    -11.91648516456));
#571 = CARTESIAN_POINT('',(1.389627013374E+03,3.822414883782,
    -12.11537416091));
#572 = CARTESIAN_POINT('',(1.389512423723E+03,3.507424096522,
    -12.21356435038));
#573 = CARTESIAN_POINT('',(1.389406710761E+03,3.18164968705,
    -12.30446938838));
#574 = CARTESIAN_POINT('',(1.389311016915E+03,2.845614068996,
    -12.38700537467));
#575 = CARTESIAN_POINT('',(1.389226427361E+03,2.499896207493,
    -12.46013974404));
#576 = CARTESIAN_POINT('',(1.389153973656E+03,2.145131526625,
    -12.52289562553));
#577 = CARTESIAN_POINT('',(1.389015335723E+03,1.296710143911,
    -12.64313215338));
#578 = CARTESIAN_POINT('',(1.388959522946E+03,0.796845696684,
    -12.69168152511));
#579 = CARTESIAN_POINT('',(1.388930127707E+03,0.288067120913,
    -12.71730678611));
#580 = CARTESIAN_POINT('',(1.388928624125E+03,-0.223865571023,
    -12.7186176258));
#581 = CARTESIAN_POINT('',(1.388955062419E+03,-0.733153494757,
    -12.69556660539));
#582 = CARTESIAN_POINT('',(1.389008069275E+03,-1.234031818376,
    -12.64944991551));
#583 = CARTESIAN_POINT('',(1.389144063684E+03,-2.096634413152,
    -12.53147974214));
#584 = CARTESIAN_POINT('',(1.389217397055E+03,-2.463661948854,
    -12.4679463857));
#585 = CARTESIAN_POINT('',(1.389303749699E+03,-2.821149202066,
    -12.39326990187));
#586 = CARTESIAN_POINT('',(1.389401994192E+03,-3.168383368109,
    -12.30851783489));
#587 = CARTESIAN_POINT('',(1.389510939784E+03,-3.504715493707,
    -12.21482340654));
#588 = CARTESIAN_POINT('',(1.389629328125E+03,-3.829560611393,
    -12.11338038078));
#589 = CARTESIAN_POINT('',(1.389865910622E+03,-4.41463032982,
    -11.91150589922));
#590 = CARTESIAN_POINT('',(1.389982308102E+03,-4.678197242802,
    -11.81250468944));
#591 = CARTESIAN_POINT('',(1.390104410849E+03,-4.933272552427,
    -11.70903228347));
#592 = CARTESIAN_POINT('',(1.390231670676E+03,-5.180050106288,
    -11.60163369037));
#593 = CARTESIAN_POINT('',(1.390363602006E+03,-5.418743438344,
    -11.490801381));
#594 = CARTESIAN_POINT('',(1.390499782107E+03,-5.649585547259,
    -11.37697572521));
#595 = CARTESIAN_POINT('',(1.391035465159E+03,-6.503360328213,
    -10.93169773694));
#596 = CARTESIAN_POINT('',(1.391463116731E+03,-7.074884787109,
    -10.58122979709));
#597 = CARTESIAN_POINT('',(1.391914796908E+03,-7.592167492775,
    -10.21788065857));
#598 = CARTESIAN_POINT('',(1.392385578497E+03,-8.060309850881,
    -9.847928540216));
#599 = CARTESIAN_POINT('',(1.392873226234E+03,-8.484227638439,
    -9.475841004745));
#600 = CARTESIAN_POINT('',(1.393377709785E+03,-8.868022321706,
    -9.105034330381));
#601 = CARTESIAN_POINT('',(1.394370243548E+03,-9.524954761285,
    -8.412417827229));
#602 = CARTESIAN_POINT('',(1.394851804987E+03,-9.803625457224,
    -8.091440811559));
#603 = CARTESIAN_POINT('',(1.395347829529E+03,-10.05363364718,
    -7.779250846173));
#604 = CARTESIAN_POINT('',(1.395860231357E+03,-10.27584419737,
    -7.479807061775));
#605 = CARTESIAN_POINT('',(1.396390042147E+03,-10.46948016519,
    -7.1997431764));
#606 = CARTESIAN_POINT('',(1.396937826652E+03,-10.63318591297,
    -6.948866536364));
#607 = CARTESIAN_POINT('',(1.39784332131E+03,-10.84305297111,
    -6.613624667521));
#608 = CARTESIAN_POINT('',(1.39819091935E+03,-10.91055029425,
    -6.502026424069));
#609 = CARTESIAN_POINT('',(1.398545200345E+03,-10.96562741176,
    -6.408080034018));
#610 = CARTESIAN_POINT('',(1.398904281634E+03,-11.00749921924,
    -6.335015702417));
#611 = CARTESIAN_POINT('',(1.399266936306E+03,-11.03573118128,
    -6.285178023504));
#612 = CARTESIAN_POINT('',(1.399632384535E+03,-11.05000001996,
    -6.25999197754));
#613 = CARTESIAN_POINT('',(1.4000000006E+03,-11.05,-6.259992012774));
#614 = PCURVE('',#449,#615);
#615 = DEFINITIONAL_REPRESENTATION('',(#616),#685);
#616 = B_SPLINE_CURVE_WITH_KNOTS('',7,(#617,#618,#619,#620,#621,#622,
    #623,#624,#625,#626,#627,#628,#629,#630,#631,#632,#633,#634,#635,
    #636,#637,#638,#639,#640,#641,#642,#643,#644,#645,#646,#647,#648,
    #649,#650,#651,#652,#653,#654,#655,#656,#657,#658,#659,#660,#661,
    #662,#663,#664,#665,#666,#667,#668,#669,#670,#671,#672,#673,#674,
    #675,#676,#677,#678,#679,#680,#681,#682,#683,#684),.UNSPECIFIED.,.F.
  ,.F.,(8,6,6,6,6,6,6,6,6,6,6,8),(0.,7.757837937091E-02,0.207159384956,
    0.352165182319,0.403951115076,0.461104874864,0.537489644119,
    0.596454445423,0.647765892597,0.792690809189,0.922558557746,1.),
  .UNSPECIFIED.);
#617 = CARTESIAN_POINT('',(-1.570796272496,-193.7400079872));
#618 = CARTESIAN_POINT('',(-1.604127203861,-193.7400080225));
#619 = CARTESIAN_POINT('',(-1.637260355107,-193.7147272425));
#620 = CARTESIAN_POINT('',(-1.670199899829,-193.6647053372));
#621 = CARTESIAN_POINT('',(-1.702931865089,-193.5913773958));
#622 = CARTESIAN_POINT('',(-1.735399766496,-193.4971031293));
#623 = CARTESIAN_POINT('',(-1.76747987195,-193.3851324343));
#624 = CARTESIAN_POINT('',(-1.85153157375,-193.0496726523));
#625 = CARTESIAN_POINT('',(-1.903056549772,-192.7992109948));
#626 = CARTESIAN_POINT('',(-1.953850899319,-192.5197186811));
#627 = CARTESIAN_POINT('',(-2.004132767981,-192.2209317764));
#628 = CARTESIAN_POINT('',(-2.054162799476,-191.9094410924));
#629 = CARTESIAN_POINT('',(-2.104316072943,-191.5891855079));
#630 = CARTESIAN_POINT('',(-2.211950839995,-190.8971103284));
#631 = CARTESIAN_POINT('',(-2.269223174438,-190.5260760617));
#632 = CARTESIAN_POINT('',(-2.327528198194,-190.1537425694));
#633 = CARTESIAN_POINT('',(-2.387388781492,-189.7835348256));
#634 = CARTESIAN_POINT('',(-2.449298781586,-189.4199261137));
#635 = CARTESIAN_POINT('',(-2.513713670296,-189.0692012549));
#636 = CARTESIAN_POINT('',(-2.605184832779,-188.6225828957));
#637 = CARTESIAN_POINT('',(-2.629658436196,-188.5077060782));
#638 = CARTESIAN_POINT('',(-2.654559794345,-188.3958803759));
#639 = CARTESIAN_POINT('',(-2.679912428756,-188.2875592281));
#640 = CARTESIAN_POINT('',(-2.705739455414,-188.1832500803));
#641 = CARTESIAN_POINT('',(-2.732064533248,-188.0835148354));
#642 = CARTESIAN_POINT('',(-2.788544027675,-187.884625839));
#643 = CARTESIAN_POINT('',(-2.818860336035,-187.7864356496));
#644 = CARTESIAN_POINT('',(-2.849824504573,-187.6955306116));
#645 = CARTESIAN_POINT('',(-2.881405365355,-187.6129946253));
#646 = CARTESIAN_POINT('',(-2.913577333726,-187.5398602559));
#647 = CARTESIAN_POINT('',(-2.946319926388,-187.4771043744));
#648 = CARTESIAN_POINT('',(-3.024118474885,-187.3568678466));
#649 = CARTESIAN_POINT('',(-3.069577532454,-187.3083184748));
#650 = CARTESIAN_POINT('',(-3.11559103992,-187.2826932138));
#651 = CARTESIAN_POINT('',(-3.161795154523,-187.2813823741));
#652 = CARTESIAN_POINT('',(-3.207839666333,-187.3044333946));
#653 = CARTESIAN_POINT('',(-3.253362051971,-187.3505500844));
#654 = CARTESIAN_POINT('',(-3.332389831041,-187.4685202578));
#655 = CARTESIAN_POINT('',(-3.366233277897,-187.5320536142));
#656 = CARTESIAN_POINT('',(-3.399473979522,-187.6067300981));
#657 = CARTESIAN_POINT('',(-3.432088868107,-187.6914821651));
#658 = CARTESIAN_POINT('',(-3.464049081978,-187.7851765934));
#659 = CARTESIAN_POINT('',(-3.495319359797,-187.8866196192));
#660 = CARTESIAN_POINT('',(-3.5524318111,-188.0884941007));
#661 = CARTESIAN_POINT('',(-3.57849344515,-188.1874953105));
#662 = CARTESIAN_POINT('',(-3.604066820068,-188.2909677165));
#663 = CARTESIAN_POINT('',(-3.629174999822,-188.3983663096));
#664 = CARTESIAN_POINT('',(-3.653840535623,-188.5091986189));
#665 = CARTESIAN_POINT('',(-3.678086372348,-188.6230242747));
#666 = CARTESIAN_POINT('',(-3.769300177804,-189.068302263));
#667 = CARTESIAN_POINT('',(-3.833681152764,-189.4187702029));
#668 = CARTESIAN_POINT('',(-3.895559053354,-189.7821193414));
#669 = CARTESIAN_POINT('',(-3.955388449107,-190.1520714597));
#670 = CARTESIAN_POINT('',(-4.013662406679,-190.5241589952));
#671 = CARTESIAN_POINT('',(-4.070903281478,-190.8949656696));
#672 = CARTESIAN_POINT('',(-4.178617774072,-191.5875821727));
#673 = CARTESIAN_POINT('',(-4.228878019419,-191.9085591884));
#674 = CARTESIAN_POINT('',(-4.279013808315,-192.2207491538));
#675 = CARTESIAN_POINT('',(-4.329402629708,-192.5201929382));
#676 = CARTESIAN_POINT('',(-4.380306511639,-192.8002568236));
#677 = CARTESIAN_POINT('',(-4.431944695612,-193.0511334636));
#678 = CARTESIAN_POINT('',(-4.516062075336,-193.3863753324));
#679 = CARTESIAN_POINT('',(-4.548085733604,-193.4979735759));
#680 = CARTESIAN_POINT('',(-4.580495663943,-193.5919199659));
#681 = CARTESIAN_POINT('',(-4.613168693588,-193.6649842975));
#682 = CARTESIAN_POINT('',(-4.646048416815,-193.7148219764));
#683 = CARTESIAN_POINT('',(-4.679120612527,-193.7400080224));
#684 = CARTESIAN_POINT('',(-4.712389034683,-193.7400079872));
#685 = ( GEOMETRIC_REPRESENTATION_CONTEXT(2) 
PARAMETRIC_REPRESENTATION_CONTEXT() REPRESENTATION_CONTEXT('2D SPACE',''
  ) );
#686 = PCURVE('',#687,#692);
#687 = CYLINDRICAL_SURFACE('',#688,12.7);
#688 = AXIS2_PLACEMENT_3D('',#689,#690,#691);
#689 = CARTESIAN_POINT('',(0.,0.,0.));
#690 = DIRECTION('',(-1.,-0.,-0.));
#691 = DIRECTION('',(-0.,0.,1.));
#692 = DEFINITIONAL_REPRESENTATION('',(#693),#762);
#693 = B_SPLINE_CURVE_WITH_KNOTS('',7,(#694,#695,#696,#697,#698,#699,
    #700,#701,#702,#703,#704,#705,#706,#707,#708,#709,#710,#711,#712,
    #713,#714,#715,#716,#717,#718,#719,#720,#721,#722,#723,#724,#725,
    #726,#727,#728,#729,#730,#731,#732,#733,#734,#735,#736,#737,#738,
    #739,#740,#741,#742,#743,#744,#745,#746,#747,#748,#749,#750,#751,
    #752,#753,#754,#755,#756,#757,#758,#759,#760,#761),.UNSPECIFIED.,.F.
  ,.F.,(8,6,6,6,6,6,6,6,6,6,6,8),(0.,7.757837937091E-02,0.207159384956,
    0.352165182319,0.403951115076,0.461104874864,0.537489644119,
    0.596454445423,0.647765892597,0.792690809189,0.922558557746,1.),
  .UNSPECIFIED.);
#694 = CARTESIAN_POINT('',(-4.196954696236,-1.4000000006E+03));
#695 = CARTESIAN_POINT('',(-4.196954699431,-1.399631693808E+03));
#696 = CARTESIAN_POINT('',(-4.194666863058,-1.399265572017E+03));
#697 = CARTESIAN_POINT('',(-4.190139932029,-1.398902260085E+03));
#698 = CARTESIAN_POINT('',(-4.183485330871,-1.398542538379E+03));
#699 = CARTESIAN_POINT('',(-4.174881148084,-1.398187637902E+03));
#700 = CARTESIAN_POINT('',(-4.164577994332,-1.397839450157E+03));
#701 = CARTESIAN_POINT('',(-4.133411952541,-1.396934748631E+03));
#702 = CARTESIAN_POINT('',(-4.109865049244,-1.396388213223E+03));
#703 = CARTESIAN_POINT('',(-4.083123437657,-1.39585957493E+03));
#704 = CARTESIAN_POINT('',(-4.053858156904,-1.395348269468E+03));
#705 = CARTESIAN_POINT('',(-4.022473807098,-1.394853269358E+03));
#706 = CARTESIAN_POINT('',(-3.989115254665,-1.394372673572E+03));
#707 = CARTESIAN_POINT('',(-3.914026014954,-1.393380635951E+03));
#708 = CARTESIAN_POINT('',(-3.872030239478,-1.392875749047E+03));
#709 = CARTESIAN_POINT('',(-3.827682565842,-1.392387716991E+03));
#710 = CARTESIAN_POINT('',(-3.780801130525,-1.391916568953E+03));
#711 = CARTESIAN_POINT('',(-3.731147423254,-1.39146453909E+03));
#712 = CARTESIAN_POINT('',(-3.678459494599,-1.391036557007E+03));
#713 = CARTESIAN_POINT('',(-3.602427533116,-1.390499247438E+03));
#714 = CARTESIAN_POINT('',(-3.581975779583,-1.390361813661E+03));
#715 = CARTESIAN_POINT('',(-3.561063524671,-1.390228709715E+03));
#716 = CARTESIAN_POINT('',(-3.539674949414,-1.390100371035E+03));
#717 = CARTESIAN_POINT('',(-3.517794438133,-1.389977298178E+03));
#718 = CARTESIAN_POINT('',(-3.495405969172,-1.389860056595E+03));
#719 = CARTESIAN_POINT('',(-3.447203966414,-1.389627013374E+03));
#720 = CARTESIAN_POINT('',(-3.421235132086,-1.389512423723E+03));
#721 = CARTESIAN_POINT('',(-3.39462324158,-1.389406710761E+03));
#722 = CARTESIAN_POINT('',(-3.367402064137,-1.389311016915E+03));
#723 = CARTESIAN_POINT('',(-3.339602120798,-1.389226427361E+03));
#724 = CARTESIAN_POINT('',(-3.311250905904,-1.389153973656E+03));
#725 = CARTESIAN_POINT('',(-3.243778554309,-1.389015335723E+03));
#726 = CARTESIAN_POINT('',(-3.204272096364,-1.388959522946E+03));
#727 = CARTESIAN_POINT('',(-3.164230271446,-1.388930127707E+03));
#728 = CARTESIAN_POINT('',(-3.124003019909,-1.388928624125E+03));
#729 = CARTESIAN_POINT('',(-3.083931090115,-1.388955062419E+03));
#730 = CARTESIAN_POINT('',(-3.044363506489,-1.389008069275E+03));
#731 = CARTESIAN_POINT('',(-2.975809800325,-1.389144063684E+03));
#732 = CARTESIAN_POINT('',(-2.946498685546,-1.389217397055E+03));
#733 = CARTESIAN_POINT('',(-2.917769412918,-1.389303749699E+03));
#734 = CARTESIAN_POINT('',(-2.889652790838,-1.389401994192E+03));
#735 = CARTESIAN_POINT('',(-2.862183068963,-1.389510939784E+03));
#736 = CARTESIAN_POINT('',(-2.835398227013,-1.389629328125E+03));
#737 = CARTESIAN_POINT('',(-2.786664501354,-1.389865910622E+03));
#738 = CARTESIAN_POINT('',(-2.764503548918,-1.389982308102E+03));
#739 = CARTESIAN_POINT('',(-2.742840807572,-1.390104410849E+03));
#740 = CARTESIAN_POINT('',(-2.721660646661,-1.390231670676E+03));
#741 = CARTESIAN_POINT('',(-2.700947821789,-1.390363602006E+03));
#742 = CARTESIAN_POINT('',(-2.68068689302,-1.390499782107E+03));
#743 = CARTESIAN_POINT('',(-2.604866872903,-1.391035465159E+03));
#744 = CARTESIAN_POINT('',(-2.552204467902,-1.391463116731E+03));
#745 = CARTESIAN_POINT('',(-2.50257336454,-1.391914796908E+03));
#746 = CARTESIAN_POINT('',(-2.455712062425,-1.392385578497E+03));
#747 = CARTESIAN_POINT('',(-2.411382193323,-1.392873226234E+03));
#748 = CARTESIAN_POINT('',(-2.369401545454,-1.393377709785E+03));
#749 = CARTESIAN_POINT('',(-2.294235502764,-1.394370243548E+03));
#750 = CARTESIAN_POINT('',(-2.260797924897,-1.394851804987E+03));
#751 = CARTESIAN_POINT('',(-2.229342102647,-1.395347829529E+03));
#752 = CARTESIAN_POINT('',(-2.200013467819,-1.395860231357E+03));
#753 = CARTESIAN_POINT('',(-2.17321934423,-1.396390042147E+03));
#754 = CARTESIAN_POINT('',(-2.149635787167,-1.396937826652E+03));
#755 = CARTESIAN_POINT('',(-2.118492955655,-1.39784332131E+03));
#756 = CARTESIAN_POINT('',(-2.108224716376,-1.39819091935E+03));
#757 = CARTESIAN_POINT('',(-2.099650735831,-1.398545200345E+03));
#758 = CARTESIAN_POINT('',(-2.093020129299,-1.398904281634E+03));
#759 = CARTESIAN_POINT('',(-2.088509871131,-1.399266936306E+03));
#760 = CARTESIAN_POINT('',(-2.086230607755,-1.399632384535E+03));
#761 = CARTESIAN_POINT('',(-2.086230610943,-1.4000000006E+03));
#762 = ( GEOMETRIC_REPRESENTATION_CONTEXT(2) 
PARAMETRIC_REPRESENTATION_CONTEXT() REPRESENTATION_CONTEXT('2D SPACE',''
  ) );
#763 = ORIENTED_EDGE('',*,*,#764,.F.);
#764 = EDGE_CURVE('',#765,#542,#767,.T.);
#765 = VERTEX_POINT('',#766);
#766 = CARTESIAN_POINT('',(1.4E+03,-11.05,6.766173565289E-16));
#767 = SURFACE_CURVE('',#768,(#772,#778),.PCURVE_S1.);
#768 = LINE('',#769,#770);
#769 = CARTESIAN_POINT('',(1.4E+03,-11.05,-200.));
#770 = VECTOR('',#771,1.);
#771 = DIRECTION('',(-0.,-0.,-1.));
#772 = PCURVE('',#449,#773);
#773 = DEFINITIONAL_REPRESENTATION('',(#774),#777);
#774 = B_SPLINE_CURVE_WITH_KNOTS('',1,(#775,#776),.UNSPECIFIED.,.F.,.F.,
  (2,2),(-215.24,-184.76),.PIECEWISE_BEZIER_KNOTS.);
#775 = CARTESIAN_POINT('',(-4.712388980385,-215.24));
#776 = CARTESIAN_POINT('',(-4.712388980385,-184.76));
#777 = ( GEOMETRIC_REPRESENTATION_CONTEXT(2) 
PARAMETRIC_REPRESENTATION_CONTEXT() REPRESENTATION_CONTEXT('2D SPACE',''
  ) );
#778 = PCURVE('',#530,#779);
#779 = DEFINITIONAL_REPRESENTATION('',(#780),#783);
#780 = B_SPLINE_CURVE_WITH_KNOTS('',1,(#781,#782),.UNSPECIFIED.,.F.,.F.,
  (2,2),(-215.24,-184.76),.PIECEWISE_BEZIER_KNOTS.);
#781 = CARTESIAN_POINT('',(15.24,11.05));
#782 = CARTESIAN_POINT('',(-15.24,11.05));
#783 = ( GEOMETRIC_REPRESENTATION_CONTEXT(2) 
PARAMETRIC_REPRESENTATION_CONTEXT() REPRESENTATION_CONTEXT('2D SPACE',''
  ) );
#784 = ORIENTED_EDGE('',*,*,#785,.F.);
#785 = EDGE_CURVE('',#786,#765,#788,.T.);
#786 = VERTEX_POINT('',#787);
#787 = CARTESIAN_POINT('',(1.4E+03,-11.05,6.259992012771));
#788 = SURFACE_CURVE('',#789,(#793,#799),.PCURVE_S1.);
#789 = LINE('',#790,#791);
#790 = CARTESIAN_POINT('',(1.4E+03,-11.05,-200.));
#791 = VECTOR('',#792,1.);
#792 = DIRECTION('',(-0.,-0.,-1.));
#793 = PCURVE('',#449,#794);
#794 = DEFINITIONAL_REPRESENTATION('',(#795),#798);
#795 = B_SPLINE_CURVE_WITH_KNOTS('',1,(#796,#797),.UNSPECIFIED.,.F.,.F.,
  (2,2),(-215.24,-184.76),.PIECEWISE_BEZIER_KNOTS.);
#796 = CARTESIAN_POINT('',(-4.712388980385,-215.24));
#797 = CARTESIAN_POINT('',(-4.712388980385,-184.76));
#798 = ( GEOMETRIC_REPRESENTATION_CONTEXT(2) 
PARAMETRIC_REPRESENTATION_CONTEXT() REPRESENTATION_CONTEXT('2D SPACE',''
  ) );
#799 = PCURVE('',#800,#805);
#800 = PLANE('',#801);
#801 = AXIS2_PLACEMENT_3D('',#802,#803,#804);
#802 = CARTESIAN_POINT('',(1.4E+03,-1.204325410458E-15,0.));
#803 = DIRECTION('',(1.,0.,0.));
#804 = DIRECTION('',(-0.,0.,1.));
#805 = DEFINITIONAL_REPRESENTATION('',(#806),#809);
#806 = B_SPLINE_CURVE_WITH_KNOTS('',1,(#807,#808),.UNSPECIFIED.,.F.,.F.,
  (2,2),(-215.24,-184.76),.PIECEWISE_BEZIER_KNOTS.);
#807 = CARTESIAN_POINT('',(15.24,11.05));
#808 = CARTESIAN_POINT('',(-15.24,11.05));
#809 = ( GEOMETRIC_REPRESENTATION_CONTEXT(2) 
PARAMETRIC_REPRESENTATION_CONTEXT() REPRESENTATION_CONTEXT('2D SPACE',''
  ) );
#810 = ORIENTED_EDGE('',*,*,#811,.T.);
#811 = EDGE_CURVE('',#786,#812,#814,.T.);
#812 = VERTEX_POINT('',#813);
#813 = CARTESIAN_POINT('',(1.4E+03,11.050000000002,6.259992012771));
#814 = SURFACE_CURVE('',#815,(#890,#1007),.PCURVE_S1.);
#815 = B_SPLINE_CURVE_WITH_KNOTS('',7,(#816,#817,#818,#819,#820,#821,
    #822,#823,#824,#825,#826,#827,#828,#829,#830,#831,#832,#833,#834,
    #835,#836,#837,#838,#839,#840,#841,#842,#843,#844,#845,#846,#847,
    #848,#849,#850,#851,#852,#853,#854,#855,#856,#857,#858,#859,#860,
    #861,#862,#863,#864,#865,#866,#867,#868,#869,#870,#871,#872,#873,
    #874,#875,#876,#877,#878,#879,#880,#881,#882,#883,#884,#885,#886,
    #887,#888,#889),.UNSPECIFIED.,.F.,.F.,(8,6,6,6,6,6,6,6,6,6,6,6,8),(
    0.,0.15485897809,0.414554445173,0.704359607147,0.806966685415,
    0.88273686195,0.999999963893,1.12020621767,1.1954796862,
    1.298366893943,1.585815451902,1.845023938859,2.000208487867),
  .UNSPECIFIED.);
#816 = CARTESIAN_POINT('',(1.4E+03,-11.05,6.259992012774));
#817 = CARTESIAN_POINT('',(1.399632384024E+03,-11.04999999999,
    6.259992012774));
#818 = CARTESIAN_POINT('',(1.399266935883E+03,-11.03573114837,
    6.285178081606));
#819 = CARTESIAN_POINT('',(1.398904281299E+03,-11.00749918018,
    6.335015770561));
#820 = CARTESIAN_POINT('',(1.398545200097E+03,-10.96562737323,
    6.408080099732));
#821 = CARTESIAN_POINT('',(1.398190919187E+03,-10.91055026277,
    6.50202647611));
#822 = CARTESIAN_POINT('',(1.397843321231E+03,-10.84305295283,
    6.61362469672));
#823 = CARTESIAN_POINT('',(1.396937826652E+03,-10.63318591297,
    6.948866536364));
#824 = CARTESIAN_POINT('',(1.396390042147E+03,-10.46948016519,
    7.199743176399));
#825 = CARTESIAN_POINT('',(1.395860231357E+03,-10.27584419737,
    7.479807061777));
#826 = CARTESIAN_POINT('',(1.395347829529E+03,-10.05363364718,
    7.77925084617));
#827 = CARTESIAN_POINT('',(1.394851804987E+03,-9.803625457223,
    8.091440811561));
#828 = CARTESIAN_POINT('',(1.394370243548E+03,-9.524954761285,
    8.412417827228));
#829 = CARTESIAN_POINT('',(1.393377709785E+03,-8.868022321706,
    9.105034330381));
#830 = CARTESIAN_POINT('',(1.392873226234E+03,-8.484227638439,
    9.475841004745));
#831 = CARTESIAN_POINT('',(1.392385578497E+03,-8.060309850881,
    9.847928540216));
#832 = CARTESIAN_POINT('',(1.391914796908E+03,-7.592167492775,
    10.217880658571));
#833 = CARTESIAN_POINT('',(1.391463116731E+03,-7.074884787109,
    10.581229797091));
#834 = CARTESIAN_POINT('',(1.391035465159E+03,-6.503360328213,
    10.931697736948));
#835 = CARTESIAN_POINT('',(1.390499782107E+03,-5.649585547259,
    11.376975725212));
#836 = CARTESIAN_POINT('',(1.390363602006E+03,-5.418743438344,
    11.490801381008));
#837 = CARTESIAN_POINT('',(1.390231670676E+03,-5.180050106288,
    11.601633690377));
#838 = CARTESIAN_POINT('',(1.390104410849E+03,-4.933272552427,
    11.709032283477));
#839 = CARTESIAN_POINT('',(1.389982308102E+03,-4.678197242802,
    11.81250468944));
#840 = CARTESIAN_POINT('',(1.389865910622E+03,-4.41463032982,
    11.911505899222));
#841 = CARTESIAN_POINT('',(1.389674539216E+03,-3.941367871018,
    12.074802016767));
#842 = CARTESIAN_POINT('',(1.389596675633E+03,-3.735567846893,
    12.141417159966));
#843 = CARTESIAN_POINT('',(1.389522543984E+03,-3.525063863088,
    12.204991728066));
#844 = CARTESIAN_POINT('',(1.389452449361E+03,-3.30993276977,
    12.265234165588));
#845 = CARTESIAN_POINT('',(1.389386696556E+03,-3.090262214761,
    12.321853418635));
#846 = CARTESIAN_POINT('',(1.389325590411E+03,-2.866150652554,
    12.374559361959));
#847 = CARTESIAN_POINT('',(1.389182531017E+03,-2.284164955671,
    12.498128559369));
#848 = CARTESIAN_POINT('',(1.389107300263E+03,-1.919491119759,
    12.563290092734));
#849 = CARTESIAN_POINT('',(1.389045373715E+03,-1.545662872489,
    12.617048350575));
#850 = CARTESIAN_POINT('',(1.3889979971E+03,-1.164712484046,
    12.658238766724));
#851 = CARTESIAN_POINT('',(1.388966040145E+03,-0.778714650092,
    12.686043801099));
#852 = CARTESIAN_POINT('',(1.38895E+03,-0.389772152694,12.7));
#853 = CARTESIAN_POINT('',(1.38895E+03,0.399554928411,12.7));
#854 = CARTESIAN_POINT('',(1.388966855435E+03,0.7981764446,
    12.685334432521));
#855 = CARTESIAN_POINT('',(1.389000424045E+03,1.193616803676,
    12.656127138741));
#856 = CARTESIAN_POINT('',(1.389050158702E+03,1.583642575474,
    12.612888263376));
#857 = CARTESIAN_POINT('',(1.389115108825E+03,1.966052282282,
    12.556511907026));
#858 = CARTESIAN_POINT('',(1.389193916494E+03,2.33869233612,
    12.488268038903));
#859 = CARTESIAN_POINT('',(1.389341723341E+03,2.925391985115,
    12.360644685115));
#860 = CARTESIAN_POINT('',(1.389403462747E+03,3.146999707628,
    12.307413484262));
#861 = CARTESIAN_POINT('',(1.389469726616E+03,3.364196565856,
    12.250378079277));
#862 = CARTESIAN_POINT('',(1.389540217541E+03,3.576895148255,
    12.189821765967));
#863 = CARTESIAN_POINT('',(1.389614639276E+03,3.785018498335,
    12.126027728269));
#864 = CARTESIAN_POINT('',(1.389692696401E+03,3.988500104007,
    12.059278642477));
#865 = CARTESIAN_POINT('',(1.389885351933E+03,4.458990621968,
    11.894966634179));
#866 = CARTESIAN_POINT('',(1.390002882916E+03,4.721999783199,
    11.795055077964));
#867 = CARTESIAN_POINT('',(1.390126078409E+03,4.976492528207,
    11.690718519797));
#868 = CARTESIAN_POINT('',(1.390254393219E+03,5.22266954703,
    11.582500035851));
#869 = CARTESIAN_POINT('',(1.39038734577E+03,5.46075084215,
    11.470889364219));
#870 = CARTESIAN_POINT('',(1.390524518369E+03,5.690975508478,
    11.356323397626));
#871 = CARTESIAN_POINT('',(1.391059595672E+03,6.535578972618,
    10.911927511372));
#872 = CARTESIAN_POINT('',(1.39148478502E+03,7.099776477198,
    10.563795711403));
#873 = CARTESIAN_POINT('',(1.391933437924E+03,7.610853185946,
    10.203215970855));
#874 = CARTESIAN_POINT('',(1.39240082742E+03,8.073766710801,
    9.83625785726));
#875 = CARTESIAN_POINT('',(1.392884810336E+03,8.493278389701,
    9.467264946454));
#876 = CARTESIAN_POINT('',(1.393385358971E+03,8.873355492499,
    9.099594751529));
#877 = CARTESIAN_POINT('',(1.394372673572E+03,9.526317657855,
    8.410814492019));
#878 = CARTESIAN_POINT('',(1.394853269358E+03,9.804283695706,
    8.090558907564));
#879 = CARTESIAN_POINT('',(1.395348269468E+03,10.053707926989,
    7.779068223536));
#880 = CARTESIAN_POINT('',(1.39585957493E+03,10.275448745174,
    7.480281318859));
#881 = CARTESIAN_POINT('',(1.396388213223E+03,10.468737093796,
    7.200789005108));
#882 = CARTESIAN_POINT('',(1.396934748631E+03,10.632226834704,
    6.950327347618));
#883 = CARTESIAN_POINT('',(1.397839450082E+03,10.842301294671,
    6.614867593277));
#884 = CARTESIAN_POINT('',(1.39818763773E+03,10.910039889856,
    6.50289692534));
#885 = CARTESIAN_POINT('',(1.398542538137E+03,10.965316389169,
    6.408622669414));
#886 = CARTESIAN_POINT('',(1.398902259756E+03,11.007341161429,
    6.335294729263));
#887 = CARTESIAN_POINT('',(1.399265571583E+03,11.035677472545,
    6.285272816846));
#888 = CARTESIAN_POINT('',(1.399631693302E+03,11.049999999999,
    6.259992012774));
#889 = CARTESIAN_POINT('',(1.4E+03,11.05,6.259992012774));
#890 = PCURVE('',#449,#891);
#891 = DEFINITIONAL_REPRESENTATION('',(#892),#1006);
#892 = B_SPLINE_CURVE_WITH_KNOTS('',3,(#893,#894,#895,#896,#897,#898,
    #899,#900,#901,#902,#903,#904,#905,#906,#907,#908,#909,#910,#911,
    #912,#913,#914,#915,#916,#917,#918,#919,#920,#921,#922,#923,#924,
    #925,#926,#927,#928,#929,#930,#931,#932,#933,#934,#935,#936,#937,
    #938,#939,#940,#941,#942,#943,#944,#945,#946,#947,#948,#949,#950,
    #951,#952,#953,#954,#955,#956,#957,#958,#959,#960,#961,#962,#963,
    #964,#965,#966,#967,#968,#969,#970,#971,#972,#973,#974,#975,#976,
    #977,#978,#979,#980,#981,#982,#983,#984,#985,#986,#987,#988,#989,
    #990,#991,#992,#993,#994,#995,#996,#997,#998,#999,#1000,#1001,#1002,
    #1003,#1004,#1005),.UNSPECIFIED.,.F.,.F.,(4,1,1,1,1,1,1,1,1,1,1,1,1,
    1,1,1,1,1,1,1,1,1,1,1,1,1,1,1,1,1,1,1,1,1,1,1,1,1,1,1,1,1,1,1,1,1,1,
    1,1,1,1,1,1,1,1,1,1,1,1,1,1,1,1,1,1,1,1,1,1,1,1,1,1,1,1,1,1,1,1,1,1,
    1,1,1,1,1,1,1,1,1,1,1,1,1,1,1,1,1,1,1,1,1,1,1,1,1,1,1,1,1,4),(0.,
    1.818371352606E-02,3.636742705212E-02,5.455114057819E-02,
    7.273485410425E-02,9.091856763031E-02,0.109102281156,0.127285994682,
    0.145469708208,0.163653421735,0.181837135261,0.200020848787,
    0.218204562313,0.236388275839,0.254571989365,0.272755702891,
    0.290939416417,0.309123129943,0.327306843469,0.345490556995,
    0.363674270521,0.381857984047,0.400041697573,0.418225411099,
    0.436409124625,0.454592838152,0.472776551678,0.490960265204,
    0.50914397873,0.527327692256,0.545511405782,0.563695119308,
    0.581878832834,0.60006254636,0.618246259886,0.636429973412,
    0.654613686938,0.672797400464,0.69098111399,0.709164827516,
    0.727348541042,0.745532254569,0.763715968095,0.781899681621,
    0.800083395147,0.818267108673,0.836450822199,0.854634535725,
    0.872818249251,0.891001962777,0.909185676303,0.927369389829,
    0.945553103355,0.963736816881,0.981920530407,1.000104243933,
    1.018287957459,1.036471670986,1.054655384512,1.072839098038,
    1.091022811564,1.10920652509,1.127390238616,1.145573952142,
    1.163757665668,1.181941379194,1.20012509272,1.218308806246,
    1.236492519772,1.254676233298,1.272859946824,1.29104366035,
    1.309227373876,1.327411087403,1.345594800929,1.363778514455,
    1.381962227981,1.400145941507,1.418329655033,1.436513368559,
    1.454697082085,1.472880795611,1.491064509137,1.509248222663,
    1.527431936189,1.545615649715,1.563799363241,1.581983076767,
    1.600166790293,1.61835050382,1.636534217346,1.654717930872,
    1.672901644398,1.691085357924,1.70926907145,1.727452784976,
    1.745636498502,1.763820212028,1.782003925554,1.80018763908,
    1.818371352606,1.836555066132,1.854738779658,1.872922493184,
    1.89110620671,1.909289920236,1.927473633763,1.945657347289,
    1.963841060815,1.982024774341,2.000208487867),
  .QUASI_UNIFORM_KNOTS.);
#893 = CARTESIAN_POINT('',(-4.712388980385,-206.2599920127));
#894 = CARTESIAN_POINT('',(-4.703274387024,-206.2599800566));
#895 = CARTESIAN_POINT('',(-4.685081691424,-206.264863139));
#896 = CARTESIAN_POINT('',(-4.657907369284,-206.2864982346));
#897 = CARTESIAN_POINT('',(-4.630850946699,-206.3220896155));
#898 = CARTESIAN_POINT('',(-4.60392284556,-206.3710859588));
#899 = CARTESIAN_POINT('',(-4.577140200777,-206.4328061379));
#900 = CARTESIAN_POINT('',(-4.550527984068,-206.5064260375));
#901 = CARTESIAN_POINT('',(-4.524123271787,-206.5909716486));
#902 = CARTESIAN_POINT('',(-4.497965287287,-206.6853725572));
#903 = CARTESIAN_POINT('',(-4.472139298757,-206.788272581));
#904 = CARTESIAN_POINT('',(-4.446516816451,-206.8991830119));
#905 = CARTESIAN_POINT('',(-4.421080085405,-207.0172994583));
#906 = CARTESIAN_POINT('',(-4.395807864914,-207.1418648294));
#907 = CARTESIAN_POINT('',(-4.370680850177,-207.2721696992));
#908 = CARTESIAN_POINT('',(-4.345679578552,-207.407555691));
#909 = CARTESIAN_POINT('',(-4.320784402746,-207.5474169001));
#910 = CARTESIAN_POINT('',(-4.295974962849,-207.6912007276));
#911 = CARTESIAN_POINT('',(-4.271229829287,-207.8384079016));
#912 = CARTESIAN_POINT('',(-4.24652618218,-207.9885914974));
#913 = CARTESIAN_POINT('',(-4.221839382276,-208.1413562224));
#914 = CARTESIAN_POINT('',(-4.197143140022,-208.2963533759));
#915 = CARTESIAN_POINT('',(-4.172407597166,-208.4532888679));
#916 = CARTESIAN_POINT('',(-4.147605355688,-208.6118796383));
#917 = CARTESIAN_POINT('',(-4.122688001955,-208.7720000101));
#918 = CARTESIAN_POINT('',(-4.097680474074,-208.9330680601));
#919 = CARTESIAN_POINT('',(-4.072567909863,-209.0947695006));
#920 = CARTESIAN_POINT('',(-4.047316553607,-209.2569233964));
#921 = CARTESIAN_POINT('',(-4.021898741501,-209.4193159622));
#922 = CARTESIAN_POINT('',(-3.996286102151,-209.5817402703));
#923 = CARTESIAN_POINT('',(-3.970451286045,-209.7439811467));
#924 = CARTESIAN_POINT('',(-3.944367419089,-209.9058150917));
#925 = CARTESIAN_POINT('',(-3.918008172924,-210.0670064859));
#926 = CARTESIAN_POINT('',(-3.89134767232,-210.2273050848));
#927 = CARTESIAN_POINT('',(-3.864360451373,-210.3864434099));
#928 = CARTESIAN_POINT('',(-3.837021376356,-210.5441344886));
#929 = CARTESIAN_POINT('',(-3.809305636828,-210.7000694048));
#930 = CARTESIAN_POINT('',(-3.781188465199,-210.8539162463));
#931 = CARTESIAN_POINT('',(-3.752645826882,-211.005314526));
#932 = CARTESIAN_POINT('',(-3.723651437061,-211.153887065));
#933 = CARTESIAN_POINT('',(-3.694187423018,-211.2991871904));
#934 = CARTESIAN_POINT('',(-3.664197955521,-211.4409168768));
#935 = CARTESIAN_POINT('',(-3.633650718924,-211.5786104298));
#936 = CARTESIAN_POINT('',(-3.602519996808,-211.7117317299));
#937 = CARTESIAN_POINT('',(-3.570778281207,-211.8397100145));
#938 = CARTESIAN_POINT('',(-3.538399707164,-211.9619240776));
#939 = CARTESIAN_POINT('',(-3.505352316177,-212.077728532));
#940 = CARTESIAN_POINT('',(-3.471620177037,-212.1863725808));
#941 = CARTESIAN_POINT('',(-3.437216537738,-212.2869917599));
#942 = CARTESIAN_POINT('',(-3.402146029484,-212.3787454186));
#943 = CARTESIAN_POINT('',(-3.366412428283,-212.4607967402));
#944 = CARTESIAN_POINT('',(-3.329984974429,-212.5323551892));
#945 = CARTESIAN_POINT('',(-3.292992665363,-212.5923525409));
#946 = CARTESIAN_POINT('',(-3.255536890607,-212.6399508041));
#947 = CARTESIAN_POINT('',(-3.217717993917,-212.6744631467));
#948 = CARTESIAN_POINT('',(-3.179640441755,-212.695377411));
#949 = CARTESIAN_POINT('',(-3.141372283998,-212.7023512721));
#950 = CARTESIAN_POINT('',(-3.103108891224,-212.6952161096));
#951 = CARTESIAN_POINT('',(-3.06503968979,-212.6741484999));
#952 = CARTESIAN_POINT('',(-3.027231820722,-212.6394937492));
#953 = CARTESIAN_POINT('',(-2.989787329309,-212.5917641531));
#954 = CARTESIAN_POINT('',(-2.95280503223,-212.5316446369));
#955 = CARTESIAN_POINT('',(-2.916382441083,-212.4599639113));
#956 = CARTESIAN_POINT('',(-2.880652747346,-212.3777941076));
#957 = CARTESIAN_POINT('',(-2.845597989306,-212.2859620033));
#958 = CARTESIAN_POINT('',(-2.811208986516,-212.1852760422));
#959 = CARTESIAN_POINT('',(-2.777491458294,-212.0765781961));
#960 = CARTESIAN_POINT('',(-2.744454884383,-211.9607187779));
#961 = CARTESIAN_POINT('',(-2.712088453268,-211.8384648077));
#962 = CARTESIAN_POINT('',(-2.680358726125,-211.7104565561));
#963 = CARTESIAN_POINT('',(-2.64923970081,-211.5773137598));
#964 = CARTESIAN_POINT('',(-2.618703817941,-211.4396065187));
#965 = CARTESIAN_POINT('',(-2.588723760289,-211.297862215));
#966 = CARTESIAN_POINT('',(-2.559271838397,-211.1525682255));
#967 = CARTESIAN_POINT('',(-2.530289752013,-211.0040111346));
#968 = CARTESIAN_POINT('',(-2.501758254014,-210.8526296227));
#969 = CARTESIAN_POINT('',(-2.47365145323,-210.698802026));
#970 = CARTESIAN_POINT('',(-2.445945251493,-210.5428877331));
#971 = CARTESIAN_POINT('',(-2.418614956459,-210.3852183645));
#972 = CARTESIAN_POINT('',(-2.391635812015,-210.2261025371));
#973 = CARTESIAN_POINT('',(-2.364982760867,-210.0658271393));
#974 = CARTESIAN_POINT('',(-2.338630424526,-209.9046597236));
#975 = CARTESIAN_POINT('',(-2.312553030005,-209.742850783));
#976 = CARTESIAN_POINT('',(-2.286724365368,-209.5806363506));
#977 = CARTESIAN_POINT('',(-2.261117690825,-209.4182405183));
#978 = CARTESIAN_POINT('',(-2.235705801161,-209.2558791659));
#979 = CARTESIAN_POINT('',(-2.210460514833,-209.0937602526));
#980 = CARTESIAN_POINT('',(-2.185354278191,-208.9320980926));
#981 = CARTESIAN_POINT('',(-2.160353841943,-208.7710766869));
#982 = CARTESIAN_POINT('',(-2.135443479997,-208.6110045199));
#983 = CARTESIAN_POINT('',(-2.110647890763,-208.4524617267));
#984 = CARTESIAN_POINT('',(-2.085918907711,-208.2955753399));
#985 = CARTESIAN_POINT('',(-2.061229099644,-208.1406279712));
#986 = CARTESIAN_POINT('',(-2.036548646028,-207.9879137129));
#987 = CARTESIAN_POINT('',(-2.011851272345,-207.8377811092));
#988 = CARTESIAN_POINT('',(-1.987112357169,-207.6906252963));
#989 = CARTESIAN_POINT('',(-1.962309095233,-207.5468929966));
#990 = CARTESIAN_POINT('',(-1.937420069299,-207.4070832383));
#991 = CARTESIAN_POINT('',(-1.912424934168,-207.2717483483));
#992 = CARTESIAN_POINT('',(-1.887304042587,-207.1414938598));
#993 = CARTESIAN_POINT('',(-1.862037983388,-207.0169779406));
#994 = CARTESIAN_POINT('',(-1.836607310029,-206.8989089854));
#995 = CARTESIAN_POINT('',(-1.810991362255,-206.7880459055));
#996 = CARTESIAN_POINT('',(-1.785170273849,-206.6851840554));
#997 = CARTESIAN_POINT('',(-1.759017020882,-206.5908189066));
#998 = CARTESIAN_POINT('',(-1.732618126323,-206.5063098208));
#999 = CARTESIAN_POINT('',(-1.706012169475,-206.4327235179));
#1000 = CARTESIAN_POINT('',(-1.6792361339,-206.3710326876));
#1001 = CARTESIAN_POINT('',(-1.652314784895,-206.3220600282));
#1002 = CARTESIAN_POINT('',(-1.625265107886,-206.2864858325));
#1003 = CARTESIAN_POINT('',(-1.598097378748,-206.2648609429));
#1004 = CARTESIAN_POINT('',(-1.57990888808,-206.2599800923));
#1005 = CARTESIAN_POINT('',(-1.570796326795,-206.2599920127));
#1006 = ( GEOMETRIC_REPRESENTATION_CONTEXT(2) 
PARAMETRIC_REPRESENTATION_CONTEXT() REPRESENTATION_CONTEXT('2D SPACE',''
  ) );
#1007 = PCURVE('',#1008,#1013);
#1008 = CYLINDRICAL_SURFACE('',#1009,12.7);
#1009 = AXIS2_PLACEMENT_3D('',#1010,#1011,#1012);
#1010 = CARTESIAN_POINT('',(0.,0.,0.));
#1011 = DIRECTION('',(-1.,-0.,-0.));
#1012 = DIRECTION('',(-0.,0.,1.));
#1013 = DEFINITIONAL_REPRESENTATION('',(#1014),#1128);
#1014 = B_SPLINE_CURVE_WITH_KNOTS('',3,(#1015,#1016,#1017,#1018,#1019,
    #1020,#1021,#1022,#1023,#1024,#1025,#1026,#1027,#1028,#1029,#1030,
    #1031,#1032,#1033,#1034,#1035,#1036,#1037,#1038,#1039,#1040,#1041,
    #1042,#1043,#1044,#1045,#1046,#1047,#1048,#1049,#1050,#1051,#1052,
    #1053,#1054,#1055,#1056,#1057,#1058,#1059,#1060,#1061,#1062,#1063,
    #1064,#1065,#1066,#1067,#1068,#1069,#1070,#1071,#1072,#1073,#1074,
    #1075,#1076,#1077,#1078,#1079,#1080,#1081,#1082,#1083,#1084,#1085,
    #1086,#1087,#1088,#1089,#1090,#1091,#1092,#1093,#1094,#1095,#1096,
    #1097,#1098,#1099,#1100,#1101,#1102,#1103,#1104,#1105,#1106,#1107,
    #1108,#1109,#1110,#1111,#1112,#1113,#1114,#1115,#1116,#1117,#1118,
    #1119,#1120,#1121,#1122,#1123,#1124,#1125,#1126,#1127),
  .UNSPECIFIED.,.F.,.F.,(4,1,1,1,1,1,1,1,1,1,1,1,1,1,1,1,1,1,1,1,1,1,1,1
    ,1,1,1,1,1,1,1,1,1,1,1,1,1,1,1,1,1,1,1,1,1,1,1,1,1,1,1,1,1,1,1,1,1,1
    ,1,1,1,1,1,1,1,1,1,1,1,1,1,1,1,1,1,1,1,1,1,1,1,1,1,1,1,1,1,1,1,1,1,1
    ,1,1,1,1,1,1,1,1,1,1,1,1,1,1,1,1,1,1,4),(0.,1.818371352606E-02,
    3.636742705212E-02,5.455114057819E-02,7.273485410425E-02,
    9.091856763031E-02,0.109102281156,0.127285994682,0.145469708208,
    0.163653421735,0.181837135261,0.200020848787,0.218204562313,
    0.236388275839,0.254571989365,0.272755702891,0.290939416417,
    0.309123129943,0.327306843469,0.345490556995,0.363674270521,
    0.381857984047,0.400041697573,0.418225411099,0.436409124625,
    0.454592838152,0.472776551678,0.490960265204,0.50914397873,
    0.527327692256,0.545511405782,0.563695119308,0.581878832834,
    0.60006254636,0.618246259886,0.636429973412,0.654613686938,
    0.672797400464,0.69098111399,0.709164827516,0.727348541042,
    0.745532254569,0.763715968095,0.781899681621,0.800083395147,
    0.818267108673,0.836450822199,0.854634535725,0.872818249251,
    0.891001962777,0.909185676303,0.927369389829,0.945553103355,
    0.963736816881,0.981920530407,1.000104243933,1.018287957459,
    1.036471670986,1.054655384512,1.072839098038,1.091022811564,
    1.10920652509,1.127390238616,1.145573952142,1.163757665668,
    1.181941379194,1.20012509272,1.218308806246,1.236492519772,
    1.254676233298,1.272859946824,1.29104366035,1.309227373876,
    1.327411087403,1.345594800929,1.363778514455,1.381962227981,
    1.400145941507,1.418329655033,1.436513368559,1.454697082085,
    1.472880795611,1.491064509137,1.509248222663,1.527431936189,
    1.545615649715,1.563799363241,1.581983076767,1.600166790293,
    1.61835050382,1.636534217346,1.654717930872,1.672901644398,
    1.691085357924,1.70926907145,1.727452784976,1.745636498502,
    1.763820212028,1.782003925554,1.80018763908,1.818371352606,
    1.836555066132,1.854738779658,1.872922493184,1.89110620671,
    1.909289920236,1.927473633763,1.945657347289,1.963841060815,
    1.982024774341,2.000208487867),.QUASI_UNIFORM_KNOTS.);
#1015 = CARTESIAN_POINT('',(-7.338547349826,-1.4E+03));
#1016 = CARTESIAN_POINT('',(-7.338548201408,-1.399899283242E+03));
#1017 = CARTESIAN_POINT('',(-7.338106709453,-1.399698254847E+03));
#1018 = CARTESIAN_POINT('',(-7.336147548509,-1.399398202118E+03));
#1019 = CARTESIAN_POINT('',(-7.332920054911,-1.399099893409E+03));
#1020 = CARTESIAN_POINT('',(-7.328467071007,-1.39880365407E+03));
#1021 = CARTESIAN_POINT('',(-7.322841240711,-1.398509875952E+03));
#1022 = CARTESIAN_POINT('',(-7.316106256851,-1.398219026825E+03));
#1023 = CARTESIAN_POINT('',(-7.308338136459,-1.397931692881E+03));
#1024 = CARTESIAN_POINT('',(-7.299620807276,-1.397648468125E+03));
#1025 = CARTESIAN_POINT('',(-7.290064629408,-1.397370416437E+03));
#1026 = CARTESIAN_POINT('',(-7.279699404383,-1.397096287219E+03));
#1027 = CARTESIAN_POINT('',(-7.268583634902,-1.39682603127E+03));
#1028 = CARTESIAN_POINT('',(-7.256771441078,-1.396559556538E+03));
#1029 = CARTESIAN_POINT('',(-7.244312489891,-1.396296791025E+03));
#1030 = CARTESIAN_POINT('',(-7.231251743326,-1.396037660565E+03));
#1031 = CARTESIAN_POINT('',(-7.217629307553,-1.395782090172E+03));
#1032 = CARTESIAN_POINT('',(-7.203480305208,-1.395529999898E+03));
#1033 = CARTESIAN_POINT('',(-7.188834777728,-1.395281302868E+03));
#1034 = CARTESIAN_POINT('',(-7.1737176449,-1.395035903896E+03));
#1035 = CARTESIAN_POINT('',(-7.158148583317,-1.394793697493E+03));
#1036 = CARTESIAN_POINT('',(-7.142142328099,-1.394554571698E+03));
#1037 = CARTESIAN_POINT('',(-7.125707498661,-1.394318393225E+03));
#1038 = CARTESIAN_POINT('',(-7.108851023127,-1.394085065624E+03));
#1039 = CARTESIAN_POINT('',(-7.091561746975,-1.393854318225E+03));
#1040 = CARTESIAN_POINT('',(-7.073877102388,-1.393626572672E+03));
#1041 = CARTESIAN_POINT('',(-7.055806118712,-1.393401879354E+03));
#1042 = CARTESIAN_POINT('',(-7.03734183627,-1.393180137632E+03));
#1043 = CARTESIAN_POINT('',(-7.018479397574,-1.392961323721E+03));
#1044 = CARTESIAN_POINT('',(-6.999211482606,-1.392745430136E+03));
#1045 = CARTESIAN_POINT('',(-6.979529783555,-1.392532482555E+03));
#1046 = CARTESIAN_POINT('',(-6.959424831444,-1.392322536063E+03));
#1047 = CARTESIAN_POINT('',(-6.938886236255,-1.392115677032E+03));
#1048 = CARTESIAN_POINT('',(-6.917902788002,-1.391912023576E+03));
#1049 = CARTESIAN_POINT('',(-6.896462572886,-1.391711726502E+03));
#1050 = CARTESIAN_POINT('',(-6.874553045585,-1.391514970096E+03));
#1051 = CARTESIAN_POINT('',(-6.852161143444,-1.391321973381E+03));
#1052 = CARTESIAN_POINT('',(-6.829273161879,-1.3911329899E+03));
#1053 = CARTESIAN_POINT('',(-6.805875430427,-1.390948313097E+03));
#1054 = CARTESIAN_POINT('',(-6.781951913846,-1.390768260936E+03));
#1055 = CARTESIAN_POINT('',(-6.757493201642,-1.390593238003E+03));
#1056 = CARTESIAN_POINT('',(-6.732457886423,-1.390423473457E+03));
#1057 = CARTESIAN_POINT('',(-6.706823486861,-1.390259402258E+03));
#1058 = CARTESIAN_POINT('',(-6.680572913558,-1.390101543911E+03));
#1059 = CARTESIAN_POINT('',(-6.653687482385,-1.389950459778E+03));
#1060 = CARTESIAN_POINT('',(-6.62614990464,-1.389806771404E+03));
#1061 = CARTESIAN_POINT('',(-6.597937780832,-1.38967112931E+03));
#1062 = CARTESIAN_POINT('',(-6.569042544057,-1.38954430845E+03));
#1063 = CARTESIAN_POINT('',(-6.539481146617,-1.389427216635E+03));
#1064 = CARTESIAN_POINT('',(-6.509263823721,-1.389320734906E+03));
#1065 = CARTESIAN_POINT('',(-6.478400734121,-1.389225742764E+03));
#1066 = CARTESIAN_POINT('',(-6.446872702869,-1.389143071084E+03));
#1067 = CARTESIAN_POINT('',(-6.414799713688,-1.389073877292E+03));
#1068 = CARTESIAN_POINT('',(-6.38227921239,-1.38901906031E+03));
#1069 = CARTESIAN_POINT('',(-6.349408666955,-1.388979355934E+03));
#1070 = CARTESIAN_POINT('',(-6.316289896897,-1.388955312359E+03));
#1071 = CARTESIAN_POINT('',(-6.282993556869,-1.388947297874E+03));
#1072 = CARTESIAN_POINT('',(-6.249701431237,-1.388955497746E+03));
#1073 = CARTESIAN_POINT('',(-6.216590125429,-1.38897971776E+03));
#1074 = CARTESIAN_POINT('',(-6.183729490099,-1.389019586364E+03));
#1075 = CARTESIAN_POINT('',(-6.151219225992,-1.389074555344E+03));
#1076 = CARTESIAN_POINT('',(-6.11915546419,-1.389143891211E+03));
#1077 = CARTESIAN_POINT('',(-6.08763229077,-1.389226705863E+03));
#1078 = CARTESIAN_POINT('',(-6.056773336637,-1.389321837521E+03));
#1079 = CARTESIAN_POINT('',(-6.026570431963,-1.389428413281E+03));
#1080 = CARTESIAN_POINT('',(-5.99702252067,-1.389545586429E+03));
#1081 = CARTESIAN_POINT('',(-5.968140769066,-1.389672474347E+03));
#1082 = CARTESIAN_POINT('',(-5.939938907661,-1.389808185779E+03));
#1083 = CARTESIAN_POINT('',(-5.912412743474,-1.389951926742E+03));
#1084 = CARTESIAN_POINT('',(-5.88553859947,-1.390103052628E+03));
#1085 = CARTESIAN_POINT('',(-5.859299068495,-1.390260943574E+03));
#1086 = CARTESIAN_POINT('',(-5.833675413825,-1.390425038881E+03));
#1087 = CARTESIAN_POINT('',(-5.80864921633,-1.390594829498E+03));
#1088 = CARTESIAN_POINT('',(-5.784201846623,-1.390769854398E+03));
#1089 = CARTESIAN_POINT('',(-5.760289807435,-1.390949897822E+03));
#1090 = CARTESIAN_POINT('',(-5.736902559893,-1.391134564846E+03));
#1091 = CARTESIAN_POINT('',(-5.714024400223,-1.391323536089E+03));
#1092 = CARTESIAN_POINT('',(-5.691641612615,-1.391516519434E+03));
#1093 = CARTESIAN_POINT('',(-5.669740561972,-1.391713261697E+03));
#1094 = CARTESIAN_POINT('',(-5.648308237769,-1.391913544238E+03));
#1095 = CARTESIAN_POINT('',(-5.627332164456,-1.392117182897E+03));
#1096 = CARTESIAN_POINT('',(-5.606800505795,-1.392324026799E+03));
#1097 = CARTESIAN_POINT('',(-5.586702139442,-1.392533957532E+03));
#1098 = CARTESIAN_POINT('',(-5.56702677152,-1.392746888206E+03));
#1099 = CARTESIAN_POINT('',(-5.547765039082,-1.392962762944E+03));
#1100 = CARTESIAN_POINT('',(-5.528908743189,-1.393181555081E+03));
#1101 = CARTESIAN_POINT('',(-5.510450698641,-1.393403270584E+03));
#1102 = CARTESIAN_POINT('',(-5.492386118949,-1.393627932337E+03));
#1103 = CARTESIAN_POINT('',(-5.474708382285,-1.39385563632E+03));
#1104 = CARTESIAN_POINT('',(-5.457425883509,-1.394086339966E+03));
#1105 = CARTESIAN_POINT('',(-5.440575888143,-1.394319624107E+03));
#1106 = CARTESIAN_POINT('',(-5.424147410944,-1.39455575734E+03));
#1107 = CARTESIAN_POINT('',(-5.408147351787,-1.394794836604E+03));
#1108 = CARTESIAN_POINT('',(-5.392584348959,-1.395036994993E+03));
#1109 = CARTESIAN_POINT('',(-5.377473138179,-1.395282344469E+03));
#1110 = CARTESIAN_POINT('',(-5.362833395973,-1.395530990481E+03));
#1111 = CARTESIAN_POINT('',(-5.348690036873,-1.395783028194E+03));
#1112 = CARTESIAN_POINT('',(-5.335073092709,-1.396038544476E+03));
#1113 = CARTESIAN_POINT('',(-5.322017673603,-1.396297619235E+03));
#1114 = CARTESIAN_POINT('',(-5.309563863849,-1.396560327568E+03));
#1115 = CARTESIAN_POINT('',(-5.29775661868,-1.396826743196E+03));
#1116 = CARTESIAN_POINT('',(-5.286645522039,-1.397096939748E+03));
#1117 = CARTESIAN_POINT('',(-5.276284875981,-1.397371003134E+03));
#1118 = CARTESIAN_POINT('',(-5.26673235657,-1.397649005384E+03));
#1119 = CARTESIAN_POINT('',(-5.258018413893,-1.397932181657E+03));
#1120 = CARTESIAN_POINT('',(-5.250253706971,-1.398219454437E+03));
#1121 = CARTESIAN_POINT('',(-5.243521832241,-1.39851023671E+03));
#1122 = CARTESIAN_POINT('',(-5.237898696849,-1.398803943389E+03));
#1123 = CARTESIAN_POINT('',(-5.233447874603,-1.399100109082E+03));
#1124 = CARTESIAN_POINT('',(-5.230221942549,-1.399398343733E+03));
#1125 = CARTESIAN_POINT('',(-5.228263706375,-1.399698323767E+03));
#1126 = CARTESIAN_POINT('',(-5.227822415963,-1.399899305696E+03));
#1127 = CARTESIAN_POINT('',(-5.227823264533,-1.4E+03));
#1128 = ( GEOMETRIC_REPRESENTATION_CONTEXT(2) 
PARAMETRIC_REPRESENTATION_CONTEXT() REPRESENTATION_CONTEXT('2D SPACE',''
  ) );
#1129 = ORIENTED_EDGE('',*,*,#1130,.T.);
#1130 = EDGE_CURVE('',#812,#514,#1131,.T.);
#1131 = SURFACE_CURVE('',#1132,(#1136,#1142),.PCURVE_S1.);
#1132 = LINE('',#1133,#1134);
#1133 = CARTESIAN_POINT('',(1.4E+03,11.05,-200.));
#1134 = VECTOR('',#1135,1.);
#1135 = DIRECTION('',(-0.,-0.,-1.));
#1136 = PCURVE('',#449,#1137);
#1137 = DEFINITIONAL_REPRESENTATION('',(#1138),#1141);
#1138 = B_SPLINE_CURVE_WITH_KNOTS('',1,(#1139,#1140),.UNSPECIFIED.,.F.,
  .F.,(2,2),(-215.24,-184.76),.PIECEWISE_BEZIER_KNOTS.);
#1139 = CARTESIAN_POINT('',(-1.570796326795,-215.24));
#1140 = CARTESIAN_POINT('',(-1.570796326795,-184.76));
#1141 = ( GEOMETRIC_REPRESENTATION_CONTEXT(2) 
PARAMETRIC_REPRESENTATION_CONTEXT() REPRESENTATION_CONTEXT('2D SPACE',''
  ) );
#1142 = PCURVE('',#800,#1143);
#1143 = DEFINITIONAL_REPRESENTATION('',(#1144),#1147);
#1144 = B_SPLINE_CURVE_WITH_KNOTS('',1,(#1145,#1146),.UNSPECIFIED.,.F.,
  .F.,(2,2),(-215.24,-184.76),.PIECEWISE_BEZIER_KNOTS.);
#1145 = CARTESIAN_POINT('',(15.24,-11.05));
#1146 = CARTESIAN_POINT('',(-15.24,-11.05));
#1147 = ( GEOMETRIC_REPRESENTATION_CONTEXT(2) 
PARAMETRIC_REPRESENTATION_CONTEXT() REPRESENTATION_CONTEXT('2D SPACE',''
  ) );
#1148 = ADVANCED_FACE('',(#1149),#1008,.T.);
#1149 = FACE_BOUND('',#1150,.F.);
#1150 = EDGE_LOOP('',(#1151,#1173));
#1151 = ORIENTED_EDGE('',*,*,#1152,.T.);
#1152 = EDGE_CURVE('',#812,#786,#1153,.T.);
#1153 = SURFACE_CURVE('',#1154,(#1159,#1166),.PCURVE_S1.);
#1154 = CIRCLE('',#1155,12.7);
#1155 = AXIS2_PLACEMENT_3D('',#1156,#1157,#1158);
#1156 = CARTESIAN_POINT('',(1.4E+03,0.,0.));
#1157 = DIRECTION('',(1.,0.,0.));
#1158 = DIRECTION('',(-0.,0.870078740158,0.492912756911));
#1159 = PCURVE('',#1008,#1160);
#1160 = DEFINITIONAL_REPRESENTATION('',(#1161),#1165);
#1161 = LINE('',#1162,#1163);
#1162 = CARTESIAN_POINT('',(-5.227823264533,-1.4E+03));
#1163 = VECTOR('',#1164,1.);
#1164 = DIRECTION('',(-1.,0.));
#1165 = ( GEOMETRIC_REPRESENTATION_CONTEXT(2) 
PARAMETRIC_REPRESENTATION_CONTEXT() REPRESENTATION_CONTEXT('2D SPACE',''
  ) );
#1166 = PCURVE('',#800,#1167);
#1167 = DEFINITIONAL_REPRESENTATION('',(#1168),#1172);
#1168 = CIRCLE('',#1169,12.7);
#1169 = AXIS2_PLACEMENT_2D('',#1170,#1171);
#1170 = CARTESIAN_POINT('',(0.,-1.204325410458E-15));
#1171 = DIRECTION('',(0.492912756911,-0.870078740158));
#1172 = ( GEOMETRIC_REPRESENTATION_CONTEXT(2) 
PARAMETRIC_REPRESENTATION_CONTEXT() REPRESENTATION_CONTEXT('2D SPACE',''
  ) );
#1173 = ORIENTED_EDGE('',*,*,#811,.T.);
#1174 = ADVANCED_FACE('',(#1175),#800,.T.);
#1175 = FACE_BOUND('',#1176,.T.);
#1176 = EDGE_LOOP('',(#1177,#1178,#1179,#1210));
#1177 = ORIENTED_EDGE('',*,*,#1152,.T.);
#1178 = ORIENTED_EDGE('',*,*,#785,.T.);
#1179 = ORIENTED_EDGE('',*,*,#1180,.T.);
#1180 = EDGE_CURVE('',#765,#514,#1181,.T.);
#1181 = SURFACE_CURVE('',#1182,(#1187,#1198),.PCURVE_S1.);
#1182 = CIRCLE('',#1183,11.05);
#1183 = AXIS2_PLACEMENT_3D('',#1184,#1185,#1186);
#1184 = CARTESIAN_POINT('',(1.4E+03,0.,0.));
#1185 = DIRECTION('',(-1.,0.,0.));
#1186 = DIRECTION('',(0.,-1.,6.123233995737E-17));
#1187 = PCURVE('',#800,#1188);
#1188 = DEFINITIONAL_REPRESENTATION('',(#1189),#1197);
#1189 = ( BOUNDED_CURVE() B_SPLINE_CURVE(2,(#1190,#1191,#1192,#1193,
#1194,#1195,#1196),.UNSPECIFIED.,.T.,.F.) B_SPLINE_CURVE_WITH_KNOTS((1,2
    ,2,2,2,1),(-2.094395102393,0.,2.094395102393,4.188790204786,
6.28318530718,8.377580409573),.UNSPECIFIED.) CURVE() 
GEOMETRIC_REPRESENTATION_ITEM() RATIONAL_B_SPLINE_CURVE((1.,0.5,1.,0.5,
1.,0.5,1.)) REPRESENTATION_ITEM('') );
#1190 = CARTESIAN_POINT('',(6.766173565289E-16,11.05));
#1191 = CARTESIAN_POINT('',(19.139161423636,11.05));
#1192 = CARTESIAN_POINT('',(9.569580711818,-5.525));
#1193 = CARTESIAN_POINT('',(1.353234713058E-15,-22.1));
#1194 = CARTESIAN_POINT('',(-9.569580711818,-5.525));
#1195 = CARTESIAN_POINT('',(-19.13916142363,11.05));
#1196 = CARTESIAN_POINT('',(6.766173565289E-16,11.05));
#1197 = ( GEOMETRIC_REPRESENTATION_CONTEXT(2) 
PARAMETRIC_REPRESENTATION_CONTEXT() REPRESENTATION_CONTEXT('2D SPACE',''
  ) );
#1198 = PCURVE('',#1199,#1204);
#1199 = CYLINDRICAL_SURFACE('',#1200,11.05);
#1200 = AXIS2_PLACEMENT_3D('',#1201,#1202,#1203);
#1201 = CARTESIAN_POINT('',(0.,0.,0.));
#1202 = DIRECTION('',(-1.,-0.,-0.));
#1203 = DIRECTION('',(-0.,0.,1.));
#1204 = DEFINITIONAL_REPRESENTATION('',(#1205),#1209);
#1205 = LINE('',#1206,#1207);
#1206 = CARTESIAN_POINT('',(-7.853981633974,-1.4E+03));
#1207 = VECTOR('',#1208,1.);
#1208 = DIRECTION('',(1.,-0.));
#1209 = ( GEOMETRIC_REPRESENTATION_CONTEXT(2) 
PARAMETRIC_REPRESENTATION_CONTEXT() REPRESENTATION_CONTEXT('2D SPACE',''
  ) );
#1210 = ORIENTED_EDGE('',*,*,#1130,.F.);
#1211 = ADVANCED_FACE('',(#1212),#1199,.F.);
#1212 = FACE_BOUND('',#1213,.T.);
#1213 = EDGE_LOOP('',(#1214,#1215,#1256));
#1214 = ORIENTED_EDGE('',*,*,#1180,.F.);
#1215 = ORIENTED_EDGE('',*,*,#1216,.T.);
#1216 = EDGE_CURVE('',#765,#1217,#1219,.T.);
#1217 = VERTEX_POINT('',#1218);
#1218 = CARTESIAN_POINT('',(1.38895E+03,0.,11.05));
#1219 = SURFACE_CURVE('',#1220,(#1225,#1238),.PCURVE_S1.);
#1220 = ELLIPSE('',#1221,15.627059864223,11.05);
#1221 = AXIS2_PLACEMENT_3D('',#1222,#1223,#1224);
#1222 = CARTESIAN_POINT('',(1.4E+03,0.,0.));
#1223 = DIRECTION('',(-0.707106781187,0.,-0.707106781187));
#1224 = DIRECTION('',(-0.707106781187,0.,0.707106781187));
#1225 = PCURVE('',#1199,#1226);
#1226 = DEFINITIONAL_REPRESENTATION('',(#1227),#1237);
#1227 = B_SPLINE_CURVE_WITH_KNOTS('',8,(#1228,#1229,#1230,#1231,#1232,
    #1233,#1234,#1235,#1236),.UNSPECIFIED.,.F.,.F.,(9,9),(4.712388980368
    ,6.28318530718),.PIECEWISE_BEZIER_KNOTS.);
#1228 = CARTESIAN_POINT('',(-7.853981633991,-1.4E+03));
#1229 = CARTESIAN_POINT('',(-7.65763209314,-1.397830337574E+03));
#1230 = CARTESIAN_POINT('',(-7.461282552289,-1.39566067463E+03));
#1231 = CARTESIAN_POINT('',(-7.264933011431,-1.393618478463E+03));
#1232 = CARTESIAN_POINT('',(-7.06858347059,-1.391831190798E+03));
#1233 = CARTESIAN_POINT('',(-6.872233929729,-1.390410610587E+03));
#1234 = CARTESIAN_POINT('',(-6.675884388883,-1.389436871572E+03));
#1235 = CARTESIAN_POINT('',(-6.479534848031,-1.38895E+03));
#1236 = CARTESIAN_POINT('',(-6.28318530718,-1.38895E+03));
#1237 = ( GEOMETRIC_REPRESENTATION_CONTEXT(2) 
PARAMETRIC_REPRESENTATION_CONTEXT() REPRESENTATION_CONTEXT('2D SPACE',''
  ) );
#1238 = PCURVE('',#1239,#1244);
#1239 = CYLINDRICAL_SURFACE('',#1240,11.05);
#1240 = AXIS2_PLACEMENT_3D('',#1241,#1242,#1243);
#1241 = CARTESIAN_POINT('',(1.4E+03,0.,-200.));
#1242 = DIRECTION('',(-0.,-0.,-1.));
#1243 = DIRECTION('',(1.,0.,-0.));
#1244 = DEFINITIONAL_REPRESENTATION('',(#1245),#1255);
#1245 = B_SPLINE_CURVE_WITH_KNOTS('',8,(#1246,#1247,#1248,#1249,#1250,
    #1251,#1252,#1253,#1254),.UNSPECIFIED.,.F.,.F.,(9,9),(4.712388980368
    ,6.28318530718),.PIECEWISE_BEZIER_KNOTS.);
#1246 = CARTESIAN_POINT('',(-4.712388980402,-199.9999999998));
#1247 = CARTESIAN_POINT('',(-4.51603943955,-202.1696624262));
#1248 = CARTESIAN_POINT('',(-4.319689898697,-204.3393253676));
#1249 = CARTESIAN_POINT('',(-4.123340357839,-206.3815215361));
#1250 = CARTESIAN_POINT('',(-3.926990816995,-208.1688091937));
#1251 = CARTESIAN_POINT('',(-3.730641276134,-209.5893894117));
#1252 = CARTESIAN_POINT('',(-3.534291735294,-210.5631284251));
#1253 = CARTESIAN_POINT('',(-3.337942194441,-211.05));
#1254 = CARTESIAN_POINT('',(-3.14159265359,-211.05));
#1255 = ( GEOMETRIC_REPRESENTATION_CONTEXT(2) 
PARAMETRIC_REPRESENTATION_CONTEXT() REPRESENTATION_CONTEXT('2D SPACE',''
  ) );
#1256 = ORIENTED_EDGE('',*,*,#1257,.T.);
#1257 = EDGE_CURVE('',#1217,#514,#1258,.T.);
#1258 = SURFACE_CURVE('',#1259,(#1264,#1277),.PCURVE_S1.);
#1259 = ELLIPSE('',#1260,15.627059864223,11.05);
#1260 = AXIS2_PLACEMENT_3D('',#1261,#1262,#1263);
#1261 = CARTESIAN_POINT('',(1.4E+03,0.,0.));
#1262 = DIRECTION('',(-0.707106781187,0.,-0.707106781187));
#1263 = DIRECTION('',(-0.707106781187,0.,0.707106781187));
#1264 = PCURVE('',#1199,#1265);
#1265 = DEFINITIONAL_REPRESENTATION('',(#1266),#1276);
#1266 = B_SPLINE_CURVE_WITH_KNOTS('',8,(#1267,#1268,#1269,#1270,#1271,
    #1272,#1273,#1274,#1275),.UNSPECIFIED.,.F.,.F.,(9,9),(0.,
    1.570796326795),.PIECEWISE_BEZIER_KNOTS.);
#1267 = CARTESIAN_POINT('',(-6.28318530718,-1.38895E+03));
#1268 = CARTESIAN_POINT('',(-6.08683576633,-1.38895E+03));
#1269 = CARTESIAN_POINT('',(-5.89048622548,-1.389436871575E+03));
#1270 = CARTESIAN_POINT('',(-5.694136684634,-1.390410610585E+03));
#1271 = CARTESIAN_POINT('',(-5.497787143782,-1.391831190807E+03));
#1272 = CARTESIAN_POINT('',(-5.301437602934,-1.39361847846E+03));
#1273 = CARTESIAN_POINT('',(-5.105088062083,-1.395660674632E+03));
#1274 = CARTESIAN_POINT('',(-4.908738521234,-1.397830337574E+03));
#1275 = CARTESIAN_POINT('',(-4.712388980385,-1.4E+03));
#1276 = ( GEOMETRIC_REPRESENTATION_CONTEXT(2) 
PARAMETRIC_REPRESENTATION_CONTEXT() REPRESENTATION_CONTEXT('2D SPACE',''
  ) );
#1277 = PCURVE('',#1239,#1278);
#1278 = DEFINITIONAL_REPRESENTATION('',(#1279),#1289);
#1279 = B_SPLINE_CURVE_WITH_KNOTS('',8,(#1280,#1281,#1282,#1283,#1284,
    #1285,#1286,#1287,#1288),.UNSPECIFIED.,.F.,.F.,(9,9),(0.,
    1.570796381077),.PIECEWISE_BEZIER_KNOTS.);
#1280 = CARTESIAN_POINT('',(-3.14159265359,-211.05));
#1281 = CARTESIAN_POINT('',(-2.945243105955,-211.05));
#1282 = CARTESIAN_POINT('',(-2.748893558319,-210.5631283917));
#1283 = CARTESIAN_POINT('',(-2.552544010685,-209.5893893109));
#1284 = CARTESIAN_POINT('',(-2.356194463053,-208.1688089974));
#1285 = CARTESIAN_POINT('',(-2.15984491542,-206.3815212276));
#1286 = CARTESIAN_POINT('',(-1.963495367781,-204.3393249445));
#1287 = CARTESIAN_POINT('',(-1.767145820147,-202.1696619015));
#1288 = CARTESIAN_POINT('',(-1.570796272513,-199.9999994001));
#1289 = ( GEOMETRIC_REPRESENTATION_CONTEXT(2) 
PARAMETRIC_REPRESENTATION_CONTEXT() REPRESENTATION_CONTEXT('2D SPACE',''
  ) );
#1290 = ADVANCED_FACE('',(#1291),#1239,.F.);
#1291 = FACE_BOUND('',#1292,.T.);
#1292 = EDGE_LOOP('',(#1293,#1334,#1335,#1336));
#1293 = ORIENTED_EDGE('',*,*,#1294,.F.);
#1294 = EDGE_CURVE('',#514,#1295,#1297,.T.);
#1295 = VERTEX_POINT('',#1296);
#1296 = CARTESIAN_POINT('',(1.38895E+03,1.353234713058E-15,-11.05));
#1297 = SURFACE_CURVE('',#1298,(#1303,#1316),.PCURVE_S1.);
#1298 = ELLIPSE('',#1299,15.627059864223,11.05);
#1299 = AXIS2_PLACEMENT_3D('',#1300,#1301,#1302);
#1300 = CARTESIAN_POINT('',(1.4E+03,0.,0.));
#1301 = DIRECTION('',(-0.707106781187,0.,0.707106781187));
#1302 = DIRECTION('',(-0.707106781187,0.,-0.707106781187));
#1303 = PCURVE('',#1239,#1304);
#1304 = DEFINITIONAL_REPRESENTATION('',(#1305),#1315);
#1305 = B_SPLINE_CURVE_WITH_KNOTS('',8,(#1306,#1307,#1308,#1309,#1310,
    #1311,#1312,#1313,#1314),.UNSPECIFIED.,.F.,.F.,(9,9),(4.712388980368
    ,6.28318530718),.PIECEWISE_BEZIER_KNOTS.);
#1306 = CARTESIAN_POINT('',(-1.570796326778,-200.0000000001));
#1307 = CARTESIAN_POINT('',(-1.76714586763,-197.8303375737));
#1308 = CARTESIAN_POINT('',(-1.96349540848,-195.6606746321));
#1309 = CARTESIAN_POINT('',(-2.159844949335,-193.6184784633));
#1310 = CARTESIAN_POINT('',(-2.356194490181,-191.8311908063));
#1311 = CARTESIAN_POINT('',(-2.552544031038,-190.4106105872));
#1312 = CARTESIAN_POINT('',(-2.748893571885,-189.4368715746));
#1313 = CARTESIAN_POINT('',(-2.945243112738,-188.95));
#1314 = CARTESIAN_POINT('',(-3.14159265359,-188.95));
#1315 = ( GEOMETRIC_REPRESENTATION_CONTEXT(2) 
PARAMETRIC_REPRESENTATION_CONTEXT() REPRESENTATION_CONTEXT('2D SPACE',''
  ) );
#1316 = PCURVE('',#1317,#1322);
#1317 = CYLINDRICAL_SURFACE('',#1318,11.05);
#1318 = AXIS2_PLACEMENT_3D('',#1319,#1320,#1321);
#1319 = CARTESIAN_POINT('',(0.,0.,0.));
#1320 = DIRECTION('',(-1.,-0.,-0.));
#1321 = DIRECTION('',(-0.,0.,1.));
#1322 = DEFINITIONAL_REPRESENTATION('',(#1323),#1333);
#1323 = B_SPLINE_CURVE_WITH_KNOTS('',8,(#1324,#1325,#1326,#1327,#1328,
    #1329,#1330,#1331,#1332),.UNSPECIFIED.,.F.,.F.,(9,9),(4.712388980368
    ,6.28318530718),.PIECEWISE_BEZIER_KNOTS.);
#1324 = CARTESIAN_POINT('',(-4.712388980401,-1.4E+03));
#1325 = CARTESIAN_POINT('',(-4.51603943955,-1.397830337574E+03));
#1326 = CARTESIAN_POINT('',(-4.319689898694,-1.395660674632E+03));
#1327 = CARTESIAN_POINT('',(-4.123340357834,-1.393618478465E+03));
#1328 = CARTESIAN_POINT('',(-3.926990816984,-1.391831190799E+03));
#1329 = CARTESIAN_POINT('',(-3.730641276139,-1.390410610589E+03));
#1330 = CARTESIAN_POINT('',(-3.53429173529,-1.389436871573E+03));
#1331 = CARTESIAN_POINT('',(-3.337942194441,-1.38895E+03));
#1332 = CARTESIAN_POINT('',(-3.14159265359,-1.38895E+03));
#1333 = ( GEOMETRIC_REPRESENTATION_CONTEXT(2) 
PARAMETRIC_REPRESENTATION_CONTEXT() REPRESENTATION_CONTEXT('2D SPACE',''
  ) );
#1334 = ORIENTED_EDGE('',*,*,#1257,.F.);
#1335 = ORIENTED_EDGE('',*,*,#1216,.F.);
#1336 = ORIENTED_EDGE('',*,*,#1337,.F.);
#1337 = EDGE_CURVE('',#1295,#765,#1338,.T.);
#1338 = SURFACE_CURVE('',#1339,(#1344,#1357),.PCURVE_S1.);
#1339 = ELLIPSE('',#1340,15.627059864223,11.05);
#1340 = AXIS2_PLACEMENT_3D('',#1341,#1342,#1343);
#1341 = CARTESIAN_POINT('',(1.4E+03,0.,0.));
#1342 = DIRECTION('',(-0.707106781187,0.,0.707106781187));
#1343 = DIRECTION('',(-0.707106781187,0.,-0.707106781187));
#1344 = PCURVE('',#1239,#1345);
#1345 = DEFINITIONAL_REPRESENTATION('',(#1346),#1356);
#1346 = B_SPLINE_CURVE_WITH_KNOTS('',8,(#1347,#1348,#1349,#1350,#1351,
    #1352,#1353,#1354,#1355),.UNSPECIFIED.,.F.,.F.,(9,9),(0.,
    1.570796381077),.PIECEWISE_BEZIER_KNOTS.);
#1347 = CARTESIAN_POINT('',(-3.14159265359,-188.95));
#1348 = CARTESIAN_POINT('',(-3.337942201224,-188.95));
#1349 = CARTESIAN_POINT('',(-3.534291748859,-189.4368716081));
#1350 = CARTESIAN_POINT('',(-3.730641296479,-190.4106106893));
#1351 = CARTESIAN_POINT('',(-3.926990844131,-191.8311910013));
#1352 = CARTESIAN_POINT('',(-4.123340391754,-193.6184787732));
#1353 = CARTESIAN_POINT('',(-4.319689939398,-195.6606750553));
#1354 = CARTESIAN_POINT('',(-4.516039487032,-197.8303380984));
#1355 = CARTESIAN_POINT('',(-4.712389034666,-200.0000005998));
#1356 = ( GEOMETRIC_REPRESENTATION_CONTEXT(2) 
PARAMETRIC_REPRESENTATION_CONTEXT() REPRESENTATION_CONTEXT('2D SPACE',''
  ) );
#1357 = PCURVE('',#1317,#1358);
#1358 = DEFINITIONAL_REPRESENTATION('',(#1359),#1369);
#1359 = B_SPLINE_CURVE_WITH_KNOTS('',8,(#1360,#1361,#1362,#1363,#1364,
    #1365,#1366,#1367,#1368),.UNSPECIFIED.,.F.,.F.,(9,9),(0.,
    1.570796381077),.PIECEWISE_BEZIER_KNOTS.);
#1360 = CARTESIAN_POINT('',(-3.14159265359,-1.38895E+03));
#1361 = CARTESIAN_POINT('',(-2.945243105955,-1.38895E+03));
#1362 = CARTESIAN_POINT('',(-2.748893558321,-1.389436871609E+03));
#1363 = CARTESIAN_POINT('',(-2.552544010678,-1.390410610685E+03));
#1364 = CARTESIAN_POINT('',(-2.356194463067,-1.391831191009E+03));
#1365 = CARTESIAN_POINT('',(-2.159844915404,-1.393618478768E+03));
#1366 = CARTESIAN_POINT('',(-1.963495367783,-1.395660675056E+03));
#1367 = CARTESIAN_POINT('',(-1.767145820148,-1.397830338098E+03));
#1368 = CARTESIAN_POINT('',(-1.570796272513,-1.4000000006E+03));
#1369 = ( GEOMETRIC_REPRESENTATION_CONTEXT(2) 
PARAMETRIC_REPRESENTATION_CONTEXT() REPRESENTATION_CONTEXT('2D SPACE',''
  ) );
#1370 = ADVANCED_FACE('',(#1371),#1317,.F.);
#1371 = FACE_BOUND('',#1372,.T.);
#1372 = EDGE_LOOP('',(#1373,#1395,#1396));
#1373 = ORIENTED_EDGE('',*,*,#1374,.T.);
#1374 = EDGE_CURVE('',#765,#514,#1375,.T.);
#1375 = SURFACE_CURVE('',#1376,(#1381,#1388),.PCURVE_S1.);
#1376 = CIRCLE('',#1377,11.05);
#1377 = AXIS2_PLACEMENT_3D('',#1378,#1379,#1380);
#1378 = CARTESIAN_POINT('',(1.4E+03,0.,0.));
#1379 = DIRECTION('',(1.,0.,0.));
#1380 = DIRECTION('',(-0.,0.,1.));
#1381 = PCURVE('',#1317,#1382);
#1382 = DEFINITIONAL_REPRESENTATION('',(#1383),#1387);
#1383 = LINE('',#1384,#1385);
#1384 = CARTESIAN_POINT('',(-0.,-1.4E+03));
#1385 = VECTOR('',#1386,1.);
#1386 = DIRECTION('',(-1.,0.));
#1387 = ( GEOMETRIC_REPRESENTATION_CONTEXT(2) 
PARAMETRIC_REPRESENTATION_CONTEXT() REPRESENTATION_CONTEXT('2D SPACE',''
  ) );
#1388 = PCURVE('',#530,#1389);
#1389 = DEFINITIONAL_REPRESENTATION('',(#1390),#1394);
#1390 = CIRCLE('',#1391,11.05);
#1391 = AXIS2_PLACEMENT_2D('',#1392,#1393);
#1392 = CARTESIAN_POINT('',(0.,-1.204325410458E-15));
#1393 = DIRECTION('',(1.,0.));
#1394 = ( GEOMETRIC_REPRESENTATION_CONTEXT(2) 
PARAMETRIC_REPRESENTATION_CONTEXT() REPRESENTATION_CONTEXT('2D SPACE',''
  ) );
#1395 = ORIENTED_EDGE('',*,*,#1294,.T.);
#1396 = ORIENTED_EDGE('',*,*,#1337,.T.);
#1397 = ADVANCED_FACE('',(#1398),#687,.T.);
#1398 = FACE_BOUND('',#1399,.F.);
#1399 = EDGE_LOOP('',(#1400,#1422));
#1400 = ORIENTED_EDGE('',*,*,#1401,.T.);
#1401 = EDGE_CURVE('',#542,#516,#1402,.T.);
#1402 = SURFACE_CURVE('',#1403,(#1408,#1415),.PCURVE_S1.);
#1403 = CIRCLE('',#1404,12.7);
#1404 = AXIS2_PLACEMENT_3D('',#1405,#1406,#1407);
#1405 = CARTESIAN_POINT('',(1.4E+03,0.,0.));
#1406 = DIRECTION('',(1.,0.,0.));
#1407 = DIRECTION('',(-0.,0.,1.));
#1408 = PCURVE('',#687,#1409);
#1409 = DEFINITIONAL_REPRESENTATION('',(#1410),#1414);
#1410 = LINE('',#1411,#1412);
#1411 = CARTESIAN_POINT('',(-0.,-1.4E+03));
#1412 = VECTOR('',#1413,1.);
#1413 = DIRECTION('',(-1.,0.));
#1414 = ( GEOMETRIC_REPRESENTATION_CONTEXT(2) 
PARAMETRIC_REPRESENTATION_CONTEXT() REPRESENTATION_CONTEXT('2D SPACE',''
  ) );
#1415 = PCURVE('',#530,#1416);
#1416 = DEFINITIONAL_REPRESENTATION('',(#1417),#1421);
#1417 = CIRCLE('',#1418,12.7);
#1418 = AXIS2_PLACEMENT_2D('',#1419,#1420);
#1419 = CARTESIAN_POINT('',(0.,-1.204325410458E-15));
#1420 = DIRECTION('',(1.,0.));
#1421 = ( GEOMETRIC_REPRESENTATION_CONTEXT(2) 
PARAMETRIC_REPRESENTATION_CONTEXT() REPRESENTATION_CONTEXT('2D SPACE',''
  ) );
#1422 = ORIENTED_EDGE('',*,*,#541,.T.);
#1423 = ADVANCED_FACE('',(#1424),#530,.T.);
#1424 = FACE_BOUND('',#1425,.T.);
#1425 = EDGE_LOOP('',(#1426,#1427,#1428,#1429));
#1426 = ORIENTED_EDGE('',*,*,#1374,.F.);
#1427 = ORIENTED_EDGE('',*,*,#764,.T.);
#1428 = ORIENTED_EDGE('',*,*,#1401,.T.);
#1429 = ORIENTED_EDGE('',*,*,#513,.F.);
#1430 = ADVANCED_FACE('',(#1431,#1434),#357,.F.);
#1431 = FACE_BOUND('',#1432,.F.);
#1432 = EDGE_LOOP('',(#1433));
#1433 = ORIENTED_EDGE('',*,*,#340,.T.);
#1434 = FACE_BOUND('',#1435,.F.);
#1435 = EDGE_LOOP('',(#1436));
#1436 = ORIENTED_EDGE('',*,*,#464,.F.);
#1437 = ADVANCED_FACE('',(#1438),#269,.F.);
#1438 = FACE_BOUND('',#1439,.F.);
#1439 = EDGE_LOOP('',(#1440,#1441,#1469,#1498));
#1440 = ORIENTED_EDGE('',*,*,#252,.T.);
#1441 = ORIENTED_EDGE('',*,*,#1442,.F.);
#1442 = EDGE_CURVE('',#1443,#229,#1445,.T.);
#1443 = VERTEX_POINT('',#1444);
#1444 = CARTESIAN_POINT('',(0.,4.701329599166,10.));
#1445 = SURFACE_CURVE('',#1446,(#1450,#1457),.PCURVE_S1.);
#1446 = LINE('',#1447,#1448);
#1447 = CARTESIAN_POINT('',(0.,-15.,10.));
#1448 = VECTOR('',#1449,1.);
#1449 = DIRECTION('',(-0.,1.,0.));
#1450 = PCURVE('',#269,#1451);
#1451 = DEFINITIONAL_REPRESENTATION('',(#1452),#1456);
#1452 = LINE('',#1453,#1454);
#1453 = CARTESIAN_POINT('',(10.,15.));
#1454 = VECTOR('',#1455,1.);
#1455 = DIRECTION('',(0.,-1.));
#1456 = ( GEOMETRIC_REPRESENTATION_CONTEXT(2) 
PARAMETRIC_REPRESENTATION_CONTEXT() REPRESENTATION_CONTEXT('2D SPACE',''
  ) );
#1457 = PCURVE('',#1458,#1463);
#1458 = PLANE('',#1459);
#1459 = AXIS2_PLACEMENT_3D('',#1460,#1461,#1462);
#1460 = CARTESIAN_POINT('',(-60.,-15.,10.));
#1461 = DIRECTION('',(0.,0.,1.));
#1462 = DIRECTION('',(1.,0.,-0.));
#1463 = DEFINITIONAL_REPRESENTATION('',(#1464),#1468);
#1464 = LINE('',#1465,#1466);
#1465 = CARTESIAN_POINT('',(60.,0.));
#1466 = VECTOR('',#1467,1.);
#1467 = DIRECTION('',(0.,1.));
#1468 = ( GEOMETRIC_REPRESENTATION_CONTEXT(2) 
PARAMETRIC_REPRESENTATION_CONTEXT() REPRESENTATION_CONTEXT('2D SPACE',''
  ) );
#1469 = ORIENTED_EDGE('',*,*,#1470,.F.);
#1470 = EDGE_CURVE('',#1471,#1443,#1473,.T.);
#1471 = VERTEX_POINT('',#1472);
#1472 = CARTESIAN_POINT('',(0.,4.701329599166,-10.));
#1473 = SURFACE_CURVE('',#1474,(#1479,#1486),.PCURVE_S1.);
#1474 = CIRCLE('',#1475,11.05);
#1475 = AXIS2_PLACEMENT_3D('',#1476,#1477,#1478);
#1476 = CARTESIAN_POINT('',(0.,0.,0.));
#1477 = DIRECTION('',(1.,0.,0.));
#1478 = DIRECTION('',(-0.,0.,1.));
#1479 = PCURVE('',#269,#1480);
#1480 = DEFINITIONAL_REPRESENTATION('',(#1481),#1485);
#1481 = CIRCLE('',#1482,11.05);
#1482 = AXIS2_PLACEMENT_2D('',#1483,#1484);
#1483 = CARTESIAN_POINT('',(0.,-1.204325410458E-15));
#1484 = DIRECTION('',(1.,0.));
#1485 = ( GEOMETRIC_REPRESENTATION_CONTEXT(2) 
PARAMETRIC_REPRESENTATION_CONTEXT() REPRESENTATION_CONTEXT('2D SPACE',''
  ) );
#1486 = PCURVE('',#1487,#1492);
#1487 = CYLINDRICAL_SURFACE('',#1488,11.05);
#1488 = AXIS2_PLACEMENT_3D('',#1489,#1490,#1491);
#1489 = CARTESIAN_POINT('',(0.,0.,0.));
#1490 = DIRECTION('',(-1.,-0.,-0.));
#1491 = DIRECTION('',(-0.,0.,1.));
#1492 = DEFINITIONAL_REPRESENTATION('',(#1493),#1497);
#1493 = LINE('',#1494,#1495);
#1494 = CARTESIAN_POINT('',(-0.,0.));
#1495 = VECTOR('',#1496,1.);
#1496 = DIRECTION('',(-1.,0.));
#1497 = ( GEOMETRIC_REPRESENTATION_CONTEXT(2) 
PARAMETRIC_REPRESENTATION_CONTEXT() REPRESENTATION_CONTEXT('2D SPACE',''
  ) );
#1498 = ORIENTED_EDGE('',*,*,#1499,.T.);
#1499 = EDGE_CURVE('',#1471,#253,#1500,.T.);
#1500 = SURFACE_CURVE('',#1501,(#1505,#1512),.PCURVE_S1.);
#1501 = LINE('',#1502,#1503);
#1502 = CARTESIAN_POINT('',(0.,-15.,-10.));
#1503 = VECTOR('',#1504,1.);
#1504 = DIRECTION('',(-0.,1.,0.));
#1505 = PCURVE('',#269,#1506);
#1506 = DEFINITIONAL_REPRESENTATION('',(#1507),#1511);
#1507 = LINE('',#1508,#1509);
#1508 = CARTESIAN_POINT('',(-10.,15.));
#1509 = VECTOR('',#1510,1.);
#1510 = DIRECTION('',(0.,-1.));
#1511 = ( GEOMETRIC_REPRESENTATION_CONTEXT(2) 
PARAMETRIC_REPRESENTATION_CONTEXT() REPRESENTATION_CONTEXT('2D SPACE',''
  ) );
#1512 = PCURVE('',#1513,#1518);
#1513 = PLANE('',#1514);
#1514 = AXIS2_PLACEMENT_3D('',#1515,#1516,#1517);
#1515 = CARTESIAN_POINT('',(-60.,-15.,-10.));
#1516 = DIRECTION('',(0.,0.,1.));
#1517 = DIRECTION('',(1.,0.,-0.));
#1518 = DEFINITIONAL_REPRESENTATION('',(#1519),#1523);
#1519 = LINE('',#1520,#1521);
#1520 = CARTESIAN_POINT('',(60.,0.));
#1521 = VECTOR('',#1522,1.);
#1522 = DIRECTION('',(0.,1.));
#1523 = ( GEOMETRIC_REPRESENTATION_CONTEXT(2) 
PARAMETRIC_REPRESENTATION_CONTEXT() REPRESENTATION_CONTEXT('2D SPACE',''
  ) );
#1524 = ADVANCED_FACE('',(#1525,#1705),#1458,.F.);
#1525 = FACE_BOUND('',#1526,.F.);
#1526 = EDGE_LOOP('',(#1527,#1557,#1585,#1606,#1629,#1655,#1656,#1679));
#1527 = ORIENTED_EDGE('',*,*,#1528,.F.);
#1528 = EDGE_CURVE('',#1529,#1531,#1533,.T.);
#1529 = VERTEX_POINT('',#1530);
#1530 = CARTESIAN_POINT('',(-60.,-15.,10.));
#1531 = VERTEX_POINT('',#1532);
#1532 = CARTESIAN_POINT('',(-60.,15.,10.));
#1533 = SURFACE_CURVE('',#1534,(#1538,#1545),.PCURVE_S1.);
#1534 = LINE('',#1535,#1536);
#1535 = CARTESIAN_POINT('',(-60.,-15.,10.));
#1536 = VECTOR('',#1537,1.);
#1537 = DIRECTION('',(-0.,1.,0.));
#1538 = PCURVE('',#1458,#1539);
#1539 = DEFINITIONAL_REPRESENTATION('',(#1540),#1544);
#1540 = LINE('',#1541,#1542);
#1541 = CARTESIAN_POINT('',(0.,0.));
#1542 = VECTOR('',#1543,1.);
#1543 = DIRECTION('',(0.,1.));
#1544 = ( GEOMETRIC_REPRESENTATION_CONTEXT(2) 
PARAMETRIC_REPRESENTATION_CONTEXT() REPRESENTATION_CONTEXT('2D SPACE',''
  ) );
#1545 = PCURVE('',#1546,#1551);
#1546 = PLANE('',#1547);
#1547 = AXIS2_PLACEMENT_3D('',#1548,#1549,#1550);
#1548 = CARTESIAN_POINT('',(-60.,-15.,10.));
#1549 = DIRECTION('',(1.,0.,-0.));
#1550 = DIRECTION('',(0.,0.,1.));
#1551 = DEFINITIONAL_REPRESENTATION('',(#1552),#1556);
#1552 = LINE('',#1553,#1554);
#1553 = CARTESIAN_POINT('',(0.,0.));
#1554 = VECTOR('',#1555,1.);
#1555 = DIRECTION('',(0.,-1.));
#1556 = ( GEOMETRIC_REPRESENTATION_CONTEXT(2) 
PARAMETRIC_REPRESENTATION_CONTEXT() REPRESENTATION_CONTEXT('2D SPACE',''
  ) );
#1557 = ORIENTED_EDGE('',*,*,#1558,.T.);
#1558 = EDGE_CURVE('',#1529,#1559,#1561,.T.);
#1559 = VERTEX_POINT('',#1560);
#1560 = CARTESIAN_POINT('',(0.,-15.,10.));
#1561 = SURFACE_CURVE('',#1562,(#1566,#1573),.PCURVE_S1.);
#1562 = LINE('',#1563,#1564);
#1563 = CARTESIAN_POINT('',(-60.,-15.,10.));
#1564 = VECTOR('',#1565,1.);
#1565 = DIRECTION('',(1.,0.,-0.));
#1566 = PCURVE('',#1458,#1567);
#1567 = DEFINITIONAL_REPRESENTATION('',(#1568),#1572);
#1568 = LINE('',#1569,#1570);
#1569 = CARTESIAN_POINT('',(0.,0.));
#1570 = VECTOR('',#1571,1.);
#1571 = DIRECTION('',(1.,0.));
#1572 = ( GEOMETRIC_REPRESENTATION_CONTEXT(2) 
PARAMETRIC_REPRESENTATION_CONTEXT() REPRESENTATION_CONTEXT('2D SPACE',''
  ) );
#1573 = PCURVE('',#1574,#1579);
#1574 = PLANE('',#1575);
#1575 = AXIS2_PLACEMENT_3D('',#1576,#1577,#1578);
#1576 = CARTESIAN_POINT('',(-60.,-15.,10.));
#1577 = DIRECTION('',(-0.,1.,0.));
#1578 = DIRECTION('',(0.,0.,1.));
#1579 = DEFINITIONAL_REPRESENTATION('',(#1580),#1584);
#1580 = LINE('',#1581,#1582);
#1581 = CARTESIAN_POINT('',(0.,0.));
#1582 = VECTOR('',#1583,1.);
#1583 = DIRECTION('',(0.,1.));
#1584 = ( GEOMETRIC_REPRESENTATION_CONTEXT(2) 
PARAMETRIC_REPRESENTATION_CONTEXT() REPRESENTATION_CONTEXT('2D SPACE',''
  ) );
#1585 = ORIENTED_EDGE('',*,*,#1586,.T.);
#1586 = EDGE_CURVE('',#1559,#24,#1587,.T.);
#1587 = SURFACE_CURVE('',#1588,(#1592,#1599),.PCURVE_S1.);
#1588 = LINE('',#1589,#1590);
#1589 = CARTESIAN_POINT('',(0.,-15.,10.));
#1590 = VECTOR('',#1591,1.);
#1591 = DIRECTION('',(-0.,1.,0.));
#1592 = PCURVE('',#1458,#1593);
#1593 = DEFINITIONAL_REPRESENTATION('',(#1594),#1598);
#1594 = LINE('',#1595,#1596);
#1595 = CARTESIAN_POINT('',(60.,0.));
#1596 = VECTOR('',#1597,1.);
#1597 = DIRECTION('',(0.,1.));
#1598 = ( GEOMETRIC_REPRESENTATION_CONTEXT(2) 
PARAMETRIC_REPRESENTATION_CONTEXT() REPRESENTATION_CONTEXT('2D SPACE',''
  ) );
#1599 = PCURVE('',#45,#1600);
#1600 = DEFINITIONAL_REPRESENTATION('',(#1601),#1605);
#1601 = LINE('',#1602,#1603);
#1602 = CARTESIAN_POINT('',(0.,0.));
#1603 = VECTOR('',#1604,1.);
#1604 = DIRECTION('',(0.,-1.));
#1605 = ( GEOMETRIC_REPRESENTATION_CONTEXT(2) 
PARAMETRIC_REPRESENTATION_CONTEXT() REPRESENTATION_CONTEXT('2D SPACE',''
  ) );
#1606 = ORIENTED_EDGE('',*,*,#1607,.T.);
#1607 = EDGE_CURVE('',#24,#1608,#1610,.T.);
#1608 = VERTEX_POINT('',#1609);
#1609 = CARTESIAN_POINT('',(0.,-4.701329599166,10.));
#1610 = SURFACE_CURVE('',#1611,(#1615,#1622),.PCURVE_S1.);
#1611 = LINE('',#1612,#1613);
#1612 = CARTESIAN_POINT('',(0.,-15.,10.));
#1613 = VECTOR('',#1614,1.);
#1614 = DIRECTION('',(-0.,1.,0.));
#1615 = PCURVE('',#1458,#1616);
#1616 = DEFINITIONAL_REPRESENTATION('',(#1617),#1621);
#1617 = LINE('',#1618,#1619);
#1618 = CARTESIAN_POINT('',(60.,0.));
#1619 = VECTOR('',#1620,1.);
#1620 = DIRECTION('',(0.,1.));
#1621 = ( GEOMETRIC_REPRESENTATION_CONTEXT(2) 
PARAMETRIC_REPRESENTATION_CONTEXT() REPRESENTATION_CONTEXT('2D SPACE',''
  ) );
#1622 = PCURVE('',#325,#1623);
#1623 = DEFINITIONAL_REPRESENTATION('',(#1624),#1628);
#1624 = LINE('',#1625,#1626);
#1625 = CARTESIAN_POINT('',(10.,15.));
#1626 = VECTOR('',#1627,1.);
#1627 = DIRECTION('',(0.,-1.));
#1628 = ( GEOMETRIC_REPRESENTATION_CONTEXT(2) 
PARAMETRIC_REPRESENTATION_CONTEXT() REPRESENTATION_CONTEXT('2D SPACE',''
  ) );
#1629 = ORIENTED_EDGE('',*,*,#1630,.T.);
#1630 = EDGE_CURVE('',#1608,#1443,#1631,.T.);
#1631 = SURFACE_CURVE('',#1632,(#1636,#1643),.PCURVE_S1.);
#1632 = LINE('',#1633,#1634);
#1633 = CARTESIAN_POINT('',(0.,-15.,10.));
#1634 = VECTOR('',#1635,1.);
#1635 = DIRECTION('',(-0.,1.,0.));
#1636 = PCURVE('',#1458,#1637);
#1637 = DEFINITIONAL_REPRESENTATION('',(#1638),#1642);
#1638 = LINE('',#1639,#1640);
#1639 = CARTESIAN_POINT('',(60.,0.));
#1640 = VECTOR('',#1641,1.);
#1641 = DIRECTION('',(0.,1.));
#1642 = ( GEOMETRIC_REPRESENTATION_CONTEXT(2) 
PARAMETRIC_REPRESENTATION_CONTEXT() REPRESENTATION_CONTEXT('2D SPACE',''
  ) );
#1643 = PCURVE('',#1644,#1649);
#1644 = PLANE('',#1645);
#1645 = AXIS2_PLACEMENT_3D('',#1646,#1647,#1648);
#1646 = CARTESIAN_POINT('',(0.,-15.,10.));
#1647 = DIRECTION('',(1.,0.,-0.));
#1648 = DIRECTION('',(0.,0.,1.));
#1649 = DEFINITIONAL_REPRESENTATION('',(#1650),#1654);
#1650 = LINE('',#1651,#1652);
#1651 = CARTESIAN_POINT('',(0.,0.));
#1652 = VECTOR('',#1653,1.);
#1653 = DIRECTION('',(0.,-1.));
#1654 = ( GEOMETRIC_REPRESENTATION_CONTEXT(2) 
PARAMETRIC_REPRESENTATION_CONTEXT() REPRESENTATION_CONTEXT('2D SPACE',''
  ) );
#1655 = ORIENTED_EDGE('',*,*,#1442,.T.);
#1656 = ORIENTED_EDGE('',*,*,#1657,.T.);
#1657 = EDGE_CURVE('',#229,#1658,#1660,.T.);
#1658 = VERTEX_POINT('',#1659);
#1659 = CARTESIAN_POINT('',(0.,15.,10.));
#1660 = SURFACE_CURVE('',#1661,(#1665,#1672),.PCURVE_S1.);
#1661 = LINE('',#1662,#1663);
#1662 = CARTESIAN_POINT('',(0.,-15.,10.));
#1663 = VECTOR('',#1664,1.);
#1664 = DIRECTION('',(-0.,1.,0.));
#1665 = PCURVE('',#1458,#1666);
#1666 = DEFINITIONAL_REPRESENTATION('',(#1667),#1671);
#1667 = LINE('',#1668,#1669);
#1668 = CARTESIAN_POINT('',(60.,0.));
#1669 = VECTOR('',#1670,1.);
#1670 = DIRECTION('',(0.,1.));
#1671 = ( GEOMETRIC_REPRESENTATION_CONTEXT(2) 
PARAMETRIC_REPRESENTATION_CONTEXT() REPRESENTATION_CONTEXT('2D SPACE',''
  ) );
#1672 = PCURVE('',#45,#1673);
#1673 = DEFINITIONAL_REPRESENTATION('',(#1674),#1678);
#1674 = LINE('',#1675,#1676);
#1675 = CARTESIAN_POINT('',(0.,0.));
#1676 = VECTOR('',#1677,1.);
#1677 = DIRECTION('',(0.,-1.));
#1678 = ( GEOMETRIC_REPRESENTATION_CONTEXT(2) 
PARAMETRIC_REPRESENTATION_CONTEXT() REPRESENTATION_CONTEXT('2D SPACE',''
  ) );
#1679 = ORIENTED_EDGE('',*,*,#1680,.F.);
#1680 = EDGE_CURVE('',#1531,#1658,#1681,.T.);
#1681 = SURFACE_CURVE('',#1682,(#1686,#1693),.PCURVE_S1.);
#1682 = LINE('',#1683,#1684);
#1683 = CARTESIAN_POINT('',(-60.,15.,10.));
#1684 = VECTOR('',#1685,1.);
#1685 = DIRECTION('',(1.,0.,-0.));
#1686 = PCURVE('',#1458,#1687);
#1687 = DEFINITIONAL_REPRESENTATION('',(#1688),#1692);
#1688 = LINE('',#1689,#1690);
#1689 = CARTESIAN_POINT('',(0.,30.));
#1690 = VECTOR('',#1691,1.);
#1691 = DIRECTION('',(1.,0.));
#1692 = ( GEOMETRIC_REPRESENTATION_CONTEXT(2) 
PARAMETRIC_REPRESENTATION_CONTEXT() REPRESENTATION_CONTEXT('2D SPACE',''
  ) );
#1693 = PCURVE('',#1694,#1699);
#1694 = PLANE('',#1695);
#1695 = AXIS2_PLACEMENT_3D('',#1696,#1697,#1698);
#1696 = CARTESIAN_POINT('',(-60.,15.,10.));
#1697 = DIRECTION('',(-0.,1.,0.));
#1698 = DIRECTION('',(0.,0.,1.));
#1699 = DEFINITIONAL_REPRESENTATION('',(#1700),#1704);
#1700 = LINE('',#1701,#1702);
#1701 = CARTESIAN_POINT('',(0.,0.));
#1702 = VECTOR('',#1703,1.);
#1703 = DIRECTION('',(0.,1.));
#1704 = ( GEOMETRIC_REPRESENTATION_CONTEXT(2) 
PARAMETRIC_REPRESENTATION_CONTEXT() REPRESENTATION_CONTEXT('2D SPACE',''
  ) );
#1705 = FACE_BOUND('',#1706,.F.);
#1706 = EDGE_LOOP('',(#1707));
#1707 = ORIENTED_EDGE('',*,*,#1708,.F.);
#1708 = EDGE_CURVE('',#1709,#1709,#1711,.T.);
#1709 = VERTEX_POINT('',#1710);
#1710 = CARTESIAN_POINT('',(-25.5,-2.32682891838E-15,10.));
#1711 = SURFACE_CURVE('',#1712,(#1717,#1724),.PCURVE_S1.);
#1712 = CIRCLE('',#1713,9.5);
#1713 = AXIS2_PLACEMENT_3D('',#1714,#1715,#1716);
#1714 = CARTESIAN_POINT('',(-35.,0.,10.));
#1715 = DIRECTION('',(0.,0.,1.));
#1716 = DIRECTION('',(1.,0.,-0.));
#1717 = PCURVE('',#1458,#1718);
#1718 = DEFINITIONAL_REPRESENTATION('',(#1719),#1723);
#1719 = CIRCLE('',#1720,9.5);
#1720 = AXIS2_PLACEMENT_2D('',#1721,#1722);
#1721 = CARTESIAN_POINT('',(25.,15.));
#1722 = DIRECTION('',(1.,0.));
#1723 = ( GEOMETRIC_REPRESENTATION_CONTEXT(2) 
PARAMETRIC_REPRESENTATION_CONTEXT() REPRESENTATION_CONTEXT('2D SPACE',''
  ) );
#1724 = PCURVE('',#1725,#1730);
#1725 = CYLINDRICAL_SURFACE('',#1726,9.5);
#1726 = AXIS2_PLACEMENT_3D('',#1727,#1728,#1729);
#1727 = CARTESIAN_POINT('',(-35.,0.,-25.));
#1728 = DIRECTION('',(0.,0.,1.));
#1729 = DIRECTION('',(1.,0.,-0.));
#1730 = DEFINITIONAL_REPRESENTATION('',(#1731),#1735);
#1731 = LINE('',#1732,#1733);
#1732 = CARTESIAN_POINT('',(0.,35.));
#1733 = VECTOR('',#1734,1.);
#1734 = DIRECTION('',(1.,0.));
#1735 = ( GEOMETRIC_REPRESENTATION_CONTEXT(2) 
PARAMETRIC_REPRESENTATION_CONTEXT() REPRESENTATION_CONTEXT('2D SPACE',''
  ) );
#1736 = ADVANCED_FACE('',(#1737),#1725,.T.);
#1737 = FACE_BOUND('',#1738,.T.);
#1738 = EDGE_LOOP('',(#1739,#1740,#1763,#1785));
#1739 = ORIENTED_EDGE('',*,*,#1708,.F.);
#1740 = ORIENTED_EDGE('',*,*,#1741,.F.);
#1741 = EDGE_CURVE('',#1742,#1709,#1744,.T.);
#1742 = VERTEX_POINT('',#1743);
#1743 = CARTESIAN_POINT('',(-25.5,-2.32682891838E-15,-10.));
#1744 = SEAM_CURVE('',#1745,(#1749,#1756),.PCURVE_S1.);
#1745 = LINE('',#1746,#1747);
#1746 = CARTESIAN_POINT('',(-25.5,-2.32682891838E-15,-25.));
#1747 = VECTOR('',#1748,1.);
#1748 = DIRECTION('',(0.,0.,1.));
#1749 = PCURVE('',#1725,#1750);
#1750 = DEFINITIONAL_REPRESENTATION('',(#1751),#1755);
#1751 = LINE('',#1752,#1753);
#1752 = CARTESIAN_POINT('',(6.28318530718,-0.));
#1753 = VECTOR('',#1754,1.);
#1754 = DIRECTION('',(0.,1.));
#1755 = ( GEOMETRIC_REPRESENTATION_CONTEXT(2) 
PARAMETRIC_REPRESENTATION_CONTEXT() REPRESENTATION_CONTEXT('2D SPACE',''
  ) );
#1756 = PCURVE('',#1725,#1757);
#1757 = DEFINITIONAL_REPRESENTATION('',(#1758),#1762);
#1758 = LINE('',#1759,#1760);
#1759 = CARTESIAN_POINT('',(0.,-0.));
#1760 = VECTOR('',#1761,1.);
#1761 = DIRECTION('',(0.,1.));
#1762 = ( GEOMETRIC_REPRESENTATION_CONTEXT(2) 
PARAMETRIC_REPRESENTATION_CONTEXT() REPRESENTATION_CONTEXT('2D SPACE',''
  ) );
#1763 = ORIENTED_EDGE('',*,*,#1764,.T.);
#1764 = EDGE_CURVE('',#1742,#1742,#1765,.T.);
#1765 = SURFACE_CURVE('',#1766,(#1771,#1778),.PCURVE_S1.);
#1766 = CIRCLE('',#1767,9.5);
#1767 = AXIS2_PLACEMENT_3D('',#1768,#1769,#1770);
#1768 = CARTESIAN_POINT('',(-35.,0.,-10.));
#1769 = DIRECTION('',(0.,0.,1.));
#1770 = DIRECTION('',(1.,0.,-0.));
#1771 = PCURVE('',#1725,#1772);
#1772 = DEFINITIONAL_REPRESENTATION('',(#1773),#1777);
#1773 = LINE('',#1774,#1775);
#1774 = CARTESIAN_POINT('',(0.,15.));
#1775 = VECTOR('',#1776,1.);
#1776 = DIRECTION('',(1.,0.));
#1777 = ( GEOMETRIC_REPRESENTATION_CONTEXT(2) 
PARAMETRIC_REPRESENTATION_CONTEXT() REPRESENTATION_CONTEXT('2D SPACE',''
  ) );
#1778 = PCURVE('',#1513,#1779);
#1779 = DEFINITIONAL_REPRESENTATION('',(#1780),#1784);
#1780 = CIRCLE('',#1781,9.5);
#1781 = AXIS2_PLACEMENT_2D('',#1782,#1783);
#1782 = CARTESIAN_POINT('',(25.,15.));
#1783 = DIRECTION('',(1.,0.));
#1784 = ( GEOMETRIC_REPRESENTATION_CONTEXT(2) 
PARAMETRIC_REPRESENTATION_CONTEXT() REPRESENTATION_CONTEXT('2D SPACE',''
  ) );
#1785 = ORIENTED_EDGE('',*,*,#1741,.T.);
#1786 = ADVANCED_FACE('',(#1787),#1644,.T.);
#1787 = FACE_BOUND('',#1788,.T.);
#1788 = EDGE_LOOP('',(#1789,#1813,#1814));
#1789 = ORIENTED_EDGE('',*,*,#1790,.T.);
#1790 = EDGE_CURVE('',#1791,#1608,#1793,.T.);
#1791 = VERTEX_POINT('',#1792);
#1792 = CARTESIAN_POINT('',(0.,0.,11.05));
#1793 = SURFACE_CURVE('',#1794,(#1799,#1806),.PCURVE_S1.);
#1794 = CIRCLE('',#1795,11.05);
#1795 = AXIS2_PLACEMENT_3D('',#1796,#1797,#1798);
#1796 = CARTESIAN_POINT('',(0.,0.,0.));
#1797 = DIRECTION('',(1.,0.,0.));
#1798 = DIRECTION('',(-0.,0.,1.));
#1799 = PCURVE('',#1644,#1800);
#1800 = DEFINITIONAL_REPRESENTATION('',(#1801),#1805);
#1801 = CIRCLE('',#1802,11.05);
#1802 = AXIS2_PLACEMENT_2D('',#1803,#1804);
#1803 = CARTESIAN_POINT('',(-10.,-15.));
#1804 = DIRECTION('',(1.,0.));
#1805 = ( GEOMETRIC_REPRESENTATION_CONTEXT(2) 
PARAMETRIC_REPRESENTATION_CONTEXT() REPRESENTATION_CONTEXT('2D SPACE',''
  ) );
#1806 = PCURVE('',#1487,#1807);
#1807 = DEFINITIONAL_REPRESENTATION('',(#1808),#1812);
#1808 = LINE('',#1809,#1810);
#1809 = CARTESIAN_POINT('',(-0.,0.));
#1810 = VECTOR('',#1811,1.);
#1811 = DIRECTION('',(-1.,0.));
#1812 = ( GEOMETRIC_REPRESENTATION_CONTEXT(2) 
PARAMETRIC_REPRESENTATION_CONTEXT() REPRESENTATION_CONTEXT('2D SPACE',''
  ) );
#1813 = ORIENTED_EDGE('',*,*,#1630,.T.);
#1814 = ORIENTED_EDGE('',*,*,#1815,.T.);
#1815 = EDGE_CURVE('',#1443,#1791,#1816,.T.);
#1816 = SURFACE_CURVE('',#1817,(#1822,#1829),.PCURVE_S1.);
#1817 = CIRCLE('',#1818,11.05);
#1818 = AXIS2_PLACEMENT_3D('',#1819,#1820,#1821);
#1819 = CARTESIAN_POINT('',(0.,0.,0.));
#1820 = DIRECTION('',(1.,0.,0.));
#1821 = DIRECTION('',(-0.,0.,1.));
#1822 = PCURVE('',#1644,#1823);
#1823 = DEFINITIONAL_REPRESENTATION('',(#1824),#1828);
#1824 = CIRCLE('',#1825,11.05);
#1825 = AXIS2_PLACEMENT_2D('',#1826,#1827);
#1826 = CARTESIAN_POINT('',(-10.,-15.));
#1827 = DIRECTION('',(1.,0.));
#1828 = ( GEOMETRIC_REPRESENTATION_CONTEXT(2) 
PARAMETRIC_REPRESENTATION_CONTEXT() REPRESENTATION_CONTEXT('2D SPACE',''
  ) );
#1829 = PCURVE('',#1487,#1830);
#1830 = DEFINITIONAL_REPRESENTATION('',(#1831),#1835);
#1831 = LINE('',#1832,#1833);
#1832 = CARTESIAN_POINT('',(-0.,0.));
#1833 = VECTOR('',#1834,1.);
#1834 = DIRECTION('',(-1.,0.));
#1835 = ( GEOMETRIC_REPRESENTATION_CONTEXT(2) 
PARAMETRIC_REPRESENTATION_CONTEXT() REPRESENTATION_CONTEXT('2D SPACE',''
  ) );
#1836 = ADVANCED_FACE('',(#1837),#1574,.F.);
#1837 = FACE_BOUND('',#1838,.F.);
#1838 = EDGE_LOOP('',(#1839,#1840,#1863,#1891));
#1839 = ORIENTED_EDGE('',*,*,#1558,.F.);
#1840 = ORIENTED_EDGE('',*,*,#1841,.T.);
#1841 = EDGE_CURVE('',#1529,#1842,#1844,.T.);
#1842 = VERTEX_POINT('',#1843);
#1843 = CARTESIAN_POINT('',(-60.,-15.,18.));
#1844 = SURFACE_CURVE('',#1845,(#1849,#1856),.PCURVE_S1.);
#1845 = LINE('',#1846,#1847);
#1846 = CARTESIAN_POINT('',(-60.,-15.,10.));
#1847 = VECTOR('',#1848,1.);
#1848 = DIRECTION('',(0.,0.,1.));
#1849 = PCURVE('',#1574,#1850);
#1850 = DEFINITIONAL_REPRESENTATION('',(#1851),#1855);
#1851 = LINE('',#1852,#1853);
#1852 = CARTESIAN_POINT('',(0.,0.));
#1853 = VECTOR('',#1854,1.);
#1854 = DIRECTION('',(1.,0.));
#1855 = ( GEOMETRIC_REPRESENTATION_CONTEXT(2) 
PARAMETRIC_REPRESENTATION_CONTEXT() REPRESENTATION_CONTEXT('2D SPACE',''
  ) );
#1856 = PCURVE('',#1546,#1857);
#1857 = DEFINITIONAL_REPRESENTATION('',(#1858),#1862);
#1858 = LINE('',#1859,#1860);
#1859 = CARTESIAN_POINT('',(0.,0.));
#1860 = VECTOR('',#1861,1.);
#1861 = DIRECTION('',(1.,0.));
#1862 = ( GEOMETRIC_REPRESENTATION_CONTEXT(2) 
PARAMETRIC_REPRESENTATION_CONTEXT() REPRESENTATION_CONTEXT('2D SPACE',''
  ) );
#1863 = ORIENTED_EDGE('',*,*,#1864,.T.);
#1864 = EDGE_CURVE('',#1842,#1865,#1867,.T.);
#1865 = VERTEX_POINT('',#1866);
#1866 = CARTESIAN_POINT('',(0.,-15.,18.));
#1867 = SURFACE_CURVE('',#1868,(#1872,#1879),.PCURVE_S1.);
#1868 = LINE('',#1869,#1870);
#1869 = CARTESIAN_POINT('',(-60.,-15.,18.));
#1870 = VECTOR('',#1871,1.);
#1871 = DIRECTION('',(1.,0.,-0.));
#1872 = PCURVE('',#1574,#1873);
#1873 = DEFINITIONAL_REPRESENTATION('',(#1874),#1878);
#1874 = LINE('',#1875,#1876);
#1875 = CARTESIAN_POINT('',(8.,0.));
#1876 = VECTOR('',#1877,1.);
#1877 = DIRECTION('',(0.,1.));
#1878 = ( GEOMETRIC_REPRESENTATION_CONTEXT(2) 
PARAMETRIC_REPRESENTATION_CONTEXT() REPRESENTATION_CONTEXT('2D SPACE',''
  ) );
#1879 = PCURVE('',#1880,#1885);
#1880 = PLANE('',#1881);
#1881 = AXIS2_PLACEMENT_3D('',#1882,#1883,#1884);
#1882 = CARTESIAN_POINT('',(-60.,-15.,18.));
#1883 = DIRECTION('',(0.,0.,1.));
#1884 = DIRECTION('',(1.,0.,-0.));
#1885 = DEFINITIONAL_REPRESENTATION('',(#1886),#1890);
#1886 = LINE('',#1887,#1888);
#1887 = CARTESIAN_POINT('',(0.,0.));
#1888 = VECTOR('',#1889,1.);
#1889 = DIRECTION('',(1.,0.));
#1890 = ( GEOMETRIC_REPRESENTATION_CONTEXT(2) 
PARAMETRIC_REPRESENTATION_CONTEXT() REPRESENTATION_CONTEXT('2D SPACE',''
  ) );
#1891 = ORIENTED_EDGE('',*,*,#1892,.F.);
#1892 = EDGE_CURVE('',#1559,#1865,#1893,.T.);
#1893 = SURFACE_CURVE('',#1894,(#1898,#1905),.PCURVE_S1.);
#1894 = LINE('',#1895,#1896);
#1895 = CARTESIAN_POINT('',(0.,-15.,10.));
#1896 = VECTOR('',#1897,1.);
#1897 = DIRECTION('',(0.,0.,1.));
#1898 = PCURVE('',#1574,#1899);
#1899 = DEFINITIONAL_REPRESENTATION('',(#1900),#1904);
#1900 = LINE('',#1901,#1902);
#1901 = CARTESIAN_POINT('',(0.,60.));
#1902 = VECTOR('',#1903,1.);
#1903 = DIRECTION('',(1.,0.));
#1904 = ( GEOMETRIC_REPRESENTATION_CONTEXT(2) 
PARAMETRIC_REPRESENTATION_CONTEXT() REPRESENTATION_CONTEXT('2D SPACE',''
  ) );
#1905 = PCURVE('',#45,#1906);
#1906 = DEFINITIONAL_REPRESENTATION('',(#1907),#1911);
#1907 = LINE('',#1908,#1909);
#1908 = CARTESIAN_POINT('',(0.,0.));
#1909 = VECTOR('',#1910,1.);
#1910 = DIRECTION('',(1.,0.));
#1911 = ( GEOMETRIC_REPRESENTATION_CONTEXT(2) 
PARAMETRIC_REPRESENTATION_CONTEXT() REPRESENTATION_CONTEXT('2D SPACE',''
  ) );
#1912 = ADVANCED_FACE('',(#1913,#1983),#1880,.T.);
#1913 = FACE_BOUND('',#1914,.T.);
#1914 = EDGE_LOOP('',(#1915,#1938,#1939,#1962));
#1915 = ORIENTED_EDGE('',*,*,#1916,.F.);
#1916 = EDGE_CURVE('',#1842,#1917,#1919,.T.);
#1917 = VERTEX_POINT('',#1918);
#1918 = CARTESIAN_POINT('',(-60.,15.,18.));
#1919 = SURFACE_CURVE('',#1920,(#1924,#1931),.PCURVE_S1.);
#1920 = LINE('',#1921,#1922);
#1921 = CARTESIAN_POINT('',(-60.,-15.,18.));
#1922 = VECTOR('',#1923,1.);
#1923 = DIRECTION('',(-0.,1.,0.));
#1924 = PCURVE('',#1880,#1925);
#1925 = DEFINITIONAL_REPRESENTATION('',(#1926),#1930);
#1926 = LINE('',#1927,#1928);
#1927 = CARTESIAN_POINT('',(0.,0.));
#1928 = VECTOR('',#1929,1.);
#1929 = DIRECTION('',(0.,1.));
#1930 = ( GEOMETRIC_REPRESENTATION_CONTEXT(2) 
PARAMETRIC_REPRESENTATION_CONTEXT() REPRESENTATION_CONTEXT('2D SPACE',''
  ) );
#1931 = PCURVE('',#1546,#1932);
#1932 = DEFINITIONAL_REPRESENTATION('',(#1933),#1937);
#1933 = LINE('',#1934,#1935);
#1934 = CARTESIAN_POINT('',(8.,0.));
#1935 = VECTOR('',#1936,1.);
#1936 = DIRECTION('',(0.,-1.));
#1937 = ( GEOMETRIC_REPRESENTATION_CONTEXT(2) 
PARAMETRIC_REPRESENTATION_CONTEXT() REPRESENTATION_CONTEXT('2D SPACE',''
  ) );
#1938 = ORIENTED_EDGE('',*,*,#1864,.T.);
#1939 = ORIENTED_EDGE('',*,*,#1940,.T.);
#1940 = EDGE_CURVE('',#1865,#1941,#1943,.T.);
#1941 = VERTEX_POINT('',#1942);
#1942 = CARTESIAN_POINT('',(0.,15.,18.));
#1943 = SURFACE_CURVE('',#1944,(#1948,#1955),.PCURVE_S1.);
#1944 = LINE('',#1945,#1946);
#1945 = CARTESIAN_POINT('',(0.,-15.,18.));
#1946 = VECTOR('',#1947,1.);
#1947 = DIRECTION('',(-0.,1.,0.));
#1948 = PCURVE('',#1880,#1949);
#1949 = DEFINITIONAL_REPRESENTATION('',(#1950),#1954);
#1950 = LINE('',#1951,#1952);
#1951 = CARTESIAN_POINT('',(60.,0.));
#1952 = VECTOR('',#1953,1.);
#1953 = DIRECTION('',(0.,1.));
#1954 = ( GEOMETRIC_REPRESENTATION_CONTEXT(2) 
PARAMETRIC_REPRESENTATION_CONTEXT() REPRESENTATION_CONTEXT('2D SPACE',''
  ) );
#1955 = PCURVE('',#45,#1956);
#1956 = DEFINITIONAL_REPRESENTATION('',(#1957),#1961);
#1957 = LINE('',#1958,#1959);
#1958 = CARTESIAN_POINT('',(8.,0.));
#1959 = VECTOR('',#1960,1.);
#1960 = DIRECTION('',(0.,-1.));
#1961 = ( GEOMETRIC_REPRESENTATION_CONTEXT(2) 
PARAMETRIC_REPRESENTATION_CONTEXT() REPRESENTATION_CONTEXT('2D SPACE',''
  ) );
#1962 = ORIENTED_EDGE('',*,*,#1963,.F.);
#1963 = EDGE_CURVE('',#1917,#1941,#1964,.T.);
#1964 = SURFACE_CURVE('',#1965,(#1969,#1976),.PCURVE_S1.);
#1965 = LINE('',#1966,#1967);
#1966 = CARTESIAN_POINT('',(-60.,15.,18.));
#1967 = VECTOR('',#1968,1.);
#1968 = DIRECTION('',(1.,0.,-0.));
#1969 = PCURVE('',#1880,#1970);
#1970 = DEFINITIONAL_REPRESENTATION('',(#1971),#1975);
#1971 = LINE('',#1972,#1973);
#1972 = CARTESIAN_POINT('',(0.,30.));
#1973 = VECTOR('',#1974,1.);
#1974 = DIRECTION('',(1.,0.));
#1975 = ( GEOMETRIC_REPRESENTATION_CONTEXT(2) 
PARAMETRIC_REPRESENTATION_CONTEXT() REPRESENTATION_CONTEXT('2D SPACE',''
  ) );
#1976 = PCURVE('',#1694,#1977);
#1977 = DEFINITIONAL_REPRESENTATION('',(#1978),#1982);
#1978 = LINE('',#1979,#1980);
#1979 = CARTESIAN_POINT('',(8.,0.));
#1980 = VECTOR('',#1981,1.);
#1981 = DIRECTION('',(0.,1.));
#1982 = ( GEOMETRIC_REPRESENTATION_CONTEXT(2) 
PARAMETRIC_REPRESENTATION_CONTEXT() REPRESENTATION_CONTEXT('2D SPACE',''
  ) );
#1983 = FACE_BOUND('',#1984,.T.);
#1984 = EDGE_LOOP('',(#1985));
#1985 = ORIENTED_EDGE('',*,*,#1986,.F.);
#1986 = EDGE_CURVE('',#1987,#1987,#1989,.T.);
#1987 = VERTEX_POINT('',#1988);
#1988 = CARTESIAN_POINT('',(-25.5,-2.32682891838E-15,18.));
#1989 = SURFACE_CURVE('',#1990,(#1995,#2002),.PCURVE_S1.);
#1990 = CIRCLE('',#1991,9.5);
#1991 = AXIS2_PLACEMENT_3D('',#1992,#1993,#1994);
#1992 = CARTESIAN_POINT('',(-35.,0.,18.));
#1993 = DIRECTION('',(0.,0.,1.));
#1994 = DIRECTION('',(1.,0.,-0.));
#1995 = PCURVE('',#1880,#1996);
#1996 = DEFINITIONAL_REPRESENTATION('',(#1997),#2001);
#1997 = CIRCLE('',#1998,9.5);
#1998 = AXIS2_PLACEMENT_2D('',#1999,#2000);
#1999 = CARTESIAN_POINT('',(25.,15.));
#2000 = DIRECTION('',(1.,0.));
#2001 = ( GEOMETRIC_REPRESENTATION_CONTEXT(2) 
PARAMETRIC_REPRESENTATION_CONTEXT() REPRESENTATION_CONTEXT('2D SPACE',''
  ) );
#2002 = PCURVE('',#2003,#2008);
#2003 = CYLINDRICAL_SURFACE('',#2004,9.5);
#2004 = AXIS2_PLACEMENT_3D('',#2005,#2006,#2007);
#2005 = CARTESIAN_POINT('',(-35.,0.,-25.));
#2006 = DIRECTION('',(0.,0.,1.));
#2007 = DIRECTION('',(1.,0.,-0.));
#2008 = DEFINITIONAL_REPRESENTATION('',(#2009),#2013);
#2009 = LINE('',#2010,#2011);
#2010 = CARTESIAN_POINT('',(0.,43.));
#2011 = VECTOR('',#2012,1.);
#2012 = DIRECTION('',(1.,0.));
#2013 = ( GEOMETRIC_REPRESENTATION_CONTEXT(2) 
PARAMETRIC_REPRESENTATION_CONTEXT() REPRESENTATION_CONTEXT('2D SPACE',''
  ) );
#2014 = ADVANCED_FACE('',(#2015),#2003,.T.);
#2015 = FACE_BOUND('',#2016,.T.);
#2016 = EDGE_LOOP('',(#2017,#2040,#2067,#2068));
#2017 = ORIENTED_EDGE('',*,*,#2018,.T.);
#2018 = EDGE_CURVE('',#1987,#2019,#2021,.T.);
#2019 = VERTEX_POINT('',#2020);
#2020 = CARTESIAN_POINT('',(-25.5,-2.32682891838E-15,25.));
#2021 = SEAM_CURVE('',#2022,(#2026,#2033),.PCURVE_S1.);
#2022 = LINE('',#2023,#2024);
#2023 = CARTESIAN_POINT('',(-25.5,-2.32682891838E-15,-25.));
#2024 = VECTOR('',#2025,1.);
#2025 = DIRECTION('',(0.,0.,1.));
#2026 = PCURVE('',#2003,#2027);
#2027 = DEFINITIONAL_REPRESENTATION('',(#2028),#2032);
#2028 = LINE('',#2029,#2030);
#2029 = CARTESIAN_POINT('',(6.28318530718,-0.));
#2030 = VECTOR('',#2031,1.);
#2031 = DIRECTION('',(0.,1.));
#2032 = ( GEOMETRIC_REPRESENTATION_CONTEXT(2) 
PARAMETRIC_REPRESENTATION_CONTEXT() REPRESENTATION_CONTEXT('2D SPACE',''
  ) );
#2033 = PCURVE('',#2003,#2034);
#2034 = DEFINITIONAL_REPRESENTATION('',(#2035),#2039);
#2035 = LINE('',#2036,#2037);
#2036 = CARTESIAN_POINT('',(0.,-0.));
#2037 = VECTOR('',#2038,1.);
#2038 = DIRECTION('',(0.,1.));
#2039 = ( GEOMETRIC_REPRESENTATION_CONTEXT(2) 
PARAMETRIC_REPRESENTATION_CONTEXT() REPRESENTATION_CONTEXT('2D SPACE',''
  ) );
#2040 = ORIENTED_EDGE('',*,*,#2041,.F.);
#2041 = EDGE_CURVE('',#2019,#2019,#2042,.T.);
#2042 = SURFACE_CURVE('',#2043,(#2048,#2055),.PCURVE_S1.);
#2043 = CIRCLE('',#2044,9.5);
#2044 = AXIS2_PLACEMENT_3D('',#2045,#2046,#2047);
#2045 = CARTESIAN_POINT('',(-35.,0.,25.));
#2046 = DIRECTION('',(0.,0.,1.));
#2047 = DIRECTION('',(1.,0.,-0.));
#2048 = PCURVE('',#2003,#2049);
#2049 = DEFINITIONAL_REPRESENTATION('',(#2050),#2054);
#2050 = LINE('',#2051,#2052);
#2051 = CARTESIAN_POINT('',(0.,50.));
#2052 = VECTOR('',#2053,1.);
#2053 = DIRECTION('',(1.,0.));
#2054 = ( GEOMETRIC_REPRESENTATION_CONTEXT(2) 
PARAMETRIC_REPRESENTATION_CONTEXT() REPRESENTATION_CONTEXT('2D SPACE',''
  ) );
#2055 = PCURVE('',#2056,#2061);
#2056 = PLANE('',#2057);
#2057 = AXIS2_PLACEMENT_3D('',#2058,#2059,#2060);
#2058 = CARTESIAN_POINT('',(-35.,0.,25.));
#2059 = DIRECTION('',(0.,0.,1.));
#2060 = DIRECTION('',(1.,0.,-0.));
#2061 = DEFINITIONAL_REPRESENTATION('',(#2062),#2066);
#2062 = CIRCLE('',#2063,9.5);
#2063 = AXIS2_PLACEMENT_2D('',#2064,#2065);
#2064 = CARTESIAN_POINT('',(0.,0.));
#2065 = DIRECTION('',(1.,0.));
#2066 = ( GEOMETRIC_REPRESENTATION_CONTEXT(2) 
PARAMETRIC_REPRESENTATION_CONTEXT() REPRESENTATION_CONTEXT('2D SPACE',''
  ) );
#2067 = ORIENTED_EDGE('',*,*,#2018,.F.);
#2068 = ORIENTED_EDGE('',*,*,#1986,.T.);
#2069 = ADVANCED_FACE('',(#2070),#2056,.T.);
#2070 = FACE_BOUND('',#2071,.T.);
#2071 = EDGE_LOOP('',(#2072));
#2072 = ORIENTED_EDGE('',*,*,#2041,.T.);
#2073 = ADVANCED_FACE('',(#2074),#1694,.T.);
#2074 = FACE_BOUND('',#2075,.T.);
#2075 = EDGE_LOOP('',(#2076,#2077,#2098,#2099));
#2076 = ORIENTED_EDGE('',*,*,#1680,.F.);
#2077 = ORIENTED_EDGE('',*,*,#2078,.T.);
#2078 = EDGE_CURVE('',#1531,#1917,#2079,.T.);
#2079 = SURFACE_CURVE('',#2080,(#2084,#2091),.PCURVE_S1.);
#2080 = LINE('',#2081,#2082);
#2081 = CARTESIAN_POINT('',(-60.,15.,10.));
#2082 = VECTOR('',#2083,1.);
#2083 = DIRECTION('',(0.,0.,1.));
#2084 = PCURVE('',#1694,#2085);
#2085 = DEFINITIONAL_REPRESENTATION('',(#2086),#2090);
#2086 = LINE('',#2087,#2088);
#2087 = CARTESIAN_POINT('',(0.,0.));
#2088 = VECTOR('',#2089,1.);
#2089 = DIRECTION('',(1.,0.));
#2090 = ( GEOMETRIC_REPRESENTATION_CONTEXT(2) 
PARAMETRIC_REPRESENTATION_CONTEXT() REPRESENTATION_CONTEXT('2D SPACE',''
  ) );
#2091 = PCURVE('',#1546,#2092);
#2092 = DEFINITIONAL_REPRESENTATION('',(#2093),#2097);
#2093 = LINE('',#2094,#2095);
#2094 = CARTESIAN_POINT('',(0.,-30.));
#2095 = VECTOR('',#2096,1.);
#2096 = DIRECTION('',(1.,0.));
#2097 = ( GEOMETRIC_REPRESENTATION_CONTEXT(2) 
PARAMETRIC_REPRESENTATION_CONTEXT() REPRESENTATION_CONTEXT('2D SPACE',''
  ) );
#2098 = ORIENTED_EDGE('',*,*,#1963,.T.);
#2099 = ORIENTED_EDGE('',*,*,#2100,.F.);
#2100 = EDGE_CURVE('',#1658,#1941,#2101,.T.);
#2101 = SURFACE_CURVE('',#2102,(#2106,#2113),.PCURVE_S1.);
#2102 = LINE('',#2103,#2104);
#2103 = CARTESIAN_POINT('',(0.,15.,10.));
#2104 = VECTOR('',#2105,1.);
#2105 = DIRECTION('',(0.,0.,1.));
#2106 = PCURVE('',#1694,#2107);
#2107 = DEFINITIONAL_REPRESENTATION('',(#2108),#2112);
#2108 = LINE('',#2109,#2110);
#2109 = CARTESIAN_POINT('',(0.,60.));
#2110 = VECTOR('',#2111,1.);
#2111 = DIRECTION('',(1.,0.));
#2112 = ( GEOMETRIC_REPRESENTATION_CONTEXT(2) 
PARAMETRIC_REPRESENTATION_CONTEXT() REPRESENTATION_CONTEXT('2D SPACE',''
  ) );
#2113 = PCURVE('',#45,#2114);
#2114 = DEFINITIONAL_REPRESENTATION('',(#2115),#2119);
#2115 = LINE('',#2116,#2117);
#2116 = CARTESIAN_POINT('',(0.,-30.));
#2117 = VECTOR('',#2118,1.);
#2118 = DIRECTION('',(1.,0.));
#2119 = ( GEOMETRIC_REPRESENTATION_CONTEXT(2) 
PARAMETRIC_REPRESENTATION_CONTEXT() REPRESENTATION_CONTEXT('2D SPACE',''
  ) );
#2120 = ADVANCED_FACE('',(#2121),#1546,.F.);
#2121 = FACE_BOUND('',#2122,.F.);
#2122 = EDGE_LOOP('',(#2123,#2124,#2125,#2126));
#2123 = ORIENTED_EDGE('',*,*,#1841,.F.);
#2124 = ORIENTED_EDGE('',*,*,#1528,.T.);
#2125 = ORIENTED_EDGE('',*,*,#2078,.T.);
#2126 = ORIENTED_EDGE('',*,*,#1916,.F.);
#2127 = ADVANCED_FACE('',(#2128),#1487,.F.);
#2128 = FACE_BOUND('',#2129,.T.);
#2129 = EDGE_LOOP('',(#2130,#2131,#2154,#2627,#2628,#2629,#2630,#2659));
#2130 = ORIENTED_EDGE('',*,*,#1790,.F.);
#2131 = ORIENTED_EDGE('',*,*,#2132,.T.);
#2132 = EDGE_CURVE('',#1791,#2133,#2135,.T.);
#2133 = VERTEX_POINT('',#2134);
#2134 = CARTESIAN_POINT('',(1.3873E+03,0.,11.05));
#2135 = SEAM_CURVE('',#2136,(#2140,#2147),.PCURVE_S1.);
#2136 = LINE('',#2137,#2138);
#2137 = CARTESIAN_POINT('',(0.,0.,11.05));
#2138 = VECTOR('',#2139,1.);
#2139 = DIRECTION('',(1.,0.,0.));
#2140 = PCURVE('',#1487,#2141);
#2141 = DEFINITIONAL_REPRESENTATION('',(#2142),#2146);
#2142 = LINE('',#2143,#2144);
#2143 = CARTESIAN_POINT('',(-6.28318530718,0.));
#2144 = VECTOR('',#2145,1.);
#2145 = DIRECTION('',(-0.,-1.));
#2146 = ( GEOMETRIC_REPRESENTATION_CONTEXT(2) 
PARAMETRIC_REPRESENTATION_CONTEXT() REPRESENTATION_CONTEXT('2D SPACE',''
  ) );
#2147 = PCURVE('',#1487,#2148);
#2148 = DEFINITIONAL_REPRESENTATION('',(#2149),#2153);
#2149 = LINE('',#2150,#2151);
#2150 = CARTESIAN_POINT('',(-0.,0.));
#2151 = VECTOR('',#2152,1.);
#2152 = DIRECTION('',(-0.,-1.));
#2153 = ( GEOMETRIC_REPRESENTATION_CONTEXT(2) 
PARAMETRIC_REPRESENTATION_CONTEXT() REPRESENTATION_CONTEXT('2D SPACE',''
  ) );
#2154 = ORIENTED_EDGE('',*,*,#2155,.T.);
#2155 = EDGE_CURVE('',#2133,#2133,#2156,.T.);
#2156 = SURFACE_CURVE('',#2157,(#2310,#2466),.PCURVE_S1.);
#2157 = B_SPLINE_CURVE_WITH_KNOTS('',7,(#2158,#2159,#2160,#2161,#2162,
    #2163,#2164,#2165,#2166,#2167,#2168,#2169,#2170,#2171,#2172,#2173,
    #2174,#2175,#2176,#2177,#2178,#2179,#2180,#2181,#2182,#2183,#2184,
    #2185,#2186,#2187,#2188,#2189,#2190,#2191,#2192,#2193,#2194,#2195,
    #2196,#2197,#2198,#2199,#2200,#2201,#2202,#2203,#2204,#2205,#2206,
    #2207,#2208,#2209,#2210,#2211,#2212,#2213,#2214,#2215,#2216,#2217,
    #2218,#2219,#2220,#2221,#2222,#2223,#2224,#2225,#2226,#2227,#2228,
    #2229,#2230,#2231,#2232,#2233,#2234,#2235,#2236,#2237,#2238,#2239,
    #2240,#2241,#2242,#2243,#2244,#2245,#2246,#2247,#2248,#2249,#2250,
    #2251,#2252,#2253,#2254,#2255,#2256,#2257,#2258,#2259,#2260,#2261,
    #2262,#2263,#2264,#2265,#2266,#2267,#2268,#2269,#2270,#2271,#2272,
    #2273,#2274,#2275,#2276,#2277,#2278,#2279,#2280,#2281,#2282,#2283,
    #2284,#2285,#2286,#2287,#2288,#2289,#2290,#2291,#2292,#2293,#2294,
    #2295,#2296,#2297,#2298,#2299,#2300,#2301,#2302,#2303,#2304,#2305,
    #2306,#2307,#2308,#2309),.UNSPECIFIED.,.T.,.F.,(8,6,6,6,6,6,6,6,6,6,
    6,6,6,6,6,6,6,6,6,6,6,6,6,6,6,8),(0.,2.919945341681E-02,
    7.446101162843E-02,0.146464561361,0.211378528685,0.225781903699,
    0.249972009074,0.274475897678,0.28886799785,0.353846493945,
    0.426297387995,0.451712168117,0.480433443089,0.518804338553,
    0.548456590179,0.574615392036,0.646619928056,0.711534784556,
    0.725938356865,0.750128793559,0.774633017749,0.789025315024,
    0.854004701012,0.926456587291,0.951871715473,1.),.UNSPECIFIED.);
#2158 = CARTESIAN_POINT('',(1.3873E+03,1.7763568394E-15,11.05));
#2159 = CARTESIAN_POINT('',(1.3873E+03,-0.38933687476,11.05));
#2160 = CARTESIAN_POINT('',(1.387313925043E+03,-0.777863387277,
    11.033995662291));
#2161 = CARTESIAN_POINT('',(1.387341670379E+03,-1.163463947749,
    11.002107321716));
#2162 = CARTESIAN_POINT('',(1.387382775079E+03,-1.544035100818,
    10.954829380174));
#2163 = CARTESIAN_POINT('',(1.387436424045E+03,-1.917501342064,
    10.893029038025));
#2164 = CARTESIAN_POINT('',(1.387501455069E+03,-2.281829396406,
    10.817949678223));
#2165 = CARTESIAN_POINT('',(1.387692496699E+03,-3.182547976658,
    10.596779057031));
#2166 = CARTESIAN_POINT('',(1.387832391347E+03,-3.703429627256,
    10.434323061536));
#2167 = CARTESIAN_POINT('',(1.387992021143E+03,-4.197498095607,
    10.24812588558));
#2168 = CARTESIAN_POINT('',(1.38816775944E+03,-4.664975654772,
    10.041935241625));
#2169 = CARTESIAN_POINT('',(1.388356377612E+03,-5.106402666071,
    9.819023152617));
#2170 = CARTESIAN_POINT('',(1.388555025346E+03,-5.522550151616,
    9.582226502188));
#2171 = CARTESIAN_POINT('',(1.389089190094E+03,-6.537604022976,
    8.939052549222));
#2172 = CARTESIAN_POINT('',(1.38943817687E+03,-7.102922075631,
    8.512799541033));
#2173 = CARTESIAN_POINT('',(1.389799684591E+03,-7.614940486552,
    8.062947673997));
#2174 = CARTESIAN_POINT('',(1.390167593921E+03,-8.078611287106,
    7.594262695502));
#2175 = CARTESIAN_POINT('',(1.390537511962E+03,-8.49869460076,
    7.108919323087));
#2176 = CARTESIAN_POINT('',(1.390906031802E+03,-8.879158631732,
    6.606971138464));
#2177 = CARTESIAN_POINT('',(1.391596085028E+03,-9.532427543163,
    5.617073446025));
#2178 = CARTESIAN_POINT('',(1.391916838766E+03,-9.8104093516,
    5.135240005455));
#2179 = CARTESIAN_POINT('',(1.392228738197E+03,-10.05975997649,
    4.638910359854));
#2180 = CARTESIAN_POINT('',(1.392527789505E+03,-10.28131582106,
    4.126180345454));
#2181 = CARTESIAN_POINT('',(1.392807315102E+03,-10.47428275565,
    3.596030853337));
#2182 = CARTESIAN_POINT('',(1.393057469632E+03,-10.63729670154,
    3.047900475234));
#2183 = CARTESIAN_POINT('',(1.393312943772E+03,-10.79704926293,
    2.354342955475));
#2184 = CARTESIAN_POINT('',(1.393357317918E+03,-10.82447284999,
    2.227427921696));
#2185 = CARTESIAN_POINT('',(1.393399523898E+03,-10.85027074104,
    2.099584739985));
#2186 = CARTESIAN_POINT('',(1.393439415548E+03,-10.87440742474,
    1.970848026092));
#2187 = CARTESIAN_POINT('',(1.393476851297E+03,-10.89685015483,
    1.841244461637));
#2188 = CARTESIAN_POINT('',(1.393511694602E+03,-10.91756769071,
    1.710792806208));
#2189 = CARTESIAN_POINT('',(1.39359775877E+03,-10.96837414306,
    1.359007515843));
#2190 = CARTESIAN_POINT('',(1.393644085111E+03,-10.9953034944,
    1.135887793135));
#2191 = CARTESIAN_POINT('',(1.393681992148E+03,-11.01706185621,
    0.910789944322));
#2192 = CARTESIAN_POINT('',(1.393710864835E+03,-11.0334900096,
    0.684237875626));
#2193 = CARTESIAN_POINT('',(1.39373028011E+03,-11.04448898989,
    0.456668599504));
#2194 = CARTESIAN_POINT('',(1.393740007987E+03,-11.05,0.228466862791));
#2195 = CARTESIAN_POINT('',(1.393740007987E+03,-11.05,-0.231430432763));
#2196 = CARTESIAN_POINT('',(1.393730026104E+03,-11.04434508974,
    -0.46257920058));
#2197 = CARTESIAN_POINT('',(1.393710105896E+03,-11.03306006377,
    -0.693069335882));
#2198 = CARTESIAN_POINT('',(1.393680489219E+03,-11.01620665113,
    -0.92250527903));
#2199 = CARTESIAN_POINT('',(1.393641620006E+03,-10.99388828977,
    -1.150436051587));
#2200 = CARTESIAN_POINT('',(1.393594143044E+03,-10.96627167726,
    -1.376318678501));
#2201 = CARTESIAN_POINT('',(1.393506450018E+03,-10.91445047435,
    -1.730554396423));
#2202 = CARTESIAN_POINT('',(1.39347129839E+03,-10.89352644112,
    -1.860786094347));
#2203 = CARTESIAN_POINT('',(1.393433574054E+03,-10.87088393027,
    -1.990166840506));
#2204 = CARTESIAN_POINT('',(1.393393413369E+03,-10.84655406373,
    -2.118678759488));
#2205 = CARTESIAN_POINT('',(1.39335095744E+03,-10.82056938998,
    -2.246296201013));
#2206 = CARTESIAN_POINT('',(1.393306351682E+03,-10.79296512074,
    -2.372985728025));
#2207 = CARTESIAN_POINT('',(1.39304932393E+03,-10.63201493063,
    -3.066317566104));
#2208 = CARTESIAN_POINT('',(1.392798017987E+03,-10.46796730574,
    -3.614457979517));
#2209 = CARTESIAN_POINT('',(1.392517526154E+03,-10.27394265498,
    -4.144609202422));
#2210 = CARTESIAN_POINT('',(1.392217669151E+03,-10.05129618141,
    -4.657331722602));
#2211 = CARTESIAN_POINT('',(1.391905087975E+03,-9.800803673385,
    -5.153654123428));
#2212 = CARTESIAN_POINT('',(1.39158374547E+03,-9.521595990455,
    -5.635488873251));
#2213 = CARTESIAN_POINT('',(1.39089072718E+03,-8.863685911959,
    -6.628099585277));
#2214 = CARTESIAN_POINT('',(1.390519843183E+03,-8.479445657393,
    -7.132496176965));
#2215 = CARTESIAN_POINT('',(1.39014768243E+03,-8.055009856844,
    -7.620083347449));
#2216 = CARTESIAN_POINT('',(1.389777693782E+03,-7.586287417964,
    -8.090781875802));
#2217 = CARTESIAN_POINT('',(1.389414377694E+03,-7.068385471334,
    -8.542315900129));
#2218 = CARTESIAN_POINT('',(1.389064037307E+03,-6.496232691055,
    -8.969728551209));
#2219 = CARTESIAN_POINT('',(1.388620152519E+03,-5.643702188508,
    -9.50365013795));
#2220 = CARTESIAN_POINT('',(1.388507445709E+03,-5.414843296647,
    -9.638478645725));
#2221 = CARTESIAN_POINT('',(1.388397683696E+03,-5.178274547847,
    -9.76913037626));
#2222 = CARTESIAN_POINT('',(1.388291295236E+03,-4.9337695114,
    -9.895193608812));
#2223 = CARTESIAN_POINT('',(1.388188759295E+03,-4.681120521461,
    -10.01619607426));
#2224 = CARTESIAN_POINT('',(1.388090605459E+03,-4.420138885042,
    -10.13160517504));
#2225 = CARTESIAN_POINT('',(1.387892098957E+03,-3.84611111439,
    -10.36426128843));
#2226 = CARTESIAN_POINT('',(1.387792951572E+03,-3.530216924154,
    -10.47999301415));
#2227 = CARTESIAN_POINT('',(1.38770111181E+03,-3.203425675784,
    -10.58681162085));
#2228 = CARTESIAN_POINT('',(1.387617674904E+03,-2.866248603046,
    -10.68356339829));
#2229 = CARTESIAN_POINT('',(1.387543687252E+03,-2.519254761483,
    -10.76914905962));
#2230 = CARTESIAN_POINT('',(1.387480141965E+03,-2.16307077291,
    -10.84252011362));
#2231 = CARTESIAN_POINT('',(1.387358279889E+03,-1.311163701241,
    -10.98304095752));
#2232 = CARTESIAN_POINT('',(1.387308941722E+03,-0.809106908205,
    -11.03976211394));
#2233 = CARTESIAN_POINT('',(1.387282722125E+03,-0.297939560446,
    -11.06983913228));
#2234 = CARTESIAN_POINT('',(1.387281050861E+03,0.216495698403,
    -11.07175609361));
#2235 = CARTESIAN_POINT('',(1.387303988935E+03,0.728317030032,
    -11.04544843805));
#2236 = CARTESIAN_POINT('',(1.387350228183E+03,1.231678060155,
    -10.99230180933));
#2237 = CARTESIAN_POINT('',(1.387468824627E+03,2.098859974619,
    -10.85558544281));
#2238 = CARTESIAN_POINT('',(1.387532807166E+03,2.468013313773,
    -10.78173315313));
#2239 = CARTESIAN_POINT('',(1.387608060405E+03,2.827512810542,
    -10.69471198503));
#2240 = CARTESIAN_POINT('',(1.387693497868E+03,3.176633399116,
    -10.59566918436));
#2241 = CARTESIAN_POINT('',(1.387787965864E+03,3.514715378607,
    -10.48581684277));
#2242 = CARTESIAN_POINT('',(1.38789024877E+03,3.841164520216,
    -10.36643631164));
#2243 = CARTESIAN_POINT('',(1.388095078695E+03,4.432712349315,
    -10.12635652903));
#2244 = CARTESIAN_POINT('',(1.38819633139E+03,4.700959968969,
    -10.00728647114));
#2245 = CARTESIAN_POINT('',(1.388302200257E+03,4.960383424386,
    -9.882317550584));
#2246 = CARTESIAN_POINT('',(1.388412110776E+03,5.211192222039,
    -9.752027073658));
#2247 = CARTESIAN_POINT('',(1.388525545527E+03,5.45361672071,
    -9.616924269981));
#2248 = CARTESIAN_POINT('',(1.388642043647E+03,5.687907868319,
    -9.477450017603));
#2249 = CARTESIAN_POINT('',(1.389089190094E+03,6.537604022975,
    -8.939052549222));
#2250 = CARTESIAN_POINT('',(1.38943817687E+03,7.102922075632,
    -8.512799541034));
#2251 = CARTESIAN_POINT('',(1.389799684591E+03,7.614940486551,
    -8.062947673997));
#2252 = CARTESIAN_POINT('',(1.390167593921E+03,8.078611287109,
    -7.594262695501));
#2253 = CARTESIAN_POINT('',(1.390537511962E+03,8.498694600759,
    -7.108919323088));
#2254 = CARTESIAN_POINT('',(1.390906031802E+03,8.879158631732,
    -6.606971138465));
#2255 = CARTESIAN_POINT('',(1.391596085028E+03,9.532427543162,
    -5.617073446026));
#2256 = CARTESIAN_POINT('',(1.391916838766E+03,9.810409351604,
    -5.13524000545));
#2257 = CARTESIAN_POINT('',(1.392228738197E+03,10.059759976483,
    -4.638910359864));
#2258 = CARTESIAN_POINT('',(1.392527789505E+03,10.28131582107,
    -4.126180345442));
#2259 = CARTESIAN_POINT('',(1.392807315102E+03,10.474282755647,
    -3.596030853344));
#2260 = CARTESIAN_POINT('',(1.393057469632E+03,10.637296701545,
    -3.04790047523));
#2261 = CARTESIAN_POINT('',(1.393312943772E+03,10.79704926293,
    -2.354342955476));
#2262 = CARTESIAN_POINT('',(1.393357317918E+03,10.824472849994,
    -2.227427921696));
#2263 = CARTESIAN_POINT('',(1.393399523898E+03,10.850270741047,
    -2.099584739983));
#2264 = CARTESIAN_POINT('',(1.393439415548E+03,10.874407424745,
    -1.970848026091));
#2265 = CARTESIAN_POINT('',(1.393476851297E+03,10.896850154831,
    -1.841244461637));
#2266 = CARTESIAN_POINT('',(1.393511694602E+03,10.917567690714,
    -1.710792806209));
#2267 = CARTESIAN_POINT('',(1.39359775877E+03,10.968374143022,
    -1.359007516123));
#2268 = CARTESIAN_POINT('',(1.393644085111E+03,10.995303494412,
    -1.135887793158));
#2269 = CARTESIAN_POINT('',(1.393681992148E+03,11.017061856239,
    -0.910789944094));
#2270 = CARTESIAN_POINT('',(1.393710864835E+03,11.033490009611,
    -0.684237875408));
#2271 = CARTESIAN_POINT('',(1.39373028011E+03,11.044488989884,
    -0.456668599542));
#2272 = CARTESIAN_POINT('',(1.393740007987E+03,11.05,-0.228466863067));
#2273 = CARTESIAN_POINT('',(1.393740007987E+03,11.05,0.231430432757));
#2274 = CARTESIAN_POINT('',(1.393730026104E+03,11.044345089748,
    0.462579200579));
#2275 = CARTESIAN_POINT('',(1.393710105896E+03,11.033060063771,
    0.693069335887));
#2276 = CARTESIAN_POINT('',(1.393680489219E+03,11.016206651131,
    0.922505279035));
#2277 = CARTESIAN_POINT('',(1.393641620006E+03,10.993888289773,
    1.150436051587));
#2278 = CARTESIAN_POINT('',(1.393594143044E+03,10.966271677265,
    1.376318678495));
#2279 = CARTESIAN_POINT('',(1.393506450018E+03,10.914450474359,
    1.730554396421));
#2280 = CARTESIAN_POINT('',(1.39347129839E+03,10.893526441128,
    1.860786094346));
#2281 = CARTESIAN_POINT('',(1.393433574054E+03,10.870883930278,
    1.990166840507));
#2282 = CARTESIAN_POINT('',(1.393393413369E+03,10.846554063735,
    2.118678759488));
#2283 = CARTESIAN_POINT('',(1.39335095744E+03,10.820569389986,
    2.246296201013));
#2284 = CARTESIAN_POINT('',(1.393306351682E+03,10.792965120741,
    2.372985728024));
#2285 = CARTESIAN_POINT('',(1.39304932393E+03,10.632014930634,
    3.066317566102));
#2286 = CARTESIAN_POINT('',(1.392798017987E+03,10.467967305746,
    3.614457979522));
#2287 = CARTESIAN_POINT('',(1.392517526154E+03,10.273942654986,
    4.144609202415));
#2288 = CARTESIAN_POINT('',(1.392217669151E+03,10.051296181416,
    4.657331722608));
#2289 = CARTESIAN_POINT('',(1.391905087975E+03,9.800803673386,
    5.153654123426));
#2290 = CARTESIAN_POINT('',(1.39158374547E+03,9.521595990455,
    5.63548887325));
#2291 = CARTESIAN_POINT('',(1.39089072718E+03,8.863685911959,
    6.628099585278));
#2292 = CARTESIAN_POINT('',(1.390519843183E+03,8.479445657392,
    7.132496176963));
#2293 = CARTESIAN_POINT('',(1.39014768243E+03,8.055009856848,
    7.620083347451));
#2294 = CARTESIAN_POINT('',(1.389777693782E+03,7.586287417961,
    8.0907818758));
#2295 = CARTESIAN_POINT('',(1.389414377694E+03,7.068385471335,
    8.54231590013));
#2296 = CARTESIAN_POINT('',(1.389064037307E+03,6.496232691056,
    8.969728551208));
#2297 = CARTESIAN_POINT('',(1.388620152519E+03,5.643702188509,
    9.503650137949));
#2298 = CARTESIAN_POINT('',(1.388507445709E+03,5.414843296647,
    9.638478645724));
#2299 = CARTESIAN_POINT('',(1.388397683696E+03,5.178274547847,
    9.76913037626));
#2300 = CARTESIAN_POINT('',(1.388291295236E+03,4.933769511401,
    9.895193608811));
#2301 = CARTESIAN_POINT('',(1.388188759295E+03,4.681120521462,
    10.016196074267));
#2302 = CARTESIAN_POINT('',(1.388090605459E+03,4.420138885043,
    10.131605175044));
#2303 = CARTESIAN_POINT('',(1.387820939603E+03,3.640337271825,
    10.447662379629));
#2304 = CARTESIAN_POINT('',(1.387660086858E+03,3.093241719025,
    10.634860794749));
#2305 = CARTESIAN_POINT('',(1.387522232163E+03,2.514486685319,
    10.794316347312));
#2306 = CARTESIAN_POINT('',(1.387413435398E+03,1.909600210979,
    10.919624895888));
#2307 = CARTESIAN_POINT('',(1.38733832259E+03,1.284597163126,
    11.005955592259));
#2308 = CARTESIAN_POINT('',(1.3873E+03,0.645885248685,11.05));
#2309 = CARTESIAN_POINT('',(1.3873E+03,1.7763568394E-15,11.05));
#2310 = PCURVE('',#1487,#2311);
#2311 = DEFINITIONAL_REPRESENTATION('',(#2312),#2465);
#2312 = B_SPLINE_CURVE_WITH_KNOTS('',7,(#2313,#2314,#2315,#2316,#2317,
    #2318,#2319,#2320,#2321,#2322,#2323,#2324,#2325,#2326,#2327,#2328,
    #2329,#2330,#2331,#2332,#2333,#2334,#2335,#2336,#2337,#2338,#2339,
    #2340,#2341,#2342,#2343,#2344,#2345,#2346,#2347,#2348,#2349,#2350,
    #2351,#2352,#2353,#2354,#2355,#2356,#2357,#2358,#2359,#2360,#2361,
    #2362,#2363,#2364,#2365,#2366,#2367,#2368,#2369,#2370,#2371,#2372,
    #2373,#2374,#2375,#2376,#2377,#2378,#2379,#2380,#2381,#2382,#2383,
    #2384,#2385,#2386,#2387,#2388,#2389,#2390,#2391,#2392,#2393,#2394,
    #2395,#2396,#2397,#2398,#2399,#2400,#2401,#2402,#2403,#2404,#2405,
    #2406,#2407,#2408,#2409,#2410,#2411,#2412,#2413,#2414,#2415,#2416,
    #2417,#2418,#2419,#2420,#2421,#2422,#2423,#2424,#2425,#2426,#2427,
    #2428,#2429,#2430,#2431,#2432,#2433,#2434,#2435,#2436,#2437,#2438,
    #2439,#2440,#2441,#2442,#2443,#2444,#2445,#2446,#2447,#2448,#2449,
    #2450,#2451,#2452,#2453,#2454,#2455,#2456,#2457,#2458,#2459,#2460,
    #2461,#2462,#2463,#2464),.UNSPECIFIED.,.F.,.F.,(8,6,6,6,6,6,6,6,6,6,
    6,6,6,6,6,6,6,6,6,6,6,6,6,6,6,8),(0.,2.919945341681E-02,
    7.446101162843E-02,0.146464561361,0.211378528685,0.225781903699,
    0.249972009074,0.274475897678,0.28886799785,0.353846493945,
    0.426297387995,0.451712168117,0.480433443089,0.518804338553,
    0.548456590179,0.574615392036,0.646619928056,0.711534784556,
    0.725938356865,0.750128793559,0.774633017749,0.789025315024,
    0.854004701012,0.926456587291,0.951871715473,1.),.UNSPECIFIED.);
#2313 = CARTESIAN_POINT('',(0.,-1.3873E+03));
#2314 = CARTESIAN_POINT('',(-3.523410631314E-02,-1.3873E+03));
#2315 = CARTESIAN_POINT('',(-7.039487869594E-02,-1.387313925043E+03));
#2316 = CARTESIAN_POINT('',(-0.105362294941,-1.387341670379E+03));
#2317 = CARTESIAN_POINT('',(-0.140016120154,-1.387382775079E+03));
#2318 = CARTESIAN_POINT('',(-0.174230858117,-1.387436424045E+03));
#2319 = CARTESIAN_POINT('',(-0.207870803852,-1.387501455069E+03));
#2320 = CARTESIAN_POINT('',(-0.291805218794,-1.387692496699E+03));
#2321 = CARTESIAN_POINT('',(-0.341089856822,-1.387832391347E+03));
#2322 = CARTESIAN_POINT('',(-0.388747070863,-1.387992021143E+03));
#2323 = CARTESIAN_POINT('',(-0.434866530231,-1.38816775944E+03));
#2324 = CARTESIAN_POINT('',(-0.479528864304,-1.388356377612E+03));
#2325 = CARTESIAN_POINT('',(-0.522810612733,-1.388555025346E+03));
#2326 = CARTESIAN_POINT('',(-0.631558889949,-1.389089190094E+03));
#2327 = CARTESIAN_POINT('',(-0.695420555491,-1.38943817687E+03));
#2328 = CARTESIAN_POINT('',(-0.75683715302,-1.389799684591E+03));
#2329 = CARTESIAN_POINT('',(-0.816251950631,-1.390167593921E+03));
#2330 = CARTESIAN_POINT('',(-0.87414465395,-1.390537511962E+03));
#2331 = CARTESIAN_POINT('',(-0.9310228752,-1.390906031802E+03));
#2332 = CARTESIAN_POINT('',(-1.038355546388,-1.391596085028E+03));
#2333 = CARTESIAN_POINT('',(-1.088606032001,-1.391916838766E+03));
#2334 = CARTESIAN_POINT('',(-1.138739775024,-1.392228738197E+03));
#2335 = CARTESIAN_POINT('',(-1.189132258299,-1.392527789505E+03));
#2336 = CARTESIAN_POINT('',(-1.240044117589,-1.392807315102E+03));
#2337 = CARTESIAN_POINT('',(-1.291694297905,-1.393057469632E+03));
#2338 = CARTESIAN_POINT('',(-1.356103192277,-1.393312943772E+03));
#2339 = CARTESIAN_POINT('',(-1.367852700618,-1.393357317918E+03));
#2340 = CARTESIAN_POINT('',(-1.379653654337,-1.393399523898E+03));
#2341 = CARTESIAN_POINT('',(-1.391504995136,-1.393439415548E+03));
#2342 = CARTESIAN_POINT('',(-1.403406522969,-1.393476851297E+03));
#2343 = CARTESIAN_POINT('',(-1.415358873481,-1.393511694602E+03));
#2344 = CARTESIAN_POINT('',(-1.44752495553,-1.39359775877E+03));
#2345 = CARTESIAN_POINT('',(-1.467857790427,-1.393644085111E+03));
#2346 = CARTESIAN_POINT('',(-1.48831431086,-1.393681992148E+03));
#2347 = CARTESIAN_POINT('',(-1.508859902951,-1.393710864835E+03));
#2348 = CARTESIAN_POINT('',(-1.529468854778,-1.39373028011E+03));
#2349 = CARTESIAN_POINT('',(-1.550120592606,-1.393740007987E+03));
#2350 = CARTESIAN_POINT('',(-1.591740257362,-1.393740007987E+03));
#2351 = CARTESIAN_POINT('',(-1.612658694582,-1.393730026104E+03));
#2352 = CARTESIAN_POINT('',(-1.633532547566,-1.393710105896E+03));
#2353 = CARTESIAN_POINT('',(-1.65434081617,-1.393680489219E+03));
#2354 = CARTESIAN_POINT('',(-1.675057055533,-1.393641620006E+03));
#2355 = CARTESIAN_POINT('',(-1.695645395903,-1.393594143044E+03));
#2356 = CARTESIAN_POINT('',(-1.728044139664,-1.393506450018E+03));
#2357 = CARTESIAN_POINT('',(-1.739979786371,-1.39347129839E+03));
#2358 = CARTESIAN_POINT('',(-1.751864557036,-1.393433574054E+03));
#2359 = CARTESIAN_POINT('',(-1.763699151654,-1.393393413369E+03));
#2360 = CARTESIAN_POINT('',(-1.775483449157,-1.39335095744E+03));
#2361 = CARTESIAN_POINT('',(-1.787216485511,-1.393306351682E+03));
#2362 = CARTESIAN_POINT('',(-1.851629899237,-1.39304932393E+03));
#2363 = CARTESIAN_POINT('',(-1.903307587693,-1.392798017987E+03));
#2364 = CARTESIAN_POINT('',(-1.954252143665,-1.392517526154E+03));
#2365 = CARTESIAN_POINT('',(-2.00468290725,-1.392217669151E+03));
#2366 = CARTESIAN_POINT('',(-2.054862147225,-1.391905087975E+03));
#2367 = CARTESIAN_POINT('',(-2.105167885969,-1.39158374547E+03));
#2368 = CARTESIAN_POINT('',(-2.212937039776,-1.39089072718E+03));
#2369 = CARTESIAN_POINT('',(-2.270196064761,-1.390519843183E+03));
#2370 = CARTESIAN_POINT('',(-2.328496386814,-1.39014768243E+03));
#2371 = CARTESIAN_POINT('',(-2.388357041278,-1.389777693782E+03));
#2372 = CARTESIAN_POINT('',(-2.45026800764,-1.389414377694E+03));
#2373 = CARTESIAN_POINT('',(-2.514681302408,-1.389064037307E+03));
#2374 = CARTESIAN_POINT('',(-2.605715032723,-1.388620152519E+03));
#2375 = CARTESIAN_POINT('',(-2.629744378795,-1.388507445709E+03));
#2376 = CARTESIAN_POINT('',(-2.654186038902,-1.388397683696E+03));
#2377 = CARTESIAN_POINT('',(-2.679062329209,-1.388291295236E+03));
#2378 = CARTESIAN_POINT('',(-2.704395190126,-1.388188759295E+03));
#2379 = CARTESIAN_POINT('',(-2.730207051944,-1.388090605459E+03));
#2380 = CARTESIAN_POINT('',(-2.7862599179,-1.387892098957E+03));
#2381 = CARTESIAN_POINT('',(-2.816688281519,-1.387792951572E+03));
#2382 = CARTESIAN_POINT('',(-2.84777059,-1.38770111181E+03));
#2383 = CARTESIAN_POINT('',(-2.879476630781,-1.387617674904E+03));
#2384 = CARTESIAN_POINT('',(-2.91178176388,-1.387543687252E+03));
#2385 = CARTESIAN_POINT('',(-2.944666505694,-1.387480141965E+03));
#2386 = CARTESIAN_POINT('',(-3.022803940144,-1.387358279889E+03));
#2387 = CARTESIAN_POINT('',(-3.068468614743,-1.387308941722E+03));
#2388 = CARTESIAN_POINT('',(-3.114700020203,-1.387282722125E+03));
#2389 = CARTESIAN_POINT('',(-3.161128866941,-1.387281050861E+03));
#2390 = CARTESIAN_POINT('',(-3.207400116045,-1.387303988935E+03));
#2391 = CARTESIAN_POINT('',(-3.253146411204,-1.387350228183E+03));
#2392 = CARTESIAN_POINT('',(-3.332593726996,-1.387468824627E+03));
#2393 = CARTESIAN_POINT('',(-3.366634520744,-1.387532807166E+03));
#2394 = CARTESIAN_POINT('',(-3.400065716025,-1.387608060405E+03));
#2395 = CARTESIAN_POINT('',(-3.432863827075,-1.387693497868E+03));
#2396 = CARTESIAN_POINT('',(-3.464999438145,-1.387787965864E+03));
#2397 = CARTESIAN_POINT('',(-3.496436575361,-1.38789024877E+03));
#2398 = CARTESIAN_POINT('',(-3.554211222388,-1.388095078695E+03));
#2399 = CARTESIAN_POINT('',(-3.580757341335,-1.38819633139E+03));
#2400 = CARTESIAN_POINT('',(-3.606796656013,-1.388302200257E+03));
#2401 = CARTESIAN_POINT('',(-3.632353851358,-1.388412110776E+03));
#2402 = CARTESIAN_POINT('',(-3.657453076329,-1.388525545527E+03));
#2403 = CARTESIAN_POINT('',(-3.682118943611,-1.388642043647E+03));
#2404 = CARTESIAN_POINT('',(-3.773151543538,-1.389089190094E+03));
#2405 = CARTESIAN_POINT('',(-3.837013209081,-1.38943817687E+03));
#2406 = CARTESIAN_POINT('',(-3.89842980661,-1.389799684591E+03));
#2407 = CARTESIAN_POINT('',(-3.957844604222,-1.390167593921E+03));
#2408 = CARTESIAN_POINT('',(-4.015737307539,-1.390537511962E+03));
#2409 = CARTESIAN_POINT('',(-4.072615528789,-1.390906031802E+03));
#2410 = CARTESIAN_POINT('',(-4.179948199978,-1.391596085028E+03));
#2411 = CARTESIAN_POINT('',(-4.230198685592,-1.391916838766E+03));
#2412 = CARTESIAN_POINT('',(-4.280332428612,-1.392228738197E+03));
#2413 = CARTESIAN_POINT('',(-4.33072491189,-1.392527789505E+03));
#2414 = CARTESIAN_POINT('',(-4.381636771178,-1.392807315102E+03));
#2415 = CARTESIAN_POINT('',(-4.433286951495,-1.393057469632E+03));
#2416 = CARTESIAN_POINT('',(-4.497695845867,-1.393312943772E+03));
#2417 = CARTESIAN_POINT('',(-4.509445354208,-1.393357317918E+03));
#2418 = CARTESIAN_POINT('',(-4.521246307927,-1.393399523898E+03));
#2419 = CARTESIAN_POINT('',(-4.533097648725,-1.393439415548E+03));
#2420 = CARTESIAN_POINT('',(-4.544999176558,-1.393476851297E+03));
#2421 = CARTESIAN_POINT('',(-4.556951527071,-1.393511694602E+03));
#2422 = CARTESIAN_POINT('',(-4.589117609094,-1.39359775877E+03));
#2423 = CARTESIAN_POINT('',(-4.609450444015,-1.393644085111E+03));
#2424 = CARTESIAN_POINT('',(-4.629906964471,-1.393681992148E+03));
#2425 = CARTESIAN_POINT('',(-4.650452556561,-1.393710864835E+03));
#2426 = CARTESIAN_POINT('',(-4.671061508364,-1.39373028011E+03));
#2427 = CARTESIAN_POINT('',(-4.69171324617,-1.393740007987E+03));
#2428 = CARTESIAN_POINT('',(-4.733332910951,-1.393740007987E+03));
#2429 = CARTESIAN_POINT('',(-4.754251348172,-1.393730026104E+03));
#2430 = CARTESIAN_POINT('',(-4.775125201156,-1.393710105896E+03));
#2431 = CARTESIAN_POINT('',(-4.79593346976,-1.393680489219E+03));
#2432 = CARTESIAN_POINT('',(-4.816649709123,-1.393641620006E+03));
#2433 = CARTESIAN_POINT('',(-4.837238049492,-1.393594143044E+03));
#2434 = CARTESIAN_POINT('',(-4.869636793253,-1.393506450018E+03));
#2435 = CARTESIAN_POINT('',(-4.88157243996,-1.39347129839E+03));
#2436 = CARTESIAN_POINT('',(-4.893457210626,-1.393433574054E+03));
#2437 = CARTESIAN_POINT('',(-4.905291805244,-1.393393413369E+03));
#2438 = CARTESIAN_POINT('',(-4.917076102747,-1.39335095744E+03));
#2439 = CARTESIAN_POINT('',(-4.928809139101,-1.393306351682E+03));
#2440 = CARTESIAN_POINT('',(-4.993222552827,-1.39304932393E+03));
#2441 = CARTESIAN_POINT('',(-5.044900241283,-1.392798017987E+03));
#2442 = CARTESIAN_POINT('',(-5.095844797254,-1.392517526154E+03));
#2443 = CARTESIAN_POINT('',(-5.14627556084,-1.392217669151E+03));
#2444 = CARTESIAN_POINT('',(-5.196454800815,-1.391905087975E+03));
#2445 = CARTESIAN_POINT('',(-5.246760539559,-1.39158374547E+03));
#2446 = CARTESIAN_POINT('',(-5.354529693366,-1.39089072718E+03));
#2447 = CARTESIAN_POINT('',(-5.411788718351,-1.390519843183E+03));
#2448 = CARTESIAN_POINT('',(-5.470089040403,-1.39014768243E+03));
#2449 = CARTESIAN_POINT('',(-5.529949694868,-1.389777693782E+03));
#2450 = CARTESIAN_POINT('',(-5.591860661229,-1.389414377694E+03));
#2451 = CARTESIAN_POINT('',(-5.656273955998,-1.389064037307E+03));
#2452 = CARTESIAN_POINT('',(-5.747307686313,-1.388620152519E+03));
#2453 = CARTESIAN_POINT('',(-5.771337032385,-1.388507445709E+03));
#2454 = CARTESIAN_POINT('',(-5.795778692492,-1.388397683696E+03));
#2455 = CARTESIAN_POINT('',(-5.820654982799,-1.388291295236E+03));
#2456 = CARTESIAN_POINT('',(-5.845987843715,-1.388188759295E+03));
#2457 = CARTESIAN_POINT('',(-5.871799705534,-1.388090605459E+03));
#2458 = CARTESIAN_POINT('',(-5.947946048155,-1.387820939603E+03));
#2459 = CARTESIAN_POINT('',(-6.000194870382,-1.387660086858E+03));
#2460 = CARTESIAN_POINT('',(-6.05435786503,-1.387522232163E+03));
#2461 = CARTESIAN_POINT('',(-6.11004464452,-1.387413435398E+03));
#2462 = CARTESIAN_POINT('',(-6.166932159246,-1.38733832259E+03));
#2463 = CARTESIAN_POINT('',(-6.224734153452,-1.3873E+03));
#2464 = CARTESIAN_POINT('',(-6.28318530718,-1.3873E+03));
#2465 = ( GEOMETRIC_REPRESENTATION_CONTEXT(2) 
PARAMETRIC_REPRESENTATION_CONTEXT() REPRESENTATION_CONTEXT('2D SPACE',''
  ) );
#2466 = PCURVE('',#2467,#2472);
#2467 = CYLINDRICAL_SURFACE('',#2468,12.7);
#2468 = AXIS2_PLACEMENT_3D('',#2469,#2470,#2471);
#2469 = CARTESIAN_POINT('',(1.4E+03,0.,-200.));
#2470 = DIRECTION('',(-0.,-0.,-1.));
#2471 = DIRECTION('',(1.,0.,-0.));
#2472 = DEFINITIONAL_REPRESENTATION('',(#2473),#2626);
#2473 = B_SPLINE_CURVE_WITH_KNOTS('',7,(#2474,#2475,#2476,#2477,#2478,
    #2479,#2480,#2481,#2482,#2483,#2484,#2485,#2486,#2487,#2488,#2489,
    #2490,#2491,#2492,#2493,#2494,#2495,#2496,#2497,#2498,#2499,#2500,
    #2501,#2502,#2503,#2504,#2505,#2506,#2507,#2508,#2509,#2510,#2511,
    #2512,#2513,#2514,#2515,#2516,#2517,#2518,#2519,#2520,#2521,#2522,
    #2523,#2524,#2525,#2526,#2527,#2528,#2529,#2530,#2531,#2532,#2533,
    #2534,#2535,#2536,#2537,#2538,#2539,#2540,#2541,#2542,#2543,#2544,
    #2545,#2546,#2547,#2548,#2549,#2550,#2551,#2552,#2553,#2554,#2555,
    #2556,#2557,#2558,#2559,#2560,#2561,#2562,#2563,#2564,#2565,#2566,
    #2567,#2568,#2569,#2570,#2571,#2572,#2573,#2574,#2575,#2576,#2577,
    #2578,#2579,#2580,#2581,#2582,#2583,#2584,#2585,#2586,#2587,#2588,
    #2589,#2590,#2591,#2592,#2593,#2594,#2595,#2596,#2597,#2598,#2599,
    #2600,#2601,#2602,#2603,#2604,#2605,#2606,#2607,#2608,#2609,#2610,
    #2611,#2612,#2613,#2614,#2615,#2616,#2617,#2618,#2619,#2620,#2621,
    #2622,#2623,#2624,#2625),.UNSPECIFIED.,.T.,.F.,(8,6,6,6,6,6,6,6,6,6,
    6,6,6,6,6,6,6,6,6,6,6,6,6,6,6,8),(0.,2.919945341681E-02,
    7.446101162843E-02,0.146464561361,0.211378528685,0.225781903699,
    0.249972009074,0.274475897678,0.28886799785,0.353846493945,
    0.426297387995,0.451712168117,0.480433443089,0.518804338553,
    0.548456590179,0.574615392036,0.646619928056,0.711534784556,
    0.725938356865,0.750128793559,0.774633017749,0.789025315024,
    0.854004701012,0.926456587291,0.951871715473,1.),.UNSPECIFIED.);
#2474 = CARTESIAN_POINT('',(-3.14159265359,-211.05));
#2475 = CARTESIAN_POINT('',(-3.172249100421,-211.05));
#2476 = CARTESIAN_POINT('',(-3.202841743944,-211.0339956622));
#2477 = CARTESIAN_POINT('',(-3.233251035567,-211.0021073217));
#2478 = CARTESIAN_POINT('',(-3.263357582814,-210.9548293801));
#2479 = CARTESIAN_POINT('',(-3.293038435651,-210.893029038));
#2480 = CARTESIAN_POINT('',(-3.322163841403,-210.8179496782));
#2481 = CARTESIAN_POINT('',(-3.394664281937,-210.596779057));
#2482 = CARTESIAN_POINT('',(-3.437071561871,-210.4343230615));
#2483 = CARTESIAN_POINT('',(-3.477875680777,-210.2481258855));
#2484 = CARTESIAN_POINT('',(-3.517126991795,-210.0419352416));
#2485 = CARTESIAN_POINT('',(-3.554871530256,-209.8190231526));
#2486 = CARTESIAN_POINT('',(-3.591153192363,-209.5822265021));
#2487 = CARTESIAN_POINT('',(-3.681470121123,-208.9390525492));
#2488 = CARTESIAN_POINT('',(-3.733658885733,-208.512799541));
#2489 = CARTESIAN_POINT('',(-3.78287122759,-208.0629476739));
#2490 = CARTESIAN_POINT('',(-3.829359401943,-207.5942626955));
#2491 = CARTESIAN_POINT('',(-3.87335154355,-207.108919323));
#2492 = CARTESIAN_POINT('',(-3.915019390173,-206.6069711384));
#2493 = CARTESIAN_POINT('',(-3.989840512125,-205.617073446));
#2494 = CARTESIAN_POINT('',(-4.023229402938,-205.1352400054));
#2495 = CARTESIAN_POINT('',(-4.054635165832,-204.6389103598));
#2496 = CARTESIAN_POINT('',(-4.083908443056,-204.1261803454));
#2497 = CARTESIAN_POINT('',(-4.110637912294,-203.5960308533));
#2498 = CARTESIAN_POINT('',(-4.134144152627,-203.0479004752));
#2499 = CARTESIAN_POINT('',(-4.157869375732,-202.3543429554));
#2500 = CARTESIAN_POINT('',(-4.161976746311,-202.2274279216));
#2501 = CARTESIAN_POINT('',(-4.165871628843,-202.0995847399));
#2502 = CARTESIAN_POINT('',(-4.169542856575,-201.970848026));
#2503 = CARTESIAN_POINT('',(-4.17297963608,-201.8412444616));
#2504 = CARTESIAN_POINT('',(-4.176171533487,-201.7107928062));
#2505 = CARTESIAN_POINT('',(-4.184040955997,-201.3590075158));
#2506 = CARTESIAN_POINT('',(-4.188260126425,-201.1358877931));
#2507 = CARTESIAN_POINT('',(-4.191701629327,-200.9107899443));
#2508 = CARTESIAN_POINT('',(-4.19431730542,-200.6842378756));
#2509 = CARTESIAN_POINT('',(-4.196074345923,-200.4566685995));
#2510 = CARTESIAN_POINT('',(-4.196954696236,-200.2284668627));
#2511 = CARTESIAN_POINT('',(-4.196954696236,-199.7685695672));
#2512 = CARTESIAN_POINT('',(-4.196051359036,-199.5374207994));
#2513 = CARTESIAN_POINT('',(-4.194248623005,-199.3069306641));
#2514 = CARTESIAN_POINT('',(-4.191565471451,-199.0774947209));
#2515 = CARTESIAN_POINT('',(-4.188036314925,-198.8495639484));
#2516 = CARTESIAN_POINT('',(-4.183711627924,-198.6236813214));
#2517 = CARTESIAN_POINT('',(-4.175691138394,-198.2694456035));
#2518 = CARTESIAN_POINT('',(-4.172470063961,-198.1392139056));
#2519 = CARTESIAN_POINT('',(-4.169005707067,-198.0098331594));
#2520 = CARTESIAN_POINT('',(-4.16530848121,-197.8813212405));
#2521 = CARTESIAN_POINT('',(-4.161389136486,-197.7537037989));
#2522 = CARTESIAN_POINT('',(-4.157258773044,-197.6270142719));
#2523 = CARTESIAN_POINT('',(-4.133379824928,-196.9336824338));
#2524 = CARTESIAN_POINT('',(-4.109753273372,-196.3855420204));
#2525 = CARTESIAN_POINT('',(-4.082914116071,-195.8553907975));
#2526 = CARTESIAN_POINT('',(-4.053539049647,-195.3426682773));
#2527 = CARTESIAN_POINT('',(-4.022035508173,-194.8463458765));
#2528 = CARTESIAN_POINT('',(-3.988548617248,-194.3645111267));
#2529 = CARTESIAN_POINT('',(-3.913306637878,-193.3719004147));
#2530 = CARTESIAN_POINT('',(-3.871296591149,-192.867503823));
#2531 = CARTESIAN_POINT('',(-3.826932446032,-192.3799166525));
#2532 = CARTESIAN_POINT('',(-3.7800338242,-191.9092181242));
#2533 = CARTESIAN_POINT('',(-3.730364661275,-191.4576840998));
#2534 = CARTESIAN_POINT('',(-3.677665533799,-191.0302714487));
#2535 = CARTESIAN_POINT('',(-3.601983094445,-190.496349862));
#2536 = CARTESIAN_POINT('',(-3.581901049436,-190.3615213542));
#2537 = CARTESIAN_POINT('',(-3.561375204501,-190.2308696237));
#2538 = CARTESIAN_POINT('',(-3.540390540945,-190.1048063911));
#2539 = CARTESIAN_POINT('',(-3.518932226606,-189.9838039257));
#2540 = CARTESIAN_POINT('',(-3.49698506008,-189.8683948249));
#2541 = CARTESIAN_POINT('',(-3.449159717498,-189.6357387115));
#2542 = CARTESIAN_POINT('',(-3.423100599883,-189.5200069858));
#2543 = CARTESIAN_POINT('',(-3.396391966191,-189.4131883791));
#2544 = CARTESIAN_POINT('',(-3.369066822219,-189.3164366017));
#2545 = CARTESIAN_POINT('',(-3.34115494564,-189.2308509403));
#2546 = CARTESIAN_POINT('',(-3.312683056182,-189.1574798863));
#2547 = CARTESIAN_POINT('',(-3.244920938943,-189.0169590424));
#2548 = CARTESIAN_POINT('',(-3.205237094717,-188.960237886));
#2549 = CARTESIAN_POINT('',(-3.165006030773,-188.9301608677));
#2550 = CARTESIAN_POINT('',(-3.124582883001,-188.9282439063));
#2551 = CARTESIAN_POINT('',(-3.084313147509,-188.9545515619));
#2552 = CARTESIAN_POINT('',(-3.044550566962,-189.0076981906));
#2553 = CARTESIAN_POINT('',(-2.975632928046,-189.1444145571));
#2554 = CARTESIAN_POINT('',(-2.946151178802,-189.2182668468));
#2555 = CARTESIAN_POINT('',(-2.917257990949,-189.3052880149));
#2556 = CARTESIAN_POINT('',(-2.888984724933,-189.4043308156));
#2557 = CARTESIAN_POINT('',(-2.86136626357,-189.5141831572));
#2558 = CARTESIAN_POINT('',(-2.834441311339,-189.6335636883));
#2559 = CARTESIAN_POINT('',(-2.785149461296,-189.8736434709));
#2560 = CARTESIAN_POINT('',(-2.762581589158,-189.9927135288));
#2561 = CARTESIAN_POINT('',(-2.74053124419,-190.1176824494));
#2562 = CARTESIAN_POINT('',(-2.718981646066,-190.2479729263));
#2563 = CARTESIAN_POINT('',(-2.69791642891,-190.38307573));
#2564 = CARTESIAN_POINT('',(-2.67731900299,-190.5225499823));
#2565 = CARTESIAN_POINT('',(-2.601715186057,-191.0609474507));
#2566 = CARTESIAN_POINT('',(-2.549526421447,-191.4872004589));
#2567 = CARTESIAN_POINT('',(-2.500314079589,-191.937052326));
#2568 = CARTESIAN_POINT('',(-2.453825905236,-192.4057373045));
#2569 = CARTESIAN_POINT('',(-2.409833763629,-192.8910806769));
#2570 = CARTESIAN_POINT('',(-2.368165917007,-193.3930288615));
#2571 = CARTESIAN_POINT('',(-2.293344795055,-194.3829265539));
#2572 = CARTESIAN_POINT('',(-2.259955904242,-194.8647599945));
#2573 = CARTESIAN_POINT('',(-2.228550141348,-195.3610896401));
#2574 = CARTESIAN_POINT('',(-2.199276864123,-195.8738196545));
#2575 = CARTESIAN_POINT('',(-2.172547394886,-196.4039691466));
#2576 = CARTESIAN_POINT('',(-2.149041154552,-196.9520995247));
#2577 = CARTESIAN_POINT('',(-2.125315931447,-197.6456570445));
#2578 = CARTESIAN_POINT('',(-2.121208560868,-197.7725720783));
#2579 = CARTESIAN_POINT('',(-2.117313678337,-197.90041526));
#2580 = CARTESIAN_POINT('',(-2.113642450605,-198.0291519739));
#2581 = CARTESIAN_POINT('',(-2.1102056711,-198.1587555383));
#2582 = CARTESIAN_POINT('',(-2.107013773693,-198.2892071937));
#2583 = CARTESIAN_POINT('',(-2.099144351189,-198.6409924838));
#2584 = CARTESIAN_POINT('',(-2.094925180753,-198.8641122068));
#2585 = CARTESIAN_POINT('',(-2.091483677849,-199.0892100559));
#2586 = CARTESIAN_POINT('',(-2.088868001758,-199.3157621245));
#2587 = CARTESIAN_POINT('',(-2.087110961259,-199.5433314004));
#2588 = CARTESIAN_POINT('',(-2.086230610943,-199.7715331369));
#2589 = CARTESIAN_POINT('',(-2.086230610943,-200.2314304327));
#2590 = CARTESIAN_POINT('',(-2.087133948143,-200.4625792005));
#2591 = CARTESIAN_POINT('',(-2.088936684175,-200.6930693358));
#2592 = CARTESIAN_POINT('',(-2.091619835729,-200.922505279));
#2593 = CARTESIAN_POINT('',(-2.095148992254,-201.1504360515));
#2594 = CARTESIAN_POINT('',(-2.099473679256,-201.3763186784));
#2595 = CARTESIAN_POINT('',(-2.107494168786,-201.7305543964));
#2596 = CARTESIAN_POINT('',(-2.110715243218,-201.8607860943));
#2597 = CARTESIAN_POINT('',(-2.114179600112,-201.9901668405));
#2598 = CARTESIAN_POINT('',(-2.117876825969,-202.1186787594));
#2599 = CARTESIAN_POINT('',(-2.121796170693,-202.246296201));
#2600 = CARTESIAN_POINT('',(-2.125926534135,-202.372985728));
#2601 = CARTESIAN_POINT('',(-2.149805482252,-203.0663175661));
#2602 = CARTESIAN_POINT('',(-2.173432033807,-203.6144579795));
#2603 = CARTESIAN_POINT('',(-2.200271191109,-204.1446092024));
#2604 = CARTESIAN_POINT('',(-2.229646257533,-204.6573317226));
#2605 = CARTESIAN_POINT('',(-2.261149799006,-205.1536541234));
#2606 = CARTESIAN_POINT('',(-2.294636689932,-205.6354888732));
#2607 = CARTESIAN_POINT('',(-2.369878669302,-206.6280995852));
#2608 = CARTESIAN_POINT('',(-2.411888716031,-207.1324961769));
#2609 = CARTESIAN_POINT('',(-2.456252861148,-207.6200833474));
#2610 = CARTESIAN_POINT('',(-2.50315148298,-208.0907818758));
#2611 = CARTESIAN_POINT('',(-2.552820645904,-208.5423159001));
#2612 = CARTESIAN_POINT('',(-2.60551977338,-208.9697285512));
#2613 = CARTESIAN_POINT('',(-2.681202212735,-209.5036501379));
#2614 = CARTESIAN_POINT('',(-2.701284257743,-209.6384786457));
#2615 = CARTESIAN_POINT('',(-2.721810102679,-209.7691303762));
#2616 = CARTESIAN_POINT('',(-2.742794766235,-209.8951936088));
#2617 = CARTESIAN_POINT('',(-2.764253080573,-210.0161960742));
#2618 = CARTESIAN_POINT('',(-2.7862002471,-210.131605175));
#2619 = CARTESIAN_POINT('',(-2.851169715834,-210.4476623796));
#2620 = CARTESIAN_POINT('',(-2.896021941906,-210.6348607947));
#2621 = CARTESIAN_POINT('',(-2.942763552075,-210.7943163473));
#2622 = CARTESIAN_POINT('',(-2.991015725916,-210.9196248958));
#2623 = CARTESIAN_POINT('',(-3.040443210668,-211.0059555922));
#2624 = CARTESIAN_POINT('',(-3.090735547394,-211.05));
#2625 = CARTESIAN_POINT('',(-3.14159265359,-211.05));
#2626 = ( GEOMETRIC_REPRESENTATION_CONTEXT(2) 
PARAMETRIC_REPRESENTATION_CONTEXT() REPRESENTATION_CONTEXT('2D SPACE',''
  ) );
#2627 = ORIENTED_EDGE('',*,*,#2132,.F.);
#2628 = ORIENTED_EDGE('',*,*,#1815,.F.);
#2629 = ORIENTED_EDGE('',*,*,#1470,.F.);
#2630 = ORIENTED_EDGE('',*,*,#2631,.F.);
#2631 = EDGE_CURVE('',#2632,#1471,#2634,.T.);
#2632 = VERTEX_POINT('',#2633);
#2633 = CARTESIAN_POINT('',(0.,-4.701329599166,-10.));
#2634 = SURFACE_CURVE('',#2635,(#2640,#2647),.PCURVE_S1.);
#2635 = CIRCLE('',#2636,11.05);
#2636 = AXIS2_PLACEMENT_3D('',#2637,#2638,#2639);
#2637 = CARTESIAN_POINT('',(0.,0.,0.));
#2638 = DIRECTION('',(1.,0.,0.));
#2639 = DIRECTION('',(-0.,0.,1.));
#2640 = PCURVE('',#1487,#2641);
#2641 = DEFINITIONAL_REPRESENTATION('',(#2642),#2646);
#2642 = LINE('',#2643,#2644);
#2643 = CARTESIAN_POINT('',(-0.,0.));
#2644 = VECTOR('',#2645,1.);
#2645 = DIRECTION('',(-1.,0.));
#2646 = ( GEOMETRIC_REPRESENTATION_CONTEXT(2) 
PARAMETRIC_REPRESENTATION_CONTEXT() REPRESENTATION_CONTEXT('2D SPACE',''
  ) );
#2647 = PCURVE('',#2648,#2653);
#2648 = PLANE('',#2649);
#2649 = AXIS2_PLACEMENT_3D('',#2650,#2651,#2652);
#2650 = CARTESIAN_POINT('',(0.,-15.,-18.));
#2651 = DIRECTION('',(1.,0.,-0.));
#2652 = DIRECTION('',(0.,0.,1.));
#2653 = DEFINITIONAL_REPRESENTATION('',(#2654),#2658);
#2654 = CIRCLE('',#2655,11.05);
#2655 = AXIS2_PLACEMENT_2D('',#2656,#2657);
#2656 = CARTESIAN_POINT('',(18.,-15.));
#2657 = DIRECTION('',(1.,0.));
#2658 = ( GEOMETRIC_REPRESENTATION_CONTEXT(2) 
PARAMETRIC_REPRESENTATION_CONTEXT() REPRESENTATION_CONTEXT('2D SPACE',''
  ) );
#2659 = ORIENTED_EDGE('',*,*,#2660,.F.);
#2660 = EDGE_CURVE('',#1608,#2632,#2661,.T.);
#2661 = SURFACE_CURVE('',#2662,(#2667,#2674),.PCURVE_S1.);
#2662 = CIRCLE('',#2663,11.05);
#2663 = AXIS2_PLACEMENT_3D('',#2664,#2665,#2666);
#2664 = CARTESIAN_POINT('',(0.,0.,0.));
#2665 = DIRECTION('',(1.,0.,0.));
#2666 = DIRECTION('',(-0.,0.,1.));
#2667 = PCURVE('',#1487,#2668);
#2668 = DEFINITIONAL_REPRESENTATION('',(#2669),#2673);
#2669 = LINE('',#2670,#2671);
#2670 = CARTESIAN_POINT('',(-0.,0.));
#2671 = VECTOR('',#2672,1.);
#2672 = DIRECTION('',(-1.,0.));
#2673 = ( GEOMETRIC_REPRESENTATION_CONTEXT(2) 
PARAMETRIC_REPRESENTATION_CONTEXT() REPRESENTATION_CONTEXT('2D SPACE',''
  ) );
#2674 = PCURVE('',#325,#2675);
#2675 = DEFINITIONAL_REPRESENTATION('',(#2676),#2680);
#2676 = CIRCLE('',#2677,11.05);
#2677 = AXIS2_PLACEMENT_2D('',#2678,#2679);
#2678 = CARTESIAN_POINT('',(0.,-1.204325410458E-15));
#2679 = DIRECTION('',(1.,0.));
#2680 = ( GEOMETRIC_REPRESENTATION_CONTEXT(2) 
PARAMETRIC_REPRESENTATION_CONTEXT() REPRESENTATION_CONTEXT('2D SPACE',''
  ) );
#2681 = ADVANCED_FACE('',(#2682),#2467,.T.);
#2682 = FACE_BOUND('',#2683,.F.);
#2683 = EDGE_LOOP('',(#2684));
#2684 = ORIENTED_EDGE('',*,*,#2155,.T.);
#2685 = ADVANCED_FACE('',(#2686),#2648,.T.);
#2686 = FACE_BOUND('',#2687,.T.);
#2687 = EDGE_LOOP('',(#2688,#2709));
#2688 = ORIENTED_EDGE('',*,*,#2689,.F.);
#2689 = EDGE_CURVE('',#2632,#1471,#2690,.T.);
#2690 = SURFACE_CURVE('',#2691,(#2695,#2702),.PCURVE_S1.);
#2691 = LINE('',#2692,#2693);
#2692 = CARTESIAN_POINT('',(0.,-15.,-10.));
#2693 = VECTOR('',#2694,1.);
#2694 = DIRECTION('',(-0.,1.,0.));
#2695 = PCURVE('',#2648,#2696);
#2696 = DEFINITIONAL_REPRESENTATION('',(#2697),#2701);
#2697 = LINE('',#2698,#2699);
#2698 = CARTESIAN_POINT('',(8.,0.));
#2699 = VECTOR('',#2700,1.);
#2700 = DIRECTION('',(0.,-1.));
#2701 = ( GEOMETRIC_REPRESENTATION_CONTEXT(2) 
PARAMETRIC_REPRESENTATION_CONTEXT() REPRESENTATION_CONTEXT('2D SPACE',''
  ) );
#2702 = PCURVE('',#1513,#2703);
#2703 = DEFINITIONAL_REPRESENTATION('',(#2704),#2708);
#2704 = LINE('',#2705,#2706);
#2705 = CARTESIAN_POINT('',(60.,0.));
#2706 = VECTOR('',#2707,1.);
#2707 = DIRECTION('',(0.,1.));
#2708 = ( GEOMETRIC_REPRESENTATION_CONTEXT(2) 
PARAMETRIC_REPRESENTATION_CONTEXT() REPRESENTATION_CONTEXT('2D SPACE',''
  ) );
#2709 = ORIENTED_EDGE('',*,*,#2631,.T.);
#2710 = ADVANCED_FACE('',(#2711,#2864),#1513,.T.);
#2711 = FACE_BOUND('',#2712,.T.);
#2712 = EDGE_LOOP('',(#2713,#2743,#2771,#2792,#2813,#2814,#2815,#2838));
#2713 = ORIENTED_EDGE('',*,*,#2714,.F.);
#2714 = EDGE_CURVE('',#2715,#2717,#2719,.T.);
#2715 = VERTEX_POINT('',#2716);
#2716 = CARTESIAN_POINT('',(-60.,-15.,-10.));
#2717 = VERTEX_POINT('',#2718);
#2718 = CARTESIAN_POINT('',(-60.,15.,-10.));
#2719 = SURFACE_CURVE('',#2720,(#2724,#2731),.PCURVE_S1.);
#2720 = LINE('',#2721,#2722);
#2721 = CARTESIAN_POINT('',(-60.,-15.,-10.));
#2722 = VECTOR('',#2723,1.);
#2723 = DIRECTION('',(-0.,1.,0.));
#2724 = PCURVE('',#1513,#2725);
#2725 = DEFINITIONAL_REPRESENTATION('',(#2726),#2730);
#2726 = LINE('',#2727,#2728);
#2727 = CARTESIAN_POINT('',(0.,0.));
#2728 = VECTOR('',#2729,1.);
#2729 = DIRECTION('',(0.,1.));
#2730 = ( GEOMETRIC_REPRESENTATION_CONTEXT(2) 
PARAMETRIC_REPRESENTATION_CONTEXT() REPRESENTATION_CONTEXT('2D SPACE',''
  ) );
#2731 = PCURVE('',#2732,#2737);
#2732 = PLANE('',#2733);
#2733 = AXIS2_PLACEMENT_3D('',#2734,#2735,#2736);
#2734 = CARTESIAN_POINT('',(-60.,-15.,-18.));
#2735 = DIRECTION('',(1.,0.,-0.));
#2736 = DIRECTION('',(0.,0.,1.));
#2737 = DEFINITIONAL_REPRESENTATION('',(#2738),#2742);
#2738 = LINE('',#2739,#2740);
#2739 = CARTESIAN_POINT('',(8.,0.));
#2740 = VECTOR('',#2741,1.);
#2741 = DIRECTION('',(0.,-1.));
#2742 = ( GEOMETRIC_REPRESENTATION_CONTEXT(2) 
PARAMETRIC_REPRESENTATION_CONTEXT() REPRESENTATION_CONTEXT('2D SPACE',''
  ) );
#2743 = ORIENTED_EDGE('',*,*,#2744,.T.);
#2744 = EDGE_CURVE('',#2715,#2745,#2747,.T.);
#2745 = VERTEX_POINT('',#2746);
#2746 = CARTESIAN_POINT('',(0.,-15.,-10.));
#2747 = SURFACE_CURVE('',#2748,(#2752,#2759),.PCURVE_S1.);
#2748 = LINE('',#2749,#2750);
#2749 = CARTESIAN_POINT('',(-60.,-15.,-10.));
#2750 = VECTOR('',#2751,1.);
#2751 = DIRECTION('',(1.,0.,-0.));
#2752 = PCURVE('',#1513,#2753);
#2753 = DEFINITIONAL_REPRESENTATION('',(#2754),#2758);
#2754 = LINE('',#2755,#2756);
#2755 = CARTESIAN_POINT('',(0.,0.));
#2756 = VECTOR('',#2757,1.);
#2757 = DIRECTION('',(1.,0.));
#2758 = ( GEOMETRIC_REPRESENTATION_CONTEXT(2) 
PARAMETRIC_REPRESENTATION_CONTEXT() REPRESENTATION_CONTEXT('2D SPACE',''
  ) );
#2759 = PCURVE('',#2760,#2765);
#2760 = PLANE('',#2761);
#2761 = AXIS2_PLACEMENT_3D('',#2762,#2763,#2764);
#2762 = CARTESIAN_POINT('',(-60.,-15.,-18.));
#2763 = DIRECTION('',(-0.,1.,0.));
#2764 = DIRECTION('',(0.,0.,1.));
#2765 = DEFINITIONAL_REPRESENTATION('',(#2766),#2770);
#2766 = LINE('',#2767,#2768);
#2767 = CARTESIAN_POINT('',(8.,0.));
#2768 = VECTOR('',#2769,1.);
#2769 = DIRECTION('',(0.,1.));
#2770 = ( GEOMETRIC_REPRESENTATION_CONTEXT(2) 
PARAMETRIC_REPRESENTATION_CONTEXT() REPRESENTATION_CONTEXT('2D SPACE',''
  ) );
#2771 = ORIENTED_EDGE('',*,*,#2772,.T.);
#2772 = EDGE_CURVE('',#2745,#282,#2773,.T.);
#2773 = SURFACE_CURVE('',#2774,(#2778,#2785),.PCURVE_S1.);
#2774 = LINE('',#2775,#2776);
#2775 = CARTESIAN_POINT('',(0.,-15.,-10.));
#2776 = VECTOR('',#2777,1.);
#2777 = DIRECTION('',(-0.,1.,0.));
#2778 = PCURVE('',#1513,#2779);
#2779 = DEFINITIONAL_REPRESENTATION('',(#2780),#2784);
#2780 = LINE('',#2781,#2782);
#2781 = CARTESIAN_POINT('',(60.,0.));
#2782 = VECTOR('',#2783,1.);
#2783 = DIRECTION('',(0.,1.));
#2784 = ( GEOMETRIC_REPRESENTATION_CONTEXT(2) 
PARAMETRIC_REPRESENTATION_CONTEXT() REPRESENTATION_CONTEXT('2D SPACE',''
  ) );
#2785 = PCURVE('',#298,#2786);
#2786 = DEFINITIONAL_REPRESENTATION('',(#2787),#2791);
#2787 = LINE('',#2788,#2789);
#2788 = CARTESIAN_POINT('',(8.,0.));
#2789 = VECTOR('',#2790,1.);
#2790 = DIRECTION('',(0.,-1.));
#2791 = ( GEOMETRIC_REPRESENTATION_CONTEXT(2) 
PARAMETRIC_REPRESENTATION_CONTEXT() REPRESENTATION_CONTEXT('2D SPACE',''
  ) );
#2792 = ORIENTED_EDGE('',*,*,#2793,.T.);
#2793 = EDGE_CURVE('',#282,#2632,#2794,.T.);
#2794 = SURFACE_CURVE('',#2795,(#2799,#2806),.PCURVE_S1.);
#2795 = LINE('',#2796,#2797);
#2796 = CARTESIAN_POINT('',(0.,-15.,-10.));
#2797 = VECTOR('',#2798,1.);
#2798 = DIRECTION('',(-0.,1.,0.));
#2799 = PCURVE('',#1513,#2800);
#2800 = DEFINITIONAL_REPRESENTATION('',(#2801),#2805);
#2801 = LINE('',#2802,#2803);
#2802 = CARTESIAN_POINT('',(60.,0.));
#2803 = VECTOR('',#2804,1.);
#2804 = DIRECTION('',(0.,1.));
#2805 = ( GEOMETRIC_REPRESENTATION_CONTEXT(2) 
PARAMETRIC_REPRESENTATION_CONTEXT() REPRESENTATION_CONTEXT('2D SPACE',''
  ) );
#2806 = PCURVE('',#325,#2807);
#2807 = DEFINITIONAL_REPRESENTATION('',(#2808),#2812);
#2808 = LINE('',#2809,#2810);
#2809 = CARTESIAN_POINT('',(-10.,15.));
#2810 = VECTOR('',#2811,1.);
#2811 = DIRECTION('',(0.,-1.));
#2812 = ( GEOMETRIC_REPRESENTATION_CONTEXT(2) 
PARAMETRIC_REPRESENTATION_CONTEXT() REPRESENTATION_CONTEXT('2D SPACE',''
  ) );
#2813 = ORIENTED_EDGE('',*,*,#2689,.T.);
#2814 = ORIENTED_EDGE('',*,*,#1499,.T.);
#2815 = ORIENTED_EDGE('',*,*,#2816,.T.);
#2816 = EDGE_CURVE('',#253,#2817,#2819,.T.);
#2817 = VERTEX_POINT('',#2818);
#2818 = CARTESIAN_POINT('',(0.,15.,-10.));
#2819 = SURFACE_CURVE('',#2820,(#2824,#2831),.PCURVE_S1.);
#2820 = LINE('',#2821,#2822);
#2821 = CARTESIAN_POINT('',(0.,-15.,-10.));
#2822 = VECTOR('',#2823,1.);
#2823 = DIRECTION('',(-0.,1.,0.));
#2824 = PCURVE('',#1513,#2825);
#2825 = DEFINITIONAL_REPRESENTATION('',(#2826),#2830);
#2826 = LINE('',#2827,#2828);
#2827 = CARTESIAN_POINT('',(60.,0.));
#2828 = VECTOR('',#2829,1.);
#2829 = DIRECTION('',(0.,1.));
#2830 = ( GEOMETRIC_REPRESENTATION_CONTEXT(2) 
PARAMETRIC_REPRESENTATION_CONTEXT() REPRESENTATION_CONTEXT('2D SPACE',''
  ) );
#2831 = PCURVE('',#298,#2832);
#2832 = DEFINITIONAL_REPRESENTATION('',(#2833),#2837);
#2833 = LINE('',#2834,#2835);
#2834 = CARTESIAN_POINT('',(8.,0.));
#2835 = VECTOR('',#2836,1.);
#2836 = DIRECTION('',(0.,-1.));
#2837 = ( GEOMETRIC_REPRESENTATION_CONTEXT(2) 
PARAMETRIC_REPRESENTATION_CONTEXT() REPRESENTATION_CONTEXT('2D SPACE',''
  ) );
#2838 = ORIENTED_EDGE('',*,*,#2839,.F.);
#2839 = EDGE_CURVE('',#2717,#2817,#2840,.T.);
#2840 = SURFACE_CURVE('',#2841,(#2845,#2852),.PCURVE_S1.);
#2841 = LINE('',#2842,#2843);
#2842 = CARTESIAN_POINT('',(-60.,15.,-10.));
#2843 = VECTOR('',#2844,1.);
#2844 = DIRECTION('',(1.,0.,-0.));
#2845 = PCURVE('',#1513,#2846);
#2846 = DEFINITIONAL_REPRESENTATION('',(#2847),#2851);
#2847 = LINE('',#2848,#2849);
#2848 = CARTESIAN_POINT('',(0.,30.));
#2849 = VECTOR('',#2850,1.);
#2850 = DIRECTION('',(1.,0.));
#2851 = ( GEOMETRIC_REPRESENTATION_CONTEXT(2) 
PARAMETRIC_REPRESENTATION_CONTEXT() REPRESENTATION_CONTEXT('2D SPACE',''
  ) );
#2852 = PCURVE('',#2853,#2858);
#2853 = PLANE('',#2854);
#2854 = AXIS2_PLACEMENT_3D('',#2855,#2856,#2857);
#2855 = CARTESIAN_POINT('',(-60.,15.,-18.));
#2856 = DIRECTION('',(-0.,1.,0.));
#2857 = DIRECTION('',(0.,0.,1.));
#2858 = DEFINITIONAL_REPRESENTATION('',(#2859),#2863);
#2859 = LINE('',#2860,#2861);
#2860 = CARTESIAN_POINT('',(8.,0.));
#2861 = VECTOR('',#2862,1.);
#2862 = DIRECTION('',(0.,1.));
#2863 = ( GEOMETRIC_REPRESENTATION_CONTEXT(2) 
PARAMETRIC_REPRESENTATION_CONTEXT() REPRESENTATION_CONTEXT('2D SPACE',''
  ) );
#2864 = FACE_BOUND('',#2865,.T.);
#2865 = EDGE_LOOP('',(#2866));
#2866 = ORIENTED_EDGE('',*,*,#1764,.F.);
#2867 = ADVANCED_FACE('',(#2868),#2760,.F.);
#2868 = FACE_BOUND('',#2869,.F.);
#2869 = EDGE_LOOP('',(#2870,#2900,#2921,#2922));
#2870 = ORIENTED_EDGE('',*,*,#2871,.F.);
#2871 = EDGE_CURVE('',#2872,#2874,#2876,.T.);
#2872 = VERTEX_POINT('',#2873);
#2873 = CARTESIAN_POINT('',(-60.,-15.,-18.));
#2874 = VERTEX_POINT('',#2875);
#2875 = CARTESIAN_POINT('',(0.,-15.,-18.));
#2876 = SURFACE_CURVE('',#2877,(#2881,#2888),.PCURVE_S1.);
#2877 = LINE('',#2878,#2879);
#2878 = CARTESIAN_POINT('',(-60.,-15.,-18.));
#2879 = VECTOR('',#2880,1.);
#2880 = DIRECTION('',(1.,0.,-0.));
#2881 = PCURVE('',#2760,#2882);
#2882 = DEFINITIONAL_REPRESENTATION('',(#2883),#2887);
#2883 = LINE('',#2884,#2885);
#2884 = CARTESIAN_POINT('',(0.,0.));
#2885 = VECTOR('',#2886,1.);
#2886 = DIRECTION('',(0.,1.));
#2887 = ( GEOMETRIC_REPRESENTATION_CONTEXT(2) 
PARAMETRIC_REPRESENTATION_CONTEXT() REPRESENTATION_CONTEXT('2D SPACE',''
  ) );
#2888 = PCURVE('',#2889,#2894);
#2889 = PLANE('',#2890);
#2890 = AXIS2_PLACEMENT_3D('',#2891,#2892,#2893);
#2891 = CARTESIAN_POINT('',(-60.,-15.,-18.));
#2892 = DIRECTION('',(0.,0.,1.));
#2893 = DIRECTION('',(1.,0.,-0.));
#2894 = DEFINITIONAL_REPRESENTATION('',(#2895),#2899);
#2895 = LINE('',#2896,#2897);
#2896 = CARTESIAN_POINT('',(0.,0.));
#2897 = VECTOR('',#2898,1.);
#2898 = DIRECTION('',(1.,0.));
#2899 = ( GEOMETRIC_REPRESENTATION_CONTEXT(2) 
PARAMETRIC_REPRESENTATION_CONTEXT() REPRESENTATION_CONTEXT('2D SPACE',''
  ) );
#2900 = ORIENTED_EDGE('',*,*,#2901,.T.);
#2901 = EDGE_CURVE('',#2872,#2715,#2902,.T.);
#2902 = SURFACE_CURVE('',#2903,(#2907,#2914),.PCURVE_S1.);
#2903 = LINE('',#2904,#2905);
#2904 = CARTESIAN_POINT('',(-60.,-15.,-18.));
#2905 = VECTOR('',#2906,1.);
#2906 = DIRECTION('',(0.,0.,1.));
#2907 = PCURVE('',#2760,#2908);
#2908 = DEFINITIONAL_REPRESENTATION('',(#2909),#2913);
#2909 = LINE('',#2910,#2911);
#2910 = CARTESIAN_POINT('',(0.,0.));
#2911 = VECTOR('',#2912,1.);
#2912 = DIRECTION('',(1.,0.));
#2913 = ( GEOMETRIC_REPRESENTATION_CONTEXT(2) 
PARAMETRIC_REPRESENTATION_CONTEXT() REPRESENTATION_CONTEXT('2D SPACE',''
  ) );
#2914 = PCURVE('',#2732,#2915);
#2915 = DEFINITIONAL_REPRESENTATION('',(#2916),#2920);
#2916 = LINE('',#2917,#2918);
#2917 = CARTESIAN_POINT('',(0.,0.));
#2918 = VECTOR('',#2919,1.);
#2919 = DIRECTION('',(1.,0.));
#2920 = ( GEOMETRIC_REPRESENTATION_CONTEXT(2) 
PARAMETRIC_REPRESENTATION_CONTEXT() REPRESENTATION_CONTEXT('2D SPACE',''
  ) );
#2921 = ORIENTED_EDGE('',*,*,#2744,.T.);
#2922 = ORIENTED_EDGE('',*,*,#2923,.F.);
#2923 = EDGE_CURVE('',#2874,#2745,#2924,.T.);
#2924 = SURFACE_CURVE('',#2925,(#2929,#2936),.PCURVE_S1.);
#2925 = LINE('',#2926,#2927);
#2926 = CARTESIAN_POINT('',(0.,-15.,-18.));
#2927 = VECTOR('',#2928,1.);
#2928 = DIRECTION('',(0.,0.,1.));
#2929 = PCURVE('',#2760,#2930);
#2930 = DEFINITIONAL_REPRESENTATION('',(#2931),#2935);
#2931 = LINE('',#2932,#2933);
#2932 = CARTESIAN_POINT('',(0.,60.));
#2933 = VECTOR('',#2934,1.);
#2934 = DIRECTION('',(1.,0.));
#2935 = ( GEOMETRIC_REPRESENTATION_CONTEXT(2) 
PARAMETRIC_REPRESENTATION_CONTEXT() REPRESENTATION_CONTEXT('2D SPACE',''
  ) );
#2936 = PCURVE('',#298,#2937);
#2937 = DEFINITIONAL_REPRESENTATION('',(#2938),#2942);
#2938 = LINE('',#2939,#2940);
#2939 = CARTESIAN_POINT('',(0.,0.));
#2940 = VECTOR('',#2941,1.);
#2941 = DIRECTION('',(1.,0.));
#2942 = ( GEOMETRIC_REPRESENTATION_CONTEXT(2) 
PARAMETRIC_REPRESENTATION_CONTEXT() REPRESENTATION_CONTEXT('2D SPACE',''
  ) );
#2943 = ADVANCED_FACE('',(#2944,#3014),#2889,.F.);
#2944 = FACE_BOUND('',#2945,.F.);
#2945 = EDGE_LOOP('',(#2946,#2969,#2970,#2993));
#2946 = ORIENTED_EDGE('',*,*,#2947,.F.);
#2947 = EDGE_CURVE('',#2872,#2948,#2950,.T.);
#2948 = VERTEX_POINT('',#2949);
#2949 = CARTESIAN_POINT('',(-60.,15.,-18.));
#2950 = SURFACE_CURVE('',#2951,(#2955,#2962),.PCURVE_S1.);
#2951 = LINE('',#2952,#2953);
#2952 = CARTESIAN_POINT('',(-60.,-15.,-18.));
#2953 = VECTOR('',#2954,1.);
#2954 = DIRECTION('',(-0.,1.,0.));
#2955 = PCURVE('',#2889,#2956);
#2956 = DEFINITIONAL_REPRESENTATION('',(#2957),#2961);
#2957 = LINE('',#2958,#2959);
#2958 = CARTESIAN_POINT('',(0.,0.));
#2959 = VECTOR('',#2960,1.);
#2960 = DIRECTION('',(0.,1.));
#2961 = ( GEOMETRIC_REPRESENTATION_CONTEXT(2) 
PARAMETRIC_REPRESENTATION_CONTEXT() REPRESENTATION_CONTEXT('2D SPACE',''
  ) );
#2962 = PCURVE('',#2732,#2963);
#2963 = DEFINITIONAL_REPRESENTATION('',(#2964),#2968);
#2964 = LINE('',#2965,#2966);
#2965 = CARTESIAN_POINT('',(0.,0.));
#2966 = VECTOR('',#2967,1.);
#2967 = DIRECTION('',(0.,-1.));
#2968 = ( GEOMETRIC_REPRESENTATION_CONTEXT(2) 
PARAMETRIC_REPRESENTATION_CONTEXT() REPRESENTATION_CONTEXT('2D SPACE',''
  ) );
#2969 = ORIENTED_EDGE('',*,*,#2871,.T.);
#2970 = ORIENTED_EDGE('',*,*,#2971,.T.);
#2971 = EDGE_CURVE('',#2874,#2972,#2974,.T.);
#2972 = VERTEX_POINT('',#2973);
#2973 = CARTESIAN_POINT('',(0.,15.,-18.));
#2974 = SURFACE_CURVE('',#2975,(#2979,#2986),.PCURVE_S1.);
#2975 = LINE('',#2976,#2977);
#2976 = CARTESIAN_POINT('',(0.,-15.,-18.));
#2977 = VECTOR('',#2978,1.);
#2978 = DIRECTION('',(-0.,1.,0.));
#2979 = PCURVE('',#2889,#2980);
#2980 = DEFINITIONAL_REPRESENTATION('',(#2981),#2985);
#2981 = LINE('',#2982,#2983);
#2982 = CARTESIAN_POINT('',(60.,0.));
#2983 = VECTOR('',#2984,1.);
#2984 = DIRECTION('',(0.,1.));
#2985 = ( GEOMETRIC_REPRESENTATION_CONTEXT(2) 
PARAMETRIC_REPRESENTATION_CONTEXT() REPRESENTATION_CONTEXT('2D SPACE',''
  ) );
#2986 = PCURVE('',#298,#2987);
#2987 = DEFINITIONAL_REPRESENTATION('',(#2988),#2992);
#2988 = LINE('',#2989,#2990);
#2989 = CARTESIAN_POINT('',(0.,0.));
#2990 = VECTOR('',#2991,1.);
#2991 = DIRECTION('',(0.,-1.));
#2992 = ( GEOMETRIC_REPRESENTATION_CONTEXT(2) 
PARAMETRIC_REPRESENTATION_CONTEXT() REPRESENTATION_CONTEXT('2D SPACE',''
  ) );
#2993 = ORIENTED_EDGE('',*,*,#2994,.F.);
#2994 = EDGE_CURVE('',#2948,#2972,#2995,.T.);
#2995 = SURFACE_CURVE('',#2996,(#3000,#3007),.PCURVE_S1.);
#2996 = LINE('',#2997,#2998);
#2997 = CARTESIAN_POINT('',(-60.,15.,-18.));
#2998 = VECTOR('',#2999,1.);
#2999 = DIRECTION('',(1.,0.,-0.));
#3000 = PCURVE('',#2889,#3001);
#3001 = DEFINITIONAL_REPRESENTATION('',(#3002),#3006);
#3002 = LINE('',#3003,#3004);
#3003 = CARTESIAN_POINT('',(0.,30.));
#3004 = VECTOR('',#3005,1.);
#3005 = DIRECTION('',(1.,0.));
#3006 = ( GEOMETRIC_REPRESENTATION_CONTEXT(2) 
PARAMETRIC_REPRESENTATION_CONTEXT() REPRESENTATION_CONTEXT('2D SPACE',''
  ) );
#3007 = PCURVE('',#2853,#3008);
#3008 = DEFINITIONAL_REPRESENTATION('',(#3009),#3013);
#3009 = LINE('',#3010,#3011);
#3010 = CARTESIAN_POINT('',(0.,0.));
#3011 = VECTOR('',#3012,1.);
#3012 = DIRECTION('',(0.,1.));
#3013 = ( GEOMETRIC_REPRESENTATION_CONTEXT(2) 
PARAMETRIC_REPRESENTATION_CONTEXT() REPRESENTATION_CONTEXT('2D SPACE',''
  ) );
#3014 = FACE_BOUND('',#3015,.F.);
#3015 = EDGE_LOOP('',(#3016));
#3016 = ORIENTED_EDGE('',*,*,#3017,.F.);
#3017 = EDGE_CURVE('',#3018,#3018,#3020,.T.);
#3018 = VERTEX_POINT('',#3019);
#3019 = CARTESIAN_POINT('',(-25.5,-2.32682891838E-15,-18.));
#3020 = SURFACE_CURVE('',#3021,(#3026,#3033),.PCURVE_S1.);
#3021 = CIRCLE('',#3022,9.5);
#3022 = AXIS2_PLACEMENT_3D('',#3023,#3024,#3025);
#3023 = CARTESIAN_POINT('',(-35.,0.,-18.));
#3024 = DIRECTION('',(0.,0.,1.));
#3025 = DIRECTION('',(1.,0.,-0.));
#3026 = PCURVE('',#2889,#3027);
#3027 = DEFINITIONAL_REPRESENTATION('',(#3028),#3032);
#3028 = CIRCLE('',#3029,9.5);
#3029 = AXIS2_PLACEMENT_2D('',#3030,#3031);
#3030 = CARTESIAN_POINT('',(25.,15.));
#3031 = DIRECTION('',(1.,0.));
#3032 = ( GEOMETRIC_REPRESENTATION_CONTEXT(2) 
PARAMETRIC_REPRESENTATION_CONTEXT() REPRESENTATION_CONTEXT('2D SPACE',''
  ) );
#3033 = PCURVE('',#3034,#3039);
#3034 = CYLINDRICAL_SURFACE('',#3035,9.5);
#3035 = AXIS2_PLACEMENT_3D('',#3036,#3037,#3038);
#3036 = CARTESIAN_POINT('',(-35.,0.,-25.));
#3037 = DIRECTION('',(0.,0.,1.));
#3038 = DIRECTION('',(1.,0.,-0.));
#3039 = DEFINITIONAL_REPRESENTATION('',(#3040),#3044);
#3040 = LINE('',#3041,#3042);
#3041 = CARTESIAN_POINT('',(0.,7.));
#3042 = VECTOR('',#3043,1.);
#3043 = DIRECTION('',(1.,0.));
#3044 = ( GEOMETRIC_REPRESENTATION_CONTEXT(2) 
PARAMETRIC_REPRESENTATION_CONTEXT() REPRESENTATION_CONTEXT('2D SPACE',''
  ) );
#3045 = ADVANCED_FACE('',(#3046),#3034,.T.);
#3046 = FACE_BOUND('',#3047,.T.);
#3047 = EDGE_LOOP('',(#3048,#3049,#3072,#3099));
#3048 = ORIENTED_EDGE('',*,*,#3017,.F.);
#3049 = ORIENTED_EDGE('',*,*,#3050,.F.);
#3050 = EDGE_CURVE('',#3051,#3018,#3053,.T.);
#3051 = VERTEX_POINT('',#3052);
#3052 = CARTESIAN_POINT('',(-25.5,-2.32682891838E-15,-25.));
#3053 = SEAM_CURVE('',#3054,(#3058,#3065),.PCURVE_S1.);
#3054 = LINE('',#3055,#3056);
#3055 = CARTESIAN_POINT('',(-25.5,-2.32682891838E-15,-25.));
#3056 = VECTOR('',#3057,1.);
#3057 = DIRECTION('',(0.,0.,1.));
#3058 = PCURVE('',#3034,#3059);
#3059 = DEFINITIONAL_REPRESENTATION('',(#3060),#3064);
#3060 = LINE('',#3061,#3062);
#3061 = CARTESIAN_POINT('',(6.28318530718,-0.));
#3062 = VECTOR('',#3063,1.);
#3063 = DIRECTION('',(0.,1.));
#3064 = ( GEOMETRIC_REPRESENTATION_CONTEXT(2) 
PARAMETRIC_REPRESENTATION_CONTEXT() REPRESENTATION_CONTEXT('2D SPACE',''
  ) );
#3065 = PCURVE('',#3034,#3066);
#3066 = DEFINITIONAL_REPRESENTATION('',(#3067),#3071);
#3067 = LINE('',#3068,#3069);
#3068 = CARTESIAN_POINT('',(0.,-0.));
#3069 = VECTOR('',#3070,1.);
#3070 = DIRECTION('',(0.,1.));
#3071 = ( GEOMETRIC_REPRESENTATION_CONTEXT(2) 
PARAMETRIC_REPRESENTATION_CONTEXT() REPRESENTATION_CONTEXT('2D SPACE',''
  ) );
#3072 = ORIENTED_EDGE('',*,*,#3073,.T.);
#3073 = EDGE_CURVE('',#3051,#3051,#3074,.T.);
#3074 = SURFACE_CURVE('',#3075,(#3080,#3087),.PCURVE_S1.);
#3075 = CIRCLE('',#3076,9.5);
#3076 = AXIS2_PLACEMENT_3D('',#3077,#3078,#3079);
#3077 = CARTESIAN_POINT('',(-35.,0.,-25.));
#3078 = DIRECTION('',(0.,0.,1.));
#3079 = DIRECTION('',(1.,0.,-0.));
#3080 = PCURVE('',#3034,#3081);
#3081 = DEFINITIONAL_REPRESENTATION('',(#3082),#3086);
#3082 = LINE('',#3083,#3084);
#3083 = CARTESIAN_POINT('',(0.,0.));
#3084 = VECTOR('',#3085,1.);
#3085 = DIRECTION('',(1.,0.));
#3086 = ( GEOMETRIC_REPRESENTATION_CONTEXT(2) 
PARAMETRIC_REPRESENTATION_CONTEXT() REPRESENTATION_CONTEXT('2D SPACE',''
  ) );
#3087 = PCURVE('',#3088,#3093);
#3088 = PLANE('',#3089);
#3089 = AXIS2_PLACEMENT_3D('',#3090,#3091,#3092);
#3090 = CARTESIAN_POINT('',(-35.,0.,-25.));
#3091 = DIRECTION('',(0.,0.,1.));
#3092 = DIRECTION('',(1.,0.,-0.));
#3093 = DEFINITIONAL_REPRESENTATION('',(#3094),#3098);
#3094 = CIRCLE('',#3095,9.5);
#3095 = AXIS2_PLACEMENT_2D('',#3096,#3097);
#3096 = CARTESIAN_POINT('',(0.,0.));
#3097 = DIRECTION('',(1.,0.));
#3098 = ( GEOMETRIC_REPRESENTATION_CONTEXT(2) 
PARAMETRIC_REPRESENTATION_CONTEXT() REPRESENTATION_CONTEXT('2D SPACE',''
  ) );
#3099 = ORIENTED_EDGE('',*,*,#3050,.T.);
#3100 = ADVANCED_FACE('',(#3101),#3088,.F.);
#3101 = FACE_BOUND('',#3102,.T.);
#3102 = EDGE_LOOP('',(#3103));
#3103 = ORIENTED_EDGE('',*,*,#3073,.F.);
#3104 = ADVANCED_FACE('',(#3105),#2853,.T.);
#3105 = FACE_BOUND('',#3106,.T.);
#3106 = EDGE_LOOP('',(#3107,#3108,#3129,#3130));
#3107 = ORIENTED_EDGE('',*,*,#2994,.F.);
#3108 = ORIENTED_EDGE('',*,*,#3109,.T.);
#3109 = EDGE_CURVE('',#2948,#2717,#3110,.T.);
#3110 = SURFACE_CURVE('',#3111,(#3115,#3122),.PCURVE_S1.);
#3111 = LINE('',#3112,#3113);
#3112 = CARTESIAN_POINT('',(-60.,15.,-18.));
#3113 = VECTOR('',#3114,1.);
#3114 = DIRECTION('',(0.,0.,1.));
#3115 = PCURVE('',#2853,#3116);
#3116 = DEFINITIONAL_REPRESENTATION('',(#3117),#3121);
#3117 = LINE('',#3118,#3119);
#3118 = CARTESIAN_POINT('',(0.,0.));
#3119 = VECTOR('',#3120,1.);
#3120 = DIRECTION('',(1.,0.));
#3121 = ( GEOMETRIC_REPRESENTATION_CONTEXT(2) 
PARAMETRIC_REPRESENTATION_CONTEXT() REPRESENTATION_CONTEXT('2D SPACE',''
  ) );
#3122 = PCURVE('',#2732,#3123);
#3123 = DEFINITIONAL_REPRESENTATION('',(#3124),#3128);
#3124 = LINE('',#3125,#3126);
#3125 = CARTESIAN_POINT('',(0.,-30.));
#3126 = VECTOR('',#3127,1.);
#3127 = DIRECTION('',(1.,0.));
#3128 = ( GEOMETRIC_REPRESENTATION_CONTEXT(2) 
PARAMETRIC_REPRESENTATION_CONTEXT() REPRESENTATION_CONTEXT('2D SPACE',''
  ) );
#3129 = ORIENTED_EDGE('',*,*,#2839,.T.);
#3130 = ORIENTED_EDGE('',*,*,#3131,.F.);
#3131 = EDGE_CURVE('',#2972,#2817,#3132,.T.);
#3132 = SURFACE_CURVE('',#3133,(#3137,#3144),.PCURVE_S1.);
#3133 = LINE('',#3134,#3135);
#3134 = CARTESIAN_POINT('',(0.,15.,-18.));
#3135 = VECTOR('',#3136,1.);
#3136 = DIRECTION('',(0.,0.,1.));
#3137 = PCURVE('',#2853,#3138);
#3138 = DEFINITIONAL_REPRESENTATION('',(#3139),#3143);
#3139 = LINE('',#3140,#3141);
#3140 = CARTESIAN_POINT('',(0.,60.));
#3141 = VECTOR('',#3142,1.);
#3142 = DIRECTION('',(1.,0.));
#3143 = ( GEOMETRIC_REPRESENTATION_CONTEXT(2) 
PARAMETRIC_REPRESENTATION_CONTEXT() REPRESENTATION_CONTEXT('2D SPACE',''
  ) );
#3144 = PCURVE('',#298,#3145);
#3145 = DEFINITIONAL_REPRESENTATION('',(#3146),#3150);
#3146 = LINE('',#3147,#3148);
#3147 = CARTESIAN_POINT('',(0.,-30.));
#3148 = VECTOR('',#3149,1.);
#3149 = DIRECTION('',(1.,0.));
#3150 = ( GEOMETRIC_REPRESENTATION_CONTEXT(2) 
PARAMETRIC_REPRESENTATION_CONTEXT() REPRESENTATION_CONTEXT('2D SPACE',''
  ) );
#3151 = ADVANCED_FACE('',(#3152),#2732,.F.);
#3152 = FACE_BOUND('',#3153,.F.);
#3153 = EDGE_LOOP('',(#3154,#3155,#3156,#3157));
#3154 = ORIENTED_EDGE('',*,*,#2901,.F.);
#3155 = ORIENTED_EDGE('',*,*,#2947,.T.);
#3156 = ORIENTED_EDGE('',*,*,#3109,.T.);
#3157 = ORIENTED_EDGE('',*,*,#2714,.F.);
#3158 = ADVANCED_FACE('',(#3159),#298,.T.);
#3159 = FACE_BOUND('',#3160,.T.);
#3160 = EDGE_LOOP('',(#3161,#3162,#3163,#3164,#3165,#3166));
#3161 = ORIENTED_EDGE('',*,*,#2772,.F.);
#3162 = ORIENTED_EDGE('',*,*,#2923,.F.);
#3163 = ORIENTED_EDGE('',*,*,#2971,.T.);
#3164 = ORIENTED_EDGE('',*,*,#3131,.T.);
#3165 = ORIENTED_EDGE('',*,*,#2816,.F.);
#3166 = ORIENTED_EDGE('',*,*,#281,.F.);
#3167 = ADVANCED_FACE('',(#3168),#325,.F.);
#3168 = FACE_BOUND('',#3169,.F.);
#3169 = EDGE_LOOP('',(#3170,#3171,#3172,#3173));
#3170 = ORIENTED_EDGE('',*,*,#1607,.F.);
#3171 = ORIENTED_EDGE('',*,*,#310,.T.);
#3172 = ORIENTED_EDGE('',*,*,#2793,.T.);
#3173 = ORIENTED_EDGE('',*,*,#2660,.F.);
#3174 = ADVANCED_FACE('',(#3175),#45,.T.);
#3175 = FACE_BOUND('',#3176,.T.);
#3176 = EDGE_LOOP('',(#3177,#3178,#3179,#3180,#3181,#3182,#3183));
#3177 = ORIENTED_EDGE('',*,*,#1940,.F.);
#3178 = ORIENTED_EDGE('',*,*,#1892,.F.);
#3179 = ORIENTED_EDGE('',*,*,#1586,.T.);
#3180 = ORIENTED_EDGE('',*,*,#21,.F.);
#3181 = ORIENTED_EDGE('',*,*,#228,.F.);
#3182 = ORIENTED_EDGE('',*,*,#1657,.T.);
#3183 = ORIENTED_EDGE('',*,*,#2100,.T.);
#3184 = ( GEOMETRIC_REPRESENTATION_CONTEXT(3) 
GLOBAL_UNCERTAINTY_ASSIGNED_CONTEXT((#3188)) 
GLOBAL_UNIT_ASSIGNED_CONTEXT((#3185,#3186,#3187)) REPRESENTATION_CONTEXT
('Context #1','3D Context with UNIT and UNCERTAINTY') );
#3185 = ( LENGTH_UNIT() NAMED_UNIT(*) SI_UNIT(.MILLI.,.METRE.) );
#3186 = ( NAMED_UNIT(*) PLANE_ANGLE_UNIT() SI_UNIT($,.RADIAN.) );
#3187 = ( NAMED_UNIT(*) SI_UNIT($,.STERADIAN.) SOLID_ANGLE_UNIT() );
#3188 = UNCERTAINTY_MEASURE_WITH_UNIT(LENGTH_MEASURE(1.E-07),#3185,
  'distance_accuracy_value','confusion accuracy');
#3189 = PRODUCT_RELATED_PRODUCT_CATEGORY('part',$,(#7));
#3190 = MECHANICAL_DESIGN_GEOMETRIC_PRESENTATION_REPRESENTATION('',(
    #3191),#3184);
#3191 = STYLED_ITEM('color',(#3192),#15);
#3192 = PRESENTATION_STYLE_ASSIGNMENT((#3193));
#3193 = SURFACE_STYLE_USAGE(.BOTH.,#3194);
#3194 = SURFACE_SIDE_STYLE('',(#3195));
#3195 = SURFACE_STYLE_FILL_AREA(#3196);
#3196 = FILL_AREA_STYLE('',(#3197));
#3197 = FILL_AREA_STYLE_COLOUR('',#3198);
#3198 = COLOUR_RGB('',1.,0.930924556504,0.);
ENDSEC;
END-ISO-10303-21;
