ISO-10303-21;
HEADER;
FILE_DESCRIPTION(('Open CASCADE Model'),'2;1');
FILE_NAME('Open CASCADE Shape Model','2026-10-02T07:31:16',('Author'),(
    'Open CASCADE'),'Open CASCADE STEP processor 7.9','Open CASCADE 7.9'
  ,'Unknown');
FILE_SCHEMA(('AUTOMOTIVE_DESIGN { 1 0 10303 214 1 1 1 1 }'));
ENDSEC;
DATA;
#1 = APPLICATION_PROTOCOL_DEFINITION('international standard',
  'automotive_design',2000,#2);
#2 = APPLICATION_CONTEXT(
  'core data for automotive mechanical design processes');
#3 = SHAPE_DEFINITION_REPRESENTATION(#4,#10);
#4 = PRODUCT_DEFINITION_SHAPE('','',#5);
#5 = PRODUCT_DEFINITION('design','',#6,#9);
#6 = PRODUCT_DEFINITION_FORMATION('','',#7);
#7 = PRODUCT('C-STR-02_Steering_wheel_280_OD_round',
  'C-STR-02_Steering_wheel_280_OD_round','',(#8));
#8 = PRODUCT_CONTEXT('',#2,'mechanical');
#9 = PRODUCT_DEFINITION_CONTEXT('part definition',#2,'design');
#10 = ADVANCED_BREP_SHAPE_REPRESENTATION('',(#11,#15),#2853);
#11 = AXIS2_PLACEMENT_3D('',#12,#13,#14);
#12 = CARTESIAN_POINT('',(0.,0.,0.));
#13 = DIRECTION('',(0.,0.,1.));
#14 = DIRECTION('',(1.,0.,-0.));
#15 = MANIFOLD_SOLID_BREP('',#16);
#16 = CLOSED_SHELL('',(#17,#1540,#1957,#2361,#2732,#2845,#2849));
#17 = ADVANCED_FACE('',(#18,#573,#1040),#31,.T.);
#18 = FACE_BOUND('',#19,.T.);
#19 = EDGE_LOOP('',(#20,#49,#73,#314,#336,#337,#338,#572));
#20 = ORIENTED_EDGE('',*,*,#21,.T.);
#21 = EDGE_CURVE('',#22,#22,#24,.T.);
#22 = VERTEX_POINT('',#23);
#23 = CARTESIAN_POINT('',(-501.4610387315,158.72174524792,
    -3.429011037613E-14));
#24 = SEAM_CURVE('',#25,(#30,#42),.PCURVE_S1.);
#25 = CIRCLE('',#26,140.);
#26 = AXIS2_PLACEMENT_3D('',#27,#28,#29);
#27 = CARTESIAN_POINT('',(-425.2115738294,276.13562476028,0.));
#28 = DIRECTION('',(-0.838670567945,0.544639035015,0.));
#29 = DIRECTION('',(-0.544639035015,-0.838670567945,0.));
#30 = PCURVE('',#31,#36);
#31 = TOROIDAL_SURFACE('',#32,127.5,12.5);
#32 = AXIS2_PLACEMENT_3D('',#33,#34,#35);
#33 = CARTESIAN_POINT('',(-425.2115738294,276.13562476028,0.));
#34 = DIRECTION('',(-0.838670567945,0.544639035015,0.));
#35 = DIRECTION('',(-0.544639035015,-0.838670567945,0.));
#36 = DEFINITIONAL_REPRESENTATION('',(#37),#41);
#37 = LINE('',#38,#39);
#38 = CARTESIAN_POINT('',(0.,0.));
#39 = VECTOR('',#40,1.);
#40 = DIRECTION('',(1.,0.));
#41 = ( GEOMETRIC_REPRESENTATION_CONTEXT(2) 
PARAMETRIC_REPRESENTATION_CONTEXT() REPRESENTATION_CONTEXT('2D SPACE',''
  ) );
#42 = PCURVE('',#31,#43);
#43 = DEFINITIONAL_REPRESENTATION('',(#44),#48);
#44 = LINE('',#45,#46);
#45 = CARTESIAN_POINT('',(0.,6.28318530718));
#46 = VECTOR('',#47,1.);
#47 = DIRECTION('',(1.,0.));
#48 = ( GEOMETRIC_REPRESENTATION_CONTEXT(2) 
PARAMETRIC_REPRESENTATION_CONTEXT() REPRESENTATION_CONTEXT('2D SPACE',''
  ) );
#49 = ORIENTED_EDGE('',*,*,#50,.T.);
#50 = EDGE_CURVE('',#22,#51,#53,.T.);
#51 = VERTEX_POINT('',#52);
#52 = CARTESIAN_POINT('',(-498.512382325,181.09443178997,
    -1.367082197221E-14));
#53 = SEAM_CURVE('',#54,(#59,#66),.PCURVE_S1.);
#54 = CIRCLE('',#55,12.5);
#55 = AXIS2_PLACEMENT_3D('',#56,#57,#58);
#56 = CARTESIAN_POINT('',(-494.6530507938,169.20512734724,
    -3.122849337826E-14));
#57 = DIRECTION('',(1.333980901844E-16,2.054150453147E-16,-1.));
#58 = DIRECTION('',(-0.544639035015,-0.838670567945,-2.449293598295E-16)
  );
#59 = PCURVE('',#31,#60);
#60 = DEFINITIONAL_REPRESENTATION('',(#61),#65);
#61 = LINE('',#62,#63);
#62 = CARTESIAN_POINT('',(0.,0.));
#63 = VECTOR('',#64,1.);
#64 = DIRECTION('',(0.,1.));
#65 = ( GEOMETRIC_REPRESENTATION_CONTEXT(2) 
PARAMETRIC_REPRESENTATION_CONTEXT() REPRESENTATION_CONTEXT('2D SPACE',''
  ) );
#66 = PCURVE('',#31,#67);
#67 = DEFINITIONAL_REPRESENTATION('',(#68),#72);
#68 = LINE('',#69,#70);
#69 = CARTESIAN_POINT('',(6.28318530718,0.));
#70 = VECTOR('',#71,1.);
#71 = DIRECTION('',(0.,1.));
#72 = ( GEOMETRIC_REPRESENTATION_CONTEXT(2) 
PARAMETRIC_REPRESENTATION_CONTEXT() REPRESENTATION_CONTEXT('2D SPACE',''
  ) );
#73 = ORIENTED_EDGE('',*,*,#74,.T.);
#74 = EDGE_CURVE('',#51,#75,#77,.T.);
#75 = VERTEX_POINT('',#76);
#76 = CARTESIAN_POINT('',(-483.3535301504,174.55029649615,
    -2.86231807415E-14));
#77 = SURFACE_CURVE('',#78,(#153,#231),.PCURVE_S1.);
#78 = B_SPLINE_CURVE_WITH_KNOTS('',7,(#79,#80,#81,#82,#83,#84,#85,#86,
    #87,#88,#89,#90,#91,#92,#93,#94,#95,#96,#97,#98,#99,#100,#101,#102,
    #103,#104,#105,#106,#107,#108,#109,#110,#111,#112,#113,#114,#115,
    #116,#117,#118,#119,#120,#121,#122,#123,#124,#125,#126,#127,#128,
    #129,#130,#131,#132,#133,#134,#135,#136,#137,#138,#139,#140,#141,
    #142,#143,#144,#145,#146,#147,#148,#149,#150,#151,#152),
  .UNSPECIFIED.,.F.,.F.,(8,6,6,6,6,6,6,6,6,6,6,6,8),(0.,
    8.631883358403E-02,0.14470583049,0.246445336537,0.38282261928,
    0.445134538922,0.526018740504,0.583028666556,0.650783163467,
    0.723280808642,0.803430609186,0.872375065067,1.),.UNSPECIFIED.);
#79 = CARTESIAN_POINT('',(-498.512382325,181.09443178997,0.));
#80 = CARTESIAN_POINT('',(-498.512382325,181.09443178997,-0.344978087739
    ));
#81 = CARTESIAN_POINT('',(-498.4823475527,181.10494279057,-0.68963258641
    ));
#82 = CARTESIAN_POINT('',(-498.422405803,181.12596034106,-1.027163827847
    ));
#83 = CARTESIAN_POINT('',(-498.3362861664,181.15556789723,
    -1.353995161863));
#84 = CARTESIAN_POINT('',(-498.2285794718,181.19135721161,
    -1.668356356941));
#85 = CARTESIAN_POINT('',(-498.103257662,181.23122432004,-1.969562171504
    ));
#86 = CARTESIAN_POINT('',(-497.8688861067,181.30216467134,
    -2.453079171907));
#87 = CARTESIAN_POINT('',(-497.7675498427,181.3319506854,-2.642612546838
    ));
#88 = CARTESIAN_POINT('',(-497.6602582103,181.36243082976,
    -2.826885621006));
#89 = CARTESIAN_POINT('',(-497.5476816119,181.39320651493,
    -3.006180262847));
#90 = CARTESIAN_POINT('',(-497.4303592192,181.42394504039,
    -3.180775154193));
#91 = CARTESIAN_POINT('',(-497.3087047723,181.45437088664,
    -3.350955891518));
#92 = CARTESIAN_POINT('',(-496.9639725556,181.53632035749,
    -3.806389487291));
#93 = CARTESIAN_POINT('',(-496.7328059371,181.58669973222,
    -4.083065301511));
#94 = CARTESIAN_POINT('',(-496.4910930633,181.6341584183,-4.348598167041
    ));
#95 = CARTESIAN_POINT('',(-496.2398796216,181.67773148949,
    -4.603863655485));
#96 = CARTESIAN_POINT('',(-495.9799226037,181.71658708828,
    -4.849497980292));
#97 = CARTESIAN_POINT('',(-495.711695279,181.74997709064,-5.085942751047
    ));
#98 = CARTESIAN_POINT('',(-495.0650283676,181.81357838841,
    -5.618550169285));
#99 = CARTESIAN_POINT('',(-494.6804831858,181.83880521343,
    -5.907368797479));
#100 = CARTESIAN_POINT('',(-494.2823357364,181.85105719579,
    -6.180707822781));
#101 = CARTESIAN_POINT('',(-493.871037831,181.84850811753,
    -6.438258111391));
#102 = CARTESIAN_POINT('',(-493.4471041889,181.82917459119,
    -6.679102806854));
#103 = CARTESIAN_POINT('',(-493.0111283309,181.79091500281,
    -6.901752978887));
#104 = CARTESIAN_POINT('',(-492.3592837931,181.70402700366,
    -7.196503640312));
#105 = CARTESIAN_POINT('',(-492.1525179917,181.67232101717,
    -7.284672956084));
#106 = CARTESIAN_POINT('',(-491.9435007187,181.6359325892,-7.36836047733
    ));
#107 = CARTESIAN_POINT('',(-491.7323544212,181.59462943622,
    -7.447312234548));
#108 = CARTESIAN_POINT('',(-491.5192401856,181.54817992234,
    -7.521238280153));
#109 = CARTESIAN_POINT('',(-491.3043600176,181.49636015334,
    -7.589817806337));
#110 = CARTESIAN_POINT('',(-490.8070591936,181.36445399389,
    -7.73433424419));
#111 = CARTESIAN_POINT('',(-490.5235903588,181.28054478299,
    -7.806374015853));
#112 = CARTESIAN_POINT('',(-490.238127713,181.18678665172,
    -7.868052474788));
#113 = CARTESIAN_POINT('',(-489.9514321505,181.08280574022,
    -7.918522307896));
#114 = CARTESIAN_POINT('',(-489.6644515562,180.96835079669,
    -7.956897574035));
#115 = CARTESIAN_POINT('',(-489.37832202,180.84337414573,-7.98232966725)
  );
#116 = CARTESIAN_POINT('',(-488.8942294151,180.61282911461,
    -8.002433058265));
#117 = CARTESIAN_POINT('',(-488.6951584109,180.51241444402,
    -8.003968548166));
#118 = CARTESIAN_POINT('',(-488.4976490354,180.40700656614,
    -7.998483164952));
#119 = CARTESIAN_POINT('',(-488.3021969305,180.29677430323,
    -7.985775864083));
#120 = CARTESIAN_POINT('',(-488.109296357,180.18195582947,
    -7.965702446456));
#121 = CARTESIAN_POINT('',(-487.9194361458,180.06286583518,
    -7.938188482338));
#122 = CARTESIAN_POINT('',(-487.5116358539,179.7937648768,
    -7.861709724189));
#123 = CARTESIAN_POINT('',(-487.2950965127,179.64212274593,
    -7.809670330813));
#124 = CARTESIAN_POINT('',(-487.0842984835,179.48564849245,
    -7.74713389252));
#125 = CARTESIAN_POINT('',(-486.8798821334,179.32507751071,
    -7.674254116926));
#126 = CARTESIAN_POINT('',(-486.6823346828,179.16118631428,
    -7.591297022614));
#127 = CARTESIAN_POINT('',(-486.4920130429,178.994773158,-7.498617334605
    ));
#128 = CARTESIAN_POINT('',(-486.1135107882,178.64673951477,
    -7.287529617688));
#129 = CARTESIAN_POINT('',(-485.9263858308,178.46484510941,
    -7.167759469508));
#130 = CARTESIAN_POINT('',(-485.7480240013,178.28187954988,
    -7.037814112163));
#131 = CARTESIAN_POINT('',(-485.5784715326,178.09870917716,
    -6.898211740709));
#132 = CARTESIAN_POINT('',(-485.417643261,177.91613098852,
    -6.749463060388));
#133 = CARTESIAN_POINT('',(-485.2653649107,177.7348664986,
    -6.592034758699));
#134 = CARTESIAN_POINT('',(-484.9622365154,177.35733551031,
    -6.243114850492));
#135 = CARTESIAN_POINT('',(-484.8132532901,177.16152920426,
    -6.049803917925));
#136 = CARTESIAN_POINT('',(-484.6740956745,176.96898469941,
    -5.846891517485));
#137 = CARTESIAN_POINT('',(-484.5443871425,176.78050655983,
    -5.634824433756));
#138 = CARTESIAN_POINT('',(-484.4237408431,176.59686684063,
    -5.413983548673));
#139 = CARTESIAN_POINT('',(-484.311772709,176.41881463287,
    -5.184667961841));
#140 = CARTESIAN_POINT('',(-484.1189485753,176.09937770881,
    -4.742693175796));
#141 = CARTESIAN_POINT('',(-484.035945365,175.95636993292,
    -4.532219361765));
#142 = CARTESIAN_POINT('',(-483.9588710625,175.81854499063,
    -4.31578544111));
#143 = CARTESIAN_POINT('',(-483.887525456,175.68641704255,
    -4.093530052715));
#144 = CARTESIAN_POINT('',(-483.8217326436,175.56053433514,
    -3.865600937564));
#145 = CARTESIAN_POINT('',(-483.7613377925,175.4414727939,-3.63216087294
    ));
#146 = CARTESIAN_POINT('',(-483.6041618353,175.12315737846,
    -2.951406823893));
#147 = CARTESIAN_POINT('',(-483.5200763792,174.94172459283,
    -2.490792751432));
#148 = CARTESIAN_POINT('',(-483.4533153572,174.78966380475,
    -2.013271549846));
#149 = CARTESIAN_POINT('',(-483.403457447,174.67130116126,
    -1.521321463458));
#150 = CARTESIAN_POINT('',(-483.3701673441,174.59061464798,
    -1.018370634371));
#151 = CARTESIAN_POINT('',(-483.3535301504,174.55029649615,
    -0.509100228033));
#152 = CARTESIAN_POINT('',(-483.3535301504,174.55029649615,0.));
#153 = PCURVE('',#31,#154);
#154 = DEFINITIONAL_REPRESENTATION('',(#155),#230);
#155 = B_SPLINE_CURVE_WITH_KNOTS('',7,(#156,#157,#158,#159,#160,#161,
    #162,#163,#164,#165,#166,#167,#168,#169,#170,#171,#172,#173,#174,
    #175,#176,#177,#178,#179,#180,#181,#182,#183,#184,#185,#186,#187,
    #188,#189,#190,#191,#192,#193,#194,#195,#196,#197,#198,#199,#200,
    #201,#202,#203,#204,#205,#206,#207,#208,#209,#210,#211,#212,#213,
    #214,#215,#216,#217,#218,#219,#220,#221,#222,#223,#224,#225,#226,
    #227,#228,#229),.UNSPECIFIED.,.F.,.F.,(8,6,6,6,6,6,6,6,6,6,6,6,8),(
    0.,8.631883358403E-02,0.14470583049,0.246445336537,0.38282261928,
    0.445134538922,0.526018740504,0.583028666556,0.650783163467,
    0.723280808642,0.803430609186,0.872375065067,1.),.UNSPECIFIED.);
#156 = CARTESIAN_POINT('',(6.28318530718,2.251759112897));
#157 = CARTESIAN_POINT('',(6.280301616013,2.251759112897));
#158 = CARTESIAN_POINT('',(6.277420640344,2.25423193146));
#159 = CARTESIAN_POINT('',(6.274596689621,2.259168276467));
#160 = CARTESIAN_POINT('',(6.271857350135,2.266244902355));
#161 = CARTESIAN_POINT('',(6.269216178828,2.275064144062));
#162 = CARTESIAN_POINT('',(6.266678714253,2.285283844157));
#163 = CARTESIAN_POINT('',(6.262593452637,2.304317526453));
#164 = CARTESIAN_POINT('',(6.260988675224,2.312527881681));
#165 = CARTESIAN_POINT('',(6.259424942328,2.321198546423));
#166 = CARTESIAN_POINT('',(6.257899937907,2.33027216187));
#167 = CARTESIAN_POINT('',(6.256411408508,2.339703067349));
#168 = CARTESIAN_POINT('',(6.254957054619,2.349456642322));
#169 = CARTESIAN_POINT('',(6.251055598316,2.377025606743));
#170 = CARTESIAN_POINT('',(6.248674856815,2.395437765572));
#171 = CARTESIAN_POINT('',(6.246379753652,2.414614406205));
#172 = CARTESIAN_POINT('',(6.244163561736,2.434474456586));
#173 = CARTESIAN_POINT('',(6.24202161126,2.454964861864));
#174 = CARTESIAN_POINT('',(6.239950889285,2.476059174575));
#175 = CARTESIAN_POINT('',(6.235266723118,2.526841994503));
#176 = CARTESIAN_POINT('',(6.23271088925,2.556985753355));
#177 = CARTESIAN_POINT('',(6.230277512672,2.588179842508));
#178 = CARTESIAN_POINT('',(6.227971242754,2.620439584267));
#179 = CARTESIAN_POINT('',(6.22580227603,2.653791780007));
#180 = CARTESIAN_POINT('',(6.223786119909,2.688276448754));
#181 = CARTESIAN_POINT('',(6.221102784366,2.740265213195));
#182 = CARTESIAN_POINT('',(6.220297859909,2.756816071686));
#183 = CARTESIAN_POINT('',(6.219531677755,2.773617366302));
#184 = CARTESIAN_POINT('',(6.218806751803,2.790671453621));
#185 = CARTESIAN_POINT('',(6.218125928537,2.807978767953));
#186 = CARTESIAN_POINT('',(6.217492338132,2.825537577905));
#187 = CARTESIAN_POINT('',(6.216152590039,2.866457096732));
#188 = CARTESIAN_POINT('',(6.21548106747,2.889987742729));
#189 = CARTESIAN_POINT('',(6.214902254955,2.913923420172));
#190 = CARTESIAN_POINT('',(6.214424324732,2.938239220343));
#191 = CARTESIAN_POINT('',(6.214055770696,2.962896613841));
#192 = CARTESIAN_POINT('',(6.21380467131,2.987840080776));
#193 = CARTESIAN_POINT('',(6.213588016976,3.030718806375));
#194 = CARTESIAN_POINT('',(6.213560050876,3.048550624295));
#195 = CARTESIAN_POINT('',(6.213596001489,3.066456824439));
#196 = CARTESIAN_POINT('',(6.21369774052,3.084405583014));
#197 = CARTESIAN_POINT('',(6.213866580333,3.102362760707));
#198 = CARTESIAN_POINT('',(6.214103153768,3.120291437738));
#199 = CARTESIAN_POINT('',(6.214768754951,3.159377508263));
#200 = CARTESIAN_POINT('',(6.215225730868,3.180511455403));
#201 = CARTESIAN_POINT('',(6.215777983594,3.201484580349));
#202 = CARTESIAN_POINT('',(6.216423868404,3.222236940206));
#203 = CARTESIAN_POINT('',(6.217160640502,3.242715239531));
#204 = CARTESIAN_POINT('',(6.21798469809,3.262871399707));
#205 = CARTESIAN_POINT('',(6.219862324779,3.303837661577));
#206 = CARTESIAN_POINT('',(6.220928057486,3.324597678984));
#207 = CARTESIAN_POINT('',(6.222084094086,3.344895551805));
#208 = CARTESIAN_POINT('',(6.223325205715,3.364696594196));
#209 = CARTESIAN_POINT('',(6.22464623997,3.38397446469));
#210 = CARTESIAN_POINT('',(6.226042473498,3.402708963841));
#211 = CARTESIAN_POINT('',(6.229132167284,3.44097934938));
#212 = CARTESIAN_POINT('',(6.230841248289,3.460388638178));
#213 = CARTESIAN_POINT('',(6.232631925649,3.479096040008));
#214 = CARTESIAN_POINT('',(6.234499579277,3.497084001688));
#215 = CARTESIAN_POINT('',(6.236440261094,3.514333701091));
#216 = CARTESIAN_POINT('',(6.238450842712,3.530824236065));
#217 = CARTESIAN_POINT('',(6.242317018354,3.560042737895));
#218 = CARTESIAN_POINT('',(6.244154703171,3.572972300901));
#219 = CARTESIAN_POINT('',(6.246040829632,3.585304544648));
#220 = CARTESIAN_POINT('',(6.247973982863,3.597018276363));
#221 = CARTESIAN_POINT('',(6.249952735797,3.608087583807));
#222 = CARTESIAN_POINT('',(6.251975608147,3.618482604481));
#223 = CARTESIAN_POINT('',(6.257864360499,3.646103158598));
#224 = CARTESIAN_POINT('',(6.261836707333,3.661627198776));
#225 = CARTESIAN_POINT('',(6.265943246486,3.674500178773));
#226 = CARTESIAN_POINT('',(6.270163713924,3.684446836698));
#227 = CARTESIAN_POINT('',(6.274471080571,3.691203113993));
#228 = CARTESIAN_POINT('',(6.27882892226,3.694579214223));
#229 = CARTESIAN_POINT('',(6.28318530718,3.694579214223));
#230 = ( GEOMETRIC_REPRESENTATION_CONTEXT(2) 
PARAMETRIC_REPRESENTATION_CONTEXT() REPRESENTATION_CONTEXT('2D SPACE',''
  ) );
#231 = PCURVE('',#232,#237);
#232 = CYLINDRICAL_SURFACE('',#233,8.);
#233 = AXIS2_PLACEMENT_3D('',#234,#235,#236);
#234 = CARTESIAN_POINT('',(-433.7955262971,251.90102635156,0.));
#235 = DIRECTION('',(-0.610743365832,-0.791828605881,0.));
#236 = DIRECTION('',(-0.791828605881,0.610743365832,0.));
#237 = DEFINITIONAL_REPRESENTATION('',(#238),#313);
#238 = B_SPLINE_CURVE_WITH_KNOTS('',7,(#239,#240,#241,#242,#243,#244,
    #245,#246,#247,#248,#249,#250,#251,#252,#253,#254,#255,#256,#257,
    #258,#259,#260,#261,#262,#263,#264,#265,#266,#267,#268,#269,#270,
    #271,#272,#273,#274,#275,#276,#277,#278,#279,#280,#281,#282,#283,
    #284,#285,#286,#287,#288,#289,#290,#291,#292,#293,#294,#295,#296,
    #297,#298,#299,#300,#301,#302,#303,#304,#305,#306,#307,#308,#309,
    #310,#311,#312),.UNSPECIFIED.,.F.,.F.,(8,6,6,6,6,6,6,6,6,6,6,6,8),(
    0.,8.631883358403E-02,0.14470583049,0.246445336537,0.38282261928,
    0.445134538922,0.526018740504,0.583028666556,0.650783163467,
    0.723280808642,0.803430609186,0.872375065067,1.),.UNSPECIFIED.);
#239 = CARTESIAN_POINT('',(0.,95.592077535501));
#240 = CARTESIAN_POINT('',(4.312226096741E-02,95.592077535501));
#241 = CARTESIAN_POINT('',(8.620366915703E-02,95.565411086603));
#242 = CARTESIAN_POINT('',(0.128527590913,95.512159762925));
#243 = CARTESIAN_POINT('',(0.16977071144,95.436118656304));
#244 = CARTESIAN_POINT('',(0.209794508914,95.341998504166));
#245 = CARTESIAN_POINT('',(0.248555870647,95.233891123396));
#246 = CARTESIAN_POINT('',(0.311557034939,95.034577651367));
#247 = CARTESIAN_POINT('',(0.336474605853,94.949101782422));
#248 = CARTESIAN_POINT('',(0.36093959832,94.859439079525));
#249 = CARTESIAN_POINT('',(0.384997788763,94.766314601027));
#250 = CARTESIAN_POINT('',(0.408693617048,94.670321084257));
#251 = CARTESIAN_POINT('',(0.432072711996,94.57192938245));
#252 = CARTESIAN_POINT('',(0.4954555422,94.296496532839));
#253 = CARTESIAN_POINT('',(0.534886706561,94.115421224151));
#254 = CARTESIAN_POINT('',(0.573730354673,93.930217544795));
#255 = CARTESIAN_POINT('',(0.612158679005,93.742288197667));
#256 = CARTESIAN_POINT('',(0.650321671481,93.552754198943));
#257 = CARTESIAN_POINT('',(0.688356693471,93.362496980841));
#258 = CARTESIAN_POINT('',(0.777413724601,92.91718812785));
#259 = CARTESIAN_POINT('',(0.828403579353,92.662354387545));
#260 = CARTESIAN_POINT('',(0.879715784425,92.409487004082));
#261 = CARTESIAN_POINT('',(0.931600584173,92.160307970033));
#262 = CARTESIAN_POINT('',(0.984287517258,91.91670214977));
#263 = CARTESIAN_POINT('',(1.037998402022,91.680727823397));
#264 = CARTESIAN_POINT('',(1.118123708922,91.351418499588));
#265 = CARTESIAN_POINT('',(1.143514433874,91.25024336522));
#266 = CARTESIAN_POINT('',(1.169188764221,91.151400850584));
#267 = CARTESIAN_POINT('',(1.195165488484,91.055149668177));
#268 = CARTESIAN_POINT('',(1.221460886799,90.961771616466));
#269 = CARTESIAN_POINT('',(1.248088814762,90.871567354865));
#270 = CARTESIAN_POINT('',(1.310071848955,90.672291246097));
#271 = CARTESIAN_POINT('',(1.345663360602,90.565606249329));
#272 = CARTESIAN_POINT('',(1.38185565736,90.465502202563));
#273 = CARTESIAN_POINT('',(1.418653346139,90.372739849943));
#274 = CARTESIAN_POINT('',(1.456045653771,90.288097054241));
#275 = CARTESIAN_POINT('',(1.494001431613,90.212305425516));
#276 = CARTESIAN_POINT('',(1.559564884723,90.099201229243));
#277 = CARTESIAN_POINT('',(1.586921883072,90.057131142722));
#278 = CARTESIAN_POINT('',(1.614504127403,90.019968574906));
#279 = CARTESIAN_POINT('',(1.642284159989,89.987882557548));
#280 = CARTESIAN_POINT('',(1.670231476064,89.960986364015));
#281 = CARTESIAN_POINT('',(1.698311250242,89.9393293638));
#282 = CARTESIAN_POINT('',(1.759964372745,89.903349877633));
#283 = CARTESIAN_POINT('',(1.793583330462,89.891174488613));
#284 = CARTESIAN_POINT('',(1.827270108796,89.886331780747));
#285 = CARTESIAN_POINT('',(1.860967168775,89.888630547663));
#286 = CARTESIAN_POINT('',(1.894625628022,89.897753490347));
#287 = CARTESIAN_POINT('',(1.928202671601,89.913286508984));
#288 = CARTESIAN_POINT('',(1.997459517289,89.957701762452));
#289 = CARTESIAN_POINT('',(2.033126905841,89.987445629589));
#290 = CARTESIAN_POINT('',(2.068627498858,90.023389689409));
#291 = CARTESIAN_POINT('',(2.103943602714,90.064876184846));
#292 = CARTESIAN_POINT('',(2.13907037369,90.111222017517));
#293 = CARTESIAN_POINT('',(2.174014228673,90.161749433656));
#294 = CARTESIAN_POINT('',(2.247244358971,90.275555613382));
#295 = CARTESIAN_POINT('',(2.28548942964,90.339610131264));
#296 = CARTESIAN_POINT('',(2.323560886764,90.407082787569));
#297 = CARTESIAN_POINT('',(2.361494523955,90.477106544632));
#298 = CARTESIAN_POINT('',(2.399330719757,90.548833800549));
#299 = CARTESIAN_POINT('',(2.437116346826,90.621436836885));
#300 = CARTESIAN_POINT('',(2.507416040478,90.756610070671));
#301 = CARTESIAN_POINT('',(2.539923480993,90.819154058495));
#302 = CARTESIAN_POINT('',(2.572464946518,90.881215171452));
#303 = CARTESIAN_POINT('',(2.605070923807,90.942264004555));
#304 = CARTESIAN_POINT('',(2.63776908939,91.001759009544));
#305 = CARTESIAN_POINT('',(2.67058510214,91.059149589117));
#306 = CARTESIAN_POINT('',(2.764551622836,91.215206667658));
#307 = CARTESIAN_POINT('',(2.826097618609,91.307515702884));
#308 = CARTESIAN_POINT('',(2.888249465696,91.387147933414));
#309 = CARTESIAN_POINT('',(2.951006228814,91.450420472534));
#310 = CARTESIAN_POINT('',(3.014296395429,91.493978652351));
#311 = CARTESIAN_POINT('',(3.077955125086,91.515742662639));
#312 = CARTESIAN_POINT('',(3.14159265359,91.515742662639));
#313 = ( GEOMETRIC_REPRESENTATION_CONTEXT(2) 
PARAMETRIC_REPRESENTATION_CONTEXT() REPRESENTATION_CONTEXT('2D SPACE',''
  ) );
#314 = ORIENTED_EDGE('',*,*,#315,.T.);
#315 = EDGE_CURVE('',#75,#22,#316,.T.);
#316 = SEAM_CURVE('',#317,(#322,#329),.PCURVE_S1.);
#317 = CIRCLE('',#318,12.5);
#318 = AXIS2_PLACEMENT_3D('',#319,#320,#321);
#319 = CARTESIAN_POINT('',(-494.6530507938,169.20512734724,
    -3.122849337826E-14));
#320 = DIRECTION('',(1.333980901844E-16,2.054150453147E-16,-1.));
#321 = DIRECTION('',(-0.544639035015,-0.838670567945,-2.449293598295E-16
    ));
#322 = PCURVE('',#31,#323);
#323 = DEFINITIONAL_REPRESENTATION('',(#324),#328);
#324 = LINE('',#325,#326);
#325 = CARTESIAN_POINT('',(0.,0.));
#326 = VECTOR('',#327,1.);
#327 = DIRECTION('',(0.,1.));
#328 = ( GEOMETRIC_REPRESENTATION_CONTEXT(2) 
PARAMETRIC_REPRESENTATION_CONTEXT() REPRESENTATION_CONTEXT('2D SPACE',''
  ) );
#329 = PCURVE('',#31,#330);
#330 = DEFINITIONAL_REPRESENTATION('',(#331),#335);
#331 = LINE('',#332,#333);
#332 = CARTESIAN_POINT('',(6.28318530718,0.));
#333 = VECTOR('',#334,1.);
#334 = DIRECTION('',(0.,1.));
#335 = ( GEOMETRIC_REPRESENTATION_CONTEXT(2) 
PARAMETRIC_REPRESENTATION_CONTEXT() REPRESENTATION_CONTEXT('2D SPACE',''
  ) );
#336 = ORIENTED_EDGE('',*,*,#21,.F.);
#337 = ORIENTED_EDGE('',*,*,#315,.F.);
#338 = ORIENTED_EDGE('',*,*,#339,.F.);
#339 = EDGE_CURVE('',#51,#75,#340,.T.);
#340 = SURFACE_CURVE('',#341,(#416,#494),.PCURVE_S1.);
#341 = B_SPLINE_CURVE_WITH_KNOTS('',7,(#342,#343,#344,#345,#346,#347,
    #348,#349,#350,#351,#352,#353,#354,#355,#356,#357,#358,#359,#360,
    #361,#362,#363,#364,#365,#366,#367,#368,#369,#370,#371,#372,#373,
    #374,#375,#376,#377,#378,#379,#380,#381,#382,#383,#384,#385,#386,
    #387,#388,#389,#390,#391,#392,#393,#394,#395,#396,#397,#398,#399,
    #400,#401,#402,#403,#404,#405,#406,#407,#408,#409,#410,#411,#412,
    #413,#414,#415),.UNSPECIFIED.,.F.,.F.,(8,6,6,6,6,6,6,6,6,6,6,6,8),(
    0.,8.631883358407E-02,0.144705830491,0.246445336537,0.38282261928,
    0.445134538922,0.526018740504,0.583028666556,0.650783163467,
    0.723280808642,0.803430609186,0.872375065067,1.),.UNSPECIFIED.);
#342 = CARTESIAN_POINT('',(-498.512382325,181.09443178997,0.));
#343 = CARTESIAN_POINT('',(-498.512382325,181.09443178997,0.344978087739
    ));
#344 = CARTESIAN_POINT('',(-498.4823475527,181.10494279057,0.68963258641
    ));
#345 = CARTESIAN_POINT('',(-498.422405803,181.12596034106,1.027163827847
    ));
#346 = CARTESIAN_POINT('',(-498.3362861664,181.15556789723,
    1.353995161863));
#347 = CARTESIAN_POINT('',(-498.2285794718,181.19135721161,
    1.668356356941));
#348 = CARTESIAN_POINT('',(-498.103257662,181.23122432004,1.969562171504
    ));
#349 = CARTESIAN_POINT('',(-497.8688861067,181.30216467134,
    2.453079171907));
#350 = CARTESIAN_POINT('',(-497.7675498427,181.3319506854,2.642612546838
    ));
#351 = CARTESIAN_POINT('',(-497.6602582103,181.36243082976,
    2.826885621005));
#352 = CARTESIAN_POINT('',(-497.5476816119,181.39320651493,
    3.006180262847));
#353 = CARTESIAN_POINT('',(-497.4303592192,181.42394504039,
    3.180775154193));
#354 = CARTESIAN_POINT('',(-497.3087047723,181.45437088664,
    3.350955891518));
#355 = CARTESIAN_POINT('',(-496.9639725556,181.53632035749,
    3.806389487291));
#356 = CARTESIAN_POINT('',(-496.7328059371,181.58669973222,
    4.083065301511));
#357 = CARTESIAN_POINT('',(-496.4910930633,181.6341584183,4.348598167039
    ));
#358 = CARTESIAN_POINT('',(-496.2398796216,181.67773148949,
    4.603863655486));
#359 = CARTESIAN_POINT('',(-495.9799226037,181.71658708828,
    4.849497980291));
#360 = CARTESIAN_POINT('',(-495.711695279,181.74997709064,5.085942751047
    ));
#361 = CARTESIAN_POINT('',(-495.0650283676,181.81357838841,
    5.618550169284));
#362 = CARTESIAN_POINT('',(-494.6804831858,181.83880521343,
    5.907368797481));
#363 = CARTESIAN_POINT('',(-494.2823357364,181.85105719579,
    6.180707822778));
#364 = CARTESIAN_POINT('',(-493.871037831,181.84850811753,6.438258111393
    ));
#365 = CARTESIAN_POINT('',(-493.4471041889,181.82917459119,
    6.679102806852));
#366 = CARTESIAN_POINT('',(-493.0111283309,181.79091500281,
    6.901752978887));
#367 = CARTESIAN_POINT('',(-492.3592837931,181.70402700366,
    7.196503640312));
#368 = CARTESIAN_POINT('',(-492.1525179917,181.67232101717,
    7.284672956084));
#369 = CARTESIAN_POINT('',(-491.9435007187,181.6359325892,7.36836047733)
  );
#370 = CARTESIAN_POINT('',(-491.7323544212,181.59462943622,
    7.447312234548));
#371 = CARTESIAN_POINT('',(-491.5192401856,181.54817992234,
    7.521238280153));
#372 = CARTESIAN_POINT('',(-491.3043600176,181.49636015334,
    7.589817806337));
#373 = CARTESIAN_POINT('',(-490.8070591936,181.36445399389,7.73433424419
    ));
#374 = CARTESIAN_POINT('',(-490.5235903588,181.28054478299,
    7.806374015853));
#375 = CARTESIAN_POINT('',(-490.238127713,181.18678665172,7.868052474788
    ));
#376 = CARTESIAN_POINT('',(-489.9514321505,181.08280574022,
    7.918522307896));
#377 = CARTESIAN_POINT('',(-489.6644515562,180.96835079669,
    7.956897574035));
#378 = CARTESIAN_POINT('',(-489.37832202,180.84337414573,7.98232966725)
  );
#379 = CARTESIAN_POINT('',(-488.8942294151,180.61282911461,
    8.002433058265));
#380 = CARTESIAN_POINT('',(-488.6951584109,180.51241444402,
    8.003968548166));
#381 = CARTESIAN_POINT('',(-488.4976490354,180.40700656614,
    7.998483164952));
#382 = CARTESIAN_POINT('',(-488.3021969305,180.29677430322,
    7.985775864083));
#383 = CARTESIAN_POINT('',(-488.1092963569,180.18195582947,
    7.965702446456));
#384 = CARTESIAN_POINT('',(-487.9194361458,180.06286583518,
    7.938188482337));
#385 = CARTESIAN_POINT('',(-487.5116358539,179.7937648768,7.861709724189
    ));
#386 = CARTESIAN_POINT('',(-487.2950965127,179.64212274593,
    7.809670330812));
#387 = CARTESIAN_POINT('',(-487.0842984835,179.48564849245,
    7.747133892519));
#388 = CARTESIAN_POINT('',(-486.8798821334,179.32507751071,
    7.674254116925));
#389 = CARTESIAN_POINT('',(-486.6823346828,179.16118631428,
    7.591297022612));
#390 = CARTESIAN_POINT('',(-486.4920130429,178.994773158,7.498617334604)
  );
#391 = CARTESIAN_POINT('',(-486.1135107882,178.64673951476,
    7.287529617686));
#392 = CARTESIAN_POINT('',(-485.9263858308,178.46484510941,
    7.167759469506));
#393 = CARTESIAN_POINT('',(-485.7480240013,178.28187954988,
    7.037814112161));
#394 = CARTESIAN_POINT('',(-485.5784715326,178.09870917715,
    6.898211740706));
#395 = CARTESIAN_POINT('',(-485.417643261,177.91613098852,6.749463060386
    ));
#396 = CARTESIAN_POINT('',(-485.2653649107,177.7348664986,6.592034758696
    ));
#397 = CARTESIAN_POINT('',(-484.9622365154,177.35733551031,
    6.243114850489));
#398 = CARTESIAN_POINT('',(-484.8132532901,177.16152920426,
    6.049803917922));
#399 = CARTESIAN_POINT('',(-484.6740956745,176.9689846994,5.846891517481
    ));
#400 = CARTESIAN_POINT('',(-484.5443871425,176.78050655983,
    5.634824433752));
#401 = CARTESIAN_POINT('',(-484.4237408431,176.59686684062,
    5.413983548669));
#402 = CARTESIAN_POINT('',(-484.311772709,176.41881463286,5.184667961836
    ));
#403 = CARTESIAN_POINT('',(-484.1189485753,176.09937770881,
    4.742693175791));
#404 = CARTESIAN_POINT('',(-484.035945365,175.95636993292,4.532219361759
    ));
#405 = CARTESIAN_POINT('',(-483.9588710625,175.81854499063,
    4.315785441104));
#406 = CARTESIAN_POINT('',(-483.887525456,175.68641704255,4.093530052708
    ));
#407 = CARTESIAN_POINT('',(-483.8217326436,175.56053433514,
    3.865600937557));
#408 = CARTESIAN_POINT('',(-483.7613377925,175.4414727939,3.632160872932
    ));
#409 = CARTESIAN_POINT('',(-483.6041618353,175.12315737846,
    2.951406823886));
#410 = CARTESIAN_POINT('',(-483.5200763792,174.94172459283,
    2.490792751426));
#411 = CARTESIAN_POINT('',(-483.4533153572,174.78966380474,
    2.013271549841));
#412 = CARTESIAN_POINT('',(-483.403457447,174.67130116126,1.521321463453
    ));
#413 = CARTESIAN_POINT('',(-483.3701673441,174.59061464798,
    1.018370634369));
#414 = CARTESIAN_POINT('',(-483.3535301504,174.55029649615,
    0.509100228031));
#415 = CARTESIAN_POINT('',(-483.3535301504,174.55029649615,0.));
#416 = PCURVE('',#31,#417);
#417 = DEFINITIONAL_REPRESENTATION('',(#418),#493);
#418 = B_SPLINE_CURVE_WITH_KNOTS('',7,(#419,#420,#421,#422,#423,#424,
    #425,#426,#427,#428,#429,#430,#431,#432,#433,#434,#435,#436,#437,
    #438,#439,#440,#441,#442,#443,#444,#445,#446,#447,#448,#449,#450,
    #451,#452,#453,#454,#455,#456,#457,#458,#459,#460,#461,#462,#463,
    #464,#465,#466,#467,#468,#469,#470,#471,#472,#473,#474,#475,#476,
    #477,#478,#479,#480,#481,#482,#483,#484,#485,#486,#487,#488,#489,
    #490,#491,#492),.UNSPECIFIED.,.F.,.F.,(8,6,6,6,6,6,6,6,6,6,6,6,8),(
    0.,8.631883358407E-02,0.144705830491,0.246445336537,0.38282261928,
    0.445134538922,0.526018740504,0.583028666556,0.650783163467,
    0.723280808642,0.803430609186,0.872375065067,1.),.UNSPECIFIED.);
#419 = CARTESIAN_POINT('',(0.,2.251759112897));
#420 = CARTESIAN_POINT('',(2.883691166985E-03,2.251759112897));
#421 = CARTESIAN_POINT('',(5.764666835117E-03,2.25423193146));
#422 = CARTESIAN_POINT('',(8.588617559077E-03,2.259168276467));
#423 = CARTESIAN_POINT('',(1.132795704432E-02,2.266244902355));
#424 = CARTESIAN_POINT('',(1.396912835136E-02,2.275064144062));
#425 = CARTESIAN_POINT('',(1.650659292638E-02,2.285283844157));
#426 = CARTESIAN_POINT('',(2.059185454285E-02,2.304317526453));
#427 = CARTESIAN_POINT('',(2.219663195549E-02,2.312527881681));
#428 = CARTESIAN_POINT('',(2.376036485121E-02,2.321198546423));
#429 = CARTESIAN_POINT('',(2.528536927213E-02,2.33027216187));
#430 = CARTESIAN_POINT('',(2.677389867143E-02,2.339703067349));
#431 = CARTESIAN_POINT('',(2.822825256077E-02,2.349456642322));
#432 = CARTESIAN_POINT('',(3.212970886339E-02,2.377025606743));
#433 = CARTESIAN_POINT('',(3.451045036501E-02,2.395437765572));
#434 = CARTESIAN_POINT('',(3.680555352744E-02,2.414614406204));
#435 = CARTESIAN_POINT('',(3.902174544389E-02,2.434474456587));
#436 = CARTESIAN_POINT('',(4.116369591938E-02,2.454964861864));
#437 = CARTESIAN_POINT('',(4.323441789507E-02,2.476059174575));
#438 = CARTESIAN_POINT('',(4.791858406203E-02,2.526841994503));
#439 = CARTESIAN_POINT('',(5.047441792921E-02,2.556985753355));
#440 = CARTESIAN_POINT('',(5.290779450723E-02,2.588179842508));
#441 = CARTESIAN_POINT('',(5.521406442563E-02,2.620439584267));
#442 = CARTESIAN_POINT('',(5.73830311491E-02,2.653791780007));
#443 = CARTESIAN_POINT('',(5.939918727083E-02,2.688276448754));
#444 = CARTESIAN_POINT('',(6.208252281349E-02,2.740265213195));
#445 = CARTESIAN_POINT('',(6.288744727105E-02,2.756816071686));
#446 = CARTESIAN_POINT('',(6.365362942444E-02,2.773617366302));
#447 = CARTESIAN_POINT('',(6.437855537649E-02,2.790671453621));
#448 = CARTESIAN_POINT('',(6.505937864239E-02,2.807978767953));
#449 = CARTESIAN_POINT('',(6.56929690471E-02,2.825537577905));
#450 = CARTESIAN_POINT('',(6.703271714068E-02,2.866457096732));
#451 = CARTESIAN_POINT('',(6.770423970938E-02,2.889987742729));
#452 = CARTESIAN_POINT('',(6.828305222485E-02,2.913923420172));
#453 = CARTESIAN_POINT('',(6.876098244719E-02,2.938239220343));
#454 = CARTESIAN_POINT('',(6.912953648386E-02,2.962896613841));
#455 = CARTESIAN_POINT('',(6.938063586933E-02,2.987840080776));
#456 = CARTESIAN_POINT('',(6.959729020311E-02,3.030718806375));
#457 = CARTESIAN_POINT('',(6.962525630366E-02,3.048550624295));
#458 = CARTESIAN_POINT('',(6.95893056901E-02,3.066456824439));
#459 = CARTESIAN_POINT('',(6.948756665933E-02,3.084405583014));
#460 = CARTESIAN_POINT('',(6.931872684609E-02,3.102362760707));
#461 = CARTESIAN_POINT('',(6.908215341124E-02,3.120291437738));
#462 = CARTESIAN_POINT('',(6.841655222836E-02,3.159377508263));
#463 = CARTESIAN_POINT('',(6.795957631179E-02,3.180511455403));
#464 = CARTESIAN_POINT('',(6.740732358594E-02,3.20148458035));
#465 = CARTESIAN_POINT('',(6.676143877579E-02,3.222236940206));
#466 = CARTESIAN_POINT('',(6.602466667798E-02,3.242715239531));
#467 = CARTESIAN_POINT('',(6.520060908959E-02,3.262871399707));
#468 = CARTESIAN_POINT('',(6.332298240035E-02,3.303837661577));
#469 = CARTESIAN_POINT('',(6.225724969369E-02,3.324597678985));
#470 = CARTESIAN_POINT('',(6.110121309332E-02,3.344895551805));
#471 = CARTESIAN_POINT('',(5.986010146463E-02,3.364696594197));
#472 = CARTESIAN_POINT('',(5.853906720958E-02,3.383974464691));
#473 = CARTESIAN_POINT('',(5.714283368184E-02,3.402708963841));
#474 = CARTESIAN_POINT('',(5.405313989568E-02,3.44097934938));
#475 = CARTESIAN_POINT('',(5.234405889018E-02,3.460388638178));
#476 = CARTESIAN_POINT('',(5.055338153011E-02,3.479096040008));
#477 = CARTESIAN_POINT('',(4.868572790267E-02,3.497084001689));
#478 = CARTESIAN_POINT('',(4.674504608581E-02,3.514333701091));
#479 = CARTESIAN_POINT('',(4.473446446778E-02,3.530824236066));
#480 = CARTESIAN_POINT('',(4.086828882522E-02,3.560042737896));
#481 = CARTESIAN_POINT('',(3.90306040083E-02,3.572972300901));
#482 = CARTESIAN_POINT('',(3.7144477548E-02,3.585304544648));
#483 = CARTESIAN_POINT('',(3.521132431699E-02,3.597018276363));
#484 = CARTESIAN_POINT('',(3.323257138248E-02,3.608087583807));
#485 = CARTESIAN_POINT('',(3.120969903232E-02,3.618482604481));
#486 = CARTESIAN_POINT('',(2.532094668072E-02,3.646103158599));
#487 = CARTESIAN_POINT('',(2.134859984666E-02,3.661627198776));
#488 = CARTESIAN_POINT('',(1.72420606932E-02,3.674500178773));
#489 = CARTESIAN_POINT('',(1.302159325553E-02,3.684446836698));
#490 = CARTESIAN_POINT('',(8.714226608356E-03,3.691203113993));
#491 = CARTESIAN_POINT('',(4.356384919861E-03,3.694579214223));
#492 = CARTESIAN_POINT('',(0.,3.694579214223));
#493 = ( GEOMETRIC_REPRESENTATION_CONTEXT(2) 
PARAMETRIC_REPRESENTATION_CONTEXT() REPRESENTATION_CONTEXT('2D SPACE',''
  ) );
#494 = PCURVE('',#232,#495);
#495 = DEFINITIONAL_REPRESENTATION('',(#496),#571);
#496 = B_SPLINE_CURVE_WITH_KNOTS('',7,(#497,#498,#499,#500,#501,#502,
    #503,#504,#505,#506,#507,#508,#509,#510,#511,#512,#513,#514,#515,
    #516,#517,#518,#519,#520,#521,#522,#523,#524,#525,#526,#527,#528,
    #529,#530,#531,#532,#533,#534,#535,#536,#537,#538,#539,#540,#541,
    #542,#543,#544,#545,#546,#547,#548,#549,#550,#551,#552,#553,#554,
    #555,#556,#557,#558,#559,#560,#561,#562,#563,#564,#565,#566,#567,
    #568,#569,#570),.UNSPECIFIED.,.F.,.F.,(8,6,6,6,6,6,6,6,6,6,6,6,8),(
    0.,8.631883358407E-02,0.144705830491,0.246445336537,0.38282261928,
    0.445134538922,0.526018740504,0.583028666556,0.650783163467,
    0.723280808642,0.803430609186,0.872375065067,1.),.UNSPECIFIED.);
#497 = CARTESIAN_POINT('',(6.28318530718,95.592077535501));
#498 = CARTESIAN_POINT('',(6.240063046212,95.592077535501));
#499 = CARTESIAN_POINT('',(6.196981638023,95.565411086603));
#500 = CARTESIAN_POINT('',(6.154657716267,95.512159762925));
#501 = CARTESIAN_POINT('',(6.11341459574,95.436118656304));
#502 = CARTESIAN_POINT('',(6.073390798266,95.341998504166));
#503 = CARTESIAN_POINT('',(6.034629436532,95.233891123396));
#504 = CARTESIAN_POINT('',(5.971628272241,95.034577651368));
#505 = CARTESIAN_POINT('',(5.946710701327,94.949101782422));
#506 = CARTESIAN_POINT('',(5.92224570886,94.859439079525));
#507 = CARTESIAN_POINT('',(5.898187518417,94.766314601027));
#508 = CARTESIAN_POINT('',(5.874491690132,94.670321084257));
#509 = CARTESIAN_POINT('',(5.851112595183,94.57192938245));
#510 = CARTESIAN_POINT('',(5.78772976498,94.296496532839));
#511 = CARTESIAN_POINT('',(5.748298600619,94.115421224152));
#512 = CARTESIAN_POINT('',(5.709454952506,93.930217544794));
#513 = CARTESIAN_POINT('',(5.671026628174,93.742288197668));
#514 = CARTESIAN_POINT('',(5.632863635698,93.552754198943));
#515 = CARTESIAN_POINT('',(5.594828613709,93.362496980841));
#516 = CARTESIAN_POINT('',(5.505771582579,92.91718812785));
#517 = CARTESIAN_POINT('',(5.454781727826,92.662354387543));
#518 = CARTESIAN_POINT('',(5.403469522755,92.409487004085));
#519 = CARTESIAN_POINT('',(5.351584723006,92.160307970031));
#520 = CARTESIAN_POINT('',(5.298897789922,91.916702149771));
#521 = CARTESIAN_POINT('',(5.245186905157,91.680727823397));
#522 = CARTESIAN_POINT('',(5.165061598258,91.351418499588));
#523 = CARTESIAN_POINT('',(5.139670873305,91.25024336522));
#524 = CARTESIAN_POINT('',(5.113996542959,91.151400850584));
#525 = CARTESIAN_POINT('',(5.088019818696,91.055149668177));
#526 = CARTESIAN_POINT('',(5.061724420381,90.961771616466));
#527 = CARTESIAN_POINT('',(5.035096492418,90.871567354865));
#528 = CARTESIAN_POINT('',(4.973113458225,90.672291246097));
#529 = CARTESIAN_POINT('',(4.937521946577,90.565606249329));
#530 = CARTESIAN_POINT('',(4.90132964982,90.465502202563));
#531 = CARTESIAN_POINT('',(4.86453196104,90.372739849944));
#532 = CARTESIAN_POINT('',(4.827139653409,90.288097054241));
#533 = CARTESIAN_POINT('',(4.789183875566,90.212305425516));
#534 = CARTESIAN_POINT('',(4.723620422457,90.099201229243));
#535 = CARTESIAN_POINT('',(4.696263424108,90.057131142722));
#536 = CARTESIAN_POINT('',(4.668681179776,90.019968574906));
#537 = CARTESIAN_POINT('',(4.64090114719,89.987882557547));
#538 = CARTESIAN_POINT('',(4.612953831115,89.960986364015));
#539 = CARTESIAN_POINT('',(4.584874056937,89.9393293638));
#540 = CARTESIAN_POINT('',(4.523220934434,89.903349877633));
#541 = CARTESIAN_POINT('',(4.489601976717,89.891174488613));
#542 = CARTESIAN_POINT('',(4.455915198383,89.886331780747));
#543 = CARTESIAN_POINT('',(4.422218138404,89.888630547663));
#544 = CARTESIAN_POINT('',(4.388559679157,89.897753490347));
#545 = CARTESIAN_POINT('',(4.354982635578,89.913286508984));
#546 = CARTESIAN_POINT('',(4.28572578989,89.957701762453));
#547 = CARTESIAN_POINT('',(4.250058401338,89.98744562959));
#548 = CARTESIAN_POINT('',(4.214557808321,90.02338968941));
#549 = CARTESIAN_POINT('',(4.179241704465,90.064876184847));
#550 = CARTESIAN_POINT('',(4.144114933489,90.111222017518));
#551 = CARTESIAN_POINT('',(4.109171078506,90.161749433657));
#552 = CARTESIAN_POINT('',(4.035940948208,90.275555613383));
#553 = CARTESIAN_POINT('',(3.997695877539,90.339610131265));
#554 = CARTESIAN_POINT('',(3.959624420415,90.40708278757));
#555 = CARTESIAN_POINT('',(3.921690783224,90.477106544633));
#556 = CARTESIAN_POINT('',(3.883854587422,90.548833800551));
#557 = CARTESIAN_POINT('',(3.846068960353,90.621436836887));
#558 = CARTESIAN_POINT('',(3.775769266701,90.756610070672));
#559 = CARTESIAN_POINT('',(3.743261826186,90.819154058497));
#560 = CARTESIAN_POINT('',(3.710720360661,90.881215171454));
#561 = CARTESIAN_POINT('',(3.678114383372,90.942264004556));
#562 = CARTESIAN_POINT('',(3.645416217789,91.001759009546));
#563 = CARTESIAN_POINT('',(3.612600205039,91.059149589119));
#564 = CARTESIAN_POINT('',(3.518633684343,91.215206667659));
#565 = CARTESIAN_POINT('',(3.45708768857,91.307515702886));
#566 = CARTESIAN_POINT('',(3.394935841483,91.387147933414));
#567 = CARTESIAN_POINT('',(3.332179078365,91.450420472535));
#568 = CARTESIAN_POINT('',(3.26888891175,91.493978652351));
#569 = CARTESIAN_POINT('',(3.205230182094,91.515742662639));
#570 = CARTESIAN_POINT('',(3.14159265359,91.515742662639));
#571 = ( GEOMETRIC_REPRESENTATION_CONTEXT(2) 
PARAMETRIC_REPRESENTATION_CONTEXT() REPRESENTATION_CONTEXT('2D SPACE',''
  ) );
#572 = ORIENTED_EDGE('',*,*,#50,.F.);
#573 = FACE_BOUND('',#574,.T.);
#574 = EDGE_LOOP('',(#575,#728));
#575 = ORIENTED_EDGE('',*,*,#576,.T.);
#576 = EDGE_CURVE('',#577,#579,#581,.T.);
#577 = VERTEX_POINT('',#578);
#578 = CARTESIAN_POINT('',(-418.367388693,276.87420924944,116.1156330556
    ));
#579 = VERTEX_POINT('',#580);
#580 = CARTESIAN_POINT('',(-430.9397333068,283.73676122139,
    118.7228948522));
#581 = SURFACE_CURVE('',#582,(#627,#675),.PCURVE_S1.);
#582 = B_SPLINE_CURVE_WITH_KNOTS('',7,(#583,#584,#585,#586,#587,#588,
    #589,#590,#591,#592,#593,#594,#595,#596,#597,#598,#599,#600,#601,
    #602,#603,#604,#605,#606,#607,#608,#609,#610,#611,#612,#613,#614,
    #615,#616,#617,#618,#619,#620,#621,#622,#623,#624,#625,#626),
  .UNSPECIFIED.,.F.,.F.,(8,6,6,6,6,6,6,8),(0.,0.208115801827,
    0.354818076203,0.439458629657,0.55531669701,0.639755496047,
    0.834324689219,1.),.UNSPECIFIED.);
#583 = CARTESIAN_POINT('',(-418.367388693,276.87420924944,116.1156330556
    ));
#584 = CARTESIAN_POINT('',(-418.3569526461,277.41834463936,
    115.96242173218));
#585 = CARTESIAN_POINT('',(-418.3902945792,277.95943773292,
    115.80188497109));
#586 = CARTESIAN_POINT('',(-418.4669240907,278.49684639428,
    115.63887908622));
#587 = CARTESIAN_POINT('',(-418.5874712758,279.02887689653,
    115.47832883387));
#588 = CARTESIAN_POINT('',(-418.752785485,279.55306194983,
    115.32546282384));
#589 = CARTESIAN_POINT('',(-418.9637530244,280.06616839694,
    115.18575214777));
#590 = CARTESIAN_POINT('',(-419.4019241226,280.91527308793,
    114.97935446566));
#591 = CARTESIAN_POINT('',(-419.6059150296,281.25875685291,
    114.90330778217));
#592 = CARTESIAN_POINT('',(-419.832472127,281.59253525365,
    114.83864379662));
#593 = CARTESIAN_POINT('',(-420.0808796722,281.91432710922,
    114.78735132979));
#594 = CARTESIAN_POINT('',(-420.3498409261,282.22175448984,
    114.75116404332));
#595 = CARTESIAN_POINT('',(-420.6372655638,282.51246863322,
    114.73131752943));
#596 = CARTESIAN_POINT('',(-421.1146155245,282.94119362345,
    114.72642467399));
#597 = CARTESIAN_POINT('',(-421.2944013406,283.09182487289,
    114.73020750544));
#598 = CARTESIAN_POINT('',(-421.4787490012,283.23584145128,
    114.73964630776));
#599 = CARTESIAN_POINT('',(-421.6670641391,283.37296248259,
    114.75473581604));
#600 = CARTESIAN_POINT('',(-421.8587470315,283.50299779857,
    114.77539297404));
#601 = CARTESIAN_POINT('',(-422.0532005739,283.62583408694,
    114.8014671986));
#602 = CARTESIAN_POINT('',(-422.5189928064,283.89964982073,
    114.87557167674));
#603 = CARTESIAN_POINT('',(-422.7922631602,284.04431462901,
    114.92815720757));
#604 = CARTESIAN_POINT('',(-423.0682208553,284.17535004383,
    114.98998992201));
#605 = CARTESIAN_POINT('',(-423.3456404233,284.29298661512,
    115.06039731547));
#606 = CARTESIAN_POINT('',(-423.6235043202,284.3976264705,
    115.13864435123));
#607 = CARTESIAN_POINT('',(-423.9010053267,284.48975572991,
    115.22399994315));
#608 = CARTESIAN_POINT('',(-424.3790872126,284.62830697627,
    115.38266533793));
#609 = CARTESIAN_POINT('',(-424.58012303,284.68034951675,115.4529657957)
  );
#610 = CARTESIAN_POINT('',(-424.7804308149,284.72623148277,
    115.52641656044));
#611 = CARTESIAN_POINT('',(-424.9798318562,284.76615978168,
    115.60276520774));
#612 = CARTESIAN_POINT('',(-425.1781868683,284.80033691441,
    115.68177228927));
#613 = CARTESIAN_POINT('',(-425.3753944211,284.82895535288,
    115.76321487493));
#614 = CARTESIAN_POINT('',(-426.0230132632,284.90573507143,
    116.03969980167));
#615 = CARTESIAN_POINT('',(-426.4679571771,284.9306745397,
    116.24426028556));
#616 = CARTESIAN_POINT('',(-426.9057324228,284.92926273147,
    116.45818690958));
#617 = CARTESIAN_POINT('',(-427.3360763058,284.90312129733,
    116.67936119515));
#618 = CARTESIAN_POINT('',(-427.7590238232,284.85338574695,
    116.90584360555));
#619 = CARTESIAN_POINT('',(-428.1749157277,284.78066800372,
    117.13586460626));
#620 = CARTESIAN_POINT('',(-428.9333601616,284.60287043306,
    117.5649953486));
#621 = CARTESIAN_POINT('',(-429.2772791629,284.50428327903,
    117.76342348911));
#622 = CARTESIAN_POINT('',(-429.6169673432,284.38869393489,
    117.96189533278));
#623 = CARTESIAN_POINT('',(-429.952806561,284.25551881166,
    118.15911501442));
#624 = CARTESIAN_POINT('',(-430.2850483557,284.10370934251,
    118.35334881902));
#625 = CARTESIAN_POINT('',(-430.613891499,283.93177847698,
    118.54237600563));
#626 = CARTESIAN_POINT('',(-430.9397333068,283.73676122139,
    118.7228948522));
#627 = PCURVE('',#31,#628);
#628 = DEFINITIONAL_REPRESENTATION('',(#629),#674);
#629 = B_SPLINE_CURVE_WITH_KNOTS('',7,(#630,#631,#632,#633,#634,#635,
    #636,#637,#638,#639,#640,#641,#642,#643,#644,#645,#646,#647,#648,
    #649,#650,#651,#652,#653,#654,#655,#656,#657,#658,#659,#660,#661,
    #662,#663,#664,#665,#666,#667,#668,#669,#670,#671,#672,#673),
  .UNSPECIFIED.,.F.,.F.,(8,6,6,6,6,6,6,8),(0.,0.208115801827,
    0.354818076203,0.439458629657,0.55531669701,0.639755496047,
    0.834324689219,1.),.UNSPECIFIED.);
#630 = CARTESIAN_POINT('',(1.608216010964,3.582787693889));
#631 = CARTESIAN_POINT('',(1.612238857141,3.557342738445));
#632 = CARTESIAN_POINT('',(1.616048038162,3.529152815335));
#633 = CARTESIAN_POINT('',(1.619639600874,3.49839686514));
#634 = CARTESIAN_POINT('',(1.622995449301,3.46520208791));
#635 = CARTESIAN_POINT('',(1.626089547724,3.429685895069));
#636 = CARTESIAN_POINT('',(1.62888895499,3.391954862881));
#637 = CARTESIAN_POINT('',(1.633097098329,3.324060705156));
#638 = CARTESIAN_POINT('',(1.634671962529,3.294957751849));
#639 = CARTESIAN_POINT('',(1.636065562878,3.26492519796));
#640 = CARTESIAN_POINT('',(1.637262553814,3.234088794972));
#641 = CARTESIAN_POINT('',(1.638249833258,3.202601072944));
#642 = CARTESIAN_POINT('',(1.639018786347,3.170653572008));
#643 = CARTESIAN_POINT('',(1.639885537654,3.119946151032));
#644 = CARTESIAN_POINT('',(1.640129746093,3.10131916076));
#645 = CARTESIAN_POINT('',(1.640300834761,3.082662618874));
#646 = CARTESIAN_POINT('',(1.64039955438,3.064017833263));
#647 = CARTESIAN_POINT('',(1.640427429621,3.045422805851));
#648 = CARTESIAN_POINT('',(1.640386610479,3.026912807792));
#649 = CARTESIAN_POINT('',(1.64013351196,2.983345471317));
#650 = CARTESIAN_POINT('',(1.639863529455,2.958388815217));
#651 = CARTESIAN_POINT('',(1.639476582454,2.93372741837));
#652 = CARTESIAN_POINT('',(1.638980872433,2.909415168143));
#653 = CARTESIAN_POINT('',(1.638384951675,2.88548906473));
#654 = CARTESIAN_POINT('',(1.637696997502,2.861972577451));
#655 = CARTESIAN_POINT('',(1.636361401392,2.82204394518));
#656 = CARTESIAN_POINT('',(1.635753410161,2.805434392584));
#657 = CARTESIAN_POINT('',(1.635103311546,2.789051116034));
#658 = CARTESIAN_POINT('',(1.634413749826,2.772895396));
#659 = CARTESIAN_POINT('',(1.63368713778,2.756966791481));
#660 = CARTESIAN_POINT('',(1.632925619829,2.741263323161));
#661 = CARTESIAN_POINT('',(1.630300103264,2.690107826336));
#662 = CARTESIAN_POINT('',(1.628294584975,2.655630717245));
#663 = CARTESIAN_POINT('',(1.626136126146,2.622283937906));
#664 = CARTESIAN_POINT('',(1.623840356274,2.590027561632));
#665 = CARTESIAN_POINT('',(1.621417611714,2.558834411875));
#666 = CARTESIAN_POINT('',(1.618872697814,2.528688337107));
#667 = CARTESIAN_POINT('',(1.613926771107,2.474824104522));
#668 = CARTESIAN_POINT('',(1.611562816383,2.450841232788));
#669 = CARTESIAN_POINT('',(1.609106246032,2.4276390858));
#670 = CARTESIAN_POINT('',(1.606552223205,2.405257681431));
#671 = CARTESIAN_POINT('',(1.603893211998,2.383786771401));
#672 = CARTESIAN_POINT('',(1.601118749503,2.363365124756));
#673 = CARTESIAN_POINT('',(1.598206835347,2.344234280174));
#674 = ( GEOMETRIC_REPRESENTATION_CONTEXT(2) 
PARAMETRIC_REPRESENTATION_CONTEXT() REPRESENTATION_CONTEXT('2D SPACE',''
  ) );
#675 = PCURVE('',#676,#681);
#676 = CYLINDRICAL_SURFACE('',#677,8.);
#677 = AXIS2_PLACEMENT_3D('',#678,#679,#680);
#678 = CARTESIAN_POINT('',(-420.1795504217,272.86779055019,25.));
#679 = DIRECTION('',(-6.789182304854E-02,4.408946540374E-02,
    0.996718024019));
#680 = DIRECTION('',(0.997688189257,0.,6.795790621859E-02));
#681 = DEFINITIONAL_REPRESENTATION('',(#682),#727);
#682 = B_SPLINE_CURVE_WITH_KNOTS('',7,(#683,#684,#685,#686,#687,#688,
    #689,#690,#691,#692,#693,#694,#695,#696,#697,#698,#699,#700,#701,
    #702,#703,#704,#705,#706,#707,#708,#709,#710,#711,#712,#713,#714,
    #715,#716,#717,#718,#719,#720,#721,#722,#723,#724,#725,#726),
  .UNSPECIFIED.,.F.,.F.,(8,6,6,6,6,6,6,8),(0.,0.208115801827,
    0.354818076203,0.439458629657,0.55531669701,0.639755496047,
    0.834324689219,1.),.UNSPECIFIED.);
#683 = CARTESIAN_POINT('',(0.,90.870203631604));
#684 = CARTESIAN_POINT('',(6.879711540875E-02,90.740777260263));
#685 = CARTESIAN_POINT('',(0.137238271867,90.606887526814));
#686 = CARTESIAN_POINT('',(0.205748036638,90.473313201167));
#687 = CARTESIAN_POINT('',(0.274596844094,90.344930979464));
#688 = CARTESIAN_POINT('',(0.343995987567,90.226901193819));
#689 = CARTESIAN_POINT('',(0.414110873412,90.124594604638));
#690 = CARTESIAN_POINT('',(0.535069325123,89.986059121319));
#691 = CARTESIAN_POINT('',(0.585480195566,89.939255351362));
#692 = CARTESIAN_POINT('',(0.636227845801,89.904901077073));
#693 = CARTESIAN_POINT('',(0.687219190247,89.884829422881));
#694 = CARTESIAN_POINT('',(0.738328249365,89.880575480931));
#695 = CARTESIAN_POINT('',(0.789377659685,89.893125316628));
#696 = CARTESIAN_POINT('',(0.869371405679,89.939558934113));
#697 = CARTESIAN_POINT('',(0.898539973362,89.96217658847));
#698 = CARTESIAN_POINT('',(0.927564219189,89.990449725577));
#699 = CARTESIAN_POINT('',(0.956405406014,90.02432036144));
#700 = CARTESIAN_POINT('',(0.985029754362,90.063656611718));
#701 = CARTESIAN_POINT('',(1.013406886791,90.108262853082));
#702 = CARTESIAN_POINT('',(1.079975607386,90.225819995249));
#703 = CARTESIAN_POINT('',(1.117930533844,90.303163958188));
#704 = CARTESIAN_POINT('',(1.155314456594,90.389306291538));
#705 = CARTESIAN_POINT('',(1.192098515685,90.483503663389));
#706 = CARTESIAN_POINT('',(1.228274006782,90.584972096066));
#707 = CARTESIAN_POINT('',(1.263847501943,90.692949532006));
#708 = CARTESIAN_POINT('',(1.324345198768,90.889660691953));
#709 = CARTESIAN_POINT('',(1.349541575353,90.975673641237));
#710 = CARTESIAN_POINT('',(1.374440602775,91.064505514376));
#711 = CARTESIAN_POINT('',(1.399054328197,91.155901704818));
#712 = CARTESIAN_POINT('',(1.42339673394,91.24962302189));
#713 = CARTESIAN_POINT('',(1.447483807783,91.345448866873));
#714 = CARTESIAN_POINT('',(1.526289835545,91.668379577299));
#715 = CARTESIAN_POINT('',(1.579956911652,91.903576319886));
#716 = CARTESIAN_POINT('',(1.632594758669,92.146459955508));
#717 = CARTESIAN_POINT('',(1.684423689969,92.394972621288));
#718 = CARTESIAN_POINT('',(1.735671604022,92.647233586037));
#719 = CARTESIAN_POINT('',(1.786586946315,92.901529236507));
#720 = CARTESIAN_POINT('',(1.880861167978,93.372904757524));
#721 = CARTESIAN_POINT('',(1.924175428784,93.589684294706));
#722 = CARTESIAN_POINT('',(1.967673002763,93.805470535984));
#723 = CARTESIAN_POINT('',(2.011558596122,94.01897206413));
#724 = CARTESIAN_POINT('',(2.0560583734,94.228431700847));
#725 = CARTESIAN_POINT('',(2.101429351035,94.431583925319));
#726 = CARTESIAN_POINT('',(2.148094497476,94.625034101183));
#727 = ( GEOMETRIC_REPRESENTATION_CONTEXT(2) 
PARAMETRIC_REPRESENTATION_CONTEXT() REPRESENTATION_CONTEXT('2D SPACE',''
  ) );
#728 = ORIENTED_EDGE('',*,*,#729,.T.);
#729 = EDGE_CURVE('',#579,#577,#730,.T.);
#730 = SURFACE_CURVE('',#731,(#832,#936),.PCURVE_S1.);
#731 = B_SPLINE_CURVE_WITH_KNOTS('',8,(#732,#733,#734,#735,#736,#737,
    #738,#739,#740,#741,#742,#743,#744,#745,#746,#747,#748,#749,#750,
    #751,#752,#753,#754,#755,#756,#757,#758,#759,#760,#761,#762,#763,
    #764,#765,#766,#767,#768,#769,#770,#771,#772,#773,#774,#775,#776,
    #777,#778,#779,#780,#781,#782,#783,#784,#785,#786,#787,#788,#789,
    #790,#791,#792,#793,#794,#795,#796,#797,#798,#799,#800,#801,#802,
    #803,#804,#805,#806,#807,#808,#809,#810,#811,#812,#813,#814,#815,
    #816,#817,#818,#819,#820,#821,#822,#823,#824,#825,#826,#827,#828,
    #829,#830,#831),.UNSPECIFIED.,.F.,.F.,(9,7,7,7,7,7,7,7,7,7,7,7,7,7,9
    ),(0.,6.609838853323E-02,0.166234538849,0.247093511495,
    0.310139668021,0.422419037539,0.473716776673,0.54029736605,
    0.587143040003,0.64288739537,0.702511195961,0.768393064163,
    0.813515503265,0.898618443728,1.),.UNSPECIFIED.);
#732 = CARTESIAN_POINT('',(-430.9397333068,283.73676122139,
    118.7228948522));
#733 = CARTESIAN_POINT('',(-431.137949833,283.61812806253,
    118.83270831941));
#734 = CARTESIAN_POINT('',(-431.3348522527,283.49126074766,
    118.93931178172));
#735 = CARTESIAN_POINT('',(-431.5306444869,283.35549992412,
    119.04208853407));
#736 = CARTESIAN_POINT('',(-431.7252669096,283.21015157449,
    119.14012815576));
#737 = CARTESIAN_POINT('',(-431.9184271006,283.05452412638,
    119.23222871794));
#738 = CARTESIAN_POINT('',(-432.109618085,282.88793338494,
    119.31688138377));
#739 = CARTESIAN_POINT('',(-432.2981166646,282.70974341939,
    119.39230639872));
#740 = CARTESIAN_POINT('',(-432.7629755613,282.23131859942,
    119.55402579108));
#741 = CARTESIAN_POINT('',(-433.0386724005,281.91129298521,
    119.62733255676));
#742 = CARTESIAN_POINT('',(-433.2978965175,281.56508631446,
    119.66576259069));
#743 = CARTESIAN_POINT('',(-433.5325931088,281.19930176659,
    119.66284656703));
#744 = CARTESIAN_POINT('',(-433.7385507169,280.82118817934,
    119.61856403303));
#745 = CARTESIAN_POINT('',(-433.9140810584,280.43841455945,
    119.53911059434));
#746 = CARTESIAN_POINT('',(-434.0595928774,280.05927024726,
    119.4330598369));
#747 = CARTESIAN_POINT('',(-434.2720747219,279.39650013206,
    119.2109146723));
#748 = CARTESIAN_POINT('',(-434.3500986809,279.10440031311,
    119.09929524667));
#749 = CARTESIAN_POINT('',(-434.4130249349,278.81632138223,
    118.97819721356));
#750 = CARTESIAN_POINT('',(-434.4622714861,278.53221429164,
    118.8499576238));
#751 = CARTESIAN_POINT('',(-434.4989972196,278.25192279974,
    118.71640277923));
#752 = CARTESIAN_POINT('',(-434.5241486283,277.97513984722,
    118.5789042906));
#753 = CARTESIAN_POINT('',(-434.5384520955,277.70135975609,
    118.43843255087));
#754 = CARTESIAN_POINT('',(-434.5454378785,277.21813091651,
    118.18423162641));
#755 = CARTESIAN_POINT('',(-434.5421862203,277.00800029418,
    118.07153551611));
#756 = CARTESIAN_POINT('',(-434.5328629235,276.7992527762,
    117.95789179932));
#757 = CARTESIAN_POINT('',(-434.5176383794,276.5917405781,
    117.84362741026));
#758 = CARTESIAN_POINT('',(-434.4966301816,276.38534564411,
    117.7290283237));
#759 = CARTESIAN_POINT('',(-434.4699139226,276.17996800573,
    117.6143492449));
#760 = CARTESIAN_POINT('',(-434.4375274204,275.97551824456,
    117.49982013527));
#761 = CARTESIAN_POINT('',(-434.3316887384,275.40931384924,
    117.18232237014));
#762 = CARTESIAN_POINT('',(-434.2459523823,275.04957597825,
    116.98023417175));
#763 = CARTESIAN_POINT('',(-434.1422621824,274.69214302665,
    116.78051385582));
#764 = CARTESIAN_POINT('',(-434.0202778473,274.33686390903,
    116.58427693322));
#765 = CARTESIAN_POINT('',(-433.8794384594,273.9838734917,
    116.39269750554));
#766 = CARTESIAN_POINT('',(-433.7190108026,273.63354670735,
    116.20703467106));
#767 = CARTESIAN_POINT('',(-433.5380762144,273.28649165255,
    116.02864627377));
#768 = CARTESIAN_POINT('',(-433.2429022146,272.78686261746,
    115.78152605195));
#769 = CARTESIAN_POINT('',(-433.1458314263,272.63107032592,
    115.7058754117));
#770 = CARTESIAN_POINT('',(-433.0441571943,272.47626330727,
    115.63221862253));
#771 = CARTESIAN_POINT('',(-432.9377804533,272.32256016114,
    115.56071594456));
#772 = CARTESIAN_POINT('',(-432.8266050714,272.17010363184,
    115.49153848734));
#773 = CARTESIAN_POINT('',(-432.7105407016,272.01906018122,
    115.4248664526));
#774 = CARTESIAN_POINT('',(-432.5895056349,271.86961956147,
    115.36088737698));
#775 = CARTESIAN_POINT('',(-432.299792553,271.53038806709,
    115.22050027411));
#776 = CARTESIAN_POINT('',(-432.1276606226,271.34183621334,
    115.14606627025));
#777 = CARTESIAN_POINT('',(-431.9468957652,271.1568234675,
    115.07692227276));
#778 = CARTESIAN_POINT('',(-431.7574209455,270.97591983397,
    115.01351839792));
#779 = CARTESIAN_POINT('',(-431.5592366809,270.79977461193,
    114.95630961947));
#780 = CARTESIAN_POINT('',(-431.3524463384,270.6291046192,
    114.90573385793));
#781 = CARTESIAN_POINT('',(-431.1372902371,270.46467670858,
    114.86218350883));
#782 = CARTESIAN_POINT('',(-430.7572156495,270.19654448651,
    114.80049110625));
#783 = CARTESIAN_POINT('',(-430.5963009552,270.08928164723,
    114.7786426771));
#784 = CARTESIAN_POINT('',(-430.4316067149,269.98578351398,
    114.7605368479));
#785 = CARTESIAN_POINT('',(-430.2633221637,269.88632918153,
    114.7462602592));
#786 = CARTESIAN_POINT('',(-430.0916663314,269.79118543667,
    114.73587138175));
#787 = CARTESIAN_POINT('',(-429.916890844,269.70060281038,
    114.72939743189));
#788 = CARTESIAN_POINT('',(-429.7392827252,269.61481162997,
    114.72683128687));
#789 = CARTESIAN_POINT('',(-429.3448373985,269.43787717998,
    114.72967190995));
#790 = CARTESIAN_POINT('',(-429.1269150013,269.3487936489,
    114.73668609714));
#791 = CARTESIAN_POINT('',(-428.9059550526,269.26712240948,
    114.74909959424));
#792 = CARTESIAN_POINT('',(-428.6825031191,269.19312643737,
    114.76676537608));
#793 = CARTESIAN_POINT('',(-428.4570922701,269.12698879636,
    114.78947319692));
#794 = CARTESIAN_POINT('',(-428.2302406609,269.06882271013,
    114.81696086741));
#795 = CARTESIAN_POINT('',(-428.0024497164,269.01867966198,
    114.84892437143));
#796 = CARTESIAN_POINT('',(-427.5300716207,268.93149981602,
    114.9236417705));
#797 = CARTESIAN_POINT('',(-427.2853896829,268.89561271937,
    114.96699645538));
#798 = CARTESIAN_POINT('',(-427.0406886744,268.86888164344,
    115.01468992524));
#799 = CARTESIAN_POINT('',(-426.7964306581,268.85122677618,
    115.06629220837));
#800 = CARTESIAN_POINT('',(-426.5530123167,268.84252344341,
    115.12136089982));
#801 = CARTESIAN_POINT('',(-426.310768076,268.84262158919,
    115.17945375552));
#802 = CARTESIAN_POINT('',(-426.0699722225,268.85136237534,
    115.24013729443));
#803 = CARTESIAN_POINT('',(-425.5666086775,268.88762982276,
    115.37244264181));
#804 = CARTESIAN_POINT('',(-425.3044358716,268.91703013265,
    115.44453685898));
#805 = CARTESIAN_POINT('',(-425.0445783029,268.95658415285,
    115.51871525934));
#806 = CARTESIAN_POINT('',(-424.7872605712,269.00609625049,
    115.59442746437));
#807 = CARTESIAN_POINT('',(-424.5326773195,269.06538922266,
    115.67113334723));
#808 = CARTESIAN_POINT('',(-424.2809951917,269.13431165008,
    115.7483034513));
#809 = CARTESIAN_POINT('',(-424.0323545999,269.21274721872,
    115.82541799778));
#810 = CARTESIAN_POINT('',(-423.618739984,269.36081412311,115.954391109)
  );
#811 = CARTESIAN_POINT('',(-423.4469445164,269.42727348566,
    116.00815582167));
#812 = CARTESIAN_POINT('',(-423.2714334835,269.50054686471,
    116.06314135482));
#813 = CARTESIAN_POINT('',(-423.0917670555,269.58137799571,
    116.11931867658));
#814 = CARTESIAN_POINT('',(-422.9071630124,269.67083388612,
    116.17671551769));
#815 = CARTESIAN_POINT('',(-422.7165317119,269.7704062845,
    116.23539072041));
#816 = CARTESIAN_POINT('',(-422.5185222388,269.88219729878,
    116.2953513789));
#817 = CARTESIAN_POINT('',(-421.9213411004,270.24900449573,
    116.47139538779));
#818 = CARTESIAN_POINT('',(-421.5429823013,270.5163822081,
    116.57727937696));
#819 = CARTESIAN_POINT('',(-421.1782478012,270.81110875433,
    116.67099689336));
#820 = CARTESIAN_POINT('',(-420.829362014,271.1325805473,116.7494647926)
  );
#821 = CARTESIAN_POINT('',(-420.4989012858,271.47969000222,
    116.80970249976));
#822 = CARTESIAN_POINT('',(-420.1897364357,271.85062408616,
    116.84926772831));
#823 = CARTESIAN_POINT('',(-419.9048816712,272.24253373808,
    116.86680004785));
#824 = CARTESIAN_POINT('',(-419.3399293727,273.13743950692,
    116.8574329333));
#825 = CARTESIAN_POINT('',(-419.0712055227,273.64727883357,
    116.82139283082));
#826 = CARTESIAN_POINT('',(-418.8451892418,274.173294763,116.75478710237
    ));
#827 = CARTESIAN_POINT('',(-418.6631013131,274.70940552763,
    116.66095979063));
#828 = CARTESIAN_POINT('',(-418.5249494222,275.25080544411,
    116.54492000621));
#829 = CARTESIAN_POINT('',(-418.4301044349,275.79372347042,
    116.41200413526));
#830 = CARTESIAN_POINT('',(-418.3777225438,276.33540236253,
    116.26734404104));
#831 = CARTESIAN_POINT('',(-418.367388693,276.87420924944,116.1156330556
    ));
#832 = PCURVE('',#31,#833);
#833 = DEFINITIONAL_REPRESENTATION('',(#834),#935);
#834 = B_SPLINE_CURVE_WITH_KNOTS('',8,(#835,#836,#837,#838,#839,#840,
    #841,#842,#843,#844,#845,#846,#847,#848,#849,#850,#851,#852,#853,
    #854,#855,#856,#857,#858,#859,#860,#861,#862,#863,#864,#865,#866,
    #867,#868,#869,#870,#871,#872,#873,#874,#875,#876,#877,#878,#879,
    #880,#881,#882,#883,#884,#885,#886,#887,#888,#889,#890,#891,#892,
    #893,#894,#895,#896,#897,#898,#899,#900,#901,#902,#903,#904,#905,
    #906,#907,#908,#909,#910,#911,#912,#913,#914,#915,#916,#917,#918,
    #919,#920,#921,#922,#923,#924,#925,#926,#927,#928,#929,#930,#931,
    #932,#933,#934),.UNSPECIFIED.,.F.,.F.,(9,7,7,7,7,7,7,7,7,7,7,7,7,7,9
    ),(0.,6.609838853323E-02,0.166234538849,0.247093511495,
    0.310139668021,0.422419037539,0.473716776673,0.54029736605,
    0.587143040003,0.64288739537,0.702511195961,0.768393064163,
    0.813515503265,0.898618443728,1.),.UNSPECIFIED.);
#835 = CARTESIAN_POINT('',(1.598206835347,2.344234280174));
#836 = CARTESIAN_POINT('',(1.596435455817,2.332596579102));
#837 = CARTESIAN_POINT('',(1.594616265984,2.321440116048));
#838 = CARTESIAN_POINT('',(1.592743802902,2.310806944375));
#839 = CARTESIAN_POINT('',(1.590813590751,2.300769463706));
#840 = CARTESIAN_POINT('',(1.588822207314,2.291427825132));
#841 = CARTESIAN_POINT('',(1.586767156729,2.282910157256));
#842 = CARTESIAN_POINT('',(1.584647075291,2.275369511353));
#843 = CARTESIAN_POINT('',(1.579153711837,2.259278603026));
#844 = CARTESIAN_POINT('',(1.575649113242,2.252067043312));
#845 = CARTESIAN_POINT('',(1.57204311453,2.248333275752));
#846 = CARTESIAN_POINT('',(1.568414722716,2.24862509342));
#847 = CARTESIAN_POINT('',(1.564827752854,2.252927578599));
#848 = CARTESIAN_POINT('',(1.561339226033,2.260722455843));
#849 = CARTESIAN_POINT('',(1.558003555052,2.271256876953));
#850 = CARTESIAN_POINT('',(1.55234655167,2.293614618269));
#851 = CARTESIAN_POINT('',(1.549918258382,2.304939106449));
#852 = CARTESIAN_POINT('',(1.547580584328,2.317352419341));
#853 = CARTESIAN_POINT('',(1.545326774487,2.330660818657));
#854 = CARTESIAN_POINT('',(1.54315069779,2.344716870347));
#855 = CARTESIAN_POINT('',(1.54104620361,2.359414827978));
#856 = CARTESIAN_POINT('',(1.539006735563,2.374688775901));
#857 = CARTESIAN_POINT('',(1.535480092917,2.402852180417));
#858 = CARTESIAN_POINT('',(1.533971710697,2.415513810676));
#859 = CARTESIAN_POINT('',(1.532497698588,2.428475853251));
#860 = CARTESIAN_POINT('',(1.531056405869,2.441721244763));
#861 = CARTESIAN_POINT('',(1.529646641046,2.455237355071));
#862 = CARTESIAN_POINT('',(1.528267539135,2.469015310058));
#863 = CARTESIAN_POINT('',(1.526918488438,2.483049712793));
#864 = CARTESIAN_POINT('',(1.523249438069,2.522786239049));
#865 = CARTESIAN_POINT('',(1.520995056633,2.549028624587));
#866 = CARTESIAN_POINT('',(1.518833133181,2.576060398108));
#867 = CARTESIAN_POINT('',(1.516765406509,2.603888019752));
#868 = CARTESIAN_POINT('',(1.514796841383,2.63252528865));
#869 = CARTESIAN_POINT('',(1.512935118844,2.661992230751));
#870 = CARTESIAN_POINT('',(1.511190668047,2.692317281111));
#871 = CARTESIAN_POINT('',(1.508839664646,2.737808586111));
#872 = CARTESIAN_POINT('',(1.508129835045,2.752259517331));
#873 = CARTESIAN_POINT('',(1.507448781009,2.76689785022));
#874 = CARTESIAN_POINT('',(1.506798024527,2.781725280192));
#875 = CARTESIAN_POINT('',(1.506179260211,2.796742575323));
#876 = CARTESIAN_POINT('',(1.505594337034,2.811949485576));
#877 = CARTESIAN_POINT('',(1.505045240072,2.827344652022));
#878 = CARTESIAN_POINT('',(1.503870615012,2.863148300322));
#879 = CARTESIAN_POINT('',(1.503271037817,2.883684283032));
#880 = CARTESIAN_POINT('',(1.502740011558,2.90452588272));
#881 = CARTESIAN_POINT('',(1.50228255688,2.925659196488));
#882 = CARTESIAN_POINT('',(1.50190390438,2.94706363625));
#883 = CARTESIAN_POINT('',(1.501609263986,2.968710965283));
#884 = CARTESIAN_POINT('',(1.501403503536,2.990563735108));
#885 = CARTESIAN_POINT('',(1.501211394388,3.028058786088));
#886 = CARTESIAN_POINT('',(1.501178084628,3.043622806599));
#887 = CARTESIAN_POINT('',(1.501192248029,3.059246586819));
#888 = CARTESIAN_POINT('',(1.501255108242,3.074910599437));
#889 = CARTESIAN_POINT('',(1.501367626794,3.09059421383));
#890 = CARTESIAN_POINT('',(1.501530458084,3.106275522657));
#891 = CARTESIAN_POINT('',(1.50174390439,3.121931168447));
#892 = CARTESIAN_POINT('',(1.502321979724,3.156105457156));
#893 = CARTESIAN_POINT('',(1.502707684471,3.174606687699));
#894 = CARTESIAN_POINT('',(1.503164851136,3.192996936989));
#895 = CARTESIAN_POINT('',(1.503692642229,3.211237636462));
#896 = CARTESIAN_POINT('',(1.504289630793,3.22929378322));
#897 = CARTESIAN_POINT('',(1.504953898674,3.247133320542));
#898 = CARTESIAN_POINT('',(1.505683119043,3.264726689527));
#899 = CARTESIAN_POINT('',(1.507321210769,3.300571764141));
#900 = CARTESIAN_POINT('',(1.508239154629,3.318786279124));
#901 = CARTESIAN_POINT('',(1.509225423539,3.336661073846));
#902 = CARTESIAN_POINT('',(1.510276802109,3.354172949226));
#903 = CARTESIAN_POINT('',(1.511390055661,3.371303297305));
#904 = CARTESIAN_POINT('',(1.512562073391,3.388037139995));
#905 = CARTESIAN_POINT('',(1.513789989794,3.40436243931));
#906 = CARTESIAN_POINT('',(1.516487062524,3.437846530366));
#907 = CARTESIAN_POINT('',(1.517967866706,3.454911130345));
#908 = CARTESIAN_POINT('',(1.519510451794,3.471452993505));
#909 = CARTESIAN_POINT('',(1.521111858809,3.487461269432));
#910 = CARTESIAN_POINT('',(1.52276945168,3.50292456421));
#911 = CARTESIAN_POINT('',(1.524480966564,3.517830676357));
#912 = CARTESIAN_POINT('',(1.526244573682,3.53216624728));
#913 = CARTESIAN_POINT('',(1.529301617698,3.555333744442));
#914 = CARTESIAN_POINT('',(1.530606125604,3.564764729401));
#915 = CARTESIAN_POINT('',(1.531976445758,3.574188779938));
#916 = CARTESIAN_POINT('',(1.533419842744,3.583603774715));
#917 = CARTESIAN_POINT('',(1.534947517146,3.593017271207));
#918 = CARTESIAN_POINT('',(1.536575132893,3.602439713513));
#919 = CARTESIAN_POINT('',(1.538323887007,3.611871870162));
#920 = CARTESIAN_POINT('',(1.543804173243,3.639020757127));
#921 = CARTESIAN_POINT('',(1.547519539136,3.654690870635));
#922 = CARTESIAN_POINT('',(1.551358321684,3.668106323989));
#923 = CARTESIAN_POINT('',(1.555306255603,3.679054521513));
#924 = CARTESIAN_POINT('',(1.559344696924,3.687317720935));
#925 = CARTESIAN_POINT('',(1.563449522041,3.692704827493));
#926 = CARTESIAN_POINT('',(1.567589201719,3.695097029556));
#927 = CARTESIAN_POINT('',(1.576644576509,3.693819300237));
#928 = CARTESIAN_POINT('',(1.58155657852,3.68890232978));
#929 = CARTESIAN_POINT('',(1.586391161267,3.679797511218));
#930 = CARTESIAN_POINT('',(1.591103684797,3.666788900296));
#931 = CARTESIAN_POINT('',(1.595662477898,3.650247683768));
#932 = CARTESIAN_POINT('',(1.600044250566,3.630540343949));
#933 = CARTESIAN_POINT('',(1.604232558931,3.607983476932));
#934 = CARTESIAN_POINT('',(1.608216010964,3.582787693889));
#935 = ( GEOMETRIC_REPRESENTATION_CONTEXT(2) 
PARAMETRIC_REPRESENTATION_CONTEXT() REPRESENTATION_CONTEXT('2D SPACE',''
  ) );
#936 = PCURVE('',#676,#937);
#937 = DEFINITIONAL_REPRESENTATION('',(#938),#1039);
#938 = B_SPLINE_CURVE_WITH_KNOTS('',8,(#939,#940,#941,#942,#943,#944,
    #945,#946,#947,#948,#949,#950,#951,#952,#953,#954,#955,#956,#957,
    #958,#959,#960,#961,#962,#963,#964,#965,#966,#967,#968,#969,#970,
    #971,#972,#973,#974,#975,#976,#977,#978,#979,#980,#981,#982,#983,
    #984,#985,#986,#987,#988,#989,#990,#991,#992,#993,#994,#995,#996,
    #997,#998,#999,#1000,#1001,#1002,#1003,#1004,#1005,#1006,#1007,#1008
    ,#1009,#1010,#1011,#1012,#1013,#1014,#1015,#1016,#1017,#1018,#1019,
    #1020,#1021,#1022,#1023,#1024,#1025,#1026,#1027,#1028,#1029,#1030,
    #1031,#1032,#1033,#1034,#1035,#1036,#1037,#1038),.UNSPECIFIED.,.F.,
  .F.,(9,7,7,7,7,7,7,7,7,7,7,7,7,7,9),(0.,6.609838853323E-02,
    0.166234538849,0.247093511495,0.310139668021,0.422419037539,
    0.473716776673,0.54029736605,0.587143040003,0.64288739537,
    0.702511195961,0.768393064163,0.813515503265,0.898618443728,1.),
  .UNSPECIFIED.);
#939 = CARTESIAN_POINT('',(2.148094497476,94.625034101183));
#940 = CARTESIAN_POINT('',(2.176481902037,94.742713971997));
#941 = CARTESIAN_POINT('',(2.205306128552,94.856742116453));
#942 = CARTESIAN_POINT('',(2.234670809476,94.966488627559));
#943 = CARTESIAN_POINT('',(2.264660255009,95.071011425611));
#944 = CARTESIAN_POINT('',(2.295342493525,95.169062182483));
#945 = CARTESIAN_POINT('',(2.326773697063,95.25907242804));
#946 = CARTESIAN_POINT('',(2.358996980996,95.339191111796));
#947 = CARTESIAN_POINT('',(2.442069966316,95.510846368395));
#948 = CARTESIAN_POINT('',(2.494695128271,95.588520345815));
#949 = CARTESIAN_POINT('',(2.548561243565,95.629159384134));
#950 = CARTESIAN_POINT('',(2.602665601846,95.62605966509));
#951 = CARTESIAN_POINT('',(2.656246143735,95.579234476845));
#952 = CARTESIAN_POINT('',(2.708621724673,95.495082593052));
#953 = CARTESIAN_POINT('',(2.759099026881,95.382542684285));
#954 = CARTESIAN_POINT('',(2.845517826021,95.146331194497));
#955 = CARTESIAN_POINT('',(2.882926392444,95.027496765109));
#956 = CARTESIAN_POINT('',(2.919301755667,94.898367104876));
#957 = CARTESIAN_POINT('',(2.954778907992,94.761365702769));
#958 = CARTESIAN_POINT('',(2.989480723482,94.618384656954));
#959 = CARTESIAN_POINT('',(3.023530386272,94.470841797636));
#960 = CARTESIAN_POINT('',(3.057061359529,94.319731353392));
#961 = CARTESIAN_POINT('',(3.116088983106,94.045533686604));
#962 = CARTESIAN_POINT('',(3.141703449104,93.923722134423));
#963 = CARTESIAN_POINT('',(3.16712580596,93.800614851489));
#964 = CARTESIAN_POINT('',(3.192401616936,93.676542751479));
#965 = CARTESIAN_POINT('',(3.217571116974,93.551793649219));
#966 = CARTESIAN_POINT('',(3.242671574921,93.426622138597));
#967 = CARTESIAN_POINT('',(3.267738941584,93.301256051398));
#968 = CARTESIAN_POINT('',(3.337455851967,92.952651076138));
#969 = CARTESIAN_POINT('',(3.382088570855,92.72954467843));
#970 = CARTESIAN_POINT('',(3.426918893217,92.507681095319));
#971 = CARTESIAN_POINT('',(3.472114532331,92.288142412326));
#972 = CARTESIAN_POINT('',(3.517824363458,92.07206674214));
#973 = CARTESIAN_POINT('',(3.564190138553,91.860675801892));
#974 = CARTESIAN_POINT('',(3.611355736779,91.655287420161));
#975 = CARTESIAN_POINT('',(3.681474353812,91.366909962956));
#976 = CARTESIAN_POINT('',(3.703660045791,91.27804849466));
#977 = CARTESIAN_POINT('',(3.726055636884,91.190905237639));
#978 = CARTESIAN_POINT('',(3.748673219938,91.105638429324));
#979 = CARTESIAN_POINT('',(3.771523625879,91.022418384625));
#980 = CARTESIAN_POINT('',(3.794616456315,90.941425919255));
#981 = CARTESIAN_POINT('',(3.817960116144,90.862850773062));
#982 = CARTESIAN_POINT('',(3.872195108382,90.688298732755));
#983 = CARTESIAN_POINT('',(3.903263662522,90.594109518526));
#984 = CARTESIAN_POINT('',(3.934780333454,90.504762881199));
#985 = CARTESIAN_POINT('',(3.966750082109,90.420727360933));
#986 = CARTESIAN_POINT('',(3.999170139299,90.342485100616));
#987 = CARTESIAN_POINT('',(4.032028804132,90.270511205429));
#988 = CARTESIAN_POINT('',(4.065302906999,90.2052469089));
#989 = CARTESIAN_POINT('',(4.122630585282,90.106131216328));
#990 = CARTESIAN_POINT('',(4.146495102508,90.068700540004));
#991 = CARTESIAN_POINT('',(4.17053157767,90.034909564119));
#992 = CARTESIAN_POINT('',(4.194723204542,90.004869797521));
#993 = CARTESIAN_POINT('',(4.219051807612,89.978666151879));
#994 = CARTESIAN_POINT('',(4.243497367862,89.956353883324));
#995 = CARTESIAN_POINT('',(4.26803754854,89.937955534084));
#996 = CARTESIAN_POINT('',(4.321931682196,89.906206276678));
#997 = CARTESIAN_POINT('',(4.351320276471,89.89447464938));
#998 = CARTESIAN_POINT('',(4.380769382498,89.88824519066));
#999 = CARTESIAN_POINT('',(4.41024148693,89.887419991842));
#1000 = CARTESIAN_POINT('',(4.439703827463,89.891833759453));
#1001 = CARTESIAN_POINT('',(4.469127293745,89.901265335113));
#1002 = CARTESIAN_POINT('',(4.498485586093,89.915448012996));
#1003 = CARTESIAN_POINT('',(4.559060613488,89.954005868465));
#1004 = CARTESIAN_POINT('',(4.590268219825,89.979024118588));
#1005 = CARTESIAN_POINT('',(4.621355630284,90.008769303201));
#1006 = CARTESIAN_POINT('',(4.652309518565,90.042840713196));
#1007 = CARTESIAN_POINT('',(4.683123502578,90.080818830278));
#1008 = CARTESIAN_POINT('',(4.713797227993,90.122278950694));
#1009 = CARTESIAN_POINT('',(4.744336085582,90.166800634789));
#1010 = CARTESIAN_POINT('',(4.808359423822,90.266096502842));
#1011 = CARTESIAN_POINT('',(4.841813168774,90.321450962725));
#1012 = CARTESIAN_POINT('',(4.875132491777,90.379487622896));
#1013 = CARTESIAN_POINT('',(4.908339079703,90.439664534293));
#1014 = CARTESIAN_POINT('',(4.941456852078,90.501448744655));
#1015 = CARTESIAN_POINT('',(4.974512512639,90.564317172789));
#1016 = CARTESIAN_POINT('',(5.007536412061,90.627756150417));
#1017 = CARTESIAN_POINT('',(5.063184100073,90.734753115319));
#1018 = CARTESIAN_POINT('',(5.08649826919,90.779608023772));
#1019 = CARTESIAN_POINT('',(5.110551249695,90.825727915843));
#1020 = CARTESIAN_POINT('',(5.135446450367,90.873086784998));
#1021 = CARTESIAN_POINT('',(5.161348153359,90.921706208424));
#1022 = CARTESIAN_POINT('',(5.188483162307,90.971636627829));
#1023 = CARTESIAN_POINT('',(5.217151670366,91.022886078824));
#1024 = CARTESIAN_POINT('',(5.305481191025,91.173980932546));
#1025 = CARTESIAN_POINT('',(5.363647532033,91.265618484766));
#1026 = CARTESIAN_POINT('',(5.422330149464,91.347260268258));
#1027 = CARTESIAN_POINT('',(5.481551033296,91.415957665099));
#1028 = CARTESIAN_POINT('',(5.541283399679,91.468865962567));
#1029 = CARTESIAN_POINT('',(5.60144609957,91.50366585916));
#1030 = CARTESIAN_POINT('',(5.661873481731,91.519080415812));
#1031 = CARTESIAN_POINT('',(5.794163843258,91.510844319371));
#1032 = CARTESIAN_POINT('',(5.86599338415,91.479156890918));
#1033 = CARTESIAN_POINT('',(5.937257670213,91.420616864644));
#1034 = CARTESIAN_POINT('',(6.007792106196,91.338372047468));
#1035 = CARTESIAN_POINT('',(6.077555887922,91.237203751985));
#1036 = CARTESIAN_POINT('',(6.14660287226,91.12222187417));
#1037 = CARTESIAN_POINT('',(6.215061894756,90.998362581597));
#1038 = CARTESIAN_POINT('',(6.28318530718,90.870203631604));
#1039 = ( GEOMETRIC_REPRESENTATION_CONTEXT(2) 
PARAMETRIC_REPRESENTATION_CONTEXT() REPRESENTATION_CONTEXT('2D SPACE',''
  ) );
#1040 = FACE_BOUND('',#1041,.T.);
#1041 = EDGE_LOOP('',(#1042,#1144));
#1042 = ORIENTED_EDGE('',*,*,#1043,.T.);
#1043 = EDGE_CURVE('',#1044,#1046,#1048,.T.);
#1044 = VERTEX_POINT('',#1045);
#1045 = CARTESIAN_POINT('',(-434.5376356085,277.00878980832,
    -118.0707310331));
#1046 = VERTEX_POINT('',#1047);
#1047 = CARTESIAN_POINT('',(-430.9191502538,283.7490377743,
    -118.711480072));
#1048 = SURFACE_CURVE('',#1049,(#1077,#1108),.PCURVE_S1.);
#1049 = B_SPLINE_CURVE_WITH_KNOTS('',6,(#1050,#1051,#1052,#1053,#1054,
    #1055,#1056,#1057,#1058,#1059,#1060,#1061,#1062,#1063,#1064,#1065,
    #1066,#1067,#1068,#1069,#1070,#1071,#1072,#1073,#1074,#1075,#1076),
  .UNSPECIFIED.,.F.,.F.,(7,5,5,5,5,7),(0.,0.219342469754,0.359804505637,
    0.597696660846,0.822581280594,1.),.UNSPECIFIED.);
#1050 = CARTESIAN_POINT('',(-434.5376356085,277.00878980832,
    -118.0707310331));
#1051 = CARTESIAN_POINT('',(-434.547102607,277.26556637558,
    -118.2097157823));
#1052 = CARTESIAN_POINT('',(-434.547055112,277.52438667225,
    -118.3474008504));
#1053 = CARTESIAN_POINT('',(-434.5371509275,277.78566953843,
    -118.4831433257));
#1054 = CARTESIAN_POINT('',(-434.5168232372,278.04977383513,
    -118.6160572013));
#1055 = CARTESIAN_POINT('',(-434.485307842,278.31704571718,
    -118.7449684557));
#1056 = CARTESIAN_POINT('',(-434.4133231061,278.76147666458,
    -118.9471893981));
#1057 = CARTESIAN_POINT('',(-434.3801594199,278.93643056515,
    -119.0238026638));
#1058 = CARTESIAN_POINT('',(-434.3416206299,279.11296833962,
    -119.0976570084));
#1059 = CARTESIAN_POINT('',(-434.297352651,279.29113282937,
    -119.1681964667));
#1060 = CARTESIAN_POINT('',(-434.2469604419,279.47088087235,
    -119.2347374109));
#1061 = CARTESIAN_POINT('',(-434.093551069,279.95897503021,
    -119.4010188919));
#1062 = CARTESIAN_POINT('',(-433.9784614088,280.27073068479,
    -119.4926073843));
#1063 = CARTESIAN_POINT('',(-433.8416701293,280.58572414705,
    -119.5651305035));
#1064 = CARTESIAN_POINT('',(-433.6823391483,280.90044192019,
    -119.6139927939));
#1065 = CARTESIAN_POINT('',(-433.5018611971,281.20948313044,
    -119.6361068686));
#1066 = CARTESIAN_POINT('',(-433.1166848199,281.78544697356,
    -119.6240196921));
#1067 = CARTESIAN_POINT('',(-432.9141792765,282.05396280555,
    -119.5935144837));
#1068 = CARTESIAN_POINT('',(-432.7003244854,282.30557449207,
    -119.5388890983));
#1069 = CARTESIAN_POINT('',(-432.4790459212,282.53894590726,
    -119.4646074878));
#1070 = CARTESIAN_POINT('',(-432.2532227307,282.75422707725,
    -119.3751329647));
#1071 = CARTESIAN_POINT('',(-431.844064816,283.10893855875,
    -119.1941577222));
#1072 = CARTESIAN_POINT('',(-431.6616337351,283.25494940873,
    -119.1069881327));
#1073 = CARTESIAN_POINT('',(-431.4777112689,283.39128941333,
    -119.0140227716));
#1074 = CARTESIAN_POINT('',(-431.2926058907,283.51866029618,
    -118.9165275657));
#1075 = CARTESIAN_POINT('',(-431.1064476305,283.63771172807,
    -118.8154546996));
#1076 = CARTESIAN_POINT('',(-430.9191502538,283.7490377743,
    -118.711480072));
#1077 = PCURVE('',#31,#1078);
#1078 = DEFINITIONAL_REPRESENTATION('',(#1079),#1107);
#1079 = B_SPLINE_CURVE_WITH_KNOTS('',6,(#1080,#1081,#1082,#1083,#1084,
    #1085,#1086,#1087,#1088,#1089,#1090,#1091,#1092,#1093,#1094,#1095,
    #1096,#1097,#1098,#1099,#1100,#1101,#1102,#1103,#1104,#1105,#1106),
  .UNSPECIFIED.,.F.,.F.,(7,5,5,5,5,7),(0.,0.219342469754,0.359804505637,
    0.597696660846,0.822581280594,1.),.UNSPECIFIED.);
#1080 = CARTESIAN_POINT('',(4.749189607157,2.41575223149));
#1081 = CARTESIAN_POINT('',(4.747368491759,2.399944560242));
#1082 = CARTESIAN_POINT('',(4.745494306368,2.384605213591));
#1083 = CARTESIAN_POINT('',(4.743562883555,2.369762934964));
#1084 = CARTESIAN_POINT('',(4.741569471177,2.355474229071));
#1085 = CARTESIAN_POINT('',(4.739508483978,2.341823074448));
#1086 = CARTESIAN_POINT('',(4.736002672553,2.320684000689));
#1087 = CARTESIAN_POINT('',(4.734603171948,2.312747169162));
#1088 = CARTESIAN_POINT('',(4.73317052464,2.305159311008));
#1089 = CARTESIAN_POINT('',(4.731702845357,2.297965923537));
#1090 = CARTESIAN_POINT('',(4.730198623448,2.291224559323));
#1091 = CARTESIAN_POINT('',(4.726045298035,2.274470835961));
#1092 = CARTESIAN_POINT('',(4.723321723355,2.265356161167));
#1093 = CARTESIAN_POINT('',(4.720483216774,2.258196675727));
#1094 = CARTESIAN_POINT('',(4.717549281976,2.253397151723));
#1095 = CARTESIAN_POINT('',(4.714561708388,2.251231259416));
#1096 = CARTESIAN_POINT('',(4.708770218746,2.252418504487));
#1097 = CARTESIAN_POINT('',(4.705965314322,2.255415290748));
#1098 = CARTESIAN_POINT('',(4.703224217909,2.260785120775));
#1099 = CARTESIAN_POINT('',(4.700571919782,2.268131256986));
#1100 = CARTESIAN_POINT('',(4.698019862246,2.277062533805));
#1101 = CARTESIAN_POINT('',(4.693633105432,2.295329821381));
#1102 = CARTESIAN_POINT('',(4.691758682175,2.304190941768));
#1103 = CARTESIAN_POINT('',(4.689941310789,2.313723991833));
#1104 = CARTESIAN_POINT('',(4.688177533646,2.323823754475));
#1105 = CARTESIAN_POINT('',(4.686463513281,2.334413556526));
#1106 = CARTESIAN_POINT('',(4.684794809886,2.345444652137));
#1107 = ( GEOMETRIC_REPRESENTATION_CONTEXT(2) 
PARAMETRIC_REPRESENTATION_CONTEXT() REPRESENTATION_CONTEXT('2D SPACE',''
  ) );
#1108 = PCURVE('',#1109,#1114);
#1109 = CYLINDRICAL_SURFACE('',#1110,8.);
#1110 = AXIS2_PLACEMENT_3D('',#1111,#1112,#1113);
#1111 = CARTESIAN_POINT('',(-420.1795504217,272.86779055019,-25.));
#1112 = DIRECTION('',(-6.789182304854E-02,4.408946540374E-02,
    -0.996718024019));
#1113 = DIRECTION('',(-0.997688189257,0.,6.795790621859E-02));
#1114 = DEFINITIONAL_REPRESENTATION('',(#1115),#1143);
#1115 = B_SPLINE_CURVE_WITH_KNOTS('',6,(#1116,#1117,#1118,#1119,#1120,
    #1121,#1122,#1123,#1124,#1125,#1126,#1127,#1128,#1129,#1130,#1131,
    #1132,#1133,#1134,#1135,#1136,#1137,#1138,#1139,#1140,#1141,#1142),
  .UNSPECIFIED.,.F.,.F.,(7,5,5,5,5,7),(0.,0.219342469754,0.359804505637,
    0.597696660846,0.822581280594,1.),.UNSPECIFIED.);
#1116 = CARTESIAN_POINT('',(0.,93.922646151637));
#1117 = CARTESIAN_POINT('',(3.129811399581E-02,94.073138629665));
#1118 = CARTESIAN_POINT('',(6.286217853355E-02,94.221779842609));
#1119 = CARTESIAN_POINT('',(9.48031908767E-02,94.367924223115));
#1120 = CARTESIAN_POINT('',(0.127231440933,94.510666011863));
#1121 = CARTESIAN_POINT('',(0.160266635495,94.64879841944));
#1122 = CARTESIAN_POINT('',(0.215722630495,94.865063225466));
#1123 = CARTESIAN_POINT('',(0.237682692049,94.946887129132));
#1124 = CARTESIAN_POINT('',(0.25999619283,95.025666072948));
#1125 = CARTESIAN_POINT('',(0.282700547768,95.100823765745));
#1126 = CARTESIAN_POINT('',(0.305828058361,95.171650100285));
#1127 = CARTESIAN_POINT('',(0.369338315361,95.348490417937));
#1128 = CARTESIAN_POINT('',(0.410625762742,95.445709812466));
#1129 = CARTESIAN_POINT('',(0.453356215997,95.522595796531));
#1130 = CARTESIAN_POINT('',(0.497311107607,95.574356189648));
#1131 = CARTESIAN_POINT('',(0.541965341354,95.597770171167));
#1132 = CARTESIAN_POINT('',(0.628574859293,95.584966275899));
#1133 = CARTESIAN_POINT('',(0.670539394204,95.552651433905));
#1134 = CARTESIAN_POINT('',(0.711664912902,95.494779760739));
#1135 = CARTESIAN_POINT('',(0.751666482801,95.41600815654));
#1136 = CARTESIAN_POINT('',(0.790423401315,95.320987370259));
#1137 = CARTESIAN_POINT('',(0.857612295927,95.128466647011));
#1138 = CARTESIAN_POINT('',(0.886527603436,95.035635107681));
#1139 = CARTESIAN_POINT('',(0.914795551032,94.936499183072));
#1140 = CARTESIAN_POINT('',(0.942485808608,94.83237252661));
#1141 = CARTESIAN_POINT('',(0.969672737241,94.724241669607));
#1142 = CARTESIAN_POINT('',(0.996443002267,94.612800629732));
#1143 = ( GEOMETRIC_REPRESENTATION_CONTEXT(2) 
PARAMETRIC_REPRESENTATION_CONTEXT() REPRESENTATION_CONTEXT('2D SPACE',''
  ) );
#1144 = ORIENTED_EDGE('',*,*,#1145,.T.);
#1145 = EDGE_CURVE('',#1046,#1044,#1146,.T.);
#1146 = SURFACE_CURVE('',#1147,(#1276,#1408),.PCURVE_S1.);
#1147 = B_SPLINE_CURVE_WITH_KNOTS('',8,(#1148,#1149,#1150,#1151,#1152,
    #1153,#1154,#1155,#1156,#1157,#1158,#1159,#1160,#1161,#1162,#1163,
    #1164,#1165,#1166,#1167,#1168,#1169,#1170,#1171,#1172,#1173,#1174,
    #1175,#1176,#1177,#1178,#1179,#1180,#1181,#1182,#1183,#1184,#1185,
    #1186,#1187,#1188,#1189,#1190,#1191,#1192,#1193,#1194,#1195,#1196,
    #1197,#1198,#1199,#1200,#1201,#1202,#1203,#1204,#1205,#1206,#1207,
    #1208,#1209,#1210,#1211,#1212,#1213,#1214,#1215,#1216,#1217,#1218,
    #1219,#1220,#1221,#1222,#1223,#1224,#1225,#1226,#1227,#1228,#1229,
    #1230,#1231,#1232,#1233,#1234,#1235,#1236,#1237,#1238,#1239,#1240,
    #1241,#1242,#1243,#1244,#1245,#1246,#1247,#1248,#1249,#1250,#1251,
    #1252,#1253,#1254,#1255,#1256,#1257,#1258,#1259,#1260,#1261,#1262,
    #1263,#1264,#1265,#1266,#1267,#1268,#1269,#1270,#1271,#1272,#1273,
    #1274,#1275),.UNSPECIFIED.,.F.,.F.,(9,7,7,7,7,7,7,7,7,7,7,7,7,7,7,7,
    7,7,9),(0.,6.720127014404E-02,0.148673972992,0.185890083898,
    0.23418148682,0.267855701112,0.308224228265,0.351344707795,
    0.401639205538,0.514482356561,0.590009509274,0.634741837156,
    0.682331577551,0.72541353474,0.765704686378,0.800801633434,
    0.849061016465,0.927251940677,1.),.UNSPECIFIED.);
#1148 = CARTESIAN_POINT('',(-430.9191502538,283.7490377743,
    -118.711480072));
#1149 = CARTESIAN_POINT('',(-430.6419583813,283.91379542197,
    -118.5576022003));
#1150 = CARTESIAN_POINT('',(-430.3626320803,284.06229500306,
    -118.3978056898));
#1151 = CARTESIAN_POINT('',(-430.0809469658,284.19620755528,
    -118.2339616064));
#1152 = CARTESIAN_POINT('',(-429.7967638761,284.31655756398,
    -118.0674658687));
#1153 = CARTESIAN_POINT('',(-429.5099477714,284.42405495285,
    -117.8994290497));
#1154 = CARTESIAN_POINT('',(-429.2203231494,284.51920357178,
    -117.7307524567));
#1155 = CARTESIAN_POINT('',(-428.927640953,284.60230622888,
    -117.5621592457));
#1156 = CARTESIAN_POINT('',(-428.2725387087,284.75978280742,
    -117.1906806232));
#1157 = CARTESIAN_POINT('',(-427.9088578258,284.8284707631,
    -116.9883139827));
#1158 = CARTESIAN_POINT('',(-427.5399780203,284.879790976,
    -116.7882847325));
#1159 = CARTESIAN_POINT('',(-427.1656201239,284.91350151558,
    -116.5917120214));
#1160 = CARTESIAN_POINT('',(-426.7856760531,284.92904075485,
    -116.3997719881));
#1161 = CARTESIAN_POINT('',(-426.4001861542,284.92559079518,
    -116.2137246597));
#1162 = CARTESIAN_POINT('',(-426.0093272266,284.90206803467,
    -116.0349279926));
#1163 = CARTESIAN_POINT('',(-425.4325194707,284.83651178369,
    -115.7871923951));
#1164 = CARTESIAN_POINT('',(-425.2506329996,284.8114786934,
    -115.711352927));
#1165 = CARTESIAN_POINT('',(-425.0677690254,284.78183968408,
    -115.6375016451));
#1166 = CARTESIAN_POINT('',(-424.8839948638,284.74745607112,
    -115.5657987436));
#1167 = CARTESIAN_POINT('',(-424.6994010112,284.70818191258,
    -115.4964152925));
#1168 = CARTESIAN_POINT('',(-424.5141019111,284.66386676402,
    -115.4295315004));
#1169 = CARTESIAN_POINT('',(-424.3282367208,284.61435843324,
    -115.3653349792));
#1170 = CARTESIAN_POINT('',(-423.9002715972,284.48832920216,
    -115.2244557699));
#1171 = CARTESIAN_POINT('',(-423.6578929182,284.4081531677,
    -115.1497409902));
#1172 = CARTESIAN_POINT('',(-423.4152175966,284.31865323969,
    -115.0803044596));
#1173 = CARTESIAN_POINT('',(-423.1727321773,284.21952549356,
    -115.0165966636));
#1174 = CARTESIAN_POINT('',(-422.931027397,284.11050396565,
    -114.9590735159));
#1175 = CARTESIAN_POINT('',(-422.6907977966,283.99138849958,
    -114.9081745199));
#1176 = CARTESIAN_POINT('',(-422.4528397449,283.86208294569,
    -114.8642943572));
#1177 = CARTESIAN_POINT('',(-422.0543244888,283.62541094938,
    -114.8022635958));
#1178 = CARTESIAN_POINT('',(-421.8921327783,283.52324593473,
    -114.7803439997));
#1179 = CARTESIAN_POINT('',(-421.7317918647,283.41617743805,
    -114.7620988258));
#1180 = CARTESIAN_POINT('',(-421.5736246508,283.30426134166,
    -114.7476138431));
#1181 = CARTESIAN_POINT('',(-421.4179554321,283.18758472645,
    -114.7369478351));
#1182 = CARTESIAN_POINT('',(-421.2651075132,283.06626995667,
    -114.730129555));
#1183 = CARTESIAN_POINT('',(-421.1154008222,282.94047876473,
    -114.72715468));
#1184 = CARTESIAN_POINT('',(-420.7938239994,282.65449796354,
    -114.7289754746));
#1185 = CARTESIAN_POINT('',(-420.6234295616,282.49241092835,
    -114.7354336634));
#1186 = CARTESIAN_POINT('',(-420.4585182323,282.32451297325,
    -114.7472913407));
#1187 = CARTESIAN_POINT('',(-420.2995554249,282.15119147531,
    -114.7644068538));
#1188 = CARTESIAN_POINT('',(-420.1469293761,281.97285593957,
    -114.7865750063));
#1189 = CARTESIAN_POINT('',(-420.0009590489,281.78993183477,
    -114.8135380826));
#1190 = CARTESIAN_POINT('',(-419.8619005129,281.60285577086,
    -114.8449957829));
#1191 = CARTESIAN_POINT('',(-419.5890080421,281.20828239643,
    -114.9186604766));
#1192 = CARTESIAN_POINT('',(-419.4561593705,281.00023737027,
    -114.9614587674));
#1193 = CARTESIAN_POINT('',(-419.3316159436,280.78842703565,
    -115.0086129696));
#1194 = CARTESIAN_POINT('',(-419.2154976251,280.5733061044,
    -115.0596972849));
#1195 = CARTESIAN_POINT('',(-419.1078560391,280.35528847416,
    -115.1142727553));
#1196 = CARTESIAN_POINT('',(-419.0086935811,280.13474208632,
    -115.1718999553));
#1197 = CARTESIAN_POINT('',(-418.9179793839,279.91198407246,
    -115.2321477083));
#1198 = CARTESIAN_POINT('',(-418.739649863,279.42518332127,
    -115.3674378657));
#1199 = CARTESIAN_POINT('',(-418.6550733014,279.16047077333,
    -115.4432649053));
#1200 = CARTESIAN_POINT('',(-418.5818311109,278.89351277086,
    -115.5214260902));
#1201 = CARTESIAN_POINT('',(-418.5198208683,278.62464191198,
    -115.6012786133));
#1202 = CARTESIAN_POINT('',(-418.4689461217,278.35414896772,
    -115.6821920271));
#1203 = CARTESIAN_POINT('',(-418.429125754,278.08228139405,
    -115.7635487076));
#1204 = CARTESIAN_POINT('',(-418.4003057584,277.80924055534,
    -115.8447424693));
#1205 = CARTESIAN_POINT('',(-418.3424639416,276.92027698157,
    -116.1056383709));
#1206 = CARTESIAN_POINT('',(-418.357736229,276.29977964629,
    -116.2824027831));
#1207 = CARTESIAN_POINT('',(-418.4283078412,275.67552389722,
    -116.4486670843));
#1208 = CARTESIAN_POINT('',(-418.5553536884,275.05094756976,
    -116.596922997));
#1209 = CARTESIAN_POINT('',(-418.7399998208,274.43088380535,
    -116.7190853438));
#1210 = CARTESIAN_POINT('',(-418.9827381644,273.82160157747,
    -116.8071071697));
#1211 = CARTESIAN_POINT('',(-419.2827964811,273.23144578919,
    -116.8551702912));
#1212 = CARTESIAN_POINT('',(-419.8700742489,272.29542524879,
    -116.8670651912));
#1213 = CARTESIAN_POINT('',(-420.1283625354,271.93389212843,
    -116.8534879396));
#1214 = CARTESIAN_POINT('',(-420.4074214206,271.58953884918,
    -116.8213608346));
#1215 = CARTESIAN_POINT('',(-420.7049819869,271.26468208909,
    -116.7715824131));
#1216 = CARTESIAN_POINT('',(-421.0188183755,270.9609109669,
    -116.7058613365));
#1217 = CARTESIAN_POINT('',(-421.3468446087,270.67929875917,
    -116.6263815038));
#1218 = CARTESIAN_POINT('',(-421.6871462207,270.42052964964,
    -116.5355127043));
#1219 = CARTESIAN_POINT('',(-422.245876341,270.0455267252,
    -116.3765132357));
#1220 = CARTESIAN_POINT('',(-422.4575479381,269.91411192257,
    -116.3141823049));
#1221 = CARTESIAN_POINT('',(-422.672823154,269.79080513268,
    -116.2491258503));
#1222 = CARTESIAN_POINT('',(-422.8914896325,269.67563721444,
    -116.1818066925));
#1223 = CARTESIAN_POINT('',(-423.1133614308,269.56863940053,
    -116.1126813479));
#1224 = CARTESIAN_POINT('',(-423.3382794419,269.46984820932,
    -116.0421964262));
#1225 = CARTESIAN_POINT('',(-423.5661133505,269.37931093307,
    -115.9707873924));
#1226 = CARTESIAN_POINT('',(-424.042150474,269.20962047001,
    -115.8223786756));
#1227 = CARTESIAN_POINT('',(-424.2906832727,269.13157884128,
    -115.7453263296));
#1228 = CARTESIAN_POINT('',(-424.5422481754,269.06303733273,
    -115.6682337967));
#1229 = CARTESIAN_POINT('',(-424.7967049417,269.00411272428,
    -115.5916196033));
#1230 = CARTESIAN_POINT('',(-425.053886866,268.95495676702,
    -115.5160120524));
#1231 = CARTESIAN_POINT('',(-425.3135990032,268.91574683099,
    -115.4419501889));
#1232 = CARTESIAN_POINT('',(-425.5756161883,268.88667849288,
    -115.3699833385));
#1233 = CARTESIAN_POINT('',(-426.0787328477,268.8510146768,
    -115.2379206598));
#1234 = CARTESIAN_POINT('',(-426.3194406456,268.84255277835,
    -115.1773518777));
#1235 = CARTESIAN_POINT('',(-426.5615880887,268.84272813886,
    -115.1193825681));
#1236 = CARTESIAN_POINT('',(-426.8049000161,268.85169919087,
    -115.0644456965));
#1237 = CARTESIAN_POINT('',(-427.0490411566,268.86961532036,
    -115.0129828532));
#1238 = CARTESIAN_POINT('',(-427.2936140264,268.89660027023,
    -114.9654356151));
#1239 = CARTESIAN_POINT('',(-427.5381558291,268.93273265587,
    -114.922232917));
#1240 = CARTESIAN_POINT('',(-428.0103082042,269.02038062857,
    -114.8478072521));
#1241 = CARTESIAN_POINT('',(-428.2380150364,269.07075274835,
    -114.8159854575));
#1242 = CARTESIAN_POINT('',(-428.4647704835,269.1291428608,
    -114.788645175));
#1243 = CARTESIAN_POINT('',(-428.6900726047,269.19549810291,
    -114.7660894081));
#1244 = CARTESIAN_POINT('',(-428.9134031021,269.26970378967,
    -114.7485791114));
#1245 = CARTESIAN_POINT('',(-429.1342291365,269.35157540076,
    -114.7363231234));
#1246 = CARTESIAN_POINT('',(-429.3520057443,269.44084860449,
    -114.7294669579));
#1247 = CARTESIAN_POINT('',(-429.7527414698,269.6210689365,
    -114.7268726978));
#1248 = CARTESIAN_POINT('',(-429.9366032092,269.71033161501,
    -114.7298150179));
#1249 = CARTESIAN_POINT('',(-430.1174006837,269.80472525922,
    -114.7369561584));
#1250 = CARTESIAN_POINT('',(-430.2948165032,269.90399083667,
    -114.7483014775));
#1251 = CARTESIAN_POINT('',(-430.46857474,270.00784695314,
    -114.7638168929));
#1252 = CARTESIAN_POINT('',(-430.6384370609,270.11599522901,
    -114.7834327583));
#1253 = CARTESIAN_POINT('',(-430.8041995317,270.22812447638,
    -114.8070476716));
#1254 = CARTESIAN_POINT('',(-431.1877445939,270.50312739325,
    -114.8723243094));
#1255 = CARTESIAN_POINT('',(-431.4017400434,270.66927416632,
    -114.9174359032));
#1256 = CARTESIAN_POINT('',(-431.6072789164,270.84155754169,
    -114.9695409225));
#1257 = CARTESIAN_POINT('',(-431.8041409634,271.01921198926,
    -115.028236326));
#1258 = CARTESIAN_POINT('',(-431.9922403556,271.20152520838,
    -115.0930768762));
#1259 = CARTESIAN_POINT('',(-432.1715916524,271.38785494014,
    -115.1636033037));
#1260 = CARTESIAN_POINT('',(-432.3422845957,271.57764028698,
    -115.2393638655));
#1261 = CARTESIAN_POINT('',(-432.7672404439,272.08273332283,
    -115.4504631973));
#1262 = CARTESIAN_POINT('',(-433.0075508472,272.40274151773,
    -115.5935497841));
#1263 = CARTESIAN_POINT('',(-433.2262797697,272.7286642446,
    -115.7474511677));
#1264 = CARTESIAN_POINT('',(-433.4243481838,273.05909495466,
    -115.9105342972));
#1265 = CARTESIAN_POINT('',(-433.602670956,273.39297260491,
    -116.0813117802));
#1266 = CARTESIAN_POINT('',(-433.7621198754,273.72957575548,
    -116.2584677309));
#1267 = CARTESIAN_POINT('',(-433.903474532,274.06853952383,
    -116.4408677948));
#1268 = CARTESIAN_POINT('',(-434.1425824584,274.72751447799,
    -116.8012421012));
#1269 = CARTESIAN_POINT('',(-434.2426111494,275.04699582703,
    -116.9785277073));
#1270 = CARTESIAN_POINT('',(-434.3279311742,275.36834611251,
    -117.1586060659));
#1271 = CARTESIAN_POINT('',(-434.398840234,275.69161591146,
    -117.3406735952));
#1272 = CARTESIAN_POINT('',(-434.455452923,276.01694467595,
    -117.5238878299));
#1273 = CARTESIAN_POINT('',(-434.4977101602,276.34458232067,
    -117.7073449934));
#1274 = CARTESIAN_POINT('',(-434.5253273949,276.6749500123,
    -117.890034481));
#1275 = CARTESIAN_POINT('',(-434.5376356085,277.00878980832,
    -118.0707310331));
#1276 = PCURVE('',#31,#1277);
#1277 = DEFINITIONAL_REPRESENTATION('',(#1278),#1407);
#1278 = B_SPLINE_CURVE_WITH_KNOTS('',8,(#1279,#1280,#1281,#1282,#1283,
    #1284,#1285,#1286,#1287,#1288,#1289,#1290,#1291,#1292,#1293,#1294,
    #1295,#1296,#1297,#1298,#1299,#1300,#1301,#1302,#1303,#1304,#1305,
    #1306,#1307,#1308,#1309,#1310,#1311,#1312,#1313,#1314,#1315,#1316,
    #1317,#1318,#1319,#1320,#1321,#1322,#1323,#1324,#1325,#1326,#1327,
    #1328,#1329,#1330,#1331,#1332,#1333,#1334,#1335,#1336,#1337,#1338,
    #1339,#1340,#1341,#1342,#1343,#1344,#1345,#1346,#1347,#1348,#1349,
    #1350,#1351,#1352,#1353,#1354,#1355,#1356,#1357,#1358,#1359,#1360,
    #1361,#1362,#1363,#1364,#1365,#1366,#1367,#1368,#1369,#1370,#1371,
    #1372,#1373,#1374,#1375,#1376,#1377,#1378,#1379,#1380,#1381,#1382,
    #1383,#1384,#1385,#1386,#1387,#1388,#1389,#1390,#1391,#1392,#1393,
    #1394,#1395,#1396,#1397,#1398,#1399,#1400,#1401,#1402,#1403,#1404,
    #1405,#1406),.UNSPECIFIED.,.F.,.F.,(9,7,7,7,7,7,7,7,7,7,7,7,7,7,7,7,
    7,7,9),(0.,6.720127014404E-02,0.148673972992,0.185890083898,
    0.23418148682,0.267855701112,0.308224228265,0.351344707795,
    0.401639205538,0.514482356561,0.590009509274,0.634741837156,
    0.682331577551,0.72541353474,0.765704686378,0.800801633434,
    0.849061016465,0.927251940677,1.),.UNSPECIFIED.);
#1279 = CARTESIAN_POINT('',(4.684794809886,2.345444652137));
#1280 = CARTESIAN_POINT('',(4.68232520232,2.361770188034));
#1281 = CARTESIAN_POINT('',(4.67995227441,2.379001990469));
#1282 = CARTESIAN_POINT('',(4.677663636613,2.397003662411));
#1283 = CARTESIAN_POINT('',(4.675451939139,2.415684014073));
#1284 = CARTESIAN_POINT('',(4.67331211757,2.434979921415));
#1285 = CARTESIAN_POINT('',(4.671240396564,2.45485058472));
#1286 = CARTESIAN_POINT('',(4.669234087251,2.475277343136));
#1287 = CARTESIAN_POINT('',(4.664935735374,2.52170579403));
#1288 = CARTESIAN_POINT('',(4.662675791192,2.547945445988));
#1289 = CARTESIAN_POINT('',(4.660508446963,2.574976002155));
#1290 = CARTESIAN_POINT('',(4.658435375945,2.602803544532));
#1291 = CARTESIAN_POINT('',(4.656461487975,2.631441658391));
#1292 = CARTESIAN_POINT('',(4.654594413741,2.660910291809));
#1293 = CARTESIAN_POINT('',(4.652844536999,2.691237954914));
#1294 = CARTESIAN_POINT('',(4.650485597409,2.736732198334));
#1295 = CARTESIAN_POINT('',(4.649773338693,2.751182438259));
#1296 = CARTESIAN_POINT('',(4.649089818123,2.765820282369));
#1297 = CARTESIAN_POINT('',(4.648436553783,2.780647458488));
#1298 = CARTESIAN_POINT('',(4.64781523694,2.795664775766));
#1299 = CARTESIAN_POINT('',(4.647227713965,2.810872035213));
#1300 = CARTESIAN_POINT('',(4.646675968273,2.826267940239));
#1301 = CARTESIAN_POINT('',(4.64549531277,2.862069204075));
#1302 = CARTESIAN_POINT('',(4.644892288664,2.882602186197));
#1303 = CARTESIAN_POINT('',(4.64435769489,2.903441580824));
#1304 = CARTESIAN_POINT('',(4.643896551714,2.924573700625));
#1305 = CARTESIAN_POINT('',(4.643514095588,2.945978182481));
#1306 = CARTESIAN_POINT('',(4.64321554943,2.967627025617));
#1307 = CARTESIAN_POINT('',(4.643005802297,2.989483029073));
#1308 = CARTESIAN_POINT('',(4.642807549665,3.026848690864));
#1309 = CARTESIAN_POINT('',(4.642771290855,3.042277617064));
#1310 = CARTESIAN_POINT('',(4.642781634529,3.057766416482));
#1311 = CARTESIAN_POINT('',(4.642839786271,3.073296165667));
#1312 = CARTESIAN_POINT('',(4.642946700758,3.088846840848));
#1313 = CARTESIAN_POINT('',(4.643103037756,3.104397150446));
#1314 = CARTESIAN_POINT('',(4.643309118116,3.119924367584));
#1315 = CARTESIAN_POINT('',(4.643871485916,3.153961285285));
#1316 = CARTESIAN_POINT('',(4.644249547501,3.172453901378));
#1317 = CARTESIAN_POINT('',(4.644698981854,3.190839155824));
#1318 = CARTESIAN_POINT('',(4.645219002218,3.209078454757));
#1319 = CARTESIAN_POINT('',(4.645808228626,3.227136689586));
#1320 = CARTESIAN_POINT('',(4.646464783352,3.244981628272));
#1321 = CARTESIAN_POINT('',(4.647186370961,3.262583473821));
#1322 = CARTESIAN_POINT('',(4.64880775884,3.298427181158));
#1323 = CARTESIAN_POINT('',(4.649716457773,3.316633130084));
#1324 = CARTESIAN_POINT('',(4.650693443706,3.33450315753));
#1325 = CARTESIAN_POINT('',(4.651735526805,3.35201383423));
#1326 = CARTESIAN_POINT('',(4.652839488909,3.369146348674));
#1327 = CARTESIAN_POINT('',(4.654002227057,3.385885546984));
#1328 = CARTESIAN_POINT('',(4.655220875028,3.402219244857));
#1329 = CARTESIAN_POINT('',(4.657976559961,3.436704773906));
#1330 = CARTESIAN_POINT('',(4.659532650611,3.454704630036));
#1331 = CARTESIAN_POINT('',(4.661157369416,3.472125307316));
#1332 = CARTESIAN_POINT('',(4.662847257026,3.48895419976));
#1333 = CARTESIAN_POINT('',(4.664599244661,3.505177966748));
#1334 = CARTESIAN_POINT('',(4.666410715774,3.520782209824));
#1335 = CARTESIAN_POINT('',(4.668279584895,3.535751027593));
#1336 = CARTESIAN_POINT('',(4.674522987059,3.582185215171));
#1337 = CARTESIAN_POINT('',(4.679126349637,3.611038383471));
#1338 = CARTESIAN_POINT('',(4.68399776962,3.636406603164));
#1339 = CARTESIAN_POINT('',(4.689115929896,3.657870493082));
#1340 = CARTESIAN_POINT('',(4.69445142652,3.674909490719));
#1341 = CARTESIAN_POINT('',(4.69996489613,3.686952377477));
#1342 = CARTESIAN_POINT('',(4.705599782328,3.693510615244));
#1343 = CARTESIAN_POINT('',(4.715054322426,3.695133227112));
#1344 = CARTESIAN_POINT('',(4.718852196426,3.693280338381));
#1345 = CARTESIAN_POINT('',(4.722625295835,3.688906479803));
#1346 = CARTESIAN_POINT('',(4.726348709294,3.682089802441));
#1347 = CARTESIAN_POINT('',(4.730002522553,3.672964601673));
#1348 = CARTESIAN_POINT('',(4.733570534428,3.661692645392));
#1349 = CARTESIAN_POINT('',(4.737039482561,3.648442678664));
#1350 = CARTESIAN_POINT('',(4.742388153318,3.624451613631));
#1351 = CARTESIAN_POINT('',(4.744340354801,3.614884936145));
#1352 = CARTESIAN_POINT('',(4.746253891232,3.604703168508));
#1353 = CARTESIAN_POINT('',(4.748127509531,3.593931880889));
#1354 = CARTESIAN_POINT('',(4.749960020779,3.582594036816));
#1355 = CARTESIAN_POINT('',(4.7517502727,3.570709534706));
#1356 = CARTESIAN_POINT('',(4.753497125139,3.558294718947));
#1357 = CARTESIAN_POINT('',(4.757010471742,3.53160287669));
#1358 = CARTESIAN_POINT('',(4.758770783402,3.517259903088));
#1359 = CARTESIAN_POINT('',(4.760479039079,3.502347775509));
#1360 = CARTESIAN_POINT('',(4.762133405962,3.486879762769));
#1361 = CARTESIAN_POINT('',(4.763731617254,3.470868001288));
#1362 = CARTESIAN_POINT('',(4.765271034193,3.454323846382));
#1363 = CARTESIAN_POINT('',(4.766748695707,3.43725814027));
#1364 = CARTESIAN_POINT('',(4.769440206074,3.403769553104));
#1365 = CARTESIAN_POINT('',(4.770665668236,3.387440383155));
#1366 = CARTESIAN_POINT('',(4.771835218312,3.370703436861));
#1367 = CARTESIAN_POINT('',(4.77294598973,3.353570795838));
#1368 = CARTESIAN_POINT('',(4.773994872899,3.336057491203));
#1369 = CARTESIAN_POINT('',(4.774978636719,3.31818219319));
#1370 = CARTESIAN_POINT('',(4.775894071928,3.299968172596));
#1371 = CARTESIAN_POINT('',(4.777527561684,3.264120838052));
#1372 = CARTESIAN_POINT('',(4.778254650274,3.246524397928));
#1373 = CARTESIAN_POINT('',(4.77891675861,3.228682639665));
#1374 = CARTESIAN_POINT('',(4.779511568419,3.210625193283));
#1375 = CARTESIAN_POINT('',(4.780037172742,3.192384169284));
#1376 = CARTESIAN_POINT('',(4.780492157772,3.173994605131));
#1377 = CARTESIAN_POINT('',(4.780875700343,3.155495081792));
#1378 = CARTESIAN_POINT('',(4.781459442329,3.120755481025));
#1379 = CARTESIAN_POINT('',(4.781676952086,3.104528680712));
#1380 = CARTESIAN_POINT('',(4.781840104711,3.088276054528));
#1381 = CARTESIAN_POINT('',(4.781949267716,3.072023555038));
#1382 = CARTESIAN_POINT('',(4.782005211162,3.05579539829));
#1383 = CARTESIAN_POINT('',(4.782009047263,3.039614291609));
#1384 = CARTESIAN_POINT('',(4.781962180238,3.0235016331));
#1385 = CARTESIAN_POINT('',(4.781734381904,2.985444257864));
#1386 = CARTESIAN_POINT('',(4.781509751254,2.963576769444));
#1387 = CARTESIAN_POINT('',(4.781196631773,2.94192280207));
#1388 = CARTESIAN_POINT('',(4.780799989653,2.920518625696));
#1389 = CARTESIAN_POINT('',(4.780325094236,2.899391358774));
#1390 = CARTESIAN_POINT('',(4.779777202014,2.878560527422));
#1391 = CARTESIAN_POINT('',(4.779161330335,2.858039020726));
#1392 = CARTESIAN_POINT('',(4.777381650489,2.805095915107));
#1393 = CARTESIAN_POINT('',(4.776115420257,2.773203038844));
#1394 = CARTESIAN_POINT('',(4.774702502521,2.74215481325));
#1395 = CARTESIAN_POINT('',(4.773159441363,2.711943118877));
#1396 = CARTESIAN_POINT('',(4.771500047466,2.682553361712));
#1397 = CARTESIAN_POINT('',(4.769735235822,2.653964720634));
#1398 = CARTESIAN_POINT('',(4.767872698046,2.626150347174));
#1399 = CARTESIAN_POINT('',(4.764095895748,2.573891830986));
#1400 = CARTESIAN_POINT('',(4.762195442557,2.549364228595));
#1401 = CARTESIAN_POINT('',(4.760218263621,2.525472501207));
#1402 = CARTESIAN_POINT('',(4.758166327999,2.502208589169));
#1403 = CARTESIAN_POINT('',(4.756040055447,2.479577898436));
#1404 = CARTESIAN_POINT('',(4.753838216008,2.457598529353));
#1405 = CARTESIAN_POINT('',(4.751557271776,2.436304066891));
#1406 = CARTESIAN_POINT('',(4.749189607157,2.41575223149));
#1407 = ( GEOMETRIC_REPRESENTATION_CONTEXT(2) 
PARAMETRIC_REPRESENTATION_CONTEXT() REPRESENTATION_CONTEXT('2D SPACE',''
  ) );
#1408 = PCURVE('',#1109,#1409);
#1409 = DEFINITIONAL_REPRESENTATION('',(#1410),#1539);
#1410 = B_SPLINE_CURVE_WITH_KNOTS('',8,(#1411,#1412,#1413,#1414,#1415,
    #1416,#1417,#1418,#1419,#1420,#1421,#1422,#1423,#1424,#1425,#1426,
    #1427,#1428,#1429,#1430,#1431,#1432,#1433,#1434,#1435,#1436,#1437,
    #1438,#1439,#1440,#1441,#1442,#1443,#1444,#1445,#1446,#1447,#1448,
    #1449,#1450,#1451,#1452,#1453,#1454,#1455,#1456,#1457,#1458,#1459,
    #1460,#1461,#1462,#1463,#1464,#1465,#1466,#1467,#1468,#1469,#1470,
    #1471,#1472,#1473,#1474,#1475,#1476,#1477,#1478,#1479,#1480,#1481,
    #1482,#1483,#1484,#1485,#1486,#1487,#1488,#1489,#1490,#1491,#1492,
    #1493,#1494,#1495,#1496,#1497,#1498,#1499,#1500,#1501,#1502,#1503,
    #1504,#1505,#1506,#1507,#1508,#1509,#1510,#1511,#1512,#1513,#1514,
    #1515,#1516,#1517,#1518,#1519,#1520,#1521,#1522,#1523,#1524,#1525,
    #1526,#1527,#1528,#1529,#1530,#1531,#1532,#1533,#1534,#1535,#1536,
    #1537,#1538),.UNSPECIFIED.,.F.,.F.,(9,7,7,7,7,7,7,7,7,7,7,7,7,7,7,7,
    7,7,9),(0.,6.720127014404E-02,0.148673972992,0.185890083898,
    0.23418148682,0.267855701112,0.308224228265,0.351344707795,
    0.401639205538,0.514482356561,0.590009509274,0.634741837156,
    0.682331577551,0.72541353474,0.765704686378,0.800801633434,
    0.849061016465,0.927251940677,1.),.UNSPECIFIED.);
#1411 = CARTESIAN_POINT('',(0.996443002267,94.612800629732));
#1412 = CARTESIAN_POINT('',(1.036061816034,94.447872796532));
#1413 = CARTESIAN_POINT('',(1.074776995654,94.276184029689));
#1414 = CARTESIAN_POINT('',(1.112827827066,94.099657695583));
#1415 = CARTESIAN_POINT('',(1.150381246772,93.91972085239));
#1416 = CARTESIAN_POINT('',(1.187575095431,93.737502560297));
#1417 = CARTESIAN_POINT('',(1.224535059035,93.553911468064));
#1418 = CARTESIAN_POINT('',(1.261381718308,93.369664799708));
#1419 = CARTESIAN_POINT('',(1.342934950048,92.961872333624));
#1420 = CARTESIAN_POINT('',(1.387605392869,92.738507312712));
#1421 = CARTESIAN_POINT('',(1.432468625551,92.516353312007));
#1422 = CARTESIAN_POINT('',(1.477693123293,92.296496187445));
#1423 = CARTESIAN_POINT('',(1.523428374335,92.080076117759));
#1424 = CARTESIAN_POINT('',(1.569816699528,91.868315673416));
#1425 = CARTESIAN_POINT('',(1.61700255467,91.662532581522));
#1426 = CARTESIAN_POINT('',(1.687144387162,91.373559176156));
#1427 = CARTESIAN_POINT('',(1.709334193834,91.284516311752));
#1428 = CARTESIAN_POINT('',(1.731733556748,91.197185671261));
#1429 = CARTESIAN_POINT('',(1.754354635469,91.111725379082));
#1430 = CARTESIAN_POINT('',(1.777208334691,91.028305652921));
#1431 = CARTESIAN_POINT('',(1.80030433983,90.947107246914));
#1432 = CARTESIAN_POINT('',(1.823651152616,90.868319894735));
#1433 = CARTESIAN_POINT('',(1.877885799861,90.693291153668));
#1434 = CARTESIAN_POINT('',(1.908950642972,90.598831137216));
#1435 = CARTESIAN_POINT('',(1.94046377676,90.509200821663));
#1436 = CARTESIAN_POINT('',(1.972430458714,90.424868846608));
#1437 = CARTESIAN_POINT('',(2.004848225315,90.346318009487));
#1438 = CARTESIAN_POINT('',(2.037705700123,90.274024699983));
#1439 = CARTESIAN_POINT('',(2.070980067696,90.208432132317));
#1440 = CARTESIAN_POINT('',(2.1280999832,90.109114285329));
#1441 = CARTESIAN_POINT('',(2.151752086827,90.071750736959));
#1442 = CARTESIAN_POINT('',(2.175574208984,90.037959013611));
#1443 = CARTESIAN_POINT('',(2.199550122073,90.007848988922));
#1444 = CARTESIAN_POINT('',(2.223662230429,89.981505109894));
#1445 = CARTESIAN_POINT('',(2.247891114593,89.958983379927));
#1446 = CARTESIAN_POINT('',(2.272215075591,89.940308341859));
#1447 = CARTESIAN_POINT('',(2.325853842423,89.907681983214));
#1448 = CARTESIAN_POINT('',(2.355205239002,89.895404256709));
#1449 = CARTESIAN_POINT('',(2.384620326013,89.888624355472));
#1450 = CARTESIAN_POINT('',(2.414061542286,89.887249768923));
#1451 = CARTESIAN_POINT('',(2.443495968859,89.891120386908));
#1452 = CARTESIAN_POINT('',(2.472894237391,89.900019753444));
#1453 = CARTESIAN_POINT('',(2.502229686545,89.913685189221));
#1454 = CARTESIAN_POINT('',(2.562719709381,89.951184420651));
#1455 = CARTESIAN_POINT('',(2.593865776833,89.975650316042));
#1456 = CARTESIAN_POINT('',(2.624893631061,90.004855674517));
#1457 = CARTESIAN_POINT('',(2.655789445181,90.038404281114));
#1458 = CARTESIAN_POINT('',(2.686546346405,90.075880371853));
#1459 = CARTESIAN_POINT('',(2.717163489384,90.116862348363));
#1460 = CARTESIAN_POINT('',(2.747645759567,90.160932335714));
#1461 = CARTESIAN_POINT('',(2.813413216833,90.262208572932));
#1462 = CARTESIAN_POINT('',(2.848649275877,90.320373658364));
#1463 = CARTESIAN_POINT('',(2.883735363175,90.381535738698));
#1464 = CARTESIAN_POINT('',(2.918696842822,90.445061826824));
#1465 = CARTESIAN_POINT('',(2.953561672872,90.510329816191));
#1466 = CARTESIAN_POINT('',(2.988361125278,90.576729512686));
#1467 = CARTESIAN_POINT('',(3.023130916415,90.643661931774));
#1468 = CARTESIAN_POINT('',(3.135950936682,90.860580664134));
#1469 = CARTESIAN_POINT('',(3.214107018643,91.010444407382));
#1470 = CARTESIAN_POINT('',(3.292834685554,91.153431166321));
#1471 = CARTESIAN_POINT('',(3.372379242102,91.282288644483));
#1472 = CARTESIAN_POINT('',(3.452899437987,91.389247740002));
#1473 = CARTESIAN_POINT('',(3.534428592989,91.4665977014));
#1474 = CARTESIAN_POINT('',(3.616864537537,91.50885493383));
#1475 = CARTESIAN_POINT('',(3.75499161532,91.519313508083));
#1476 = CARTESIAN_POINT('',(3.81042657072,91.507376677362));
#1477 = CARTESIAN_POINT('',(3.865675733224,91.479118477223));
#1478 = CARTESIAN_POINT('',(3.92060350714,91.435382595726));
#1479 = CARTESIAN_POINT('',(3.975132304496,91.37779103228));
#1480 = CARTESIAN_POINT('',(4.029221389655,91.308426217791));
#1481 = CARTESIAN_POINT('',(4.082859772571,91.22955035265));
#1482 = CARTESIAN_POINT('',(4.167574086951,91.092472244462));
#1483 = CARTESIAN_POINT('',(4.198951302388,91.038922644451));
#1484 = CARTESIAN_POINT('',(4.230213217263,90.983258600056));
#1485 = CARTESIAN_POINT('',(4.261379571164,90.925928356036));
#1486 = CARTESIAN_POINT('',(4.292471612111,90.867375683619));
#1487 = CARTESIAN_POINT('',(4.323512390314,90.808036534688));
#1488 = CARTESIAN_POINT('',(4.354527325737,90.748338182926));
#1489 = CARTESIAN_POINT('',(4.418544123938,90.625254006353));
#1490 = CARTESIAN_POINT('',(4.451540723971,90.56188707539));
#1491 = CARTESIAN_POINT('',(4.484569913595,90.499104799733));
#1492 = CARTESIAN_POINT('',(4.517661930285,90.437419631515));
#1493 = CARTESIAN_POINT('',(4.550843354622,90.37735351262));
#1494 = CARTESIAN_POINT('',(4.58413796682,90.319438303673));
#1495 = CARTESIAN_POINT('',(4.617567290126,90.264214863688));
#1496 = CARTESIAN_POINT('',(4.681553261424,90.16517072013));
#1497 = CARTESIAN_POINT('',(4.712079259751,90.120769733959));
#1498 = CARTESIAN_POINT('',(4.742740157696,90.07943824114));
#1499 = CARTESIAN_POINT('',(4.773541207156,90.041596090232));
#1500 = CARTESIAN_POINT('',(4.804481916701,90.007667246471));
#1501 = CARTESIAN_POINT('',(4.835555764864,89.978070307262));
#1502 = CARTESIAN_POINT('',(4.866749280331,89.953204845764));
#1503 = CARTESIAN_POINT('',(4.927304684901,89.914943081829));
#1504 = CARTESIAN_POINT('',(4.956657607669,89.900906037369));
#1505 = CARTESIAN_POINT('',(4.986075046224,89.891624714586));
#1506 = CARTESIAN_POINT('',(5.01553059478,89.887364714069));
#1507 = CARTESIAN_POINT('',(5.044995065827,89.888345889451));
#1508 = CARTESIAN_POINT('',(5.074435648022,89.894732082843));
#1509 = CARTESIAN_POINT('',(5.103814809021,89.906619677891));
#1510 = CARTESIAN_POINT('',(5.158589151027,89.939186429149));
#1511 = CARTESIAN_POINT('',(5.184014228517,89.958537345042));
#1512 = CARTESIAN_POINT('',(5.209335917682,89.982091484028));
#1513 = CARTESIAN_POINT('',(5.234529499132,90.009821217728));
#1514 = CARTESIAN_POINT('',(5.259572987631,90.041661436036));
#1515 = CARTESIAN_POINT('',(5.284446481343,90.077513384925));
#1516 = CARTESIAN_POINT('',(5.309131664819,90.117248429508));
#1517 = CARTESIAN_POINT('',(5.367271945806,90.220475136018));
#1518 = CARTESIAN_POINT('',(5.400546819658,90.287292538249));
#1519 = CARTESIAN_POINT('',(5.433399466627,90.360776840823));
#1520 = CARTESIAN_POINT('',(5.465808399924,90.440477620311));
#1521 = CARTESIAN_POINT('',(5.497763454496,90.525913868414));
#1522 = CARTESIAN_POINT('',(5.52926330347,90.616600494694));
#1523 = CARTESIAN_POINT('',(5.560314303137,90.712068601729));
#1524 = CARTESIAN_POINT('',(5.640535978347,90.973595419757));
#1525 = CARTESIAN_POINT('',(5.688977100781,91.146636501391));
#1526 = CARTESIAN_POINT('',(5.736356757603,91.329252448475));
#1527 = CARTESIAN_POINT('',(5.782777789048,91.519816082108));
#1528 = CARTESIAN_POINT('',(5.828348277999,91.716860222777));
#1529 = CARTESIAN_POINT('',(5.873186232878,91.919100682689));
#1530 = CARTESIAN_POINT('',(5.917426714416,92.12544367059));
#1531 = CARTESIAN_POINT('',(6.00199243003,92.529922563639));
#1532 = CARTESIAN_POINT('',(6.04234931144,92.727503214703));
#1533 = CARTESIAN_POINT('',(6.082433580946,92.926951254747));
#1534 = CARTESIAN_POINT('',(6.122363633143,93.127488180829));
#1535 = CARTESIAN_POINT('',(6.1622601624,93.328288220773));
#1536 = CARTESIAN_POINT('',(6.202253106895,93.528457571699));
#1537 = CARTESIAN_POINT('',(6.242494070811,93.726988196147));
#1538 = CARTESIAN_POINT('',(6.28318530718,93.922646151637));
#1539 = ( GEOMETRIC_REPRESENTATION_CONTEXT(2) 
PARAMETRIC_REPRESENTATION_CONTEXT() REPRESENTATION_CONTEXT('2D SPACE',''
  ) );
#1540 = ADVANCED_FACE('',(#1541),#232,.T.);
#1541 = FACE_BOUND('',#1542,.T.);
#1542 = EDGE_LOOP('',(#1543,#1544,#1567,#1757,#1955,#1956));
#1543 = ORIENTED_EDGE('',*,*,#74,.F.);
#1544 = ORIENTED_EDGE('',*,*,#1545,.F.);
#1545 = EDGE_CURVE('',#1546,#51,#1548,.T.);
#1546 = VERTEX_POINT('',#1547);
#1547 = CARTESIAN_POINT('',(-444.2035097875,251.50587010307,
    -2.816687638039E-15));
#1548 = SEAM_CURVE('',#1549,(#1553,#1560),.PCURVE_S1.);
#1549 = LINE('',#1550,#1551);
#1550 = CARTESIAN_POINT('',(-440.1301551441,256.78697327821,
    1.959434878636E-15));
#1551 = VECTOR('',#1552,1.);
#1552 = DIRECTION('',(-0.610743365832,-0.791828605881,0.));
#1553 = PCURVE('',#232,#1554);
#1554 = DEFINITIONAL_REPRESENTATION('',(#1555),#1559);
#1555 = LINE('',#1556,#1557);
#1556 = CARTESIAN_POINT('',(6.28318530718,-0.));
#1557 = VECTOR('',#1558,1.);
#1558 = DIRECTION('',(0.,1.));
#1559 = ( GEOMETRIC_REPRESENTATION_CONTEXT(2) 
PARAMETRIC_REPRESENTATION_CONTEXT() REPRESENTATION_CONTEXT('2D SPACE',''
  ) );
#1560 = PCURVE('',#232,#1561);
#1561 = DEFINITIONAL_REPRESENTATION('',(#1562),#1566);
#1562 = LINE('',#1563,#1564);
#1563 = CARTESIAN_POINT('',(0.,-0.));
#1564 = VECTOR('',#1565,1.);
#1565 = DIRECTION('',(0.,1.));
#1566 = ( GEOMETRIC_REPRESENTATION_CONTEXT(2) 
PARAMETRIC_REPRESENTATION_CONTEXT() REPRESENTATION_CONTEXT('2D SPACE',''
  ) );
#1567 = ORIENTED_EDGE('',*,*,#1568,.T.);
#1568 = EDGE_CURVE('',#1546,#1569,#1571,.T.);
#1569 = VERTEX_POINT('',#1570);
#1570 = CARTESIAN_POINT('',(-430.7405957398,242.76295149395,
    -7.592810154714E-15));
#1571 = SURFACE_CURVE('',#1572,(#1630,#1691),.PCURVE_S1.);
#1572 = B_SPLINE_CURVE_WITH_KNOTS('',6,(#1573,#1574,#1575,#1576,#1577,
    #1578,#1579,#1580,#1581,#1582,#1583,#1584,#1585,#1586,#1587,#1588,
    #1589,#1590,#1591,#1592,#1593,#1594,#1595,#1596,#1597,#1598,#1599,
    #1600,#1601,#1602,#1603,#1604,#1605,#1606,#1607,#1608,#1609,#1610,
    #1611,#1612,#1613,#1614,#1615,#1616,#1617,#1618,#1619,#1620,#1621,
    #1622,#1623,#1624,#1625,#1626,#1627,#1628,#1629),.UNSPECIFIED.,.F.,
  .F.,(7,5,5,5,5,5,5,5,5,5,5,7),(0.,8.26382199662E-02,0.136500053264,
    0.20860814092,0.317895082302,0.467531194155,0.637811802542,
    0.695944285711,0.766184413983,0.848506979718,0.90859970196,1.),
  .UNSPECIFIED.);
#1573 = CARTESIAN_POINT('',(-444.2035097875,251.50587010307,
    -2.6645352591E-15));
#1574 = CARTESIAN_POINT('',(-444.2035097875,251.50587010307,
    -0.424468698088));
#1575 = CARTESIAN_POINT('',(-444.1764955165,251.49664287653,
    -0.848025895475));
#1576 = CARTESIAN_POINT('',(-444.1226848369,251.47826327179,
    -1.266691594021));
#1577 = CARTESIAN_POINT('',(-444.0433987219,251.45101550396,
    -1.676535915867));
#1578 = CARTESIAN_POINT('',(-443.9410348889,251.41539978714,
    -2.073827773482));
#1579 = CARTESIAN_POINT('',(-443.7394592701,251.34416718512,
    -2.703733291418));
#1580 = CARTESIAN_POINT('',(-443.6514472009,251.31282870767,
    -2.945876181892));
#1581 = CARTESIAN_POINT('',(-443.5556497338,251.27840518427,
    -3.181290598724));
#1582 = CARTESIAN_POINT('',(-443.4527637922,251.24104055451,
    -3.409704109581));
#1583 = CARTESIAN_POINT('',(-443.3434941969,251.20088393014,
    -3.630887380687));
#1584 = CARTESIAN_POINT('',(-443.0746700154,251.10081424881,
    -4.130836374543));
#1585 = CARTESIAN_POINT('',(-442.910571434,251.0387986911,
    -4.403817226782));
#1586 = CARTESIAN_POINT('',(-442.7376574725,250.97232171773,
    -4.663673385784));
#1587 = CARTESIAN_POINT('',(-442.5571670155,250.90161595291,
    -4.910558946178));
#1588 = CARTESIAN_POINT('',(-442.3701902888,250.82688409473,
    -5.144681419011));
#1589 = CARTESIAN_POINT('',(-441.8859200565,250.62921894268,
    -5.702129144069));
#1590 = CARTESIAN_POINT('',(-441.5812921156,250.50123393936,
    -6.00939381778));
#1591 = CARTESIAN_POINT('',(-441.2668943049,250.36488019304,
    -6.289077228082));
#1592 = CARTESIAN_POINT('',(-440.9450850755,250.22053814054,
    -6.542205718321));
#1593 = CARTESIAN_POINT('',(-440.6176460482,250.0684655559,
    -6.769714240503));
#1594 = CARTESIAN_POINT('',(-439.8317703304,249.69023584938,
    -7.249761742997));
#1595 = CARTESIAN_POINT('',(-439.3695656558,249.45743783124,
    -7.480553479932));
#1596 = CARTESIAN_POINT('',(-438.9034398825,249.21112308508,
    -7.666197351922));
#1597 = CARTESIAN_POINT('',(-438.4364334611,248.95192486371,
    -7.807726166139));
#1598 = CARTESIAN_POINT('',(-437.9709271928,248.68049122666,
    -7.905647323862));
#1599 = CARTESIAN_POINT('',(-436.9833073345,248.0758145656,
    -8.021471980615));
#1600 = CARTESIAN_POINT('',(-436.4625084894,247.73937227111,
    -8.026440998137));
#1601 = CARTESIAN_POINT('',(-435.9500723518,247.3898845689,
    -7.974585459672));
#1602 = CARTESIAN_POINT('',(-435.4490385953,247.02938664906,
    -7.864994818256));
#1603 = CARTESIAN_POINT('',(-434.9624440814,246.66072410044,
    -7.696061154718));
#1604 = CARTESIAN_POINT('',(-434.3336380202,246.16085148127,
    -7.386714278012));
#1605 = CARTESIAN_POINT('',(-434.1756834128,246.03316831771,
    -7.300796071666));
#1606 = CARTESIAN_POINT('',(-434.0199385169,245.90518453744,
    -7.207594563428));
#1607 = CARTESIAN_POINT('',(-433.8665441032,245.77708508267,
    -7.107006174131));
#1608 = CARTESIAN_POINT('',(-433.7156516611,245.64907895323,
    -6.998919045454));
#1609 = CARTESIAN_POINT('',(-433.3883213197,245.36712921667,
    -6.74340726652));
#1610 = CARTESIAN_POINT('',(-433.2131113055,245.21333873564,
    -6.592480718902));
#1611 = CARTESIAN_POINT('',(-433.0420686927,245.06043369366,
    -6.430211481705));
#1612 = CARTESIAN_POINT('',(-432.8755127159,244.90889106039,
    -6.256373872929));
#1613 = CARTESIAN_POINT('',(-432.7138043725,244.75926305279,
    -6.070737617282));
#1614 = CARTESIAN_POINT('',(-432.3739718314,244.43979676182,
    -5.641394765199));
#1615 = CARTESIAN_POINT('',(-432.1977538044,244.27085800976,
    -5.393122076445));
#1616 = CARTESIAN_POINT('',(-432.0294360573,244.10646628513,
    -5.127962801201));
#1617 = CARTESIAN_POINT('',(-431.8698349694,243.94788111193,
    -4.84568093373));
#1618 = CARTESIAN_POINT('',(-431.7198630212,243.79653249216,
    -4.546126661557));
#1619 = CARTESIAN_POINT('',(-431.4788626759,243.55001517574,
    -3.997978695873));
#1620 = CARTESIAN_POINT('',(-431.3828319919,243.45069018879,
    -3.757418392025));
#1621 = CARTESIAN_POINT('',(-431.2929801717,243.35680408652,
    -3.507826541226));
#1622 = CARTESIAN_POINT('',(-431.2098048974,243.26910486104,
    -3.249505764585));
#1623 = CARTESIAN_POINT('',(-431.1337912408,243.18833441312,
    -2.982826260774));
#1624 = CARTESIAN_POINT('',(-430.9614277275,243.00401219224,
    -2.290562876667));
#1625 = CARTESIAN_POINT('',(-430.8748880593,242.91027218064,
    -1.853664372922));
#1626 = CARTESIAN_POINT('',(-430.8082789485,242.83738541931,
    -1.401494916748));
#1627 = CARTESIAN_POINT('',(-430.7632149385,242.78782635776,
    -0.93857958705));
#1628 = CARTESIAN_POINT('',(-430.7405957398,242.76295149395,
    -0.46976997894));
#1629 = CARTESIAN_POINT('',(-430.7405957398,242.76295149395,
    -8.881784197001E-16));
#1630 = PCURVE('',#232,#1631);
#1631 = DEFINITIONAL_REPRESENTATION('',(#1632),#1690);
#1632 = B_SPLINE_CURVE_WITH_KNOTS('',6,(#1633,#1634,#1635,#1636,#1637,
    #1638,#1639,#1640,#1641,#1642,#1643,#1644,#1645,#1646,#1647,#1648,
    #1649,#1650,#1651,#1652,#1653,#1654,#1655,#1656,#1657,#1658,#1659,
    #1660,#1661,#1662,#1663,#1664,#1665,#1666,#1667,#1668,#1669,#1670,
    #1671,#1672,#1673,#1674,#1675,#1676,#1677,#1678,#1679,#1680,#1681,
    #1682,#1683,#1684,#1685,#1686,#1687,#1688,#1689),.UNSPECIFIED.,.F.,
  .F.,(7,5,5,5,5,5,5,5,5,5,5,7),(0.,8.26382199662E-02,0.136500053264,
    0.20860814092,0.317895082302,0.467531194155,0.637811802542,
    0.695944285711,0.766184413983,0.848506979718,0.90859970196,1.),
  .UNSPECIFIED.);
#1633 = CARTESIAN_POINT('',(0.,6.669502889786));
#1634 = CARTESIAN_POINT('',(5.305858726103E-02,6.669502889786));
#1635 = CARTESIAN_POINT('',(0.106003232614,6.660310484933));
#1636 = CARTESIAN_POINT('',(0.158605338107,6.641999466194));
#1637 = CARTESIAN_POINT('',(0.210636622496,6.615151559417));
#1638 = CARTESIAN_POINT('',(0.261845454278,6.580835070921));
#1639 = CARTESIAN_POINT('',(0.344575999264,6.514128110958));
#1640 = CARTESIAN_POINT('',(0.376790940871,6.485190026553));
#1641 = CARTESIAN_POINT('',(0.408576773964,6.453939889552));
#1642 = CARTESIAN_POINT('',(0.439930993875,6.420689366022));
#1643 = CARTESIAN_POINT('',(0.470847784735,6.385750849454));
#1644 = CARTESIAN_POINT('',(0.542110261898,6.300806300316));
#1645 = CARTESIAN_POINT('',(0.582115136424,6.24968987296));
#1646 = CARTESIAN_POINT('',(0.621386326376,6.1967221873));
#1647 = CARTESIAN_POINT('',(0.659972282367,6.142475685261));
#1648 = CARTESIAN_POINT('',(0.697917920888,6.087455712941));
#1649 = CARTESIAN_POINT('',(0.791871629239,5.948207803038));
#1650 = CARTESIAN_POINT('',(0.847136647292,5.86350049583));
#1651 = CARTESIAN_POINT('',(0.901247375945,5.779452915616));
#1652 = CARTESIAN_POINT('',(0.954374795713,5.697204229875));
#1653 = CARTESIAN_POINT('',(1.006683111194,5.617638438961));
#1654 = CARTESIAN_POINT('',(1.129063960948,5.437163159157));
#1655 = CARTESIAN_POINT('',(1.198570359098,5.339210850603));
#1656 = CARTESIAN_POINT('',(1.267183614233,5.249566689005));
#1657 = CARTESIAN_POINT('',(1.335191494411,5.169586181581));
#1658 = CARTESIAN_POINT('',(1.402878474867,5.100210234894));
#1659 = CARTESIAN_POINT('',(1.547520885137,4.975828236036));
#1660 = CARTESIAN_POINT('',(1.624428245183,4.924158429461));
#1661 = CARTESIAN_POINT('',(1.701612481485,4.887925817974));
#1662 = CARTESIAN_POINT('',(1.779424412444,4.867375340462));
#1663 = CARTESIAN_POINT('',(1.858222470536,4.862108521179));
#1664 = CARTESIAN_POINT('',(1.965811572694,4.87388283005));
#1665 = CARTESIAN_POINT('',(1.993357357438,4.878516282832));
#1666 = CARTESIAN_POINT('',(2.021084636029,4.884737339208));
#1667 = CARTESIAN_POINT('',(2.049011020528,4.892485531363));
#1668 = CARTESIAN_POINT('',(2.077154754047,4.901687888425));
#1669 = CARTESIAN_POINT('',(2.139827299835,4.925028920819));
#1670 = CARTESIAN_POINT('',(2.174464548134,4.939796269211));
#1671 = CARTESIAN_POINT('',(2.209483937285,4.956407714389));
#1672 = CARTESIAN_POINT('',(2.244921085503,4.974680548556));
#1673 = CARTESIAN_POINT('',(2.280813425624,4.994397987267));
#1674 = CARTESIAN_POINT('',(2.359852369237,5.039810065103));
#1675 = CARTESIAN_POINT('',(2.403197549519,5.065956610735));
#1676 = CARTESIAN_POINT('',(2.447286962799,5.093327733488));
#1677 = CARTESIAN_POINT('',(2.492172596895,5.121424704426));
#1678 = CARTESIAN_POINT('',(2.537912416063,5.149672498595));
#1679 = CARTESIAN_POINT('',(2.618633112777,5.197682599557));
#1680 = CARTESIAN_POINT('',(2.653191170402,5.217680862352));
#1681 = CARTESIAN_POINT('',(2.688235849365,5.237146160722));
#1682 = CARTESIAN_POINT('',(2.723760242681,5.255790169185));
#1683 = CARTESIAN_POINT('',(2.759761413588,5.273321683867));
#1684 = CARTESIAN_POINT('',(2.851724165154,5.314003418808));
#1685 = CARTESIAN_POINT('',(2.908434281381,5.335375913239));
#1686 = CARTESIAN_POINT('',(2.966041293878,5.352408663334));
#1687 = CARTESIAN_POINT('',(3.024270210924,5.364128400841));
#1688 = CARTESIAN_POINT('',(3.082871406222,5.370010504));
#1689 = CARTESIAN_POINT('',(3.14159265359,5.370010504));
#1690 = ( GEOMETRIC_REPRESENTATION_CONTEXT(2) 
PARAMETRIC_REPRESENTATION_CONTEXT() REPRESENTATION_CONTEXT('2D SPACE',''
  ) );
#1691 = PCURVE('',#1692,#1697);
#1692 = CYLINDRICAL_SURFACE('',#1693,31.);
#1693 = AXIS2_PLACEMENT_3D('',#1694,#1695,#1696);
#1694 = CARTESIAN_POINT('',(-410.9541741743,266.87676116503,0.));
#1695 = DIRECTION('',(-0.838670567945,0.544639035015,0.));
#1696 = DIRECTION('',(-0.544639035015,-0.838670567945,0.));
#1697 = DEFINITIONAL_REPRESENTATION('',(#1698),#1756);
#1698 = B_SPLINE_CURVE_WITH_KNOTS('',6,(#1699,#1700,#1701,#1702,#1703,
    #1704,#1705,#1706,#1707,#1708,#1709,#1710,#1711,#1712,#1713,#1714,
    #1715,#1716,#1717,#1718,#1719,#1720,#1721,#1722,#1723,#1724,#1725,
    #1726,#1727,#1728,#1729,#1730,#1731,#1732,#1733,#1734,#1735,#1736,
    #1737,#1738,#1739,#1740,#1741,#1742,#1743,#1744,#1745,#1746,#1747,
    #1748,#1749,#1750,#1751,#1752,#1753,#1754,#1755),.UNSPECIFIED.,.F.,
  .F.,(7,5,5,5,5,5,5,5,5,5,5,7),(0.,8.26382199662E-02,0.136500053264,
    0.20860814092,0.317895082302,0.467531194155,0.637811802542,
    0.695944285711,0.766184413983,0.848506979718,0.90859970196,1.),
  .UNSPECIFIED.);
#1699 = CARTESIAN_POINT('',(6.28318530718,19.513651907194));
#1700 = CARTESIAN_POINT('',(6.269492768532,19.513651907194));
#1701 = CARTESIAN_POINT('',(6.255829631511,19.485970325447));
#1702 = CARTESIAN_POINT('',(6.242319673646,19.430830642089));
#1703 = CARTESIAN_POINT('',(6.229085102673,19.349495512945));
#1704 = CARTESIAN_POINT('',(6.216243369432,19.244248269368));
#1705 = CARTESIAN_POINT('',(6.195859807827,19.036396675016));
#1706 = CARTESIAN_POINT('',(6.188017966227,18.945515384913));
#1707 = CARTESIAN_POINT('',(6.180387328785,18.846424474138));
#1708 = CARTESIAN_POINT('',(6.172976620689,18.739786827237));
#1709 = CARTESIAN_POINT('',(6.165793405853,18.62627476849));
#1710 = CARTESIAN_POINT('',(6.149540540023,18.346317984868));
#1711 = CARTESIAN_POINT('',(6.140653209285,18.174917240863));
#1712 = CARTESIAN_POINT('',(6.132180300915,17.993693435991));
#1713 = CARTESIAN_POINT('',(6.124117995589,17.803812282375));
#1714 = CARTESIAN_POINT('',(6.116461005673,17.606298517665));
#1715 = CARTESIAN_POINT('',(6.098203187199,17.092499169198));
#1716 = CARTESIAN_POINT('',(6.088113961025,16.767311052277));
#1717 = CARTESIAN_POINT('',(6.078908150371,16.429371289059));
#1718 = CARTESIAN_POINT('',(6.070558010159,16.080865043651));
#1719 = CARTESIAN_POINT('',(6.063038522502,15.723426902951));
#1720 = CARTESIAN_POINT('',(6.047145928999,14.858337406002));
#1721 = CARTESIAN_POINT('',(6.039481901787,14.343909061027));
#1722 = CARTESIAN_POINT('',(6.033302310129,13.818830468379));
#1723 = CARTESIAN_POINT('',(6.028583725368,13.285996458509));
#1724 = CARTESIAN_POINT('',(6.025316441715,12.747756697966));
#1725 = CARTESIAN_POINT('',(6.021450550518,11.590138477355));
#1726 = CARTESIAN_POINT('',(6.021283351553,10.970120207524));
#1727 = CARTESIAN_POINT('',(6.02301606336,10.350010456023));
#1728 = CARTESIAN_POINT('',(6.026676828281,9.733466951776));
#1729 = CARTESIAN_POINT('',(6.032309039906,9.124586439729));
#1730 = CARTESIAN_POINT('',(6.042590560722,8.3249751623));
#1731 = CARTESIAN_POINT('',(6.04544411826,8.12296204697));
#1732 = CARTESIAN_POINT('',(6.048537047247,7.922638424088));
#1733 = CARTESIAN_POINT('',(6.051872041029,7.724223080584));
#1734 = CARTESIAN_POINT('',(6.055451990752,7.527956895669));
#1735 = CARTESIAN_POINT('',(6.063905320254,7.099873739923));
#1736 = CARTESIAN_POINT('',(6.068892714188,6.869169958605));
#1737 = CARTESIAN_POINT('',(6.074247987046,6.642443498871));
#1738 = CARTESIAN_POINT('',(6.079976927838,6.42022186968));
#1739 = CARTESIAN_POINT('',(6.086085409454,6.203108587782));
#1740 = CARTESIAN_POINT('',(6.10019062951,5.744107225098));
#1741 = CARTESIAN_POINT('',(6.108333727826,5.504307713476));
#1742 = CARTESIAN_POINT('',(6.117015477328,5.273610422657));
#1743 = CARTESIAN_POINT('',(6.126240953201,5.053386011858));
#1744 = CARTESIAN_POINT('',(6.136012791321,4.845178586662));
#1745 = CARTESIAN_POINT('',(6.153861873191,4.508795736904));
#1746 = CARTESIAN_POINT('',(6.161685750923,4.374161363588));
#1747 = CARTESIAN_POINT('',(6.169793745724,4.247671250361));
#1748 = CARTESIAN_POINT('',(6.178175695578,4.130150174277));
#1749 = CARTESIAN_POINT('',(6.186819597356,4.022409018905));
#1750 = CARTESIAN_POINT('',(6.209236382161,3.777463736804));
#1751 = CARTESIAN_POINT('',(6.223364726652,3.653830994625));
#1752 = CARTESIAN_POINT('',(6.237969540714,3.55827091849));
#1753 = CARTESIAN_POINT('',(6.252908543693,3.49348526023));
#1754 = CARTESIAN_POINT('',(6.268031436891,3.460967382146));
#1755 = CARTESIAN_POINT('',(6.28318530718,3.460967382146));
#1756 = ( GEOMETRIC_REPRESENTATION_CONTEXT(2) 
PARAMETRIC_REPRESENTATION_CONTEXT() REPRESENTATION_CONTEXT('2D SPACE',''
  ) );
#1757 = ORIENTED_EDGE('',*,*,#1758,.T.);
#1758 = EDGE_CURVE('',#1569,#1546,#1759,.T.);
#1759 = SURFACE_CURVE('',#1760,(#1823,#1889),.PCURVE_S1.);
#1760 = B_SPLINE_CURVE_WITH_KNOTS('',6,(#1761,#1762,#1763,#1764,#1765,
    #1766,#1767,#1768,#1769,#1770,#1771,#1772,#1773,#1774,#1775,#1776,
    #1777,#1778,#1779,#1780,#1781,#1782,#1783,#1784,#1785,#1786,#1787,
    #1788,#1789,#1790,#1791,#1792,#1793,#1794,#1795,#1796,#1797,#1798,
    #1799,#1800,#1801,#1802,#1803,#1804,#1805,#1806,#1807,#1808,#1809,
    #1810,#1811,#1812,#1813,#1814,#1815,#1816,#1817,#1818,#1819,#1820,
    #1821,#1822),.UNSPECIFIED.,.F.,.F.,(7,5,5,5,5,5,5,5,5,5,5,5,7),(0.,
    9.141321190355E-02,0.151512843544,0.233844874642,0.30409307905,
    0.362232246231,0.532532163432,0.64247034115,0.732382621344,
    0.791436760993,0.863529384064,0.91737966594,1.),.UNSPECIFIED.);
#1761 = CARTESIAN_POINT('',(-430.7405957398,242.76295149395,
    3.062854959142E-15));
#1762 = CARTESIAN_POINT('',(-430.7405957398,242.76295149395,
    0.469788223492));
#1763 = CARTESIAN_POINT('',(-430.7632167016,242.78782829019,
    0.938596570443));
#1764 = CARTESIAN_POINT('',(-430.8082806833,242.8373873336,
    1.401500425827));
#1765 = CARTESIAN_POINT('',(-430.8748875657,242.91027158431,
    1.853657670757));
#1766 = CARTESIAN_POINT('',(-430.9614249918,243.0040092667,
    2.290551889155));
#1767 = CARTESIAN_POINT('',(-431.1337912408,243.18833441312,
    2.982826260774));
#1768 = CARTESIAN_POINT('',(-431.2098048974,243.26910486104,
    3.249505764585));
#1769 = CARTESIAN_POINT('',(-431.2929801717,243.35680408652,
    3.507826541226));
#1770 = CARTESIAN_POINT('',(-431.3828319919,243.45069018879,
    3.757418392025));
#1771 = CARTESIAN_POINT('',(-431.4788626759,243.55001517574,
    3.997978695873));
#1772 = CARTESIAN_POINT('',(-431.7198630212,243.79653249216,
    4.546126661558));
#1773 = CARTESIAN_POINT('',(-431.8698349694,243.94788111193,
    4.845680933729));
#1774 = CARTESIAN_POINT('',(-432.0294360573,244.10646628512,5.1279628012
    ));
#1775 = CARTESIAN_POINT('',(-432.1977538044,244.27085800976,
    5.393122076445));
#1776 = CARTESIAN_POINT('',(-432.3739718314,244.43979676182,5.6413947652
    ));
#1777 = CARTESIAN_POINT('',(-432.7138043725,244.75926305279,
    6.070737617282));
#1778 = CARTESIAN_POINT('',(-432.8755127159,244.90889106039,
    6.256373872929));
#1779 = CARTESIAN_POINT('',(-433.0420686927,245.06043369366,
    6.430211481705));
#1780 = CARTESIAN_POINT('',(-433.2131113055,245.21333873564,
    6.592480718902));
#1781 = CARTESIAN_POINT('',(-433.3883213197,245.36712921667,
    6.74340726652));
#1782 = CARTESIAN_POINT('',(-433.7156516611,245.64907895323,
    6.998919045454));
#1783 = CARTESIAN_POINT('',(-433.8665441032,245.77708508267,
    7.107006174131));
#1784 = CARTESIAN_POINT('',(-434.0199385169,245.90518453744,
    7.207594563429));
#1785 = CARTESIAN_POINT('',(-434.1756834128,246.03316831771,
    7.300796071666));
#1786 = CARTESIAN_POINT('',(-434.3336380202,246.16085148127,
    7.386714278012));
#1787 = CARTESIAN_POINT('',(-434.9624433386,246.6607235099,
    7.696060789265));
#1788 = CARTESIAN_POINT('',(-435.4490383715,247.02938652711,
    7.864994918758));
#1789 = CARTESIAN_POINT('',(-435.9500726734,247.38988481587,
    7.974585565229));
#1790 = CARTESIAN_POINT('',(-436.4625087712,247.73937242707,
    8.026440915704));
#1791 = CARTESIAN_POINT('',(-436.9833071556,248.07581445604,
    8.021472001602));
#1792 = CARTESIAN_POINT('',(-437.8483367208,248.60543441541,
    7.920024312358));
#1793 = CARTESIAN_POINT('',(-438.1896779303,248.80709622002,
    7.856610490443));
#1794 = CARTESIAN_POINT('',(-438.5321524686,249.00228852492,
    7.769621998298));
#1795 = CARTESIAN_POINT('',(-438.8748140714,249.19071007209,
    7.65893265112));
#1796 = CARTESIAN_POINT('',(-439.2165542896,249.37209003547,
    7.524263816246));
#1797 = CARTESIAN_POINT('',(-439.8336721307,249.68852167398,
    7.235108962527));
#1798 = CARTESIAN_POINT('',(-440.1097916104,249.82599039632,
    7.088704430827));
#1799 = CARTESIAN_POINT('',(-440.3837559908,249.95847125433,
    6.925712353209));
#1800 = CARTESIAN_POINT('',(-440.654800341,250.08584779799,
    6.745767590157));
#1801 = CARTESIAN_POINT('',(-440.9219806782,250.20797302821,
    6.548436167035));
#1802 = CARTESIAN_POINT('',(-441.3563010446,250.40130069007,
    6.191897150675));
#1803 = CARTESIAN_POINT('',(-441.526313873,250.47559928567,
    6.042841117492));
#1804 = CARTESIAN_POINT('',(-441.6938540942,250.54751315506,
    5.885913179445));
#1805 = CARTESIAN_POINT('',(-441.8585551892,250.61698468616,
    5.720952995753));
#1806 = CARTESIAN_POINT('',(-442.0199927271,250.68394354281,
    5.547796913373));
#1807 = CARTESIAN_POINT('',(-442.3701902888,250.82688409473,
    5.144681419011));
#1808 = CARTESIAN_POINT('',(-442.5571670155,250.90161595291,
    4.910558946178));
#1809 = CARTESIAN_POINT('',(-442.7376574725,250.97232171773,
    4.663673385784));
#1810 = CARTESIAN_POINT('',(-442.910571434,251.0387986911,4.403817226782
    ));
#1811 = CARTESIAN_POINT('',(-443.0746700154,251.10081424881,
    4.130836374544));
#1812 = CARTESIAN_POINT('',(-443.3434941969,251.20088393014,
    3.630887380687));
#1813 = CARTESIAN_POINT('',(-443.4527637922,251.24104055451,
    3.409704109581));
#1814 = CARTESIAN_POINT('',(-443.5556497338,251.27840518427,
    3.181290598725));
#1815 = CARTESIAN_POINT('',(-443.6514472009,251.31282870767,
    2.945876181892));
#1816 = CARTESIAN_POINT('',(-443.7394592701,251.34416718512,
    2.703733291418));
#1817 = CARTESIAN_POINT('',(-443.9410346481,251.41539970207,
    2.073828525776));
#1818 = CARTESIAN_POINT('',(-444.0433987105,251.45101550224,
    1.676536257845));
#1819 = CARTESIAN_POINT('',(-444.1226850754,251.47826335354,
    1.266690870915));
#1820 = CARTESIAN_POINT('',(-444.1764957482,251.4966429556,
    0.848024167875));
#1821 = CARTESIAN_POINT('',(-444.2035097875,251.50587010307,
    0.424466875618));
#1822 = CARTESIAN_POINT('',(-444.2035097875,251.50587010307,
    9.797174393179E-16));
#1823 = PCURVE('',#232,#1824);
#1824 = DEFINITIONAL_REPRESENTATION('',(#1825),#1888);
#1825 = B_SPLINE_CURVE_WITH_KNOTS('',6,(#1826,#1827,#1828,#1829,#1830,
    #1831,#1832,#1833,#1834,#1835,#1836,#1837,#1838,#1839,#1840,#1841,
    #1842,#1843,#1844,#1845,#1846,#1847,#1848,#1849,#1850,#1851,#1852,
    #1853,#1854,#1855,#1856,#1857,#1858,#1859,#1860,#1861,#1862,#1863,
    #1864,#1865,#1866,#1867,#1868,#1869,#1870,#1871,#1872,#1873,#1874,
    #1875,#1876,#1877,#1878,#1879,#1880,#1881,#1882,#1883,#1884,#1885,
    #1886,#1887),.UNSPECIFIED.,.F.,.F.,(7,5,5,5,5,5,5,5,5,5,5,5,7),(0.,
    9.141321190355E-02,0.151512843544,0.233844874642,0.30409307905,
    0.362232246231,0.532532163432,0.64247034115,0.732382621344,
    0.791436760993,0.863529384064,0.91737966594,1.),.UNSPECIFIED.);
#1826 = CARTESIAN_POINT('',(3.14159265359,5.370010504));
#1827 = CARTESIAN_POINT('',(3.200316181526,5.370010504));
#1828 = CARTESIAN_POINT('',(3.258917218925,5.364127947451));
#1829 = CARTESIAN_POINT('',(3.317144744892,5.352408207071));
#1830 = CARTESIAN_POINT('',(3.374750205362,5.335376083977));
#1831 = CARTESIAN_POINT('',(3.431459682405,5.314004064503));
#1832 = CARTESIAN_POINT('',(3.523423893592,5.273321683867));
#1833 = CARTESIAN_POINT('',(3.559425064498,5.255790169185));
#1834 = CARTESIAN_POINT('',(3.594949457815,5.237146160722));
#1835 = CARTESIAN_POINT('',(3.629994136778,5.217680862352));
#1836 = CARTESIAN_POINT('',(3.664552194402,5.197682599557));
#1837 = CARTESIAN_POINT('',(3.745272891117,5.149672498595));
#1838 = CARTESIAN_POINT('',(3.791012710284,5.121424704426));
#1839 = CARTESIAN_POINT('',(3.835898344381,5.093327733488));
#1840 = CARTESIAN_POINT('',(3.879987757661,5.065956610735));
#1841 = CARTESIAN_POINT('',(3.923332937943,5.039810065103));
#1842 = CARTESIAN_POINT('',(4.002371881556,4.994397987267));
#1843 = CARTESIAN_POINT('',(4.038264221676,4.974680548556));
#1844 = CARTESIAN_POINT('',(4.073701369895,4.956407714389));
#1845 = CARTESIAN_POINT('',(4.108720759045,4.939796269211));
#1846 = CARTESIAN_POINT('',(4.143358007345,4.925028920819));
#1847 = CARTESIAN_POINT('',(4.206030553132,4.901687888425));
#1848 = CARTESIAN_POINT('',(4.234174286652,4.892485531363));
#1849 = CARTESIAN_POINT('',(4.262100671151,4.884737339208));
#1850 = CARTESIAN_POINT('',(4.289827949741,4.878516282832));
#1851 = CARTESIAN_POINT('',(4.317373734486,4.87388283005));
#1852 = CARTESIAN_POINT('',(4.424962709541,4.862108535089));
#1853 = CARTESIAN_POINT('',(4.503760868261,4.867375300337));
#1854 = CARTESIAN_POINT('',(4.581572877742,4.887925818882));
#1855 = CARTESIAN_POINT('',(4.658757099067,4.924158478038));
#1856 = CARTESIAN_POINT('',(4.735664395835,4.9758282135));
#1857 = CARTESIAN_POINT('',(4.862352777219,5.084771047619));
#1858 = CARTESIAN_POINT('',(4.912080091948,5.133561341183));
#1859 = CARTESIAN_POINT('',(4.961943672409,5.188166542797));
#1860 = CARTESIAN_POINT('',(5.012050952533,5.248247272366));
#1861 = CARTESIAN_POINT('',(5.062511915522,5.313340999982));
#1862 = CARTESIAN_POINT('',(5.155097339903,5.439682004163));
#1863 = CARTESIAN_POINT('',(5.197064926242,5.499468477799));
#1864 = CARTESIAN_POINT('',(5.239425252026,5.561888272507));
#1865 = CARTESIAN_POINT('',(5.282257778292,5.626566420232));
#1866 = CARTESIAN_POINT('',(5.32564456659,5.693042787913));
#1867 = CARTESIAN_POINT('',(5.398590008642,5.805218697368));
#1868 = CARTESIAN_POINT('',(5.427785644974,5.850221151006));
#1869 = CARTESIAN_POINT('',(5.457288149928,5.895601770697));
#1870 = CARTESIAN_POINT('',(5.487125221135,5.941182326183));
#1871 = CARTESIAN_POINT('',(5.517325238739,5.98675929332));
#1872 = CARTESIAN_POINT('',(5.585267386292,6.087455712941));
#1873 = CARTESIAN_POINT('',(5.623213024813,6.14247568526));
#1874 = CARTESIAN_POINT('',(5.661798980803,6.1967221873));
#1875 = CARTESIAN_POINT('',(5.701070170755,6.24968987296));
#1876 = CARTESIAN_POINT('',(5.741075045282,6.300806300316));
#1877 = CARTESIAN_POINT('',(5.812337522445,6.385750849454));
#1878 = CARTESIAN_POINT('',(5.843254313305,6.420689366022));
#1879 = CARTESIAN_POINT('',(5.874608533215,6.453939889552));
#1880 = CARTESIAN_POINT('',(5.906394366309,6.485190026553));
#1881 = CARTESIAN_POINT('',(5.938609307916,6.514128110958));
#1882 = CARTESIAN_POINT('',(6.021339754097,6.580834991253));
#1883 = CARTESIAN_POINT('',(6.072548643609,6.615151553846));
#1884 = CARTESIAN_POINT('',(6.124580062932,6.641999547122));
#1885 = CARTESIAN_POINT('',(6.177182290512,6.660310563833));
#1886 = CARTESIAN_POINT('',(6.230126947727,6.669502889786));
#1887 = CARTESIAN_POINT('',(6.28318530718,6.669502889786));
#1888 = ( GEOMETRIC_REPRESENTATION_CONTEXT(2) 
PARAMETRIC_REPRESENTATION_CONTEXT() REPRESENTATION_CONTEXT('2D SPACE',''
  ) );
#1889 = PCURVE('',#1692,#1890);
#1890 = DEFINITIONAL_REPRESENTATION('',(#1891),#1954);
#1891 = B_SPLINE_CURVE_WITH_KNOTS('',6,(#1892,#1893,#1894,#1895,#1896,
    #1897,#1898,#1899,#1900,#1901,#1902,#1903,#1904,#1905,#1906,#1907,
    #1908,#1909,#1910,#1911,#1912,#1913,#1914,#1915,#1916,#1917,#1918,
    #1919,#1920,#1921,#1922,#1923,#1924,#1925,#1926,#1927,#1928,#1929,
    #1930,#1931,#1932,#1933,#1934,#1935,#1936,#1937,#1938,#1939,#1940,
    #1941,#1942,#1943,#1944,#1945,#1946,#1947,#1948,#1949,#1950,#1951,
    #1952,#1953),.UNSPECIFIED.,.F.,.F.,(7,5,5,5,5,5,5,5,5,5,5,5,7),(0.,
    9.141321190355E-02,0.151512843544,0.233844874642,0.30409307905,
    0.362232246231,0.532532163432,0.64247034115,0.732382621344,
    0.791436760993,0.863529384064,0.91737966594,1.),.UNSPECIFIED.);
#1892 = CARTESIAN_POINT('',(0.,3.460967382146));
#1893 = CARTESIAN_POINT('',(1.515445882233E-02,3.460967382146));
#1894 = CARTESIAN_POINT('',(3.027731143641E-02,3.493487791302));
#1895 = CARTESIAN_POINT('',(4.521594480324E-02,3.558273416026));
#1896 = CARTESIAN_POINT('',(5.982036458707E-02,3.653830255892));
#1897 = CARTESIAN_POINT('',(7.394856922258E-02,3.777459849066));
#1898 = CARTESIAN_POINT('',(9.636570982341E-02,4.022409018905));
#1899 = CARTESIAN_POINT('',(0.105009611602,4.130150174277));
#1900 = CARTESIAN_POINT('',(0.113391561455,4.247671250361));
#1901 = CARTESIAN_POINT('',(0.121499556257,4.374161363588));
#1902 = CARTESIAN_POINT('',(0.129323433989,4.508795736904));
#1903 = CARTESIAN_POINT('',(0.147172515859,4.845178586663));
#1904 = CARTESIAN_POINT('',(0.156944353978,5.053386011857));
#1905 = CARTESIAN_POINT('',(0.166169829852,5.273610422657));
#1906 = CARTESIAN_POINT('',(0.174851579354,5.504307713476));
#1907 = CARTESIAN_POINT('',(0.182994677669,5.744107225098));
#1908 = CARTESIAN_POINT('',(0.197099897725,6.203108587782));
#1909 = CARTESIAN_POINT('',(0.203208379342,6.42022186968));
#1910 = CARTESIAN_POINT('',(0.208937320134,6.642443498871));
#1911 = CARTESIAN_POINT('',(0.214292592992,6.869169958605));
#1912 = CARTESIAN_POINT('',(0.219279986926,7.099873739923));
#1913 = CARTESIAN_POINT('',(0.227733316428,7.527956895669));
#1914 = CARTESIAN_POINT('',(0.231313266151,7.724223080584));
#1915 = CARTESIAN_POINT('',(0.234648259932,7.922638424088));
#1916 = CARTESIAN_POINT('',(0.23774118892,8.12296204697));
#1917 = CARTESIAN_POINT('',(0.240594746457,8.3249751623));
#1918 = CARTESIAN_POINT('',(0.250876255128,9.124585495091));
#1919 = CARTESIAN_POINT('',(0.256508482166,9.733466697649));
#1920 = CARTESIAN_POINT('',(0.260169247449,10.350010860325));
#1921 = CARTESIAN_POINT('',(0.261901952807,10.970120528767));
#1922 = CARTESIAN_POINT('',(0.261734757362,11.590138267606));
#1923 = CARTESIAN_POINT('',(0.258348727653,12.604064807939));
#1924 = CARTESIAN_POINT('',(0.256232722621,13.000170524598));
#1925 = CARTESIAN_POINT('',(0.253331665648,13.393703188804));
#1926 = CARTESIAN_POINT('',(0.249643811574,13.783705119392));
#1927 = CARTESIAN_POINT('',(0.245163407241,14.169099190563));
#1928 = CARTESIAN_POINT('',(0.235560874769,14.858998783063));
#1929 = CARTESIAN_POINT('',(0.230704412322,15.165442896185));
#1930 = CARTESIAN_POINT('',(0.225304970116,15.46736300537));
#1931 = CARTESIAN_POINT('',(0.219353248281,15.764054162291));
#1932 = CARTESIAN_POINT('',(0.212837972299,16.054644615033));
#1933 = CARTESIAN_POINT('',(0.201088911206,16.524190114588));
#1934 = CARTESIAN_POINT('',(0.196182488028,16.707240785302));
#1935 = CARTESIAN_POINT('',(0.19102299957,16.886918938224));
#1936 = CARTESIAN_POINT('',(0.185606103621,17.062885806763));
#1937 = CARTESIAN_POINT('',(0.179927350311,17.2347471254));
#1938 = CARTESIAN_POINT('',(0.166724301506,17.606298517665));
#1939 = CARTESIAN_POINT('',(0.15906731159,17.803812282375));
#1940 = CARTESIAN_POINT('',(0.151005006264,17.993693435992));
#1941 = CARTESIAN_POINT('',(0.142532097894,18.174917240863));
#1942 = CARTESIAN_POINT('',(0.133644767157,18.346317984867));
#1943 = CARTESIAN_POINT('',(0.117391901327,18.62627476849));
#1944 = CARTESIAN_POINT('',(0.110208686491,18.739786827237));
#1945 = CARTESIAN_POINT('',(0.102797978395,18.846424474138));
#1946 = CARTESIAN_POINT('',(9.516734095222E-02,18.945515384913));
#1947 = CARTESIAN_POINT('',(8.732549935291E-02,19.036396675016));
#1948 = CARTESIAN_POINT('',(6.694196209171E-02,19.244248021132));
#1949 = CARTESIAN_POINT('',(5.410021551465E-02,19.349495502491));
#1950 = CARTESIAN_POINT('',(4.086561014611E-02,19.430830886641));
#1951 = CARTESIAN_POINT('',(2.735561993945E-02,19.485970562831));
#1952 = CARTESIAN_POINT('',(1.369247985864E-02,19.513651907194));
#1953 = CARTESIAN_POINT('',(0.,19.513651907194));
#1954 = ( GEOMETRIC_REPRESENTATION_CONTEXT(2) 
PARAMETRIC_REPRESENTATION_CONTEXT() REPRESENTATION_CONTEXT('2D SPACE',''
  ) );
#1955 = ORIENTED_EDGE('',*,*,#1545,.T.);
#1956 = ORIENTED_EDGE('',*,*,#339,.T.);
#1957 = ADVANCED_FACE('',(#1958),#676,.T.);
#1958 = FACE_BOUND('',#1959,.T.);
#1959 = EDGE_LOOP('',(#1960,#1961,#1984,#2359,#2360));
#1960 = ORIENTED_EDGE('',*,*,#576,.F.);
#1961 = ORIENTED_EDGE('',*,*,#1962,.F.);
#1962 = EDGE_CURVE('',#1963,#577,#1965,.T.);
#1963 = VERTEX_POINT('',#1964);
#1964 = CARTESIAN_POINT('',(-412.548841629,273.09560060473,
    30.69370045992));
#1965 = SEAM_CURVE('',#1966,(#1970,#1977),.PCURVE_S1.);
#1966 = LINE('',#1967,#1968);
#1967 = CARTESIAN_POINT('',(-412.1980449076,272.86779055019,
    25.543663249749));
#1968 = VECTOR('',#1969,1.);
#1969 = DIRECTION('',(-6.789182304854E-02,4.408946540374E-02,
    0.996718024019));
#1970 = PCURVE('',#676,#1971);
#1971 = DEFINITIONAL_REPRESENTATION('',(#1972),#1976);
#1972 = LINE('',#1973,#1974);
#1973 = CARTESIAN_POINT('',(6.28318530718,-0.));
#1974 = VECTOR('',#1975,1.);
#1975 = DIRECTION('',(0.,1.));
#1976 = ( GEOMETRIC_REPRESENTATION_CONTEXT(2) 
PARAMETRIC_REPRESENTATION_CONTEXT() REPRESENTATION_CONTEXT('2D SPACE',''
  ) );
#1977 = PCURVE('',#676,#1978);
#1978 = DEFINITIONAL_REPRESENTATION('',(#1979),#1983);
#1979 = LINE('',#1980,#1981);
#1980 = CARTESIAN_POINT('',(0.,-0.));
#1981 = VECTOR('',#1982,1.);
#1982 = DIRECTION('',(0.,1.));
#1983 = ( GEOMETRIC_REPRESENTATION_CONTEXT(2) 
PARAMETRIC_REPRESENTATION_CONTEXT() REPRESENTATION_CONTEXT('2D SPACE',''
  ) );
#1984 = ORIENTED_EDGE('',*,*,#1985,.T.);
#1985 = EDGE_CURVE('',#1963,#1963,#1986,.T.);
#1986 = SURFACE_CURVE('',#1987,(#2109,#2234),.PCURVE_S1.);
#1987 = B_SPLINE_CURVE_WITH_KNOTS('',8,(#1988,#1989,#1990,#1991,#1992,
    #1993,#1994,#1995,#1996,#1997,#1998,#1999,#2000,#2001,#2002,#2003,
    #2004,#2005,#2006,#2007,#2008,#2009,#2010,#2011,#2012,#2013,#2014,
    #2015,#2016,#2017,#2018,#2019,#2020,#2021,#2022,#2023,#2024,#2025,
    #2026,#2027,#2028,#2029,#2030,#2031,#2032,#2033,#2034,#2035,#2036,
    #2037,#2038,#2039,#2040,#2041,#2042,#2043,#2044,#2045,#2046,#2047,
    #2048,#2049,#2050,#2051,#2052,#2053,#2054,#2055,#2056,#2057,#2058,
    #2059,#2060,#2061,#2062,#2063,#2064,#2065,#2066,#2067,#2068,#2069,
    #2070,#2071,#2072,#2073,#2074,#2075,#2076,#2077,#2078,#2079,#2080,
    #2081,#2082,#2083,#2084,#2085,#2086,#2087,#2088,#2089,#2090,#2091,
    #2092,#2093,#2094,#2095,#2096,#2097,#2098,#2099,#2100,#2101,#2102,
    #2103,#2104,#2105,#2106,#2107,#2108),.UNSPECIFIED.,.T.,.F.,(9,7,7,7,
    7,7,7,7,7,7,7,7,7,7,7,7,7,9),(0.,4.143211845599E-02,7.5793021886E-02
    ,0.104953425156,0.1901072919,0.289984005813,0.379042006381,
    0.46425663616,0.553314636755,0.653191351731,0.740449362092,
    0.769536914552,0.804682727688,0.845874188799,0.89099299487,
    0.921645934289,0.952298873708,1.),.UNSPECIFIED.);
#1988 = CARTESIAN_POINT('',(-412.548841629,273.09560060473,
    30.69370045992));
#1989 = CARTESIAN_POINT('',(-412.5465748182,273.37430674618,
    30.660421471629));
#1990 = CARTESIAN_POINT('',(-412.5554741536,273.64906472734,
    30.626375488716));
#1991 = CARTESIAN_POINT('',(-412.5750055713,273.91956032345,
    30.591843435302));
#1992 = CARTESIAN_POINT('',(-412.604659366,274.18552443902,
    30.557086257002));
#1993 = CARTESIAN_POINT('',(-412.6439496383,274.44672809306,
    30.522344903985));
#1994 = CARTESIAN_POINT('',(-412.6924137416,274.70297740435,
    30.487840314033));
#1995 = CARTESIAN_POINT('',(-412.7496117297,274.95410857661,
    30.453773395614));
#1996 = CARTESIAN_POINT('',(-412.8694585987,275.40389385045,
    30.392585258338));
#1997 = CARTESIAN_POINT('',(-412.9295195632,275.60422161969,
    30.365266604358));
#1998 = CARTESIAN_POINT('',(-412.9950813932,275.80091281283,
    30.33846896109));
#1999 = CARTESIAN_POINT('',(-413.0659296734,275.99392083876,
    30.312283830448));
#2000 = CARTESIAN_POINT('',(-413.14186282,276.18320591714,
    30.286794639519));
#2001 = CARTESIAN_POINT('',(-413.2226920242,276.36873510173,
    30.262077075906));
#2002 = CARTESIAN_POINT('',(-413.3082411947,276.55048230372,
    30.238199423087));
#2003 = CARTESIAN_POINT('',(-413.4748151673,276.87944231426,
    30.195723850734));
#2004 = CARTESIAN_POINT('',(-413.5545643188,277.02771700674,
    30.176874026142));
#2005 = CARTESIAN_POINT('',(-413.6374932419,277.17323771364,
    30.158711237573));
#2006 = CARTESIAN_POINT('',(-413.7235057578,277.31599067434,
    30.141269979049));
#2007 = CARTESIAN_POINT('',(-413.8125105879,277.45596307694,
    30.124581557812));
#2008 = CARTESIAN_POINT('',(-413.9044213197,277.59314308896,
    30.108674229108));
#2009 = CARTESIAN_POINT('',(-413.9991563724,277.72751988801,
    30.093573330979));
#2010 = CARTESIAN_POINT('',(-414.3813064758,278.24327476695,
    30.037624749641));
#2011 = CARTESIAN_POINT('',(-414.6893849776,278.603453026,
    30.003019954266));
#2012 = CARTESIAN_POINT('',(-415.0189290714,278.93933446331,
    29.97605245321));
#2013 = CARTESIAN_POINT('',(-415.3682550008,279.25061257814,
    29.957093460105));
#2014 = CARTESIAN_POINT('',(-415.7358859348,279.5369297553,
    29.946345122224));
#2015 = CARTESIAN_POINT('',(-416.1205001521,279.79784603321,
    29.943857928011));
#2016 = CARTESIAN_POINT('',(-416.5208821232,280.03280526013,
    29.94954038185));
#2017 = CARTESIAN_POINT('',(-417.4226221349,280.48540531448,
    29.979136464839));
#2018 = CARTESIAN_POINT('',(-417.9290004644,280.69279364309,
    30.006017177566));
#2019 = CARTESIAN_POINT('',(-418.4535539472,280.86248093338,
    30.043406428355));
#2020 = CARTESIAN_POINT('',(-418.9949448267,280.99316252806,
    30.090703383691));
#2021 = CARTESIAN_POINT('',(-419.5518066042,281.08298419142,
    30.147076705773));
#2022 = CARTESIAN_POINT('',(-420.1225541411,281.12949926169,
    30.211410867647));
#2023 = CARTESIAN_POINT('',(-420.7051523797,281.12961056808,
    30.282225110133));
#2024 = CARTESIAN_POINT('',(-421.8244425839,281.03481197962,
    30.424744098647));
#2025 = CARTESIAN_POINT('',(-422.3610654002,280.9500417879,
    30.495750148843));
#2026 = CARTESIAN_POINT('',(-422.9044120966,280.82203502209,
    30.569188313904));
#2027 = CARTESIAN_POINT('',(-423.4514473004,280.64730445289,
    30.64328460654));
#2028 = CARTESIAN_POINT('',(-423.9982736584,280.42209141687,
    30.715844151525));
#2029 = CARTESIAN_POINT('',(-424.5399462607,280.14245455073,
    30.784211068681));
#2030 = CARTESIAN_POINT('',(-425.0701982466,279.80438908991,
    30.845301263751));
#2031 = CARTESIAN_POINT('',(-426.0698510324,279.02085645225,
    30.944079060436));
#2032 = CARTESIAN_POINT('',(-426.5423455577,278.57951281248,
    30.982806780253));
#2033 = CARTESIAN_POINT('',(-426.9816810132,278.0835057135,
    31.007984584949));
#2034 = CARTESIAN_POINT('',(-427.3744925304,277.54024058814,
    31.016738901062));
#2035 = CARTESIAN_POINT('',(-427.71101908,276.96042357764,31.00798458495
    ));
#2036 = CARTESIAN_POINT('',(-427.9854502839,276.35732640547,
    30.982806780253));
#2037 = CARTESIAN_POINT('',(-428.1964569242,275.7461705476,
    30.944079060437));
#2038 = CARTESIAN_POINT('',(-428.505654188,274.51425085095,
    30.845301263735));
#2039 = CARTESIAN_POINT('',(-428.5988194413,273.89233794728,
    30.784211068666));
#2040 = CARTESIAN_POINT('',(-428.6339623342,273.2837568419,
    30.715844151532));
#2041 = CARTESIAN_POINT('',(-428.6172903631,272.69260371228,
    30.643284606565));
#2042 = CARTESIAN_POINT('',(-428.5544154185,272.12179286139,
    30.569188313921));
#2043 = CARTESIAN_POINT('',(-428.4503564066,271.57335591264,
    30.495750148834));
#2044 = CARTESIAN_POINT('',(-428.3095336672,271.04864743292,
    30.424744098621));
#2045 = CARTESIAN_POINT('',(-427.940880145,269.98756688614,
    30.282225109383));
#2046 = CARTESIAN_POINT('',(-427.7038144164,269.45538219792,
    30.211410868598));
#2047 = CARTESIAN_POINT('',(-427.4291768422,268.95289775424,
    30.147076706035));
#2048 = CARTESIAN_POINT('',(-427.1206245757,268.48071296041,
    30.090703382929));
#2049 = CARTESIAN_POINT('',(-426.7810374955,268.03928078115,
    30.04340642808));
#2050 = CARTESIAN_POINT('',(-426.4126653244,267.62909537677,
    30.006017178234));
#2051 = CARTESIAN_POINT('',(-426.0172440269,267.25084817584,
    29.979136464681));
#2052 = CARTESIAN_POINT('',(-425.2281298059,266.60388223269,
    29.949203819344));
#2053 = CARTESIAN_POINT('',(-424.8408451952,266.32762217172,
    29.943582165016));
#2054 = CARTESIAN_POINT('',(-424.4354261966,266.07759241529,
    29.946544463192));
#2055 = CARTESIAN_POINT('',(-424.0129452345,265.85474566705,
    29.958185516416));
#2056 = CARTESIAN_POINT('',(-423.5744081483,265.66019669885,
    29.97844381219));
#2057 = CARTESIAN_POINT('',(-423.1208123992,265.49525619841,
    30.007089977017));
#2058 = CARTESIAN_POINT('',(-422.6532039542,265.36146888636,
    30.043706321965));
#2059 = CARTESIAN_POINT('',(-422.0125672824,265.2270497849,
    30.102308645911));
#2060 = CARTESIAN_POINT('',(-421.8509752282,265.197108488,30.11777462191
    ));
#2061 = CARTESIAN_POINT('',(-421.6879970199,265.17089896063,
    30.134032063171));
#2062 = CARTESIAN_POINT('',(-421.5236760229,265.14849213123,
    30.151054823973));
#2063 = CARTESIAN_POINT('',(-421.358058619,265.12996295114,
    30.16881382181));
#2064 = CARTESIAN_POINT('',(-421.1911941935,265.11539043777,
    30.187276901752));
#2065 = CARTESIAN_POINT('',(-421.0231351205,265.10485771793,
    30.206408700796));
#2066 = CARTESIAN_POINT('',(-420.6494982944,265.09071227677,
    30.250048249364));
#2067 = CARTESIAN_POINT('',(-420.4433989353,265.08899771159,
    30.274845461946));
#2068 = CARTESIAN_POINT('',(-420.2357309386,265.09346262198,
    30.3004945727));
#2069 = CARTESIAN_POINT('',(-420.0265996728,265.10427082974,
    30.326920089407));
#2070 = CARTESIAN_POINT('',(-419.81612362,265.12159579238,
    30.354038237868));
#2071 = CARTESIAN_POINT('',(-419.6044343858,265.14562066369,
    30.381756594864));
#2072 = CARTESIAN_POINT('',(-419.3916767097,265.17653835412,
    30.409973721127));
#2073 = CARTESIAN_POINT('',(-418.9275858521,265.25910371989,
    30.472104402455));
#2074 = CARTESIAN_POINT('',(-418.6758587863,265.31341226854,
    30.506169974246));
#2075 = CARTESIAN_POINT('',(-418.4231385744,265.37780142432,
    30.540590299174));
#2076 = CARTESIAN_POINT('',(-418.1697685194,265.45260324323,
    30.575160215816));
#2077 = CARTESIAN_POINT('',(-417.9161285425,265.53815609196,
    30.609654876467));
#2078 = CARTESIAN_POINT('',(-417.6626397955,265.63480308961,
    30.643830011801));
#2079 = CARTESIAN_POINT('',(-417.4097692723,265.7428905494,
    30.67742219551));
#2080 = CARTESIAN_POINT('',(-416.882298246,265.99407169654,
    30.745996326352));
#2081 = CARTESIAN_POINT('',(-416.6075690045,266.139689824,
    30.780851792663));
#2082 = CARTESIAN_POINT('',(-416.3350246487,266.29990784597,
    30.814276727844));
#2083 = CARTESIAN_POINT('',(-416.0658464571,266.47490951928,
    30.845820693001));
#2084 = CARTESIAN_POINT('',(-415.8012173666,266.66477868363,
    30.875034199515));
#2085 = CARTESIAN_POINT('',(-415.5423203052,266.86950263085,
    30.901481318157));
#2086 = CARTESIAN_POINT('',(-415.2903365247,267.08897547421,
    30.924752288205));
#2087 = CARTESIAN_POINT('',(-414.8807475077,267.48199477912,
    30.957876162492));
#2088 = CARTESIAN_POINT('',(-414.7188987686,267.64759675806,
    30.96963004688));
#2089 = CARTESIAN_POINT('',(-414.5614559015,267.81954016316,
    30.979608690277));
#2090 = CARTESIAN_POINT('',(-414.4089349703,267.99750807608,
    30.987705188451));
#2091 = CARTESIAN_POINT('',(-414.2618075602,268.18113733729,
    30.993836462979));
#2092 = CARTESIAN_POINT('',(-414.1204984218,268.37002193192,
    30.997944901841));
#2093 = CARTESIAN_POINT('',(-413.9853831153,268.56371637559,31.));
#2094 = CARTESIAN_POINT('',(-413.7281881933,268.95976182493,31.));
#2095 = CARTESIAN_POINT('',(-413.6061958603,269.16197842721,
    30.997944901841));
#2096 = CARTESIAN_POINT('',(-413.4911168014,269.36789703462,
    30.993836462979));
#2097 = CARTESIAN_POINT('',(-413.3832052328,269.57699336108,
    30.987705188451));
#2098 = CARTESIAN_POINT('',(-413.2826593059,269.78871423646,
    30.979608690277));
#2099 = CARTESIAN_POINT('',(-413.1896189725,270.00248113592,
    30.96963004688));
#2100 = CARTESIAN_POINT('',(-413.1041638497,270.21769370939,
    30.957876162492));
#2101 = CARTESIAN_POINT('',(-412.9051590977,270.76992724596,
    30.923623418204));
#2102 = CARTESIAN_POINT('',(-412.8025761119,271.10768324114,
    30.898811053394));
#2103 = CARTESIAN_POINT('',(-412.718180331,271.44566430065,
    30.870479206189));
#2104 = CARTESIAN_POINT('',(-412.6514950231,271.78258049261,
    30.839113161076));
#2105 = CARTESIAN_POINT('',(-412.6019456724,272.11719172444,
    30.805227400533));
#2106 = CARTESIAN_POINT('',(-412.5688571308,272.4483105182,30.7693496926
    ));
#2107 = CARTESIAN_POINT('',(-412.5514507693,272.77480478588,
    30.732005178443));
#2108 = CARTESIAN_POINT('',(-412.548841629,273.09560060473,
    30.69370045992));
#2109 = PCURVE('',#676,#2110);
#2110 = DEFINITIONAL_REPRESENTATION('',(#2111),#2233);
#2111 = B_SPLINE_CURVE_WITH_KNOTS('',8,(#2112,#2113,#2114,#2115,#2116,
    #2117,#2118,#2119,#2120,#2121,#2122,#2123,#2124,#2125,#2126,#2127,
    #2128,#2129,#2130,#2131,#2132,#2133,#2134,#2135,#2136,#2137,#2138,
    #2139,#2140,#2141,#2142,#2143,#2144,#2145,#2146,#2147,#2148,#2149,
    #2150,#2151,#2152,#2153,#2154,#2155,#2156,#2157,#2158,#2159,#2160,
    #2161,#2162,#2163,#2164,#2165,#2166,#2167,#2168,#2169,#2170,#2171,
    #2172,#2173,#2174,#2175,#2176,#2177,#2178,#2179,#2180,#2181,#2182,
    #2183,#2184,#2185,#2186,#2187,#2188,#2189,#2190,#2191,#2192,#2193,
    #2194,#2195,#2196,#2197,#2198,#2199,#2200,#2201,#2202,#2203,#2204,
    #2205,#2206,#2207,#2208,#2209,#2210,#2211,#2212,#2213,#2214,#2215,
    #2216,#2217,#2218,#2219,#2220,#2221,#2222,#2223,#2224,#2225,#2226,
    #2227,#2228,#2229,#2230,#2231,#2232),.UNSPECIFIED.,.F.,.F.,(9,7,7,7,
    7,7,7,7,7,7,7,7,7,7,7,7,7,9),(0.,4.143211845599E-02,7.5793021886E-02
    ,0.104953425156,0.1901072919,0.289984005813,0.379042006381,
    0.46425663616,0.553314636755,0.653191351731,0.740449362092,
    0.769536914552,0.804682727688,0.845874188799,0.89099299487,
    0.921645934289,0.952298873708,1.),.UNSPECIFIED.);
#2112 = CARTESIAN_POINT('',(0.,5.166995164196));
#2113 = CARTESIAN_POINT('',(3.498822207182E-02,5.145959503609));
#2114 = CARTESIAN_POINT('',(6.948347838591E-02,5.124743383401));
#2115 = CARTESIAN_POINT('',(0.103510323131,5.103576693139));
#2116 = CARTESIAN_POINT('',(0.137091561014,5.082673052921));
#2117 = CARTESIAN_POINT('',(0.170248502287,5.062229537869));
#2118 = CARTESIAN_POINT('',(0.203001217763,5.042426402622));
#2119 = CARTESIAN_POINT('',(0.235368793843,5.023426805832));
#2120 = CARTESIAN_POINT('',(0.293908809352,4.990406901244));
#2121 = CARTESIAN_POINT('',(0.32019995766,4.976087899054));
#2122 = CARTESIAN_POINT('',(0.346256901842,4.962501326728));
#2123 = CARTESIAN_POINT('',(0.372092623651,4.949721774639));
#2124 = CARTESIAN_POINT('',(0.397719487257,4.937816956291));
#2125 = CARTESIAN_POINT('',(0.423149509305,4.926848039721));
#2126 = CARTESIAN_POINT('',(0.448394628954,4.9168699789));
#2127 = CARTESIAN_POINT('',(0.494744643369,4.900346492034));
#2128 = CARTESIAN_POINT('',(0.515897643755,4.893510199322));
#2129 = CARTESIAN_POINT('',(0.536932973757,4.887453146534));
#2130 = CARTESIAN_POINT('',(0.557857326503,4.882202578031));
#2131 = CARTESIAN_POINT('',(0.578677177448,4.87778293637));
#2132 = CARTESIAN_POINT('',(0.599398868242,4.874215995672));
#2133 = CARTESIAN_POINT('',(0.620028690597,4.871520994992));
#2134 = CARTESIAN_POINT('',(0.700566133717,4.864440259646));
#2135 = CARTESIAN_POINT('',(0.759825968177,4.866745114397));
#2136 = CARTESIAN_POINT('',(0.818502966595,4.877048302348));
#2137 = CARTESIAN_POINT('',(0.876733801935,4.895591992063));
#2138 = CARTESIAN_POINT('',(0.934647409078,4.922461635563));
#2139 = CARTESIAN_POINT('',(0.992369509126,4.957598423851));
#2140 = CARTESIAN_POINT('',(1.050025575997,5.000804116653));
#2141 = CARTESIAN_POINT('',(1.175437952975,5.111478733756));
#2142 = CARTESIAN_POINT('',(1.243152275807,5.181793813113));
#2143 = CARTESIAN_POINT('',(1.311154386221,5.262154667429));
#2144 = CARTESIAN_POINT('',(1.379704794578,5.351814090729));
#2145 = CARTESIAN_POINT('',(1.449062523958,5.449768947301));
#2146 = CARTESIAN_POINT('',(1.519494570262,5.554691881365));
#2147 = CARTESIAN_POINT('',(1.591287647657,5.664832277173));
#2148 = CARTESIAN_POINT('',(1.730277975645,5.878694555183));
#2149 = CARTESIAN_POINT('',(1.797353680089,5.982162394086));
#2150 = CARTESIAN_POINT('',(1.866180625516,6.08660458474));
#2151 = CARTESIAN_POINT('',(1.936949955809,6.189893135001));
#2152 = CARTESIAN_POINT('',(2.009869579005,6.289410057277));
#2153 = CARTESIAN_POINT('',(2.085170570939,6.381998696383));
#2154 = CARTESIAN_POINT('',(2.163120736096,6.463983043456));
#2155 = CARTESIAN_POINT('',(2.321512119405,6.595759368707));
#2156 = CARTESIAN_POINT('',(2.401931376445,6.646979894649));
#2157 = CARTESIAN_POINT('',(2.484117532954,6.680033663565));
#2158 = CARTESIAN_POINT('',(2.567134577304,6.691475669289));
#2159 = CARTESIAN_POINT('',(2.650151621641,6.680033663566));
#2160 = CARTESIAN_POINT('',(2.732337778157,6.646979894648));
#2161 = CARTESIAN_POINT('',(2.812757035194,6.595759368707));
#2162 = CARTESIAN_POINT('',(2.971148418529,6.463983043435));
#2163 = CARTESIAN_POINT('',(3.049098583672,6.381998696363));
#2164 = CARTESIAN_POINT('',(3.124399575584,6.289410057285));
#2165 = CARTESIAN_POINT('',(3.197319198769,6.189893135034));
#2166 = CARTESIAN_POINT('',(3.268088529069,6.086604584766));
#2167 = CARTESIAN_POINT('',(3.336915474519,5.982162394074));
#2168 = CARTESIAN_POINT('',(3.403991178981,5.878694555143));
#2169 = CARTESIAN_POINT('',(3.542981507674,5.664832276049));
#2170 = CARTESIAN_POINT('',(3.614774583112,5.554691883007));
#2171 = CARTESIAN_POINT('',(3.685206630617,5.449768947534));
#2172 = CARTESIAN_POINT('',(3.754564361154,5.351814089307));
#2173 = CARTESIAN_POINT('',(3.823114768408,5.262154667179));
#2174 = CARTESIAN_POINT('',(3.891116877596,5.181793814499));
#2175 = CARTESIAN_POINT('',(3.958831202296,5.111478733164));
#2176 = CARTESIAN_POINT('',(4.085669750573,4.999545540423));
#2177 = CARTESIAN_POINT('',(4.144748067919,4.955468719573));
#2178 = CARTESIAN_POINT('',(4.203898880363,4.919872982343));
#2179 = CARTESIAN_POINT('',(4.263257595463,4.892967633197));
#2180 = CARTESIAN_POINT('',(4.322959645428,4.874808799473));
#2181 = CARTESIAN_POINT('',(4.383143881535,4.86529336745));
#2182 = CARTESIAN_POINT('',(4.443957726805,4.864144137566));
#2183 = CARTESIAN_POINT('',(4.526100633985,4.873133672205));
#2184 = CARTESIAN_POINT('',(4.546724889474,4.876258014322));
#2185 = CARTESIAN_POINT('',(4.567443200289,4.880241647323));
#2186 = CARTESIAN_POINT('',(4.588261879116,4.885064582647));
#2187 = CARTESIAN_POINT('',(4.609187289234,4.890704286761));
#2188 = CARTESIAN_POINT('',(4.630225929285,4.897135546941));
#2189 = CARTESIAN_POINT('',(4.651384518041,4.90433033705));
#2190 = CARTESIAN_POINT('',(4.698388927645,4.921836111444));
#2191 = CARTESIAN_POINT('',(4.724292838797,4.93248388469));
#2192 = CARTESIAN_POINT('',(4.750394916385,4.944146712304));
#2193 = CARTESIAN_POINT('',(4.776708034385,4.956763726315));
#2194 = CARTESIAN_POINT('',(4.80324514631,4.970267119073));
#2195 = CARTESIAN_POINT('',(4.830019594516,4.984581780786));
#2196 = CARTESIAN_POINT('',(4.85704541952,4.999624937068));
#2197 = CARTESIAN_POINT('',(4.916324627229,5.033683995445));
#2198 = CARTESIAN_POINT('',(4.948684390358,5.052941990312));
#2199 = CARTESIAN_POINT('',(4.981434219389,5.072930596115));
#2200 = CARTESIAN_POINT('',(5.014592158846,5.093483272385));
#2201 = CARTESIAN_POINT('',(5.048177285501,5.114416621324));
#2202 = CARTESIAN_POINT('',(5.08220995679,5.135530895985));
#2203 = CARTESIAN_POINT('',(5.116712059234,5.156610508461));
#2204 = CARTESIAN_POINT('',(5.190039024939,5.200223053571));
#2205 = CARTESIAN_POINT('',(5.229011837224,5.222732481417));
#2206 = CARTESIAN_POINT('',(5.268591419321,5.244608110524));
#2207 = CARTESIAN_POINT('',(5.308749380869,5.265489281211));
#2208 = CARTESIAN_POINT('',(5.34946278136,5.285011988265));
#2209 = CARTESIAN_POINT('',(5.390713695979,5.302821484013));
#2210 = CARTESIAN_POINT('',(5.432488781435,5.31858488139));
#2211 = CARTESIAN_POINT('',(5.503509980116,5.3411203099));
#2212 = CARTESIAN_POINT('',(5.532459227662,5.349148715085));
#2213 = CARTESIAN_POINT('',(5.561588878011,5.355986418352));
#2214 = CARTESIAN_POINT('',(5.590863116675,5.36154793008));
#2215 = CARTESIAN_POINT('',(5.62024750947,5.36576644978));
#2216 = CARTESIAN_POINT('',(5.649708490873,5.368595490628));
#2217 = CARTESIAN_POINT('',(5.679212852384,5.370010504));
#2218 = CARTESIAN_POINT('',(5.738241609395,5.370010504));
#2219 = CARTESIAN_POINT('',(5.767745970906,5.368595490628));
#2220 = CARTESIAN_POINT('',(5.797206952309,5.36576644978));
#2221 = CARTESIAN_POINT('',(5.826591345105,5.36154793008));
#2222 = CARTESIAN_POINT('',(5.855865583769,5.355986418352));
#2223 = CARTESIAN_POINT('',(5.884995234117,5.349148715085));
#2224 = CARTESIAN_POINT('',(5.913944481664,5.3411203099));
#2225 = CARTESIAN_POINT('',(5.987386100732,5.317816868295));
#2226 = CARTESIAN_POINT('',(6.031509868332,5.301012872413));
#2227 = CARTESIAN_POINT('',(6.075040504122,5.28194563046));
#2228 = CARTESIAN_POINT('',(6.117966435524,5.261009595617));
#2229 = CARTESIAN_POINT('',(6.160270472272,5.238623881906));
#2230 = CARTESIAN_POINT('',(6.201929342628,5.215216332943));
#2231 = CARTESIAN_POINT('',(6.242913229604,5.191207590688));
#2232 = CARTESIAN_POINT('',(6.28318530718,5.166995164196));
#2233 = ( GEOMETRIC_REPRESENTATION_CONTEXT(2) 
PARAMETRIC_REPRESENTATION_CONTEXT() REPRESENTATION_CONTEXT('2D SPACE',''
  ) );
#2234 = PCURVE('',#1692,#2235);
#2235 = DEFINITIONAL_REPRESENTATION('',(#2236),#2358);
#2236 = B_SPLINE_CURVE_WITH_KNOTS('',8,(#2237,#2238,#2239,#2240,#2241,
    #2242,#2243,#2244,#2245,#2246,#2247,#2248,#2249,#2250,#2251,#2252,
    #2253,#2254,#2255,#2256,#2257,#2258,#2259,#2260,#2261,#2262,#2263,
    #2264,#2265,#2266,#2267,#2268,#2269,#2270,#2271,#2272,#2273,#2274,
    #2275,#2276,#2277,#2278,#2279,#2280,#2281,#2282,#2283,#2284,#2285,
    #2286,#2287,#2288,#2289,#2290,#2291,#2292,#2293,#2294,#2295,#2296,
    #2297,#2298,#2299,#2300,#2301,#2302,#2303,#2304,#2305,#2306,#2307,
    #2308,#2309,#2310,#2311,#2312,#2313,#2314,#2315,#2316,#2317,#2318,
    #2319,#2320,#2321,#2322,#2323,#2324,#2325,#2326,#2327,#2328,#2329,
    #2330,#2331,#2332,#2333,#2334,#2335,#2336,#2337,#2338,#2339,#2340,
    #2341,#2342,#2343,#2344,#2345,#2346,#2347,#2348,#2349,#2350,#2351,
    #2352,#2353,#2354,#2355,#2356,#2357),.UNSPECIFIED.,.T.,.F.,(9,7,7,7,
    7,7,7,7,7,7,7,7,7,7,7,7,7,9),(0.,4.143211845599E-02,7.5793021886E-02
    ,0.104953425156,0.1901072919,0.289984005813,0.379042006381,
    0.46425663616,0.553314636755,0.653191351731,0.740449362092,
    0.769536914552,0.804682727688,0.845874188799,0.89099299487,
    0.921645934289,0.952298873708,1.),.UNSPECIFIED.);
#2237 = CARTESIAN_POINT('',(1.711487083252,4.72442337129));
#2238 = CARTESIAN_POINT('',(1.719142635631,4.87431650772));
#2239 = CARTESIAN_POINT('',(1.726501660824,5.031424040094));
#2240 = CARTESIAN_POINT('',(1.73356444278,5.195126925718));
#2241 = CARTESIAN_POINT('',(1.740331922181,5.364851129847));
#2242 = CARTESIAN_POINT('',(1.746805606445,5.540064430875));
#2243 = CARTESIAN_POINT('',(1.75298747973,5.720273225525));
#2244 = CARTESIAN_POINT('',(1.758879912936,5.905019334045));
#2245 = CARTESIAN_POINT('',(1.769134516985,6.250501993219));
#2246 = CARTESIAN_POINT('',(1.773586962896,6.409979679339));
#2247 = CARTESIAN_POINT('',(1.77784494475,6.572090158221));
#2248 = CARTESIAN_POINT('',(1.781910453826,6.736628230585));
#2249 = CARTESIAN_POINT('',(1.785785447788,6.903403168231));
#2250 = CARTESIAN_POINT('',(1.789471859091,7.072238678865));
#2251 = CARTESIAN_POINT('',(1.792971603391,7.242972870925));
#2252 = CARTESIAN_POINT('',(1.799099851785,7.561838021858));
#2253 = CARTESIAN_POINT('',(1.801780017827,7.709477473492));
#2254 = CARTESIAN_POINT('',(1.80432819137,7.858283777913));
#2255 = CARTESIAN_POINT('',(1.806745428471,8.008168778212));
#2256 = CARTESIAN_POINT('',(1.809032738743,8.159048943917));
#2257 = CARTESIAN_POINT('',(1.811191088138,8.310845358938));
#2258 = CARTESIAN_POINT('',(1.81322140173,8.463483709517));
#2259 = CARTESIAN_POINT('',(1.820682165881,9.064881993367));
#2260 = CARTESIAN_POINT('',(1.825155144532,9.519425504853));
#2261 = CARTESIAN_POINT('',(1.828565053344,9.978738579117));
#2262 = CARTESIAN_POINT('',(1.830929499038,10.441242166806));
#2263 = CARTESIAN_POINT('',(1.832262472963,10.905502922073));
#2264 = CARTESIAN_POINT('',(1.832574466763,11.370172735937));
#2265 = CARTESIAN_POINT('',(1.831872374948,11.833929277646));
#2266 = CARTESIAN_POINT('',(1.828149788222,12.836695742248));
#2267 = CARTESIAN_POINT('',(1.824751396137,13.374332122635));
#2268 = CARTESIAN_POINT('',(1.819971594882,13.906678012031));
#2269 = CARTESIAN_POINT('',(1.813803820175,14.431900906003));
#2270 = CARTESIAN_POINT('',(1.806229312595,14.947844873255));
#2271 = CARTESIAN_POINT('',(1.797219073716,15.451847957192));
#2272 = CARTESIAN_POINT('',(1.786735822443,15.940516574679));
#2273 = CARTESIAN_POINT('',(1.7640359148,16.827601314126));
#2274 = CARTESIAN_POINT('',(1.752093633736,17.231481920897));
#2275 = CARTESIAN_POINT('',(1.73887245341,17.617453321888));
#2276 = CARTESIAN_POINT('',(1.72434005737,17.981070558408));
#2277 = CARTESIAN_POINT('',(1.708471771124,18.317017920016));
#2278 = CARTESIAN_POINT('',(1.691254622953,18.619001636094));
#2279 = CARTESIAN_POINT('',(1.672693254914,18.879584723884));
#2280 = CARTESIAN_POINT('',(1.633801998077,19.291221633802));
#2281 = CARTESIAN_POINT('',(1.613526378849,19.44711591167));
#2282 = CARTESIAN_POINT('',(1.592382793421,19.545428799881));
#2283 = CARTESIAN_POINT('',(1.570796326794,19.578984864436));
#2284 = CARTESIAN_POINT('',(1.54920986017,19.545428799884));
#2285 = CARTESIAN_POINT('',(1.52806627474,19.447115911667));
#2286 = CARTESIAN_POINT('',(1.507790655513,19.291221633803));
#2287 = CARTESIAN_POINT('',(1.468899398669,18.879584723819));
#2288 = CARTESIAN_POINT('',(1.450338030635,18.61900163603));
#2289 = CARTESIAN_POINT('',(1.433120882469,18.31701792004));
#2290 = CARTESIAN_POINT('',(1.417252596224,17.981070558518));
#2291 = CARTESIAN_POINT('',(1.402720200183,17.617453321988));
#2292 = CARTESIAN_POINT('',(1.389499019851,17.231481920869));
#2293 = CARTESIAN_POINT('',(1.377556738786,16.827601313964));
#2294 = CARTESIAN_POINT('',(1.354856831027,15.940516570015));
#2295 = CARTESIAN_POINT('',(1.344373580019,15.451847965765));
#2296 = CARTESIAN_POINT('',(1.33536334104,14.947844872909));
#2297 = CARTESIAN_POINT('',(1.327788833301,14.431900897818));
#2298 = CARTESIAN_POINT('',(1.321621058663,13.906678012317));
#2299 = CARTESIAN_POINT('',(1.31684125755,13.37433213154));
#2300 = CARTESIAN_POINT('',(1.313442865347,12.836695736883));
#2301 = CARTESIAN_POINT('',(1.309677945908,11.822525957988));
#2302 = CARTESIAN_POINT('',(1.308984133184,11.3472597406));
#2303 = CARTESIAN_POINT('',(1.309355166443,10.871070793457));
#2304 = CARTESIAN_POINT('',(1.310798574886,10.395377407168));
#2305 = CARTESIAN_POINT('',(1.313325882487,9.921630297725));
#2306 = CARTESIAN_POINT('',(1.316952455043,9.451379858159));
#2307 = CARTESIAN_POINT('',(1.321697593344,8.98634462552));
#2308 = CARTESIAN_POINT('',(1.329547403345,8.375851614384));
#2309 = CARTESIAN_POINT('',(1.331636818011,8.224021915506));
#2310 = CARTESIAN_POINT('',(1.333854017075,8.073062157297));
#2311 = CARTESIAN_POINT('',(1.336199937917,7.923047339421));
#2312 = CARTESIAN_POINT('',(1.338675557497,7.774057182531));
#2313 = CARTESIAN_POINT('',(1.341281895179,7.626176140363));
#2314 = CARTESIAN_POINT('',(1.344020015547,7.479493411826));
#2315 = CARTESIAN_POINT('',(1.35036001271,7.158431043216));
#2316 = CARTESIAN_POINT('',(1.354022968454,6.984647757545));
#2317 = CARTESIAN_POINT('',(1.357881967617,6.81291448527));
#2318 = CARTESIAN_POINT('',(1.361939078361,6.643408819702));
#2319 = CARTESIAN_POINT('',(1.366196377344,6.476324599902));
#2320 = CARTESIAN_POINT('',(1.370655959194,6.311871952317));
#2321 = CARTESIAN_POINT('',(1.375319945999,6.150277332406));
#2322 = CARTESIAN_POINT('',(1.385898861041,5.806026310396));
#2323 = CARTESIAN_POINT('',(1.391892196354,5.624488784629));
#2324 = CARTESIAN_POINT('',(1.398172897444,5.447608628713));
#2325 = CARTESIAN_POINT('',(1.404743009737,5.27585461123));
#2326 = CARTESIAN_POINT('',(1.41160414266,5.109729648728));
#2327 = CARTESIAN_POINT('',(1.418757382931,4.949773824831));
#2328 = CARTESIAN_POINT('',(1.426203207847,4.796567409356));
#2329 = CARTESIAN_POINT('',(1.442417376795,4.490996041764));
#2330 = CARTESIAN_POINT('',(1.451255071506,4.339898029134));
#2331 = CARTESIAN_POINT('',(1.460440643238,4.198584088352));
#2332 = CARTESIAN_POINT('',(1.469957755141,4.06814500397));
#2333 = CARTESIAN_POINT('',(1.479787726024,3.949618532795));
#2334 = CARTESIAN_POINT('',(1.489909683384,3.843989840407));
#2335 = CARTESIAN_POINT('',(1.500300716442,3.752191937677));
#2336 = CARTESIAN_POINT('',(1.518161477386,3.622735339146));
#2337 = CARTESIAN_POINT('',(1.525494742135,3.577190867175));
#2338 = CARTESIAN_POINT('',(1.532919138356,3.538795258644));
#2339 = CARTESIAN_POINT('',(1.540417500599,3.507808714999));
#2340 = CARTESIAN_POINT('',(1.547972287305,3.484428950036));
#2341 = CARTESIAN_POINT('',(1.555565685083,3.468791058077));
#2342 = CARTESIAN_POINT('',(1.563179712987,3.460967382146));
#2343 = CARTESIAN_POINT('',(1.578412940603,3.460967382146));
#2344 = CARTESIAN_POINT('',(1.586026968507,3.468791058077));
#2345 = CARTESIAN_POINT('',(1.593620366285,3.484428950036));
#2346 = CARTESIAN_POINT('',(1.601175152991,3.507808714999));
#2347 = CARTESIAN_POINT('',(1.608673515234,3.538795258644));
#2348 = CARTESIAN_POINT('',(1.616097911455,3.577190867175));
#2349 = CARTESIAN_POINT('',(1.623431176204,3.622735339146));
#2350 = CARTESIAN_POINT('',(1.641900636391,3.756603851247));
#2351 = CARTESIAN_POINT('',(1.652868807328,3.85452561955));
#2352 = CARTESIAN_POINT('',(1.663533082644,3.967823040177));
#2353 = CARTESIAN_POINT('',(1.673867739689,4.095393744772));
#2354 = CARTESIAN_POINT('',(1.683849561562,4.236080501096));
#2355 = CARTESIAN_POINT('',(1.693458010911,4.388670335474));
#2356 = CARTESIAN_POINT('',(1.702675403748,4.551893655261));
#2357 = CARTESIAN_POINT('',(1.711487083252,4.72442337129));
#2358 = ( GEOMETRIC_REPRESENTATION_CONTEXT(2) 
PARAMETRIC_REPRESENTATION_CONTEXT() REPRESENTATION_CONTEXT('2D SPACE',''
  ) );
#2359 = ORIENTED_EDGE('',*,*,#1962,.T.);
#2360 = ORIENTED_EDGE('',*,*,#729,.F.);
#2361 = ADVANCED_FACE('',(#2362),#1109,.T.);
#2362 = FACE_BOUND('',#2363,.T.);
#2363 = EDGE_LOOP('',(#2364,#2365,#2388,#2730,#2731));
#2364 = ORIENTED_EDGE('',*,*,#1043,.F.);
#2365 = ORIENTED_EDGE('',*,*,#2366,.F.);
#2366 = EDGE_CURVE('',#2367,#1044,#2369,.T.);
#2367 = VERTEX_POINT('',#2368);
#2368 = CARTESIAN_POINT('',(-428.5859163106,273.14369810364,
    -30.69370045992));
#2369 = SEAM_CURVE('',#2370,(#2374,#2381),.PCURVE_S1.);
#2370 = LINE('',#2371,#2372);
#2371 = CARTESIAN_POINT('',(-428.1610559357,272.86779055019,
    -24.45633675025));
#2372 = VECTOR('',#2373,1.);
#2373 = DIRECTION('',(-6.789182304854E-02,4.408946540374E-02,
    -0.996718024019));
#2374 = PCURVE('',#1109,#2375);
#2375 = DEFINITIONAL_REPRESENTATION('',(#2376),#2380);
#2376 = LINE('',#2377,#2378);
#2377 = CARTESIAN_POINT('',(6.28318530718,-0.));
#2378 = VECTOR('',#2379,1.);
#2379 = DIRECTION('',(0.,1.));
#2380 = ( GEOMETRIC_REPRESENTATION_CONTEXT(2) 
PARAMETRIC_REPRESENTATION_CONTEXT() REPRESENTATION_CONTEXT('2D SPACE',''
  ) );
#2381 = PCURVE('',#1109,#2382);
#2382 = DEFINITIONAL_REPRESENTATION('',(#2383),#2387);
#2383 = LINE('',#2384,#2385);
#2384 = CARTESIAN_POINT('',(0.,-0.));
#2385 = VECTOR('',#2386,1.);
#2386 = DIRECTION('',(0.,1.));
#2387 = ( GEOMETRIC_REPRESENTATION_CONTEXT(2) 
PARAMETRIC_REPRESENTATION_CONTEXT() REPRESENTATION_CONTEXT('2D SPACE',''
  ) );
#2388 = ORIENTED_EDGE('',*,*,#2389,.T.);
#2389 = EDGE_CURVE('',#2367,#2367,#2390,.T.);
#2390 = SURFACE_CURVE('',#2391,(#2502,#2616),.PCURVE_S1.);
#2391 = B_SPLINE_CURVE_WITH_KNOTS('',7,(#2392,#2393,#2394,#2395,#2396,
    #2397,#2398,#2399,#2400,#2401,#2402,#2403,#2404,#2405,#2406,#2407,
    #2408,#2409,#2410,#2411,#2412,#2413,#2414,#2415,#2416,#2417,#2418,
    #2419,#2420,#2421,#2422,#2423,#2424,#2425,#2426,#2427,#2428,#2429,
    #2430,#2431,#2432,#2433,#2434,#2435,#2436,#2437,#2438,#2439,#2440,
    #2441,#2442,#2443,#2444,#2445,#2446,#2447,#2448,#2449,#2450,#2451,
    #2452,#2453,#2454,#2455,#2456,#2457,#2458,#2459,#2460,#2461,#2462,
    #2463,#2464,#2465,#2466,#2467,#2468,#2469,#2470,#2471,#2472,#2473,
    #2474,#2475,#2476,#2477,#2478,#2479,#2480,#2481,#2482,#2483,#2484,
    #2485,#2486,#2487,#2488,#2489,#2490,#2491,#2492,#2493,#2494,#2495,
    #2496,#2497,#2498,#2499,#2500,#2501),.UNSPECIFIED.,.T.,.F.,(8,6,6,6,
    6,6,6,6,6,6,6,6,6,6,6,6,6,6,8),(0.,3.391791675662E-02,
    5.801107396132E-02,7.985513176864E-02,0.119747149206,0.146657834338,
    0.182681824523,0.237312000398,0.312194195176,0.396651372391,
    0.502490054166,0.580957405438,0.656503830656,0.762206590812,
    0.845393867915,0.915302713105,0.93770991093,0.965825804882,1.),
  .UNSPECIFIED.);
#2392 = CARTESIAN_POINT('',(-428.5859163106,273.14369810364,
    -30.69370045992));
#2393 = CARTESIAN_POINT('',(-428.5879871154,273.40099475785,
    -30.7241018905));
#2394 = CARTESIAN_POINT('',(-428.5804602834,273.66209467744,
    -30.75390874627));
#2395 = CARTESIAN_POINT('',(-428.5627993238,273.92655848186,
    -30.78286568728));
#2396 = CARTESIAN_POINT('',(-428.534479717,274.19390704466,
    -30.81070211709));
#2397 = CARTESIAN_POINT('',(-428.4949881559,274.4636206476,
    -30.83713692873));
#2398 = CARTESIAN_POINT('',(-428.4438217879,274.73513813481,
    -30.86188325075));
#2399 = CARTESIAN_POINT('',(-428.3354987255,275.20157775258,
    -30.90082752968));
#2400 = CARTESIAN_POINT('',(-428.2843731403,275.39589227368,
    -30.91600359585));
#2401 = CARTESIAN_POINT('',(-428.2269810978,275.59038676689,
    -30.9300620778));
#2402 = CARTESIAN_POINT('',(-428.1632271298,275.78465483763,
    -30.94289151078));
#2403 = CARTESIAN_POINT('',(-428.0930494521,275.9782963995,
    -30.95439012027));
#2404 = CARTESIAN_POINT('',(-428.0164195127,276.17091751389,
    -30.96446766305));
#2405 = CARTESIAN_POINT('',(-427.8580189098,276.53549321291,
    -30.98082596625));
#2406 = CARTESIAN_POINT('',(-427.7774103678,276.70766511799,
    -30.98737186046));
#2407 = CARTESIAN_POINT('',(-427.6915753876,276.8782378411,
    -30.99262299285));
#2408 = CARTESIAN_POINT('',(-427.6006123835,277.04682388537,
    -30.99653233168));
#2409 = CARTESIAN_POINT('',(-427.5046584991,277.21305638888,
    -30.99906837283));
#2410 = CARTESIAN_POINT('',(-427.4038893939,277.37658915292,
    -31.0002157412));
#2411 = CARTESIAN_POINT('',(-427.1060897472,277.83021843049,
    -30.99953759227));
#2412 = CARTESIAN_POINT('',(-426.8986768234,278.11269997901,
    -30.99447334431));
#2413 = CARTESIAN_POINT('',(-426.6775079408,278.38290456502,
    -30.98482144557));
#2414 = CARTESIAN_POINT('',(-426.4441235335,278.63942264629,
    -30.97077783032));
#2415 = CARTESIAN_POINT('',(-426.2003539228,278.88109926726,
    -30.95269074908));
#2416 = CARTESIAN_POINT('',(-425.9483005585,279.10706333415,
    -30.9310397481));
#2417 = CARTESIAN_POINT('',(-425.5162916443,279.45821687006,
    -30.88977638891));
#2418 = CARTESIAN_POINT('',(-425.339379869,279.59242226475,
    -30.8717756129));
#2419 = CARTESIAN_POINT('',(-425.1600002399,279.71941902368,
    -30.85253903233));
#2420 = CARTESIAN_POINT('',(-424.9785607207,279.83926933311,
    -30.83221272725));
#2421 = CARTESIAN_POINT('',(-424.7954634604,279.95205374837,
    -30.81094427671));
#2422 = CARTESIAN_POINT('',(-424.6111052135,280.05787142906,
    -30.788880689));
#2423 = CARTESIAN_POINT('',(-424.1779230169,280.28932515854,
    -30.73575975628));
#2424 = CARTESIAN_POINT('',(-423.9283453596,280.40957204578,
    -30.70417890773));
#2425 = CARTESIAN_POINT('',(-423.6777617871,280.51802404024,
    -30.67173016941));
#2426 = CARTESIAN_POINT('',(-423.4267150808,280.61511626416,
    -30.63869656141));
#2427 = CARTESIAN_POINT('',(-423.1756815049,280.70127294685,
    -30.60533758178));
#2428 = CARTESIAN_POINT('',(-422.925078506,280.77690441363,
    -30.57188904767));
#2429 = CARTESIAN_POINT('',(-422.2964428992,280.94173393784,
    -30.48802407886));
#2430 = CARTESIAN_POINT('',(-421.9192666484,281.01781029221,
    -30.43774285985));
#2431 = CARTESIAN_POINT('',(-421.5448255625,281.0720170759,
    -30.3884348986));
#2432 = CARTESIAN_POINT('',(-421.1739431,281.10558433167,-30.34069617136
    ));
#2433 = CARTESIAN_POINT('',(-420.8072370387,281.11958368329,
    -30.29502205823));
#2434 = CARTESIAN_POINT('',(-420.4451722382,281.11492381159,
    -30.25182638975));
#2435 = CARTESIAN_POINT('',(-419.5986888494,281.06139817598,
    -30.15613050674));
#2436 = CARTESIAN_POINT('',(-419.1186309801,280.99678331235,
    -30.1061129889));
#2437 = CARTESIAN_POINT('',(-418.6493196443,280.9004279253,
    -30.06236530334));
#2438 = CARTESIAN_POINT('',(-418.1918984819,280.77387408441,
    -30.02561536345));
#2439 = CARTESIAN_POINT('',(-417.747380087,280.61832261297,
    -29.99640810678));
#2440 = CARTESIAN_POINT('',(-417.316754401,280.43467002374,
    -29.97513442377));
#2441 = CARTESIAN_POINT('',(-416.4322977117,279.98541148393,
    -29.94727663492));
#2442 = CARTESIAN_POINT('',(-415.9827302935,279.71242571786,
    -29.94292458335));
#2443 = CARTESIAN_POINT('',(-415.5541928276,279.40566958593,
    -29.94933488736));
#2444 = CARTESIAN_POINT('',(-415.1486077404,279.06593959945,
    -29.96658698752));
#2445 = CARTESIAN_POINT('',(-414.7681397652,278.6938357585,
    -29.99448447469));
#2446 = CARTESIAN_POINT('',(-414.4153213279,278.28984646147,
    -30.03251933518));
#2447 = CARTESIAN_POINT('',(-413.6895037151,277.30876737027,
    -30.13906671136));
#2448 = CARTESIAN_POINT('',(-413.3340946356,276.71386424712,
    -30.21284425825));
#2449 = CARTESIAN_POINT('',(-413.0326227973,276.07024344175,
    -30.299435726));
#2450 = CARTESIAN_POINT('',(-412.7926153531,275.3787168002,
    -30.39619748941));
#2451 = CARTESIAN_POINT('',(-412.6236412471,274.64099427075,
    -30.49925064508));
#2452 = CARTESIAN_POINT('',(-412.5376470456,273.86073277726,
    -30.60289810249));
#2453 = CARTESIAN_POINT('',(-412.558126455,272.44098427205,
    -30.77142030452));
#2454 = CARTESIAN_POINT('',(-412.6206765465,271.8103743726,
    -30.84020936349));
#2455 = CARTESIAN_POINT('',(-412.7451563886,271.16547623309,
    -30.90170470463));
#2456 = CARTESIAN_POINT('',(-412.9360944836,270.51861458862,
    -30.95141567503));
#2457 = CARTESIAN_POINT('',(-413.1947430821,269.88218349166,
    -30.98555340396));
#2458 = CARTESIAN_POINT('',(-413.5194139912,269.26812446604,
    -31.00187729743));
#2459 = CARTESIAN_POINT('',(-414.2776725786,268.12802049749,
    -30.99794113927));
#2460 = CARTESIAN_POINT('',(-414.6993848188,267.61063335404,
    -30.97905860481));
#2461 = CARTESIAN_POINT('',(-415.1632568817,267.1420172232,
    -30.94397663226));
#2462 = CARTESIAN_POINT('',(-415.6600493948,266.72736291804,
    -30.8948793104));
#2463 = CARTESIAN_POINT('',(-416.1792778417,266.36974765105,
    -30.83518050845));
#2464 = CARTESIAN_POINT('',(-416.7094750809,266.06973700212,
    -30.76883834908));
#2465 = CARTESIAN_POINT('',(-417.978406157,265.48269844504,
    -30.60289810249));
#2466 = CARTESIAN_POINT('',(-418.726187493,265.24389711659,
    -30.49925064508));
#2467 = CARTESIAN_POINT('',(-419.4688585194,265.09820385843,
    -30.39619748941));
#2468 = CARTESIAN_POINT('',(-420.1982193639,265.03619234414,
    -30.299435726));
#2469 = CARTESIAN_POINT('',(-420.9088158705,265.04981640681,
    -30.21284425825));
#2470 = CARTESIAN_POINT('',(-421.5968448123,265.13252985769,
    -30.13906671136));
#2471 = CARTESIAN_POINT('',(-422.7810404577,265.39494291296,
    -30.03317046457));
#2472 = CARTESIAN_POINT('',(-423.2867757496,265.55021280655,
    -29.99553314817));
#2473 = CARTESIAN_POINT('',(-423.7751391087,265.74270150472,
    -29.96774445166));
#2474 = CARTESIAN_POINT('',(-424.2447096659,265.97037254933,
    -29.95029675415));
#2475 = CARTESIAN_POINT('',(-424.6941159918,266.23155152968,
    -29.94338637929));
#2476 = CARTESIAN_POINT('',(-425.121915198,266.52485285063,
    -29.94694779806));
#2477 = CARTESIAN_POINT('',(-425.8664450284,267.12162547468,
    -29.97218583687));
#2478 = CARTESIAN_POINT('',(-426.1899095228,267.41592415781,
    -29.99087694413));
#2479 = CARTESIAN_POINT('',(-426.4960270254,267.73140227432,
    -30.0165412549));
#2480 = CARTESIAN_POINT('',(-426.7838078503,268.06759029715,
    -30.04887420675));
#2481 = CARTESIAN_POINT('',(-427.0520554027,268.42410151638,
    -30.08745334853));
#2482 = CARTESIAN_POINT('',(-427.2993119134,268.80057556714,
    -30.13171998716));
#2483 = CARTESIAN_POINT('',(-427.5957545807,269.32356805434,
    -30.196728122));
#2484 = CARTESIAN_POINT('',(-427.6653761685,269.45253428544,
    -30.21301845031));
#2485 = CARTESIAN_POINT('',(-427.7326094787,269.583517123,
    -30.22979717016));
#2486 = CARTESIAN_POINT('',(-427.7973936185,269.7165091164,
    -30.24703946413));
#2487 = CARTESIAN_POINT('',(-427.859663308,269.85150284844,
    -30.26471868507));
#2488 = CARTESIAN_POINT('',(-427.9193488797,269.98849093526,
    -30.28280635612));
#2489 = CARTESIAN_POINT('',(-428.0479325848,270.30184789038,
    -30.32444253275));
#2490 = CARTESIAN_POINT('',(-428.1153007071,270.4793512582,
    -30.34820724788));
#2491 = CARTESIAN_POINT('',(-428.1783366904,270.65996818267,
    -30.37250703941));
#2492 = CARTESIAN_POINT('',(-428.2368805702,270.84368313975,
    -30.39727665606));
#2493 = CARTESIAN_POINT('',(-428.2907563539,271.03047308594,
    -30.42244441809));
#2494 = CARTESIAN_POINT('',(-428.3397720013,271.22030751569,
    -30.44793176341));
#2495 = CARTESIAN_POINT('',(-428.4371364212,271.64754213548,
    -30.50491608942));
#2496 = CARTESIAN_POINT('',(-428.4830703284,271.88639704078,
    -30.53652718043));
#2497 = CARTESIAN_POINT('',(-428.5211414741,272.12963781877,
    -30.56833095782));
#2498 = CARTESIAN_POINT('',(-428.5509333593,272.37715339708,
    -30.60015330278));
#2499 = CARTESIAN_POINT('',(-428.5719926644,272.62879679645,
    -30.63180085102));
#2500 = CARTESIAN_POINT('',(-428.5838292757,272.88438488018,
    -30.66306075732));
#2501 = CARTESIAN_POINT('',(-428.5859163106,273.14369810364,
    -30.69370045992));
#2502 = PCURVE('',#1109,#2503);
#2503 = DEFINITIONAL_REPRESENTATION('',(#2504),#2615);
#2504 = B_SPLINE_CURVE_WITH_KNOTS('',7,(#2505,#2506,#2507,#2508,#2509,
    #2510,#2511,#2512,#2513,#2514,#2515,#2516,#2517,#2518,#2519,#2520,
    #2521,#2522,#2523,#2524,#2525,#2526,#2527,#2528,#2529,#2530,#2531,
    #2532,#2533,#2534,#2535,#2536,#2537,#2538,#2539,#2540,#2541,#2542,
    #2543,#2544,#2545,#2546,#2547,#2548,#2549,#2550,#2551,#2552,#2553,
    #2554,#2555,#2556,#2557,#2558,#2559,#2560,#2561,#2562,#2563,#2564,
    #2565,#2566,#2567,#2568,#2569,#2570,#2571,#2572,#2573,#2574,#2575,
    #2576,#2577,#2578,#2579,#2580,#2581,#2582,#2583,#2584,#2585,#2586,
    #2587,#2588,#2589,#2590,#2591,#2592,#2593,#2594,#2595,#2596,#2597,
    #2598,#2599,#2600,#2601,#2602,#2603,#2604,#2605,#2606,#2607,#2608,
    #2609,#2610,#2611,#2612,#2613,#2614),.UNSPECIFIED.,.F.,.F.,(8,6,6,6,
    6,6,6,6,6,6,6,6,6,6,6,6,6,6,8),(0.,3.391791675662E-02,
    5.801107396132E-02,7.985513176864E-02,0.119747149206,0.146657834338,
    0.182681824523,0.237312000398,0.312194195176,0.396651372391,
    0.502490054166,0.580957405438,0.656503830656,0.762206590812,
    0.845393867915,0.915302713105,0.93770991093,0.965825804882,1.),
  .UNSPECIFIED.);
#2505 = CARTESIAN_POINT('',(0.,6.257901993706));
#2506 = CARTESIAN_POINT('',(3.196287085093E-02,6.299688310183));
#2507 = CARTESIAN_POINT('',(6.440752879161E-02,6.340398086086));
#2508 = CARTESIAN_POINT('',(9.733412839626E-02,6.37972102412));
#2509 = CARTESIAN_POINT('',(0.13074500018,6.417330680907));
#2510 = CARTESIAN_POINT('',(0.164645088513,6.45288910863));
#2511 = CARTESIAN_POINT('',(0.199042389541,6.486051496662));
#2512 = CARTESIAN_POINT('',(0.258743418247,6.538078784623));
#2513 = CARTESIAN_POINT('',(0.283793491514,6.558301257479));
#2514 = CARTESIAN_POINT('',(0.309077554034,6.576992307654));
#2515 = CARTESIAN_POINT('',(0.334576607749,6.59401643702));
#2516 = CARTESIAN_POINT('',(0.360273244418,6.609250370815));
#2517 = CARTESIAN_POINT('',(0.386151178626,6.622584855011));
#2518 = CARTESIAN_POINT('',(0.435807209263,6.644209312622));
#2519 = CARTESIAN_POINT('',(0.459551279596,6.65285202975));
#2520 = CARTESIAN_POINT('',(0.48339890732,6.659778894936));
#2521 = CARTESIAN_POINT('',(0.507323463498,6.664932627791));
#2522 = CARTESIAN_POINT('',(0.531299133137,6.668274963792));
#2523 = CARTESIAN_POINT('',(0.555300273598,6.669787240408));
#2524 = CARTESIAN_POINT('',(0.623130923481,6.668893428568));
#2525 = CARTESIAN_POINT('',(0.666876554705,6.662218620289));
#2526 = CARTESIAN_POINT('',(0.71041996456,6.649496015952));
#2527 = CARTESIAN_POINT('',(0.753643308223,6.630963343705));
#2528 = CARTESIAN_POINT('',(0.796422920052,6.607041053565));
#2529 = CARTESIAN_POINT('',(0.838623413492,6.578311383158));
#2530 = CARTESIAN_POINT('',(0.908065481539,6.523335748238));
#2531 = CARTESIAN_POINT('',(0.935735936331,6.499300231499));
#2532 = CARTESIAN_POINT('',(0.963102682152,6.473547594097));
#2533 = CARTESIAN_POINT('',(0.990164087214,6.446253875799));
#2534 = CARTESIAN_POINT('',(1.016917094337,6.41759702559));
#2535 = CARTESIAN_POINT('',(1.043357186128,6.38775487754));
#2536 = CARTESIAN_POINT('',(1.104445447876,6.315603428601));
#2537 = CARTESIAN_POINT('',(1.138850264166,6.272483566465));
#2538 = CARTESIAN_POINT('',(1.172722984618,6.22791033902));
#2539 = CARTESIAN_POINT('',(1.206091502846,6.18222187222));
#2540 = CARTESIAN_POINT('',(1.238981912799,6.135727850919));
#2541 = CARTESIAN_POINT('',(1.271419001079,6.088709750586));
#2542 = CARTESIAN_POINT('',(1.351966291842,5.969708052803));
#2543 = CARTESIAN_POINT('',(1.399541557865,5.897338838071));
#2544 = CARTESIAN_POINT('',(1.446258847908,5.825161164529));
#2545 = CARTESIAN_POINT('',(1.492218026158,5.75387919049));
#2546 = CARTESIAN_POINT('',(1.537514866982,5.684075859613));
#2547 = CARTESIAN_POINT('',(1.582243411507,5.616235267653));
#2548 = CARTESIAN_POINT('',(1.687159029368,5.461024239131));
#2549 = CARTESIAN_POINT('',(1.746934414279,5.375730038866));
#2550 = CARTESIAN_POINT('',(1.806012005113,5.296015272504));
#2551 = CARTESIAN_POINT('',(1.864562535504,5.222751097229));
#2552 = CARTESIAN_POINT('',(1.922750186195,5.156602352635));
#2553 = CARTESIAN_POINT('',(1.980738661843,5.098065381993));
#2554 = CARTESIAN_POINT('',(2.104058025043,4.990444075846));
#2555 = CARTESIAN_POINT('',(2.1693533034,4.943548559516));
#2556 = CARTESIAN_POINT('',(2.234777392708,4.907318921383));
#2557 = CARTESIAN_POINT('',(2.300525508391,4.88199997611));
#2558 = CARTESIAN_POINT('',(2.366794021046,4.867569380528));
#2559 = CARTESIAN_POINT('',(2.433790182633,4.863714252471));
#2560 = CARTESIAN_POINT('',(2.58690844737,4.87737960914));
#2561 = CARTESIAN_POINT('',(2.673560402275,4.900556688893));
#2562 = CARTESIAN_POINT('',(2.762223839535,4.938019595593));
#2563 = CARTESIAN_POINT('',(2.85339859047,4.987680206345));
#2564 = CARTESIAN_POINT('',(2.947638049188,5.046397391989));
#2565 = CARTESIAN_POINT('',(3.045538682837,5.109465065702));
#2566 = CARTESIAN_POINT('',(3.223772487397,5.216228613747));
#2567 = CARTESIAN_POINT('',(3.302967651833,5.261235295079));
#2568 = CARTESIAN_POINT('',(3.384692564936,5.302546759182));
#2569 = CARTESIAN_POINT('',(3.468384418001,5.336537930642));
#2570 = CARTESIAN_POINT('',(3.55360681651,5.360063838415));
#2571 = CARTESIAN_POINT('',(3.639991014315,5.371303123002));
#2572 = CARTESIAN_POINT('',(3.811145243568,5.368592866578));
#2573 = CARTESIAN_POINT('',(3.894191759621,5.355591794376));
#2574 = CARTESIAN_POINT('',(3.976050263819,5.33145704534));
#2575 = CARTESIAN_POINT('',(4.056412241832,5.29796712246));
#2576 = CARTESIAN_POINT('',(4.134907837599,5.257948550437));
#2577 = CARTESIAN_POINT('',(4.211059720806,5.214592872461));
#2578 = CARTESIAN_POINT('',(4.386562776922,5.109465065702));
#2579 = CARTESIAN_POINT('',(4.484463410571,5.046397391989));
#2580 = CARTESIAN_POINT('',(4.57870286929,4.987680206345));
#2581 = CARTESIAN_POINT('',(4.669877620224,4.938019595593));
#2582 = CARTESIAN_POINT('',(4.758541057485,4.900556688893));
#2583 = CARTESIAN_POINT('',(4.845193012389,4.87737960914));
#2584 = CARTESIAN_POINT('',(4.997375544997,4.863797763823));
#2585 = CARTESIAN_POINT('',(5.063462997188,4.867465029732));
#2586 = CARTESIAN_POINT('',(5.128839591606,4.88141013762));
#2587 = CARTESIAN_POINT('',(5.193704138256,4.905937598855));
#2588 = CARTESIAN_POINT('',(5.258245274215,4.941076160051));
#2589 = CARTESIAN_POINT('',(5.322650554076,4.986601456783));
#2590 = CARTESIAN_POINT('',(5.441281568081,5.088615538414));
#2591 = CARTESIAN_POINT('',(5.495476117239,5.142181367739));
#2592 = CARTESIAN_POINT('',(5.549826871909,5.202453585672));
#2593 = CARTESIAN_POINT('',(5.604465188581,5.269040736595));
#2594 = CARTESIAN_POINT('',(5.659522915026,5.341423466994));
#2595 = CARTESIAN_POINT('',(5.715136632668,5.418930058481));
#2596 = CARTESIAN_POINT('',(5.789505427696,5.526909330467));
#2597 = CARTESIAN_POINT('',(5.807630628609,5.553558983013));
#2598 = CARTESIAN_POINT('',(5.82583551018,5.580622190795));
#2599 = CARTESIAN_POINT('',(5.844125766277,5.60806975522));
#2600 = CARTESIAN_POINT('',(5.862507311281,5.635870357597));
#2601 = CARTESIAN_POINT('',(5.880986280091,5.663990559136));
#2602 = CARTESIAN_POINT('',(5.922886114752,5.728035609617));
#2603 = CARTESIAN_POINT('',(5.946365719003,5.764122102758));
#2604 = CARTESIAN_POINT('',(5.970021461425,5.80058507442));
#2605 = CARTESIAN_POINT('',(5.993866665125,5.837347942755));
#2606 = CARTESIAN_POINT('',(6.017914698956,5.874326298839));
#2607 = CARTESIAN_POINT('',(6.042179320714,5.911427455486));
#2608 = CARTESIAN_POINT('',(6.096448956017,5.993671554262));
#2609 = CARTESIAN_POINT('',(6.126566740279,6.038828420216));
#2610 = CARTESIAN_POINT('',(6.157053441113,6.083836893729));
#2611 = CARTESIAN_POINT('',(6.187933279379,6.128490253432));
#2612 = CARTESIAN_POINT('',(6.219230780554,6.172558512755));
#2613 = CARTESIAN_POINT('',(6.250971926492,6.21578817588));
#2614 = CARTESIAN_POINT('',(6.28318530718,6.257901993706));
#2615 = ( GEOMETRIC_REPRESENTATION_CONTEXT(2) 
PARAMETRIC_REPRESENTATION_CONTEXT() REPRESENTATION_CONTEXT('2D SPACE',''
  ) );
#2616 = PCURVE('',#1692,#2617);
#2617 = DEFINITIONAL_REPRESENTATION('',(#2618),#2729);
#2618 = B_SPLINE_CURVE_WITH_KNOTS('',7,(#2619,#2620,#2621,#2622,#2623,
    #2624,#2625,#2626,#2627,#2628,#2629,#2630,#2631,#2632,#2633,#2634,
    #2635,#2636,#2637,#2638,#2639,#2640,#2641,#2642,#2643,#2644,#2645,
    #2646,#2647,#2648,#2649,#2650,#2651,#2652,#2653,#2654,#2655,#2656,
    #2657,#2658,#2659,#2660,#2661,#2662,#2663,#2664,#2665,#2666,#2667,
    #2668,#2669,#2670,#2671,#2672,#2673,#2674,#2675,#2676,#2677,#2678,
    #2679,#2680,#2681,#2682,#2683,#2684,#2685,#2686,#2687,#2688,#2689,
    #2690,#2691,#2692,#2693,#2694,#2695,#2696,#2697,#2698,#2699,#2700,
    #2701,#2702,#2703,#2704,#2705,#2706,#2707,#2708,#2709,#2710,#2711,
    #2712,#2713,#2714,#2715,#2716,#2717,#2718,#2719,#2720,#2721,#2722,
    #2723,#2724,#2725,#2726,#2727,#2728),.UNSPECIFIED.,.T.,.F.,(8,6,6,6,
    6,6,6,6,6,6,6,6,6,6,6,6,6,6,8),(0.,3.391791675662E-02,
    5.801107396132E-02,7.985513176864E-02,0.119747149206,0.146657834338,
    0.182681824523,0.237312000398,0.312194195176,0.396651372391,
    0.502490054166,0.580957405438,0.656503830656,0.762206590812,
    0.845393867915,0.915302713105,0.93770991093,0.965825804882,1.),
  .UNSPECIFIED.);
#2619 = CARTESIAN_POINT('',(4.853079736841,18.200441678037));
#2620 = CARTESIAN_POINT('',(4.846086142497,18.342312202598));
#2621 = CARTESIAN_POINT('',(4.83882640546,18.478204878321));
#2622 = CARTESIAN_POINT('',(4.831303562586,18.60743046253));
#2623 = CARTESIAN_POINT('',(4.823521793876,18.72928810506));
#2624 = CARTESIAN_POINT('',(4.815486390608,18.843064251569));
#2625 = CARTESIAN_POINT('',(4.807203723463,18.948031546843));
#2626 = CARTESIAN_POINT('',(4.792627352976,19.111225405954));
#2627 = CARTESIAN_POINT('',(4.786452874158,19.174179155641));
#2628 = CARTESIAN_POINT('',(4.780166604703,19.231975431807));
#2629 = CARTESIAN_POINT('',(4.773777707666,19.284312829874));
#2630 = CARTESIAN_POINT('',(4.767295682624,19.330921630415));
#2631 = CARTESIAN_POINT('',(4.760730369658,19.37156333351));
#2632 = CARTESIAN_POINT('',(4.748073234031,19.437279566826));
#2633 = CARTESIAN_POINT('',(4.741995580409,19.463447095383));
#2634 = CARTESIAN_POINT('',(4.73587079542,19.484360387066));
#2635 = CARTESIAN_POINT('',(4.729710755715,19.499890933217));
#2636 = CARTESIAN_POINT('',(4.723527424805,19.509953944792));
#2637 = CARTESIAN_POINT('',(4.717332866236,19.514508188931));
#2638 = CARTESIAN_POINT('',(4.699828373983,19.511816602037));
#2639 = CARTESIAN_POINT('',(4.688541915304,19.491715965464));
#2640 = CARTESIAN_POINT('',(4.67734337335,19.453392098057));
#2641 = CARTESIAN_POINT('',(4.666295623475,19.39736922489));
#2642 = CARTESIAN_POINT('',(4.655460160787,19.32455334864));
#2643 = CARTESIAN_POINT('',(4.644896223309,19.236232461856));
#2644 = CARTESIAN_POINT('',(4.627754431534,19.065171223338));
#2645 = CARTESIAN_POINT('',(4.620990748797,18.989894020897));
#2646 = CARTESIAN_POINT('',(4.614374637499,18.908620997713));
#2647 = CARTESIAN_POINT('',(4.607911495653,18.82172816996));
#2648 = CARTESIAN_POINT('',(4.601606226181,18.729596681828));
#2649 = CARTESIAN_POINT('',(4.595463228244,18.632613285677));
#2650 = CARTESIAN_POINT('',(4.581485491801,18.395374862659));
#2651 = CARTESIAN_POINT('',(4.573780238253,18.251552575745));
#2652 = CARTESIAN_POINT('',(4.56636986816,18.100462698232));
#2653 = CARTESIAN_POINT('',(4.559252722235,17.942797429661));
#2654 = CARTESIAN_POINT('',(4.552426406318,17.779187250479));
#2655 = CARTESIAN_POINT('',(4.545887956027,17.610205740201));
#2656 = CARTESIAN_POINT('',(4.530149914851,17.172760151789));
#2657 = CARTESIAN_POINT('',(4.521315596005,16.897867683534));
#2658 = CARTESIAN_POINT('',(4.513115493923,16.613358095757));
#2659 = CARTESIAN_POINT('',(4.505533807576,16.320591928057));
#2660 = CARTESIAN_POINT('',(4.498555393012,16.02067094073));
#2661 = CARTESIAN_POINT('',(4.492166670525,15.714479900818));
#2662 = CARTESIAN_POINT('',(4.478392509528,14.975407045893));
#2663 = CARTESIAN_POINT('',(4.471514927329,14.537604862964));
#2664 = CARTESIAN_POINT('',(4.465702718108,14.091528353454));
#2665 = CARTESIAN_POINT('',(4.460940239434,13.638976525629));
#2666 = CARTESIAN_POINT('',(4.457217588405,13.181452627578));
#2667 = CARTESIAN_POINT('',(4.45453130836,12.72027516996));
#2668 = CARTESIAN_POINT('',(4.451029219913,11.733823638398));
#2669 = CARTESIAN_POINT('',(4.450497254169,11.208105972291));
#2670 = CARTESIAN_POINT('',(4.451294490641,10.681632848664));
#2671 = CARTESIAN_POINT('',(4.453433477022,10.156450361277));
#2672 = CARTESIAN_POINT('',(4.456933526303,9.63470079157));
#2673 = CARTESIAN_POINT('',(4.461820634761,9.118774011483));
#2674 = CARTESIAN_POINT('',(4.47603261262,7.975718172373));
#2675 = CARTESIAN_POINT('',(4.486166044776,7.353639574929));
#2676 = CARTESIAN_POINT('',(4.49859859162,6.750263002758));
#2677 = CARTESIAN_POINT('',(4.513419613519,6.172343420438));
#2678 = CARTESIAN_POINT('',(4.53072477773,5.628837324441));
#2679 = CARTESIAN_POINT('',(4.550597454284,5.13175565179));
#2680 = CARTESIAN_POINT('',(4.589746248386,4.375680673828));
#2681 = CARTESIAN_POINT('',(4.608037837463,4.084684827501));
#2682 = CARTESIAN_POINT('',(4.627764672149,3.837845706972));
#2683 = CARTESIAN_POINT('',(4.64866923536,3.645673765759));
#2684 = CARTESIAN_POINT('',(4.670446685182,3.51596951423));
#2685 = CARTESIAN_POINT('',(4.692761914603,3.453820934818));
#2686 = CARTESIAN_POINT('',(4.736928189639,3.468804969671));
#2687 = CARTESIAN_POINT('',(4.758336254593,3.540693379152));
#2688 = CARTESIAN_POINT('',(4.7791836606,3.674502588312));
#2689 = CARTESIAN_POINT('',(4.799182421777,3.865310926796));
#2690 = CARTESIAN_POINT('',(4.818071737083,4.106001309337));
#2691 = CARTESIAN_POINT('',(4.835631517279,4.387264618718));
#2692 = CARTESIAN_POINT('',(4.874180506485,5.13175565179));
#2693 = CARTESIAN_POINT('',(4.894053183039,5.62883732444));
#2694 = CARTESIAN_POINT('',(4.91135834725,6.172343420441));
#2695 = CARTESIAN_POINT('',(4.926179369149,6.750263002756));
#2696 = CARTESIAN_POINT('',(4.938611915994,7.35363957493));
#2697 = CARTESIAN_POINT('',(4.94874534815,7.975718172373));
#2698 = CARTESIAN_POINT('',(4.96287047416,9.111788600074));
#2699 = CARTESIAN_POINT('',(4.967709647866,9.620499949548));
#2700 = CARTESIAN_POINT('',(4.971199201593,10.134912784146));
#2701 = CARTESIAN_POINT('',(4.973364165198,10.652726328053));
#2702 = CARTESIAN_POINT('',(4.974223285421,11.171878454487));
#2703 = CARTESIAN_POINT('',(4.973788896799,11.690404406074));
#2704 = CARTESIAN_POINT('',(4.970618218214,12.639845327901));
#2705 = CARTESIAN_POINT('',(4.968260833389,13.071412029911));
#2706 = CARTESIAN_POINT('',(4.964997361124,13.499965466611));
#2707 = CARTESIAN_POINT('',(4.960825756545,13.924419894771));
#2708 = CARTESIAN_POINT('',(4.955739169542,14.343561148373));
#2709 = CARTESIAN_POINT('',(4.94972638314,14.755970370279));
#2710 = CARTESIAN_POINT('',(4.940542968915,15.289430234051));
#2711 = CARTESIAN_POINT('',(4.938216980829,15.418059854275));
#2712 = CARTESIAN_POINT('',(4.935793411805,15.545784818919));
#2713 = CARTESIAN_POINT('',(4.93327157369,15.672550001226));
#2714 = CARTESIAN_POINT('',(4.930650705988,15.798296613031));
#2715 = CARTESIAN_POINT('',(4.927929975858,15.922962204766));
#2716 = CARTESIAN_POINT('',(4.92156814559,16.201468003406));
#2717 = CARTESIAN_POINT('',(4.917869296441,16.354642927788));
#2718 = CARTESIAN_POINT('',(4.914009999292,16.505880379116));
#2719 = CARTESIAN_POINT('',(4.909988260998,16.655037744991));
#2720 = CARTESIAN_POINT('',(4.905802018404,16.801954875173));
#2721 = CARTESIAN_POINT('',(4.901449130108,16.946454096647));
#2722 = CARTESIAN_POINT('',(4.891431275024,17.260799420976));
#2723 = CARTESIAN_POINT('',(4.885685239223,17.429412542168));
#2724 = CARTESIAN_POINT('',(4.879685354719,17.593820114173));
#2725 = CARTESIAN_POINT('',(4.873428032882,17.753612337143));
#2726 = CARTESIAN_POINT('',(4.866909974821,17.908328974762));
#2727 = CARTESIAN_POINT('',(4.860128143664,18.057459239528));
#2728 = CARTESIAN_POINT('',(4.853079736841,18.200441678037));
#2729 = ( GEOMETRIC_REPRESENTATION_CONTEXT(2) 
PARAMETRIC_REPRESENTATION_CONTEXT() REPRESENTATION_CONTEXT('2D SPACE',''
  ) );
#2730 = ORIENTED_EDGE('',*,*,#2366,.T.);
#2731 = ORIENTED_EDGE('',*,*,#1145,.F.);
#2732 = ADVANCED_FACE('',(#2733,#2839,#2842),#1692,.T.);
#2733 = FACE_BOUND('',#2734,.T.);
#2734 = EDGE_LOOP('',(#2735,#2758,#2785,#2786,#2787,#2810,#2837,#2838));
#2735 = ORIENTED_EDGE('',*,*,#2736,.T.);
#2736 = EDGE_CURVE('',#1546,#2737,#2739,.T.);
#2737 = VERTEX_POINT('',#2738);
#2738 = CARTESIAN_POINT('',(-456.3527835699,259.39570074923,
    -7.592810154714E-15));
#2739 = SEAM_CURVE('',#2740,(#2744,#2751),.PCURVE_S1.);
#2740 = LINE('',#2741,#2742);
#2741 = CARTESIAN_POINT('',(-427.8379842598,240.87797355872,
    -7.592810154714E-15));
#2742 = VECTOR('',#2743,1.);
#2743 = DIRECTION('',(-0.838670567945,0.544639035015,0.));
#2744 = PCURVE('',#1692,#2745);
#2745 = DEFINITIONAL_REPRESENTATION('',(#2746),#2750);
#2746 = LINE('',#2747,#2748);
#2747 = CARTESIAN_POINT('',(6.28318530718,-0.));
#2748 = VECTOR('',#2749,1.);
#2749 = DIRECTION('',(0.,1.));
#2750 = ( GEOMETRIC_REPRESENTATION_CONTEXT(2) 
PARAMETRIC_REPRESENTATION_CONTEXT() REPRESENTATION_CONTEXT('2D SPACE',''
  ) );
#2751 = PCURVE('',#1692,#2752);
#2752 = DEFINITIONAL_REPRESENTATION('',(#2753),#2757);
#2753 = LINE('',#2754,#2755);
#2754 = CARTESIAN_POINT('',(0.,-0.));
#2755 = VECTOR('',#2756,1.);
#2756 = DIRECTION('',(0.,1.));
#2757 = ( GEOMETRIC_REPRESENTATION_CONTEXT(2) 
PARAMETRIC_REPRESENTATION_CONTEXT() REPRESENTATION_CONTEXT('2D SPACE',''
  ) );
#2758 = ORIENTED_EDGE('',*,*,#2759,.F.);
#2759 = EDGE_CURVE('',#2737,#2737,#2760,.T.);
#2760 = SURFACE_CURVE('',#2761,(#2766,#2773),.PCURVE_S1.);
#2761 = CIRCLE('',#2762,31.);
#2762 = AXIS2_PLACEMENT_3D('',#2763,#2764,#2765);
#2763 = CARTESIAN_POINT('',(-439.4689734844,285.39448835554,0.));
#2764 = DIRECTION('',(-0.838670567945,0.544639035015,0.));
#2765 = DIRECTION('',(-0.544639035015,-0.838670567945,0.));
#2766 = PCURVE('',#1692,#2767);
#2767 = DEFINITIONAL_REPRESENTATION('',(#2768),#2772);
#2768 = LINE('',#2769,#2770);
#2769 = CARTESIAN_POINT('',(0.,34.));
#2770 = VECTOR('',#2771,1.);
#2771 = DIRECTION('',(1.,0.));
#2772 = ( GEOMETRIC_REPRESENTATION_CONTEXT(2) 
PARAMETRIC_REPRESENTATION_CONTEXT() REPRESENTATION_CONTEXT('2D SPACE',''
  ) );
#2773 = PCURVE('',#2774,#2779);
#2774 = PLANE('',#2775);
#2775 = AXIS2_PLACEMENT_3D('',#2776,#2777,#2778);
#2776 = CARTESIAN_POINT('',(-439.4689734844,285.39448835554,0.));
#2777 = DIRECTION('',(-0.838670567945,0.544639035015,0.));
#2778 = DIRECTION('',(-0.544639035015,-0.838670567945,0.));
#2779 = DEFINITIONAL_REPRESENTATION('',(#2780),#2784);
#2780 = CIRCLE('',#2781,31.);
#2781 = AXIS2_PLACEMENT_2D('',#2782,#2783);
#2782 = CARTESIAN_POINT('',(0.,0.));
#2783 = DIRECTION('',(1.,0.));
#2784 = ( GEOMETRIC_REPRESENTATION_CONTEXT(2) 
PARAMETRIC_REPRESENTATION_CONTEXT() REPRESENTATION_CONTEXT('2D SPACE',''
  ) );
#2785 = ORIENTED_EDGE('',*,*,#2736,.F.);
#2786 = ORIENTED_EDGE('',*,*,#1758,.F.);
#2787 = ORIENTED_EDGE('',*,*,#2788,.F.);
#2788 = EDGE_CURVE('',#2789,#1569,#2791,.T.);
#2789 = VERTEX_POINT('',#2790);
#2790 = CARTESIAN_POINT('',(-427.8379842598,240.87797355872,
    -7.592810154714E-15));
#2791 = SEAM_CURVE('',#2792,(#2796,#2803),.PCURVE_S1.);
#2792 = LINE('',#2793,#2794);
#2793 = CARTESIAN_POINT('',(-427.8379842598,240.87797355872,
    -7.592810154714E-15));
#2794 = VECTOR('',#2795,1.);
#2795 = DIRECTION('',(-0.838670567945,0.544639035015,0.));
#2796 = PCURVE('',#1692,#2797);
#2797 = DEFINITIONAL_REPRESENTATION('',(#2798),#2802);
#2798 = LINE('',#2799,#2800);
#2799 = CARTESIAN_POINT('',(6.28318530718,-0.));
#2800 = VECTOR('',#2801,1.);
#2801 = DIRECTION('',(0.,1.));
#2802 = ( GEOMETRIC_REPRESENTATION_CONTEXT(2) 
PARAMETRIC_REPRESENTATION_CONTEXT() REPRESENTATION_CONTEXT('2D SPACE',''
  ) );
#2803 = PCURVE('',#1692,#2804);
#2804 = DEFINITIONAL_REPRESENTATION('',(#2805),#2809);
#2805 = LINE('',#2806,#2807);
#2806 = CARTESIAN_POINT('',(0.,-0.));
#2807 = VECTOR('',#2808,1.);
#2808 = DIRECTION('',(0.,1.));
#2809 = ( GEOMETRIC_REPRESENTATION_CONTEXT(2) 
PARAMETRIC_REPRESENTATION_CONTEXT() REPRESENTATION_CONTEXT('2D SPACE',''
  ) );
#2810 = ORIENTED_EDGE('',*,*,#2811,.T.);
#2811 = EDGE_CURVE('',#2789,#2789,#2812,.T.);
#2812 = SURFACE_CURVE('',#2813,(#2818,#2825),.PCURVE_S1.);
#2813 = CIRCLE('',#2814,31.);
#2814 = AXIS2_PLACEMENT_3D('',#2815,#2816,#2817);
#2815 = CARTESIAN_POINT('',(-410.9541741743,266.87676116503,0.));
#2816 = DIRECTION('',(-0.838670567945,0.544639035015,0.));
#2817 = DIRECTION('',(-0.544639035015,-0.838670567945,0.));
#2818 = PCURVE('',#1692,#2819);
#2819 = DEFINITIONAL_REPRESENTATION('',(#2820),#2824);
#2820 = LINE('',#2821,#2822);
#2821 = CARTESIAN_POINT('',(0.,0.));
#2822 = VECTOR('',#2823,1.);
#2823 = DIRECTION('',(1.,0.));
#2824 = ( GEOMETRIC_REPRESENTATION_CONTEXT(2) 
PARAMETRIC_REPRESENTATION_CONTEXT() REPRESENTATION_CONTEXT('2D SPACE',''
  ) );
#2825 = PCURVE('',#2826,#2831);
#2826 = PLANE('',#2827);
#2827 = AXIS2_PLACEMENT_3D('',#2828,#2829,#2830);
#2828 = CARTESIAN_POINT('',(-410.9541741743,266.87676116503,0.));
#2829 = DIRECTION('',(-0.838670567945,0.544639035015,0.));
#2830 = DIRECTION('',(-0.544639035015,-0.838670567945,0.));
#2831 = DEFINITIONAL_REPRESENTATION('',(#2832),#2836);
#2832 = CIRCLE('',#2833,31.);
#2833 = AXIS2_PLACEMENT_2D('',#2834,#2835);
#2834 = CARTESIAN_POINT('',(0.,0.));
#2835 = DIRECTION('',(1.,0.));
#2836 = ( GEOMETRIC_REPRESENTATION_CONTEXT(2) 
PARAMETRIC_REPRESENTATION_CONTEXT() REPRESENTATION_CONTEXT('2D SPACE',''
  ) );
#2837 = ORIENTED_EDGE('',*,*,#2788,.T.);
#2838 = ORIENTED_EDGE('',*,*,#1568,.F.);
#2839 = FACE_BOUND('',#2840,.T.);
#2840 = EDGE_LOOP('',(#2841));
#2841 = ORIENTED_EDGE('',*,*,#2389,.F.);
#2842 = FACE_BOUND('',#2843,.T.);
#2843 = EDGE_LOOP('',(#2844));
#2844 = ORIENTED_EDGE('',*,*,#1985,.F.);
#2845 = ADVANCED_FACE('',(#2846),#2826,.F.);
#2846 = FACE_BOUND('',#2847,.T.);
#2847 = EDGE_LOOP('',(#2848));
#2848 = ORIENTED_EDGE('',*,*,#2811,.F.);
#2849 = ADVANCED_FACE('',(#2850),#2774,.T.);
#2850 = FACE_BOUND('',#2851,.T.);
#2851 = EDGE_LOOP('',(#2852));
#2852 = ORIENTED_EDGE('',*,*,#2759,.T.);
#2853 = ( GEOMETRIC_REPRESENTATION_CONTEXT(3) 
GLOBAL_UNCERTAINTY_ASSIGNED_CONTEXT((#2857)) 
GLOBAL_UNIT_ASSIGNED_CONTEXT((#2854,#2855,#2856)) REPRESENTATION_CONTEXT
('Context #1','3D Context with UNIT and UNCERTAINTY') );
#2854 = ( LENGTH_UNIT() NAMED_UNIT(*) SI_UNIT(.MILLI.,.METRE.) );
#2855 = ( NAMED_UNIT(*) PLANE_ANGLE_UNIT() SI_UNIT($,.RADIAN.) );
#2856 = ( NAMED_UNIT(*) SI_UNIT($,.STERADIAN.) SOLID_ANGLE_UNIT() );
#2857 = UNCERTAINTY_MEASURE_WITH_UNIT(LENGTH_MEASURE(1.E-05),#2854,
  'distance_accuracy_value','confusion accuracy');
#2858 = PRODUCT_RELATED_PRODUCT_CATEGORY('part',$,(#7));
#2859 = MECHANICAL_DESIGN_GEOMETRIC_PRESENTATION_REPRESENTATION('',(
    #2860),#2853);
#2860 = STYLED_ITEM('color',(#2861),#15);
#2861 = PRESENTATION_STYLE_ASSIGNMENT((#2862));
#2862 = SURFACE_STYLE_USAGE(.BOTH.,#2863);
#2863 = SURFACE_SIDE_STYLE('',(#2864));
#2864 = SURFACE_STYLE_FILL_AREA(#2865);
#2865 = FILL_AREA_STYLE('',(#2866));
#2866 = FILL_AREA_STYLE_COLOUR('',#2867);
#2867 = COLOUR_RGB('',0.381091854454,0.381091854454,0.381091854454);
ENDSEC;
END-ISO-10303-21;
