ISO-10303-21;
HEADER;
FILE_DESCRIPTION(('Open CASCADE Model'),'2;1');
FILE_NAME('Open CASCADE Shape Model','2026-10-01T11:13:23',('Author'),(
    'Open CASCADE'),'Open CASCADE STEP processor 7.9','Open CASCADE 7.9'
  ,'Unknown');
FILE_SCHEMA(('AUTOMOTIVE_DESIGN { 1 0 10303 214 1 1 1 1 }'));
ENDSEC;
DATA;
#1 = APPLICATION_PROTOCOL_DEFINITION('international standard',
  'automotive_design',2000,#2);
#2 = APPLICATION_CONTEXT(
  'core data for automotive mechanical design processes');
#3 = SHAPE_DEFINITION_REPRESENTATION(#4,#10);
#4 = PRODUCT_DEFINITION_SHAPE('','',#5);
#5 = PRODUCT_DEFINITION('design','',#6,#9);
#6 = PRODUCT_DEFINITION_FORMATION('','',#7);
#7 = PRODUCT('S07-STR-13_Tie_rod_left_C_C_289',
  'S07-STR-13_Tie_rod_left_C_C_289','',(#8));
#8 = PRODUCT_CONTEXT('',#2,'mechanical');
#9 = PRODUCT_DEFINITION_CONTEXT('part definition',#2,'design');
#10 = ADVANCED_BREP_SHAPE_REPRESENTATION('',(#11,#15),#2077);
#11 = AXIS2_PLACEMENT_3D('',#12,#13,#14);
#12 = CARTESIAN_POINT('',(0.,0.,0.));
#13 = DIRECTION('',(0.,0.,1.));
#14 = DIRECTION('',(1.,0.,-0.));
#15 = MANIFOLD_SOLID_BREP('',#16);
#16 = CLOSED_SHELL('',(#17,#290,#316,#429,#479,#505,#531,#699,#723,#758,
    #813,#848,#903,#938,#993,#1028,#1083,#1118,#1173,#1208,#1263,#1298,
    #1353,#1388,#1811,#1840,#1863,#1922,#1972,#2001,#2033,#2061,#2067));
#17 = ADVANCED_FACE('',(#18),#33,.T.);
#18 = FACE_BOUND('',#19,.F.);
#19 = EDGE_LOOP('',(#20,#56,#96,#128,#160,#193,#225,#257));
#20 = ORIENTED_EDGE('',*,*,#21,.F.);
#21 = EDGE_CURVE('',#22,#24,#26,.T.);
#22 = VERTEX_POINT('',#23);
#23 = CARTESIAN_POINT('',(1.025383000637E+03,68.,-79.74922448444));
#24 = VERTEX_POINT('',#25);
#25 = CARTESIAN_POINT('',(1.029728302381E+03,68.,-79.77272853937));
#26 = SURFACE_CURVE('',#27,(#32,#44),.PCURVE_S1.);
#27 = CIRCLE('',#28,10.);
#28 = AXIS2_PLACEMENT_3D('',#29,#30,#31);
#29 = CARTESIAN_POINT('',(1.027608449345E+03,68.,-70.));
#30 = DIRECTION('',(0.,1.,0.));
#31 = DIRECTION('',(-0.222544870798,0.,-0.974922448445));
#32 = PCURVE('',#33,#38);
#33 = CYLINDRICAL_SURFACE('',#34,10.);
#34 = AXIS2_PLACEMENT_3D('',#35,#36,#37);
#35 = CARTESIAN_POINT('',(1.027608449345E+03,68.,-70.));
#36 = DIRECTION('',(-0.,-1.,-0.));
#37 = DIRECTION('',(0.,-0.,1.));
#38 = DEFINITIONAL_REPRESENTATION('',(#39),#43);
#39 = LINE('',#40,#41);
#40 = CARTESIAN_POINT('',(-3.366016681337,0.));
#41 = VECTOR('',#42,1.);
#42 = DIRECTION('',(-1.,0.));
#43 = ( GEOMETRIC_REPRESENTATION_CONTEXT(2) 
PARAMETRIC_REPRESENTATION_CONTEXT() REPRESENTATION_CONTEXT('2D SPACE',''
  ) );
#44 = PCURVE('',#45,#50);
#45 = PLANE('',#46);
#46 = AXIS2_PLACEMENT_3D('',#47,#48,#49);
#47 = CARTESIAN_POINT('',(1.027608449345E+03,68.,-70.));
#48 = DIRECTION('',(0.,1.,0.));
#49 = DIRECTION('',(0.,-0.,1.));
#50 = DEFINITIONAL_REPRESENTATION('',(#51),#55);
#51 = CIRCLE('',#52,10.);
#52 = AXIS2_PLACEMENT_2D('',#53,#54);
#53 = CARTESIAN_POINT('',(1.42108547152E-14,-2.273736754432E-13));
#54 = DIRECTION('',(-0.974922448445,-0.222544870798));
#55 = ( GEOMETRIC_REPRESENTATION_CONTEXT(2) 
PARAMETRIC_REPRESENTATION_CONTEXT() REPRESENTATION_CONTEXT('2D SPACE',''
  ) );
#56 = ORIENTED_EDGE('',*,*,#57,.T.);
#57 = EDGE_CURVE('',#22,#58,#60,.T.);
#58 = VERTEX_POINT('',#59);
#59 = CARTESIAN_POINT('',(1.023812921498E+03,68.876894374315,
    -79.25170083602));
#60 = SURFACE_CURVE('',#61,(#69,#80),.PCURVE_S1.);
#61 = B_SPLINE_CURVE_WITH_KNOTS('',6,(#62,#63,#64,#65,#66,#67,#68),
  .UNSPECIFIED.,.F.,.F.,(7,7),(0.,1.),.PIECEWISE_BEZIER_KNOTS.);
#62 = CARTESIAN_POINT('',(1.025383002233E+03,67.9999994,-79.74922484881)
  );
#63 = CARTESIAN_POINT('',(1.02508244141E+03,68.112985151455,
    -79.68061608996));
#64 = CARTESIAN_POINT('',(1.024797471574E+03,68.241816382585,
    -79.60386761082));
#65 = CARTESIAN_POINT('',(1.024528202729E+03,68.384333002132,
    -79.5209097941));
#66 = CARTESIAN_POINT('',(1.024274530853E+03,68.538695586511,
    -79.43352163744));
#67 = CARTESIAN_POINT('',(1.024036210722E+03,68.703330904234,
    -79.34330571219));
#68 = CARTESIAN_POINT('',(1.023812919813E+03,68.876895684075,
    -79.25170014477));
#69 = PCURVE('',#33,#70);
#70 = DEFINITIONAL_REPRESENTATION('',(#71),#79);
#71 = B_SPLINE_CURVE_WITH_KNOTS('',6,(#72,#73,#74,#75,#76,#77,#78),
  .UNSPECIFIED.,.F.,.F.,(7,7),(8.851222672297E-07,0.999998742301),
  .PIECEWISE_BEZIER_KNOTS.);
#72 = CARTESIAN_POINT('',(-3.366016681336,-3.741316459685E-11));
#73 = CARTESIAN_POINT('',(-3.396845811482,-0.112985579509));
#74 = CARTESIAN_POINT('',(-3.426336090407,-0.241816563101));
#75 = CARTESIAN_POINT('',(-3.454486587848,-0.384332874292));
#76 = CARTESIAN_POINT('',(-3.481297651208,-0.53869510139));
#77 = CARTESIAN_POINT('',(-3.50677043657,-0.703330022552));
#78 = CARTESIAN_POINT('',(-3.530905515029,-0.876894374322));
#79 = ( GEOMETRIC_REPRESENTATION_CONTEXT(2) 
PARAMETRIC_REPRESENTATION_CONTEXT() REPRESENTATION_CONTEXT('2D SPACE',''
  ) );
#80 = PCURVE('',#81,#86);
#81 = CYLINDRICAL_SURFACE('',#82,6.);
#82 = AXIS2_PLACEMENT_3D('',#83,#84,#85);
#83 = CARTESIAN_POINT('',(1.027559861171E+03,73.555365374133,
    -78.98271721087));
#84 = DIRECTION('',(-5.398686039054E-03,6.170726379257E-02,
    -0.998079690097));
#85 = DIRECTION('',(0.,-0.998094235336,-6.170816306635E-02));
#86 = DEFINITIONAL_REPRESENTATION('',(#87),#95);
#87 = B_SPLINE_CURVE_WITH_KNOTS('',6,(#88,#89,#90,#91,#92,#93,#94),
  .UNSPECIFIED.,.F.,.F.,(7,7),(0.,1.),.PIECEWISE_BEZIER_KNOTS.);
#88 = CARTESIAN_POINT('',(0.370868064893,0.433981450056));
#89 = CARTESIAN_POINT('',(0.424674264597,0.374099116382));
#90 = CARTESIAN_POINT('',(0.477050321709,0.306986303538));
#91 = CARTESIAN_POINT('',(0.528120506983,0.234435800133));
#92 = CARTESIAN_POINT('',(0.577988327272,0.158110243339));
#93 = CARTESIAN_POINT('',(0.626748927847,7.951337117373E-02));
#94 = CARTESIAN_POINT('',(0.674490323653,-6.E-07));
#95 = ( GEOMETRIC_REPRESENTATION_CONTEXT(2) 
PARAMETRIC_REPRESENTATION_CONTEXT() REPRESENTATION_CONTEXT('2D SPACE',''
  ) );
#96 = ORIENTED_EDGE('',*,*,#97,.T.);
#97 = EDGE_CURVE('',#58,#98,#100,.T.);
#98 = VERTEX_POINT('',#99);
#99 = CARTESIAN_POINT('',(1.022742143976E+03,77.123105625685,
    -78.7360787572));
#100 = SURFACE_CURVE('',#101,(#106,#116),.PCURVE_S1.);
#101 = ELLIPSE('',#102,162.05547589365,10.);
#102 = AXIS2_PLACEMENT_3D('',#103,#104,#105);
#103 = CARTESIAN_POINT('',(1.027608449345E+03,218.84992830428,-70.));
#104 = DIRECTION('',(-5.398686039054E-03,6.170726379257E-02,
    -0.998079690097));
#105 = DIRECTION('',(-3.337742201024E-04,-0.998094290934,
    -6.170636109459E-02));
#106 = PCURVE('',#33,#107);
#107 = DEFINITIONAL_REPRESENTATION('',(#108),#115);
#108 = B_SPLINE_CURVE_WITH_KNOTS('',5,(#109,#110,#111,#112,#113,#114),
  .UNSPECIFIED.,.F.,.F.,(6,6),(0.383903841062,0.50281961943),
  .PIECEWISE_BEZIER_KNOTS.);
#109 = CARTESIAN_POINT('',(-3.530905515036,-0.876894372304));
#110 = CARTESIAN_POINT('',(-3.554688670709,-2.317703449861));
#111 = CARTESIAN_POINT('',(-3.578471826383,-3.864550685061));
#112 = CARTESIAN_POINT('',(-3.602254982057,-5.515738252252));
#113 = CARTESIAN_POINT('',(-3.62603813773,-7.269318095976));
#114 = CARTESIAN_POINT('',(-3.649821293404,-9.123105624287));
#115 = ( GEOMETRIC_REPRESENTATION_CONTEXT(2) 
PARAMETRIC_REPRESENTATION_CONTEXT() REPRESENTATION_CONTEXT('2D SPACE',''
  ) );
#116 = PCURVE('',#117,#122);
#117 = PLANE('',#118);
#118 = AXIS2_PLACEMENT_3D('',#119,#120,#121);
#119 = CARTESIAN_POINT('',(1.027559861171E+03,73.555365374133,
    -78.98271721087));
#120 = DIRECTION('',(-5.398686039054E-03,6.170726379257E-02,
    -0.998079690097));
#121 = DIRECTION('',(0.,-0.998094235336,-6.170816306635E-02));
#122 = DEFINITIONAL_REPRESENTATION('',(#123),#127);
#123 = ELLIPSE('',#124,162.05547589365,10.);
#124 = AXIS2_PLACEMENT_2D('',#125,#126);
#125 = CARTESIAN_POINT('',(-145.5719726646,-4.858888243773E-02));
#126 = DIRECTION('',(0.999999944296,3.337790842689E-04));
#127 = ( GEOMETRIC_REPRESENTATION_CONTEXT(2) 
PARAMETRIC_REPRESENTATION_CONTEXT() REPRESENTATION_CONTEXT('2D SPACE',''
  ) );
#128 = ORIENTED_EDGE('',*,*,#129,.T.);
#129 = EDGE_CURVE('',#98,#130,#132,.T.);
#130 = VERTEX_POINT('',#131);
#131 = CARTESIAN_POINT('',(1.023508381317E+03,78.,-79.1208246429));
#132 = SURFACE_CURVE('',#133,(#140,#150),.PCURVE_S1.);
#133 = B_SPLINE_CURVE_WITH_KNOTS('',5,(#134,#135,#136,#137,#138,#139),
  .UNSPECIFIED.,.F.,.F.,(6,6),(0.,1.),.PIECEWISE_BEZIER_KNOTS.);
#134 = CARTESIAN_POINT('',(1.022742143033E+03,77.123104315925,
    -78.73607823192));
#135 = CARTESIAN_POINT('',(1.022875301275E+03,77.30804301449,
    -78.81025210913));
#136 = CARTESIAN_POINT('',(1.023018113222E+03,77.488552351607,
    -78.88647933808));
#137 = CARTESIAN_POINT('',(1.023170931536E+03,77.66439739786,
    -78.96413242716));
#138 = CARTESIAN_POINT('',(1.02333418244E+03,77.835110310819,
    -79.04251734715));
#139 = CARTESIAN_POINT('',(1.023508381951E+03,78.0000006,-79.1208249279)
  );
#140 = PCURVE('',#33,#141);
#141 = DEFINITIONAL_REPRESENTATION('',(#142),#149);
#142 = B_SPLINE_CURVE_WITH_KNOTS('',5,(#143,#144,#145,#146,#147,#148),
  .UNSPECIFIED.,.F.,.F.,(6,6),(1.416418619073E-06,0.99999927217),
  .PIECEWISE_BEZIER_KNOTS.);
#143 = CARTESIAN_POINT('',(-3.649821293398,-9.123105625678));
#144 = CARTESIAN_POINT('',(-3.634578984466,-9.308043902594));
#145 = CARTESIAN_POINT('',(-3.618393412441,-9.488552836057));
#146 = CARTESIAN_POINT('',(-3.601256860998,-9.664397497506));
#147 = CARTESIAN_POINT('',(-3.583153226427,-9.835110047372));
#148 = CARTESIAN_POINT('',(-3.564054174283,-9.999999999939));
#149 = ( GEOMETRIC_REPRESENTATION_CONTEXT(2) 
PARAMETRIC_REPRESENTATION_CONTEXT() REPRESENTATION_CONTEXT('2D SPACE',''
  ) );
#150 = PCURVE('',#81,#151);
#151 = DEFINITIONAL_REPRESENTATION('',(#152),#159);
#152 = B_SPLINE_CURVE_WITH_KNOTS('',5,(#153,#154,#155,#156,#157,#158),
  .UNSPECIFIED.,.F.,.F.,(6,6),(0.,1.),.PIECEWISE_BEZIER_KNOTS.);
#153 = CARTESIAN_POINT('',(2.209339821429,-6.E-07));
#154 = CARTESIAN_POINT('',(2.246703255044,8.472402189683E-02));
#155 = CARTESIAN_POINT('',(2.28441798251,0.171172611359));
#156 = CARTESIAN_POINT('',(2.322601304929,0.258702481005));
#157 = CARTESIAN_POINT('',(2.361358951758,0.346589764032));
#158 = CARTESIAN_POINT('',(2.400809711313,0.433981450056));
#159 = ( GEOMETRIC_REPRESENTATION_CONTEXT(2) 
PARAMETRIC_REPRESENTATION_CONTEXT() REPRESENTATION_CONTEXT('2D SPACE',''
  ) );
#160 = ORIENTED_EDGE('',*,*,#161,.F.);
#161 = EDGE_CURVE('',#162,#130,#164,.T.);
#162 = VERTEX_POINT('',#163);
#163 = CARTESIAN_POINT('',(1.031609609932E+03,78.,-79.16464478097));
#164 = SURFACE_CURVE('',#165,(#170,#177),.PCURVE_S1.);
#165 = CIRCLE('',#166,10.);
#166 = AXIS2_PLACEMENT_3D('',#167,#168,#169);
#167 = CARTESIAN_POINT('',(1.027608449345E+03,78.,-70.));
#168 = DIRECTION('',(0.,-1.,0.));
#169 = DIRECTION('',(0.400116058646,0.,-0.916464478097));
#170 = PCURVE('',#33,#171);
#171 = DEFINITIONAL_REPRESENTATION('',(#172),#176);
#172 = LINE('',#173,#174);
#173 = CARTESIAN_POINT('',(-9.013134480838,-10.));
#174 = VECTOR('',#175,1.);
#175 = DIRECTION('',(1.,-0.));
#176 = ( GEOMETRIC_REPRESENTATION_CONTEXT(2) 
PARAMETRIC_REPRESENTATION_CONTEXT() REPRESENTATION_CONTEXT('2D SPACE',''
  ) );
#177 = PCURVE('',#178,#183);
#178 = PLANE('',#179);
#179 = AXIS2_PLACEMENT_3D('',#180,#181,#182);
#180 = CARTESIAN_POINT('',(1.027608449345E+03,78.,-70.));
#181 = DIRECTION('',(0.,1.,0.));
#182 = DIRECTION('',(0.,-0.,1.));
#183 = DEFINITIONAL_REPRESENTATION('',(#184),#192);
#184 = ( BOUNDED_CURVE() B_SPLINE_CURVE(2,(#185,#186,#187,#188,#189,#190
,#191),.UNSPECIFIED.,.T.,.F.) B_SPLINE_CURVE_WITH_KNOTS((1,2,2,2,2,1),(
    -2.094395102393,0.,2.094395102393,4.188790204786,6.28318530718,
8.377580409573),.UNSPECIFIED.) CURVE() GEOMETRIC_REPRESENTATION_ITEM() 
RATIONAL_B_SPLINE_CURVE((1.,0.5,1.,0.5,1.,0.5,1.)) REPRESENTATION_ITEM(
  '') );
#185 = CARTESIAN_POINT('',(-9.164644780972,4.001160586456));
#186 = CARTESIAN_POINT('',(-2.234431355988,19.87479098042));
#187 = CARTESIAN_POINT('',(8.047429102978,5.936234903754));
#188 = CARTESIAN_POINT('',(18.329289561943,-8.002321172912));
#189 = CARTESIAN_POINT('',(1.117215677994,-9.93739549021));
#190 = CARTESIAN_POINT('',(-16.09485820595,-11.8724698075));
#191 = CARTESIAN_POINT('',(-9.164644780972,4.001160586456));
#192 = ( GEOMETRIC_REPRESENTATION_CONTEXT(2) 
PARAMETRIC_REPRESENTATION_CONTEXT() REPRESENTATION_CONTEXT('2D SPACE',''
  ) );
#193 = ORIENTED_EDGE('',*,*,#194,.T.);
#194 = EDGE_CURVE('',#162,#195,#197,.T.);
#195 = VERTEX_POINT('',#196);
#196 = CARTESIAN_POINT('',(1.032379964552E+03,77.123105625684,
    -78.78821043357));
#197 = SURFACE_CURVE('',#198,(#205,#215),.PCURVE_S1.);
#198 = B_SPLINE_CURVE_WITH_KNOTS('',5,(#199,#200,#201,#202,#203,#204),
  .UNSPECIFIED.,.F.,.F.,(6,6),(0.,1.),.PIECEWISE_BEZIER_KNOTS.);
#199 = CARTESIAN_POINT('',(1.031609609294E+03,78.0000006,-79.16464505909
    ));
#200 = CARTESIAN_POINT('',(1.031784645805E+03,77.835110240409,
    -79.08822648849));
#201 = CARTESIAN_POINT('',(1.031948735053E+03,77.664397367792,
    -79.01161219671));
#202 = CARTESIAN_POINT('',(1.03210238438E+03,77.488552421734,
    -78.93561685761));
#203 = CARTESIAN_POINT('',(1.032246012566E+03,77.308043131572,
    -78.86093901834));
#204 = CARTESIAN_POINT('',(1.032379965501E+03,77.123104315925,
    -78.78820991852));
#205 = PCURVE('',#33,#206);
#206 = DEFINITIONAL_REPRESENTATION('',(#207),#214);
#207 = B_SPLINE_CURVE_WITH_KNOTS('',5,(#208,#209,#210,#211,#212,#213),
  .UNSPECIFIED.,.F.,.F.,(6,6),(7.278302615779E-07,0.999998583583),
  .PIECEWISE_BEZIER_KNOTS.);
#208 = CARTESIAN_POINT('',(-9.013134480843,-9.999999999939));
#209 = CARTESIAN_POINT('',(-8.994035420544,-9.835109976963));
#210 = CARTESIAN_POINT('',(-8.975931792179,-9.664397467438));
#211 = CARTESIAN_POINT('',(-8.95879525005,-9.488552906183));
#212 = CARTESIAN_POINT('',(-8.942609680311,-9.308044019674));
#213 = CARTESIAN_POINT('',(-8.927367361729,-9.123105625678));
#214 = ( GEOMETRIC_REPRESENTATION_CONTEXT(2) 
PARAMETRIC_REPRESENTATION_CONTEXT() REPRESENTATION_CONTEXT('2D SPACE',''
  ) );
#215 = PCURVE('',#81,#216);
#216 = DEFINITIONAL_REPRESENTATION('',(#217),#224);
#217 = B_SPLINE_CURVE_WITH_KNOTS('',5,(#218,#219,#220,#221,#222,#223),
  .UNSPECIFIED.,.F.,.F.,(6,6),(0.,1.),.PIECEWISE_BEZIER_KNOTS.);
#218 = CARTESIAN_POINT('',(3.883043154047,0.433981450056));
#219 = CARTESIAN_POINT('',(3.922493930449,0.346589726715));
#220 = CARTESIAN_POINT('',(3.961251565722,0.258702467528));
#221 = CARTESIAN_POINT('',(3.999434867191,0.171172648076));
#222 = CARTESIAN_POINT('',(4.037149586663,8.472407553453E-02));
#223 = CARTESIAN_POINT('',(4.074513043931,-6.E-07));
#224 = ( GEOMETRIC_REPRESENTATION_CONTEXT(2) 
PARAMETRIC_REPRESENTATION_CONTEXT() REPRESENTATION_CONTEXT('2D SPACE',''
  ) );
#225 = ORIENTED_EDGE('',*,*,#226,.T.);
#226 = EDGE_CURVE('',#195,#227,#229,.T.);
#227 = VERTEX_POINT('',#228);
#228 = CARTESIAN_POINT('',(1.031303671775E+03,68.876894374316,
    -79.29221885211));
#229 = SURFACE_CURVE('',#230,(#235,#245),.PCURVE_S1.);
#230 = ELLIPSE('',#231,162.05547589365,10.);
#231 = AXIS2_PLACEMENT_3D('',#232,#233,#234);
#232 = CARTESIAN_POINT('',(1.027608449345E+03,218.84992830428,-70.));
#233 = DIRECTION('',(-5.398686039054E-03,6.170726379257E-02,
    -0.998079690097));
#234 = DIRECTION('',(-3.337742201024E-04,-0.998094290934,
    -6.170636109459E-02));
#235 = PCURVE('',#33,#236);
#236 = DEFINITIONAL_REPRESENTATION('',(#237),#244);
#237 = B_SPLINE_CURVE_WITH_KNOTS('',5,(#238,#239,#240,#241,#242,#243),
  .UNSPECIFIED.,.F.,.F.,(6,6),(5.780365687749,5.899281466117),
  .PIECEWISE_BEZIER_KNOTS.);
#238 = CARTESIAN_POINT('',(-8.927367361723,-9.123105624287));
#239 = CARTESIAN_POINT('',(-8.951150517396,-7.269318095976));
#240 = CARTESIAN_POINT('',(-8.97493367307,-5.515738252253));
#241 = CARTESIAN_POINT('',(-8.998716828744,-3.864550685061));
#242 = CARTESIAN_POINT('',(-9.022499984417,-2.317703449861));
#243 = CARTESIAN_POINT('',(-9.046283140091,-0.876894372305));
#244 = ( GEOMETRIC_REPRESENTATION_CONTEXT(2) 
PARAMETRIC_REPRESENTATION_CONTEXT() REPRESENTATION_CONTEXT('2D SPACE',''
  ) );
#245 = PCURVE('',#246,#251);
#246 = PLANE('',#247);
#247 = AXIS2_PLACEMENT_3D('',#248,#249,#250);
#248 = CARTESIAN_POINT('',(1.027559861171E+03,73.555365374133,
    -78.98271721087));
#249 = DIRECTION('',(-5.398686039054E-03,6.170726379257E-02,
    -0.998079690097));
#250 = DIRECTION('',(0.,-0.998094235336,-6.170816306635E-02));
#251 = DEFINITIONAL_REPRESENTATION('',(#252),#256);
#252 = ELLIPSE('',#253,162.05547589365,10.);
#253 = AXIS2_PLACEMENT_2D('',#254,#255);
#254 = CARTESIAN_POINT('',(-145.5719726646,-4.858888243773E-02));
#255 = DIRECTION('',(0.999999944296,3.337790842689E-04));
#256 = ( GEOMETRIC_REPRESENTATION_CONTEXT(2) 
PARAMETRIC_REPRESENTATION_CONTEXT() REPRESENTATION_CONTEXT('2D SPACE',''
  ) );
#257 = ORIENTED_EDGE('',*,*,#258,.T.);
#258 = EDGE_CURVE('',#227,#24,#259,.T.);
#259 = SURFACE_CURVE('',#260,(#268,#279),.PCURVE_S1.);
#260 = B_SPLINE_CURVE_WITH_KNOTS('',6,(#261,#262,#263,#264,#265,#266,
    #267),.UNSPECIFIED.,.F.,.F.,(7,7),(0.,1.),.PIECEWISE_BEZIER_KNOTS.);
#261 = CARTESIAN_POINT('',(1.031303673467E+03,68.876895684075,
    -79.29221817913));
#262 = CARTESIAN_POINT('',(1.031079405442E+03,68.703331517381,
    -79.3814025482));
#263 = CARTESIAN_POINT('',(1.030840123125E+03,68.538695906829,
    -79.4690352171));
#264 = CARTESIAN_POINT('',(1.030585520074E+03,68.38433287149,
    -79.55367433256));
#265 = CARTESIAN_POINT('',(1.030315368947E+03,68.241816015771,
    -79.63371453275));
#266 = CARTESIAN_POINT('',(1.03002958544E+03,68.112984860469,
    -79.70737572634));
#267 = CARTESIAN_POINT('',(1.029728300781E+03,67.9999994,-79.77272888645
    ));
#268 = PCURVE('',#33,#269);
#269 = DEFINITIONAL_REPRESENTATION('',(#270),#278);
#270 = B_SPLINE_CURVE_WITH_KNOTS('',6,(#271,#272,#273,#274,#275,#276,
    #277),.UNSPECIFIED.,.F.,.F.,(7,7),(1.257702948476E-06,0.999999114876
    ),.PIECEWISE_BEZIER_KNOTS.);
#271 = CARTESIAN_POINT('',(-9.046283140098,-0.876894374322));
#272 = CARTESIAN_POINT('',(-9.070418133296,-0.703330635693));
#273 = CARTESIAN_POINT('',(-9.095890941187,-0.538695421704));
#274 = CARTESIAN_POINT('',(-9.122702075684,-0.38433274365));
#275 = CARTESIAN_POINT('',(-9.150852635675,-0.241816196289));
#276 = CARTESIAN_POINT('',(-9.180342923042,-0.112985288525));
#277 = CARTESIAN_POINT('',(-9.211171973791,-3.73742960617E-11));
#278 = ( GEOMETRIC_REPRESENTATION_CONTEXT(2) 
PARAMETRIC_REPRESENTATION_CONTEXT() REPRESENTATION_CONTEXT('2D SPACE',''
  ) );
#279 = PCURVE('',#81,#280);
#280 = DEFINITIONAL_REPRESENTATION('',(#281),#289);
#281 = B_SPLINE_CURVE_WITH_KNOTS('',6,(#282,#283,#284,#285,#286,#287,
    #288),.UNSPECIFIED.,.F.,.F.,(7,7),(0.,1.),.PIECEWISE_BEZIER_KNOTS.);
#282 = CARTESIAN_POINT('',(5.609362541707,-6.E-07));
#283 = CARTESIAN_POINT('',(5.657103768859,7.951309027716E-02));
#284 = CARTESIAN_POINT('',(5.705864425488,0.158110074349));
#285 = CARTESIAN_POINT('',(5.755732378995,0.234435857875));
#286 = CARTESIAN_POINT('',(5.806802672199,0.306986491987));
#287 = CARTESIAN_POINT('',(5.859178739337,0.374099270604));
#288 = CARTESIAN_POINT('',(5.912984800468,0.433981450056));
#289 = ( GEOMETRIC_REPRESENTATION_CONTEXT(2) 
PARAMETRIC_REPRESENTATION_CONTEXT() REPRESENTATION_CONTEXT('2D SPACE',''
  ) );
#290 = ADVANCED_FACE('',(#291),#246,.F.);
#291 = FACE_BOUND('',#292,.F.);
#292 = EDGE_LOOP('',(#293,#315));
#293 = ORIENTED_EDGE('',*,*,#294,.T.);
#294 = EDGE_CURVE('',#195,#227,#295,.T.);
#295 = SURFACE_CURVE('',#296,(#301,#308),.PCURVE_S1.);
#296 = CIRCLE('',#297,6.);
#297 = AXIS2_PLACEMENT_3D('',#298,#299,#300);
#298 = CARTESIAN_POINT('',(1.027559861171E+03,73.555365374133,
    -78.98271721087));
#299 = DIRECTION('',(-5.398686039054E-03,6.170726379257E-02,
    -0.998079690097));
#300 = DIRECTION('',(0.,-0.998094235336,-6.170816306635E-02));
#301 = PCURVE('',#246,#302);
#302 = DEFINITIONAL_REPRESENTATION('',(#303),#307);
#303 = CIRCLE('',#304,6.);
#304 = AXIS2_PLACEMENT_2D('',#305,#306);
#305 = CARTESIAN_POINT('',(0.,0.));
#306 = DIRECTION('',(1.,0.));
#307 = ( GEOMETRIC_REPRESENTATION_CONTEXT(2) 
PARAMETRIC_REPRESENTATION_CONTEXT() REPRESENTATION_CONTEXT('2D SPACE',''
  ) );
#308 = PCURVE('',#81,#309);
#309 = DEFINITIONAL_REPRESENTATION('',(#310),#314);
#310 = LINE('',#311,#312);
#311 = CARTESIAN_POINT('',(0.,0.));
#312 = VECTOR('',#313,1.);
#313 = DIRECTION('',(1.,0.));
#314 = ( GEOMETRIC_REPRESENTATION_CONTEXT(2) 
PARAMETRIC_REPRESENTATION_CONTEXT() REPRESENTATION_CONTEXT('2D SPACE',''
  ) );
#315 = ORIENTED_EDGE('',*,*,#226,.F.);
#316 = ADVANCED_FACE('',(#317,#398),#178,.T.);
#317 = FACE_BOUND('',#318,.T.);
#318 = EDGE_LOOP('',(#319,#346,#347,#374));
#319 = ORIENTED_EDGE('',*,*,#320,.F.);
#320 = EDGE_CURVE('',#130,#321,#323,.T.);
#321 = VERTEX_POINT('',#322);
#322 = CARTESIAN_POINT('',(1.023540248098E+03,78.,-78.68618089895));
#323 = SURFACE_CURVE('',#324,(#329,#336),.PCURVE_S1.);
#324 = ELLIPSE('',#325,97.23328553619,6.);
#325 = AXIS2_PLACEMENT_3D('',#326,#327,#328);
#326 = CARTESIAN_POINT('',(1.027171006027E+03,78.,-150.8721395792));
#327 = DIRECTION('',(0.,1.,0.));
#328 = DIRECTION('',(-5.408994007972E-03,0.,-0.999985371285));
#329 = PCURVE('',#178,#330);
#330 = DEFINITIONAL_REPRESENTATION('',(#331),#335);
#331 = ELLIPSE('',#332,97.23328553619,6.);
#332 = AXIS2_PLACEMENT_2D('',#333,#334);
#333 = CARTESIAN_POINT('',(-80.87213957923,-0.43744331763));
#334 = DIRECTION('',(-0.999985371285,-5.408994007972E-03));
#335 = ( GEOMETRIC_REPRESENTATION_CONTEXT(2) 
PARAMETRIC_REPRESENTATION_CONTEXT() REPRESENTATION_CONTEXT('2D SPACE',''
  ) );
#336 = PCURVE('',#81,#337);
#337 = DEFINITIONAL_REPRESENTATION('',(#338),#345);
#338 = B_SPLINE_CURVE_WITH_KNOTS('',5,(#339,#340,#341,#342,#343,#344),
  .UNSPECIFIED.,.F.,.F.,(6,6),(2.357590502606,2.407123810881),
  .PIECEWISE_BEZIER_KNOTS.);
#339 = CARTESIAN_POINT('',(2.357924281697,3.308716044494));
#340 = CARTESIAN_POINT('',(2.367830943352,2.629838040488));
#341 = CARTESIAN_POINT('',(2.377737605007,1.959390309547));
#342 = CARTESIAN_POINT('',(2.387644266662,1.297511656896));
#343 = CARTESIAN_POINT('',(2.397550928317,0.644337439486));
#344 = CARTESIAN_POINT('',(2.407457589972,-5.999995522643E-07));
#345 = ( GEOMETRIC_REPRESENTATION_CONTEXT(2) 
PARAMETRIC_REPRESENTATION_CONTEXT() REPRESENTATION_CONTEXT('2D SPACE',''
  ) );
#346 = ORIENTED_EDGE('',*,*,#161,.F.);
#347 = ORIENTED_EDGE('',*,*,#348,.F.);
#348 = EDGE_CURVE('',#349,#162,#351,.T.);
#349 = VERTEX_POINT('',#350);
#350 = CARTESIAN_POINT('',(1.031582446918E+03,78.,-78.72968174054));
#351 = SURFACE_CURVE('',#352,(#357,#364),.PCURVE_S1.);
#352 = ELLIPSE('',#353,97.23328553619,6.);
#353 = AXIS2_PLACEMENT_3D('',#354,#355,#356);
#354 = CARTESIAN_POINT('',(1.027171006027E+03,78.,-150.8721395792));
#355 = DIRECTION('',(0.,1.,0.));
#356 = DIRECTION('',(-5.408994007972E-03,0.,-0.999985371285));
#357 = PCURVE('',#178,#358);
#358 = DEFINITIONAL_REPRESENTATION('',(#359),#363);
#359 = ELLIPSE('',#360,97.23328553619,6.);
#360 = AXIS2_PLACEMENT_2D('',#361,#362);
#361 = CARTESIAN_POINT('',(-80.87213957923,-0.43744331763));
#362 = DIRECTION('',(-0.999985371285,-5.408994007972E-03));
#363 = ( GEOMETRIC_REPRESENTATION_CONTEXT(2) 
PARAMETRIC_REPRESENTATION_CONTEXT() REPRESENTATION_CONTEXT('2D SPACE',''
  ) );
#364 = PCURVE('',#81,#365);
#365 = DEFINITIONAL_REPRESENTATION('',(#366),#373);
#366 = B_SPLINE_CURVE_WITH_KNOTS('',5,(#367,#368,#369,#370,#371,#372),
  .UNSPECIFIED.,.F.,.F.,(6,6),(3.876061496298,3.924927246392),
  .PIECEWISE_BEZIER_KNOTS.);
#367 = CARTESIAN_POINT('',(3.876395275389,-6.000002485962E-07));
#368 = CARTESIAN_POINT('',(3.886168425408,0.635653724536));
#369 = CARTESIAN_POINT('',(3.895941575426,1.279907662349));
#370 = CARTESIAN_POINT('',(3.905714725445,1.932634725756));
#371 = CARTESIAN_POINT('',(3.915487875464,2.593705003763));
#372 = CARTESIAN_POINT('',(3.925261025483,3.26298531712));
#373 = ( GEOMETRIC_REPRESENTATION_CONTEXT(2) 
PARAMETRIC_REPRESENTATION_CONTEXT() REPRESENTATION_CONTEXT('2D SPACE',''
  ) );
#374 = ORIENTED_EDGE('',*,*,#375,.T.);
#375 = EDGE_CURVE('',#349,#321,#376,.T.);
#376 = SURFACE_CURVE('',#377,(#381,#387),.PCURVE_S1.);
#377 = LINE('',#378,#379);
#378 = CARTESIAN_POINT('',(1.027561347508E+03,78.,-78.70793131975));
#379 = VECTOR('',#380,1.);
#380 = DIRECTION('',(-0.999985371285,0.,5.408994007972E-03));
#381 = PCURVE('',#178,#382);
#382 = DEFINITIONAL_REPRESENTATION('',(#383),#386);
#383 = B_SPLINE_CURVE_WITH_KNOTS('',1,(#384,#385),.UNSPECIFIED.,.F.,.F.,
  (2,2),(-5.9985139755,6.001486692951),.PIECEWISE_BEZIER_KNOTS.);
#384 = CARTESIAN_POINT('',(-8.740377245903,5.951324387578));
#385 = CARTESIAN_POINT('',(-8.675469314191,-6.048500736282));
#386 = ( GEOMETRIC_REPRESENTATION_CONTEXT(2) 
PARAMETRIC_REPRESENTATION_CONTEXT() REPRESENTATION_CONTEXT('2D SPACE',''
  ) );
#387 = PCURVE('',#388,#393);
#388 = PLANE('',#389);
#389 = AXIS2_PLACEMENT_3D('',#390,#391,#392);
#390 = CARTESIAN_POINT('',(1.027559861171E+03,73.555365374133,
    -78.98271721087));
#391 = DIRECTION('',(-5.398686039054E-03,6.170726379257E-02,
    -0.998079690097));
#392 = DIRECTION('',(0.,-0.998094235336,-6.170816306635E-02));
#393 = DEFINITIONAL_REPRESENTATION('',(#394),#397);
#394 = B_SPLINE_CURVE_WITH_KNOTS('',1,(#395,#396),.UNSPECIFIED.,.F.,.F.,
  (2,2),(-5.9985139755,6.001486692951),.PIECEWISE_BEZIER_KNOTS.);
#395 = CARTESIAN_POINT('',(-4.451118552328,-6.));
#396 = CARTESIAN_POINT('',(-4.455123901563,6.));
#397 = ( GEOMETRIC_REPRESENTATION_CONTEXT(2) 
PARAMETRIC_REPRESENTATION_CONTEXT() REPRESENTATION_CONTEXT('2D SPACE',''
  ) );
#398 = FACE_BOUND('',#399,.T.);
#399 = EDGE_LOOP('',(#400));
#400 = ORIENTED_EDGE('',*,*,#401,.F.);
#401 = EDGE_CURVE('',#402,#402,#404,.T.);
#402 = VERTEX_POINT('',#403);
#403 = CARTESIAN_POINT('',(1.027608449345E+03,78.,-65.9));
#404 = SURFACE_CURVE('',#405,(#410,#417),.PCURVE_S1.);
#405 = CIRCLE('',#406,4.1);
#406 = AXIS2_PLACEMENT_3D('',#407,#408,#409);
#407 = CARTESIAN_POINT('',(1.027608449345E+03,78.,-70.));
#408 = DIRECTION('',(0.,1.,0.));
#409 = DIRECTION('',(0.,-0.,1.));
#410 = PCURVE('',#178,#411);
#411 = DEFINITIONAL_REPRESENTATION('',(#412),#416);
#412 = CIRCLE('',#413,4.1);
#413 = AXIS2_PLACEMENT_2D('',#414,#415);
#414 = CARTESIAN_POINT('',(1.42108547152E-14,-2.273736754432E-13));
#415 = DIRECTION('',(1.,0.));
#416 = ( GEOMETRIC_REPRESENTATION_CONTEXT(2) 
PARAMETRIC_REPRESENTATION_CONTEXT() REPRESENTATION_CONTEXT('2D SPACE',''
  ) );
#417 = PCURVE('',#418,#423);
#418 = CYLINDRICAL_SURFACE('',#419,4.1);
#419 = AXIS2_PLACEMENT_3D('',#420,#421,#422);
#420 = CARTESIAN_POINT('',(1.027608449345E+03,68.,-70.));
#421 = DIRECTION('',(-0.,-1.,-0.));
#422 = DIRECTION('',(0.,-0.,1.));
#423 = DEFINITIONAL_REPRESENTATION('',(#424),#428);
#424 = LINE('',#425,#426);
#425 = CARTESIAN_POINT('',(-0.,-10.));
#426 = VECTOR('',#427,1.);
#427 = DIRECTION('',(-1.,0.));
#428 = ( GEOMETRIC_REPRESENTATION_CONTEXT(2) 
PARAMETRIC_REPRESENTATION_CONTEXT() REPRESENTATION_CONTEXT('2D SPACE',''
  ) );
#429 = ADVANCED_FACE('',(#430),#418,.F.);
#430 = FACE_BOUND('',#431,.T.);
#431 = EDGE_LOOP('',(#432,#455,#456,#457));
#432 = ORIENTED_EDGE('',*,*,#433,.T.);
#433 = EDGE_CURVE('',#434,#402,#436,.T.);
#434 = VERTEX_POINT('',#435);
#435 = CARTESIAN_POINT('',(1.027608449345E+03,68.,-65.9));
#436 = SEAM_CURVE('',#437,(#441,#448),.PCURVE_S1.);
#437 = LINE('',#438,#439);
#438 = CARTESIAN_POINT('',(1.027608449345E+03,68.,-65.9));
#439 = VECTOR('',#440,1.);
#440 = DIRECTION('',(0.,1.,0.));
#441 = PCURVE('',#418,#442);
#442 = DEFINITIONAL_REPRESENTATION('',(#443),#447);
#443 = LINE('',#444,#445);
#444 = CARTESIAN_POINT('',(-0.,0.));
#445 = VECTOR('',#446,1.);
#446 = DIRECTION('',(-0.,-1.));
#447 = ( GEOMETRIC_REPRESENTATION_CONTEXT(2) 
PARAMETRIC_REPRESENTATION_CONTEXT() REPRESENTATION_CONTEXT('2D SPACE',''
  ) );
#448 = PCURVE('',#418,#449);
#449 = DEFINITIONAL_REPRESENTATION('',(#450),#454);
#450 = LINE('',#451,#452);
#451 = CARTESIAN_POINT('',(-6.28318530718,0.));
#452 = VECTOR('',#453,1.);
#453 = DIRECTION('',(-0.,-1.));
#454 = ( GEOMETRIC_REPRESENTATION_CONTEXT(2) 
PARAMETRIC_REPRESENTATION_CONTEXT() REPRESENTATION_CONTEXT('2D SPACE',''
  ) );
#455 = ORIENTED_EDGE('',*,*,#401,.T.);
#456 = ORIENTED_EDGE('',*,*,#433,.F.);
#457 = ORIENTED_EDGE('',*,*,#458,.F.);
#458 = EDGE_CURVE('',#434,#434,#459,.T.);
#459 = SURFACE_CURVE('',#460,(#465,#472),.PCURVE_S1.);
#460 = CIRCLE('',#461,4.1);
#461 = AXIS2_PLACEMENT_3D('',#462,#463,#464);
#462 = CARTESIAN_POINT('',(1.027608449345E+03,68.,-70.));
#463 = DIRECTION('',(0.,1.,0.));
#464 = DIRECTION('',(0.,-0.,1.));
#465 = PCURVE('',#418,#466);
#466 = DEFINITIONAL_REPRESENTATION('',(#467),#471);
#467 = LINE('',#468,#469);
#468 = CARTESIAN_POINT('',(-0.,0.));
#469 = VECTOR('',#470,1.);
#470 = DIRECTION('',(-1.,0.));
#471 = ( GEOMETRIC_REPRESENTATION_CONTEXT(2) 
PARAMETRIC_REPRESENTATION_CONTEXT() REPRESENTATION_CONTEXT('2D SPACE',''
  ) );
#472 = PCURVE('',#45,#473);
#473 = DEFINITIONAL_REPRESENTATION('',(#474),#478);
#474 = CIRCLE('',#475,4.1);
#475 = AXIS2_PLACEMENT_2D('',#476,#477);
#476 = CARTESIAN_POINT('',(1.42108547152E-14,-2.273736754432E-13));
#477 = DIRECTION('',(1.,0.));
#478 = ( GEOMETRIC_REPRESENTATION_CONTEXT(2) 
PARAMETRIC_REPRESENTATION_CONTEXT() REPRESENTATION_CONTEXT('2D SPACE',''
  ) );
#479 = ADVANCED_FACE('',(#480),#388,.F.);
#480 = FACE_BOUND('',#481,.F.);
#481 = EDGE_LOOP('',(#482,#483));
#482 = ORIENTED_EDGE('',*,*,#375,.T.);
#483 = ORIENTED_EDGE('',*,*,#484,.T.);
#484 = EDGE_CURVE('',#321,#349,#485,.T.);
#485 = SURFACE_CURVE('',#486,(#491,#498),.PCURVE_S1.);
#486 = CIRCLE('',#487,6.);
#487 = AXIS2_PLACEMENT_3D('',#488,#489,#490);
#488 = CARTESIAN_POINT('',(1.027559861171E+03,73.555365374133,
    -78.98271721087));
#489 = DIRECTION('',(-5.398686039054E-03,6.170726379257E-02,
    -0.998079690097));
#490 = DIRECTION('',(0.,-0.998094235336,-6.170816306635E-02));
#491 = PCURVE('',#388,#492);
#492 = DEFINITIONAL_REPRESENTATION('',(#493),#497);
#493 = CIRCLE('',#494,6.);
#494 = AXIS2_PLACEMENT_2D('',#495,#496);
#495 = CARTESIAN_POINT('',(0.,0.));
#496 = DIRECTION('',(1.,0.));
#497 = ( GEOMETRIC_REPRESENTATION_CONTEXT(2) 
PARAMETRIC_REPRESENTATION_CONTEXT() REPRESENTATION_CONTEXT('2D SPACE',''
  ) );
#498 = PCURVE('',#81,#499);
#499 = DEFINITIONAL_REPRESENTATION('',(#500),#504);
#500 = LINE('',#501,#502);
#501 = CARTESIAN_POINT('',(0.,0.));
#502 = VECTOR('',#503,1.);
#503 = DIRECTION('',(1.,0.));
#504 = ( GEOMETRIC_REPRESENTATION_CONTEXT(2) 
PARAMETRIC_REPRESENTATION_CONTEXT() REPRESENTATION_CONTEXT('2D SPACE',''
  ) );
#505 = ADVANCED_FACE('',(#506),#117,.F.);
#506 = FACE_BOUND('',#507,.F.);
#507 = EDGE_LOOP('',(#508,#509));
#508 = ORIENTED_EDGE('',*,*,#97,.F.);
#509 = ORIENTED_EDGE('',*,*,#510,.T.);
#510 = EDGE_CURVE('',#58,#98,#511,.T.);
#511 = SURFACE_CURVE('',#512,(#517,#524),.PCURVE_S1.);
#512 = CIRCLE('',#513,6.);
#513 = AXIS2_PLACEMENT_3D('',#514,#515,#516);
#514 = CARTESIAN_POINT('',(1.027559861171E+03,73.555365374133,
    -78.98271721087));
#515 = DIRECTION('',(-5.398686039054E-03,6.170726379257E-02,
    -0.998079690097));
#516 = DIRECTION('',(0.,-0.998094235336,-6.170816306635E-02));
#517 = PCURVE('',#117,#518);
#518 = DEFINITIONAL_REPRESENTATION('',(#519),#523);
#519 = CIRCLE('',#520,6.);
#520 = AXIS2_PLACEMENT_2D('',#521,#522);
#521 = CARTESIAN_POINT('',(0.,0.));
#522 = DIRECTION('',(1.,0.));
#523 = ( GEOMETRIC_REPRESENTATION_CONTEXT(2) 
PARAMETRIC_REPRESENTATION_CONTEXT() REPRESENTATION_CONTEXT('2D SPACE',''
  ) );
#524 = PCURVE('',#81,#525);
#525 = DEFINITIONAL_REPRESENTATION('',(#526),#530);
#526 = LINE('',#527,#528);
#527 = CARTESIAN_POINT('',(0.,0.));
#528 = VECTOR('',#529,1.);
#529 = DIRECTION('',(1.,0.));
#530 = ( GEOMETRIC_REPRESENTATION_CONTEXT(2) 
PARAMETRIC_REPRESENTATION_CONTEXT() REPRESENTATION_CONTEXT('2D SPACE',''
  ) );
#531 = ADVANCED_FACE('',(#532),#81,.T.);
#532 = FACE_BOUND('',#533,.T.);
#533 = EDGE_LOOP('',(#534,#563,#586,#615,#640,#641,#642,#643,#644,#645,
    #646,#647,#648,#649,#676,#698));
#534 = ORIENTED_EDGE('',*,*,#535,.F.);
#535 = EDGE_CURVE('',#536,#536,#538,.T.);
#536 = VERTEX_POINT('',#537);
#537 = CARTESIAN_POINT('',(1.02750587431E+03,68.183872600043,
    -89.33376309024));
#538 = SURFACE_CURVE('',#539,(#544,#551),.PCURVE_S1.);
#539 = CIRCLE('',#540,6.);
#540 = AXIS2_PLACEMENT_3D('',#541,#542,#543);
#541 = CARTESIAN_POINT('',(1.02750587431E+03,74.172438012059,
    -88.96351411184));
#542 = DIRECTION('',(-5.398686039054E-03,6.170726379257E-02,
    -0.998079690097));
#543 = DIRECTION('',(0.,-0.998094235336,-6.170816306635E-02));
#544 = PCURVE('',#81,#545);
#545 = DEFINITIONAL_REPRESENTATION('',(#546),#550);
#546 = LINE('',#547,#548);
#547 = CARTESIAN_POINT('',(0.,10.));
#548 = VECTOR('',#549,1.);
#549 = DIRECTION('',(1.,0.));
#550 = ( GEOMETRIC_REPRESENTATION_CONTEXT(2) 
PARAMETRIC_REPRESENTATION_CONTEXT() REPRESENTATION_CONTEXT('2D SPACE',''
  ) );
#551 = PCURVE('',#552,#557);
#552 = PLANE('',#553);
#553 = AXIS2_PLACEMENT_3D('',#554,#555,#556);
#554 = CARTESIAN_POINT('',(1.02750587431E+03,74.172438012059,
    -88.96351411184));
#555 = DIRECTION('',(-5.398686039053E-03,6.170726379257E-02,
    -0.998079690097));
#556 = DIRECTION('',(-5.421010862428E-20,-0.998094235336,
    -6.170816306635E-02));
#557 = DEFINITIONAL_REPRESENTATION('',(#558),#562);
#558 = CIRCLE('',#559,6.);
#559 = AXIS2_PLACEMENT_2D('',#560,#561);
#560 = CARTESIAN_POINT('',(1.506069791052E-14,-2.274422014101E-13));
#561 = DIRECTION('',(1.,-1.626303258728E-19));
#562 = ( GEOMETRIC_REPRESENTATION_CONTEXT(2) 
PARAMETRIC_REPRESENTATION_CONTEXT() REPRESENTATION_CONTEXT('2D SPACE',''
  ) );
#563 = ORIENTED_EDGE('',*,*,#564,.F.);
#564 = EDGE_CURVE('',#565,#536,#567,.T.);
#565 = VERTEX_POINT('',#566);
#566 = CARTESIAN_POINT('',(1.027559861171E+03,67.566799962117,
    -79.35296618927));
#567 = SEAM_CURVE('',#568,(#572,#579),.PCURVE_S1.);
#568 = LINE('',#569,#570);
#569 = CARTESIAN_POINT('',(1.027559861171E+03,67.566799962117,
    -79.35296618927));
#570 = VECTOR('',#571,1.);
#571 = DIRECTION('',(-5.398686039054E-03,6.170726379257E-02,
    -0.998079690097));
#572 = PCURVE('',#81,#573);
#573 = DEFINITIONAL_REPRESENTATION('',(#574),#578);
#574 = LINE('',#575,#576);
#575 = CARTESIAN_POINT('',(6.28318530718,-0.));
#576 = VECTOR('',#577,1.);
#577 = DIRECTION('',(0.,1.));
#578 = ( GEOMETRIC_REPRESENTATION_CONTEXT(2) 
PARAMETRIC_REPRESENTATION_CONTEXT() REPRESENTATION_CONTEXT('2D SPACE',''
  ) );
#579 = PCURVE('',#81,#580);
#580 = DEFINITIONAL_REPRESENTATION('',(#581),#585);
#581 = LINE('',#582,#583);
#582 = CARTESIAN_POINT('',(0.,-0.));
#583 = VECTOR('',#584,1.);
#584 = DIRECTION('',(0.,1.));
#585 = ( GEOMETRIC_REPRESENTATION_CONTEXT(2) 
PARAMETRIC_REPRESENTATION_CONTEXT() REPRESENTATION_CONTEXT('2D SPACE',''
  ) );
#586 = ORIENTED_EDGE('',*,*,#587,.T.);
#587 = EDGE_CURVE('',#565,#588,#590,.T.);
#588 = VERTEX_POINT('',#589);
#589 = CARTESIAN_POINT('',(1.025317511644E+03,68.,-79.31405413597));
#590 = SURFACE_CURVE('',#591,(#596,#603),.PCURVE_S1.);
#591 = CIRCLE('',#592,6.);
#592 = AXIS2_PLACEMENT_3D('',#593,#594,#595);
#593 = CARTESIAN_POINT('',(1.027559861171E+03,73.555365374133,
    -78.98271721087));
#594 = DIRECTION('',(-5.398686039054E-03,6.170726379257E-02,
    -0.998079690097));
#595 = DIRECTION('',(0.,-0.998094235336,-6.170816306635E-02));
#596 = PCURVE('',#81,#597);
#597 = DEFINITIONAL_REPRESENTATION('',(#598),#602);
#598 = LINE('',#599,#600);
#599 = CARTESIAN_POINT('',(0.,0.));
#600 = VECTOR('',#601,1.);
#601 = DIRECTION('',(1.,0.));
#602 = ( GEOMETRIC_REPRESENTATION_CONTEXT(2) 
PARAMETRIC_REPRESENTATION_CONTEXT() REPRESENTATION_CONTEXT('2D SPACE',''
  ) );
#603 = PCURVE('',#604,#609);
#604 = PLANE('',#605);
#605 = AXIS2_PLACEMENT_3D('',#606,#607,#608);
#606 = CARTESIAN_POINT('',(1.027559861171E+03,73.555365374133,
    -78.98271721087));
#607 = DIRECTION('',(-5.398686039054E-03,6.170726379257E-02,
    -0.998079690097));
#608 = DIRECTION('',(0.,-0.998094235336,-6.170816306635E-02));
#609 = DEFINITIONAL_REPRESENTATION('',(#610),#614);
#610 = CIRCLE('',#611,6.);
#611 = AXIS2_PLACEMENT_2D('',#612,#613);
#612 = CARTESIAN_POINT('',(0.,0.));
#613 = DIRECTION('',(1.,0.));
#614 = ( GEOMETRIC_REPRESENTATION_CONTEXT(2) 
PARAMETRIC_REPRESENTATION_CONTEXT() REPRESENTATION_CONTEXT('2D SPACE',''
  ) );
#615 = ORIENTED_EDGE('',*,*,#616,.F.);
#616 = EDGE_CURVE('',#22,#588,#617,.T.);
#617 = SURFACE_CURVE('',#618,(#623,#633),.PCURVE_S1.);
#618 = ELLIPSE('',#619,97.23328553619,6.);
#619 = AXIS2_PLACEMENT_3D('',#620,#621,#622);
#620 = CARTESIAN_POINT('',(1.028045892663E+03,68.,10.872139579234));
#621 = DIRECTION('',(0.,1.,0.));
#622 = DIRECTION('',(-5.408994007972E-03,0.,-0.999985371285));
#623 = PCURVE('',#81,#624);
#624 = DEFINITIONAL_REPRESENTATION('',(#625),#632);
#625 = B_SPLINE_CURVE_WITH_KNOTS('',5,(#626,#627,#628,#629,#630,#631),
  .UNSPECIFIED.,.F.,.F.,(6,6),(0.300257719442,0.382693813096),
  .PIECEWISE_BEZIER_KNOTS.);
#626 = CARTESIAN_POINT('',(0.300591498533,2.678351024701));
#627 = CARTESIAN_POINT('',(0.317078717264,2.205109575647));
#628 = CARTESIAN_POINT('',(0.333565935994,1.700367944818));
#629 = CARTESIAN_POINT('',(0.350053154725,1.164394127424));
#630 = CARTESIAN_POINT('',(0.366540373456,0.597491822108));
#631 = CARTESIAN_POINT('',(0.383027592187,-6.000000922768E-07));
#632 = ( GEOMETRIC_REPRESENTATION_CONTEXT(2) 
PARAMETRIC_REPRESENTATION_CONTEXT() REPRESENTATION_CONTEXT('2D SPACE',''
  ) );
#633 = PCURVE('',#45,#634);
#634 = DEFINITIONAL_REPRESENTATION('',(#635),#639);
#635 = ELLIPSE('',#636,97.23328553619,6.);
#636 = AXIS2_PLACEMENT_2D('',#637,#638);
#637 = CARTESIAN_POINT('',(80.872139579234,0.437443317629));
#638 = DIRECTION('',(-0.999985371285,-5.408994007972E-03));
#639 = ( GEOMETRIC_REPRESENTATION_CONTEXT(2) 
PARAMETRIC_REPRESENTATION_CONTEXT() REPRESENTATION_CONTEXT('2D SPACE',''
  ) );
#640 = ORIENTED_EDGE('',*,*,#57,.T.);
#641 = ORIENTED_EDGE('',*,*,#510,.T.);
#642 = ORIENTED_EDGE('',*,*,#129,.T.);
#643 = ORIENTED_EDGE('',*,*,#320,.T.);
#644 = ORIENTED_EDGE('',*,*,#484,.T.);
#645 = ORIENTED_EDGE('',*,*,#348,.T.);
#646 = ORIENTED_EDGE('',*,*,#194,.T.);
#647 = ORIENTED_EDGE('',*,*,#294,.T.);
#648 = ORIENTED_EDGE('',*,*,#258,.T.);
#649 = ORIENTED_EDGE('',*,*,#650,.F.);
#650 = EDGE_CURVE('',#651,#24,#653,.T.);
#651 = VERTEX_POINT('',#652);
#652 = CARTESIAN_POINT('',(1.029798495142E+03,68.,-79.33829210343));
#653 = SURFACE_CURVE('',#654,(#659,#669),.PCURVE_S1.);
#654 = ELLIPSE('',#655,97.23328553619,6.);
#655 = AXIS2_PLACEMENT_3D('',#656,#657,#658);
#656 = CARTESIAN_POINT('',(1.028045892663E+03,68.,10.872139579234));
#657 = DIRECTION('',(0.,1.,0.));
#658 = DIRECTION('',(-5.408994007972E-03,0.,-0.999985371285));
#659 = PCURVE('',#81,#660);
#660 = DEFINITIONAL_REPRESENTATION('',(#661),#668);
#661 = B_SPLINE_CURVE_WITH_KNOTS('',5,(#662,#663,#664,#665,#666,#667),
  .UNSPECIFIED.,.F.,.F.,(6,6),(5.900491494083,5.982260029556),
  .PIECEWISE_BEZIER_KNOTS.);
#662 = CARTESIAN_POINT('',(5.900825273174,-6.000004333373E-07));
#663 = CARTESIAN_POINT('',(5.917178980268,0.592653395919));
#664 = CARTESIAN_POINT('',(5.933532687363,1.155210699673));
#665 = CARTESIAN_POINT('',(5.949886394458,1.687341094155));
#666 = CARTESIAN_POINT('',(5.966240101552,2.188747924813));
#667 = CARTESIAN_POINT('',(5.982593808647,2.659169090463));
#668 = ( GEOMETRIC_REPRESENTATION_CONTEXT(2) 
PARAMETRIC_REPRESENTATION_CONTEXT() REPRESENTATION_CONTEXT('2D SPACE',''
  ) );
#669 = PCURVE('',#45,#670);
#670 = DEFINITIONAL_REPRESENTATION('',(#671),#675);
#671 = ELLIPSE('',#672,97.23328553619,6.);
#672 = AXIS2_PLACEMENT_2D('',#673,#674);
#673 = CARTESIAN_POINT('',(80.872139579234,0.437443317629));
#674 = DIRECTION('',(-0.999985371285,-5.408994007972E-03));
#675 = ( GEOMETRIC_REPRESENTATION_CONTEXT(2) 
PARAMETRIC_REPRESENTATION_CONTEXT() REPRESENTATION_CONTEXT('2D SPACE',''
  ) );
#676 = ORIENTED_EDGE('',*,*,#677,.T.);
#677 = EDGE_CURVE('',#651,#565,#678,.T.);
#678 = SURFACE_CURVE('',#679,(#684,#691),.PCURVE_S1.);
#679 = CIRCLE('',#680,6.);
#680 = AXIS2_PLACEMENT_3D('',#681,#682,#683);
#681 = CARTESIAN_POINT('',(1.027559861171E+03,73.555365374133,
    -78.98271721087));
#682 = DIRECTION('',(-5.398686039054E-03,6.170726379257E-02,
    -0.998079690097));
#683 = DIRECTION('',(0.,-0.998094235336,-6.170816306635E-02));
#684 = PCURVE('',#81,#685);
#685 = DEFINITIONAL_REPRESENTATION('',(#686),#690);
#686 = LINE('',#687,#688);
#687 = CARTESIAN_POINT('',(0.,0.));
#688 = VECTOR('',#689,1.);
#689 = DIRECTION('',(1.,0.));
#690 = ( GEOMETRIC_REPRESENTATION_CONTEXT(2) 
PARAMETRIC_REPRESENTATION_CONTEXT() REPRESENTATION_CONTEXT('2D SPACE',''
  ) );
#691 = PCURVE('',#604,#692);
#692 = DEFINITIONAL_REPRESENTATION('',(#693),#697);
#693 = CIRCLE('',#694,6.);
#694 = AXIS2_PLACEMENT_2D('',#695,#696);
#695 = CARTESIAN_POINT('',(0.,0.));
#696 = DIRECTION('',(1.,0.));
#697 = ( GEOMETRIC_REPRESENTATION_CONTEXT(2) 
PARAMETRIC_REPRESENTATION_CONTEXT() REPRESENTATION_CONTEXT('2D SPACE',''
  ) );
#698 = ORIENTED_EDGE('',*,*,#564,.T.);
#699 = ADVANCED_FACE('',(#700),#604,.F.);
#700 = FACE_BOUND('',#701,.F.);
#701 = EDGE_LOOP('',(#702,#703,#704));
#702 = ORIENTED_EDGE('',*,*,#677,.T.);
#703 = ORIENTED_EDGE('',*,*,#587,.T.);
#704 = ORIENTED_EDGE('',*,*,#705,.F.);
#705 = EDGE_CURVE('',#651,#588,#706,.T.);
#706 = SURFACE_CURVE('',#707,(#711,#717),.PCURVE_S1.);
#707 = LINE('',#708,#709);
#708 = CARTESIAN_POINT('',(1.027558003393E+03,68.,-79.3261731197));
#709 = VECTOR('',#710,1.);
#710 = DIRECTION('',(-0.999985371285,0.,5.408994007972E-03));
#711 = PCURVE('',#604,#712);
#712 = DEFINITIONAL_REPRESENTATION('',(#713),#716);
#713 = B_SPLINE_CURVE_WITH_KNOTS('',1,(#714,#715),.UNSPECIFIED.,.F.,.F.,
  (2,2),(-6.001858139533,5.998142528918),.PIECEWISE_BEZIER_KNOTS.);
#714 = CARTESIAN_POINT('',(5.567975483049,-6.));
#715 = CARTESIAN_POINT('',(5.563970133815,6.));
#716 = ( GEOMETRIC_REPRESENTATION_CONTEXT(2) 
PARAMETRIC_REPRESENTATION_CONTEXT() REPRESENTATION_CONTEXT('2D SPACE',''
  ) );
#717 = PCURVE('',#45,#718);
#718 = DEFINITIONAL_REPRESENTATION('',(#719),#722);
#719 = B_SPLINE_CURVE_WITH_KNOTS('',1,(#720,#721),.UNSPECIFIED.,.F.,.F.,
  (2,2),(-6.001858139533,5.998142528918),.PIECEWISE_BEZIER_KNOTS.);
#720 = CARTESIAN_POINT('',(-9.358637134415,5.951324387578));
#721 = CARTESIAN_POINT('',(-9.293729202704,-6.048500736282));
#722 = ( GEOMETRIC_REPRESENTATION_CONTEXT(2) 
PARAMETRIC_REPRESENTATION_CONTEXT() REPRESENTATION_CONTEXT('2D SPACE',''
  ) );
#723 = ADVANCED_FACE('',(#724,#755),#552,.F.);
#724 = FACE_BOUND('',#725,.F.);
#725 = EDGE_LOOP('',(#726));
#726 = ORIENTED_EDGE('',*,*,#727,.T.);
#727 = EDGE_CURVE('',#728,#728,#730,.T.);
#728 = VERTEX_POINT('',#729);
#729 = CARTESIAN_POINT('',(1.02750587431E+03,66.187684129371,
    -89.45717941637));
#730 = SURFACE_CURVE('',#731,(#736,#743),.PCURVE_S1.);
#731 = CIRCLE('',#732,8.);
#732 = AXIS2_PLACEMENT_3D('',#733,#734,#735);
#733 = CARTESIAN_POINT('',(1.02750587431E+03,74.172438012059,
    -88.96351411184));
#734 = DIRECTION('',(-5.398686039053E-03,6.170726379257E-02,
    -0.998079690097));
#735 = DIRECTION('',(-5.421010862428E-20,-0.998094235336,
    -6.170816306635E-02));
#736 = PCURVE('',#552,#737);
#737 = DEFINITIONAL_REPRESENTATION('',(#738),#742);
#738 = CIRCLE('',#739,8.);
#739 = AXIS2_PLACEMENT_2D('',#740,#741);
#740 = CARTESIAN_POINT('',(0.,0.));
#741 = DIRECTION('',(1.,0.));
#742 = ( GEOMETRIC_REPRESENTATION_CONTEXT(2) 
PARAMETRIC_REPRESENTATION_CONTEXT() REPRESENTATION_CONTEXT('2D SPACE',''
  ) );
#743 = PCURVE('',#744,#749);
#744 = CYLINDRICAL_SURFACE('',#745,8.);
#745 = AXIS2_PLACEMENT_3D('',#746,#747,#748);
#746 = CARTESIAN_POINT('',(1.02750587431E+03,74.172438012059,
    -88.96351411184));
#747 = DIRECTION('',(-5.398686039053E-03,6.170726379257E-02,
    -0.998079690097));
#748 = DIRECTION('',(-5.421010862428E-20,-0.998094235336,
    -6.170816306635E-02));
#749 = DEFINITIONAL_REPRESENTATION('',(#750),#754);
#750 = LINE('',#751,#752);
#751 = CARTESIAN_POINT('',(0.,0.));
#752 = VECTOR('',#753,1.);
#753 = DIRECTION('',(1.,0.));
#754 = ( GEOMETRIC_REPRESENTATION_CONTEXT(2) 
PARAMETRIC_REPRESENTATION_CONTEXT() REPRESENTATION_CONTEXT('2D SPACE',''
  ) );
#755 = FACE_BOUND('',#756,.F.);
#756 = EDGE_LOOP('',(#757));
#757 = ORIENTED_EDGE('',*,*,#535,.F.);
#758 = ADVANCED_FACE('',(#759),#744,.T.);
#759 = FACE_BOUND('',#760,.T.);
#760 = EDGE_LOOP('',(#761,#790,#811,#812));
#761 = ORIENTED_EDGE('',*,*,#762,.F.);
#762 = EDGE_CURVE('',#763,#763,#765,.T.);
#763 = VERTEX_POINT('',#764);
#764 = CARTESIAN_POINT('',(1.027430292706E+03,67.051585822467,
    -103.4302950777));
#765 = SURFACE_CURVE('',#766,(#771,#778),.PCURVE_S1.);
#766 = CIRCLE('',#767,8.);
#767 = AXIS2_PLACEMENT_3D('',#768,#769,#770);
#768 = CARTESIAN_POINT('',(1.027430292706E+03,75.036339705155,
    -102.9366297732));
#769 = DIRECTION('',(-5.398686039053E-03,6.170726379257E-02,
    -0.998079690097));
#770 = DIRECTION('',(-5.421010862428E-20,-0.998094235336,
    -6.170816306635E-02));
#771 = PCURVE('',#744,#772);
#772 = DEFINITIONAL_REPRESENTATION('',(#773),#777);
#773 = LINE('',#774,#775);
#774 = CARTESIAN_POINT('',(0.,14.));
#775 = VECTOR('',#776,1.);
#776 = DIRECTION('',(1.,0.));
#777 = ( GEOMETRIC_REPRESENTATION_CONTEXT(2) 
PARAMETRIC_REPRESENTATION_CONTEXT() REPRESENTATION_CONTEXT('2D SPACE',''
  ) );
#778 = PCURVE('',#779,#784);
#779 = PLANE('',#780);
#780 = AXIS2_PLACEMENT_3D('',#781,#782,#783);
#781 = CARTESIAN_POINT('',(1.027430292706E+03,75.036339705155,
    -102.9366297732));
#782 = DIRECTION('',(-5.398686039053E-03,6.170726379257E-02,
    -0.998079690097));
#783 = DIRECTION('',(-5.421010862428E-20,-0.998094235336,
    -6.170816306635E-02));
#784 = DEFINITIONAL_REPRESENTATION('',(#785),#789);
#785 = CIRCLE('',#786,8.);
#786 = AXIS2_PLACEMENT_2D('',#787,#788);
#787 = CARTESIAN_POINT('',(0.,0.));
#788 = DIRECTION('',(1.,0.));
#789 = ( GEOMETRIC_REPRESENTATION_CONTEXT(2) 
PARAMETRIC_REPRESENTATION_CONTEXT() REPRESENTATION_CONTEXT('2D SPACE',''
  ) );
#790 = ORIENTED_EDGE('',*,*,#791,.F.);
#791 = EDGE_CURVE('',#728,#763,#792,.T.);
#792 = SEAM_CURVE('',#793,(#797,#804),.PCURVE_S1.);
#793 = LINE('',#794,#795);
#794 = CARTESIAN_POINT('',(1.02750587431E+03,66.187684129371,
    -89.45717941637));
#795 = VECTOR('',#796,1.);
#796 = DIRECTION('',(-5.398686039053E-03,6.170726379257E-02,
    -0.998079690097));
#797 = PCURVE('',#744,#798);
#798 = DEFINITIONAL_REPRESENTATION('',(#799),#803);
#799 = LINE('',#800,#801);
#800 = CARTESIAN_POINT('',(6.28318530718,-0.));
#801 = VECTOR('',#802,1.);
#802 = DIRECTION('',(0.,1.));
#803 = ( GEOMETRIC_REPRESENTATION_CONTEXT(2) 
PARAMETRIC_REPRESENTATION_CONTEXT() REPRESENTATION_CONTEXT('2D SPACE',''
  ) );
#804 = PCURVE('',#744,#805);
#805 = DEFINITIONAL_REPRESENTATION('',(#806),#810);
#806 = LINE('',#807,#808);
#807 = CARTESIAN_POINT('',(0.,-0.));
#808 = VECTOR('',#809,1.);
#809 = DIRECTION('',(0.,1.));
#810 = ( GEOMETRIC_REPRESENTATION_CONTEXT(2) 
PARAMETRIC_REPRESENTATION_CONTEXT() REPRESENTATION_CONTEXT('2D SPACE',''
  ) );
#811 = ORIENTED_EDGE('',*,*,#727,.T.);
#812 = ORIENTED_EDGE('',*,*,#791,.T.);
#813 = ADVANCED_FACE('',(#814,#817),#779,.T.);
#814 = FACE_BOUND('',#815,.T.);
#815 = EDGE_LOOP('',(#816));
#816 = ORIENTED_EDGE('',*,*,#762,.T.);
#817 = FACE_BOUND('',#818,.T.);
#818 = EDGE_LOOP('',(#819));
#819 = ORIENTED_EDGE('',*,*,#820,.F.);
#820 = EDGE_CURVE('',#821,#821,#823,.T.);
#821 = VERTEX_POINT('',#822);
#822 = CARTESIAN_POINT('',(1.027430292706E+03,69.047774293139,
    -103.3068787516));
#823 = SURFACE_CURVE('',#824,(#829,#836),.PCURVE_S1.);
#824 = CIRCLE('',#825,6.);
#825 = AXIS2_PLACEMENT_3D('',#826,#827,#828);
#826 = CARTESIAN_POINT('',(1.027430292706E+03,75.036339705155,
    -102.9366297732));
#827 = DIRECTION('',(-5.398686039054E-03,6.170726379257E-02,
    -0.998079690097));
#828 = DIRECTION('',(0.,-0.998094235336,-6.170816306635E-02));
#829 = PCURVE('',#779,#830);
#830 = DEFINITIONAL_REPRESENTATION('',(#831),#835);
#831 = CIRCLE('',#832,6.);
#832 = AXIS2_PLACEMENT_2D('',#833,#834);
#833 = CARTESIAN_POINT('',(-8.769257400779E-16,7.657373279767E-17));
#834 = DIRECTION('',(1.,-1.626303258728E-19));
#835 = ( GEOMETRIC_REPRESENTATION_CONTEXT(2) 
PARAMETRIC_REPRESENTATION_CONTEXT() REPRESENTATION_CONTEXT('2D SPACE',''
  ) );
#836 = PCURVE('',#837,#842);
#837 = CYLINDRICAL_SURFACE('',#838,6.);
#838 = AXIS2_PLACEMENT_3D('',#839,#840,#841);
#839 = CARTESIAN_POINT('',(1.027559861171E+03,73.555365374133,
    -78.98271721087));
#840 = DIRECTION('',(-5.398686039054E-03,6.170726379257E-02,
    -0.998079690097));
#841 = DIRECTION('',(0.,-0.998094235336,-6.170816306635E-02));
#842 = DEFINITIONAL_REPRESENTATION('',(#843),#847);
#843 = LINE('',#844,#845);
#844 = CARTESIAN_POINT('',(0.,24.));
#845 = VECTOR('',#846,1.);
#846 = DIRECTION('',(1.,0.));
#847 = ( GEOMETRIC_REPRESENTATION_CONTEXT(2) 
PARAMETRIC_REPRESENTATION_CONTEXT() REPRESENTATION_CONTEXT('2D SPACE',''
  ) );
#848 = ADVANCED_FACE('',(#849),#837,.T.);
#849 = FACE_BOUND('',#850,.T.);
#850 = EDGE_LOOP('',(#851,#880,#901,#902));
#851 = ORIENTED_EDGE('',*,*,#852,.F.);
#852 = EDGE_CURVE('',#853,#853,#855,.T.);
#853 = VERTEX_POINT('',#854);
#854 = CARTESIAN_POINT('',(1.027414096648E+03,69.232896084516,
    -106.3011178218));
#855 = SURFACE_CURVE('',#856,(#861,#868),.PCURVE_S1.);
#856 = CIRCLE('',#857,6.);
#857 = AXIS2_PLACEMENT_3D('',#858,#859,#860);
#858 = CARTESIAN_POINT('',(1.027414096648E+03,75.221461496533,
    -105.9308688434));
#859 = DIRECTION('',(-5.398686039054E-03,6.170726379257E-02,
    -0.998079690097));
#860 = DIRECTION('',(0.,-0.998094235336,-6.170816306635E-02));
#861 = PCURVE('',#837,#862);
#862 = DEFINITIONAL_REPRESENTATION('',(#863),#867);
#863 = LINE('',#864,#865);
#864 = CARTESIAN_POINT('',(0.,27.));
#865 = VECTOR('',#866,1.);
#866 = DIRECTION('',(1.,0.));
#867 = ( GEOMETRIC_REPRESENTATION_CONTEXT(2) 
PARAMETRIC_REPRESENTATION_CONTEXT() REPRESENTATION_CONTEXT('2D SPACE',''
  ) );
#868 = PCURVE('',#869,#874);
#869 = PLANE('',#870);
#870 = AXIS2_PLACEMENT_3D('',#871,#872,#873);
#871 = CARTESIAN_POINT('',(1.027414096648E+03,75.221461496533,
    -105.9308688434));
#872 = DIRECTION('',(-5.398686039053E-03,6.170726379257E-02,
    -0.998079690097));
#873 = DIRECTION('',(-5.421010862428E-20,-0.998094235336,
    -6.170816306635E-02));
#874 = DEFINITIONAL_REPRESENTATION('',(#875),#879);
#875 = CIRCLE('',#876,6.);
#876 = AXIS2_PLACEMENT_2D('',#877,#878);
#877 = CARTESIAN_POINT('',(-1.232595164408E-32,-2.27370361924E-13));
#878 = DIRECTION('',(1.,-1.626303258728E-19));
#879 = ( GEOMETRIC_REPRESENTATION_CONTEXT(2) 
PARAMETRIC_REPRESENTATION_CONTEXT() REPRESENTATION_CONTEXT('2D SPACE',''
  ) );
#880 = ORIENTED_EDGE('',*,*,#881,.F.);
#881 = EDGE_CURVE('',#821,#853,#882,.T.);
#882 = SEAM_CURVE('',#883,(#887,#894),.PCURVE_S1.);
#883 = LINE('',#884,#885);
#884 = CARTESIAN_POINT('',(1.027559861171E+03,67.566799962117,
    -79.35296618927));
#885 = VECTOR('',#886,1.);
#886 = DIRECTION('',(-5.398686039054E-03,6.170726379257E-02,
    -0.998079690097));
#887 = PCURVE('',#837,#888);
#888 = DEFINITIONAL_REPRESENTATION('',(#889),#893);
#889 = LINE('',#890,#891);
#890 = CARTESIAN_POINT('',(6.28318530718,-0.));
#891 = VECTOR('',#892,1.);
#892 = DIRECTION('',(0.,1.));
#893 = ( GEOMETRIC_REPRESENTATION_CONTEXT(2) 
PARAMETRIC_REPRESENTATION_CONTEXT() REPRESENTATION_CONTEXT('2D SPACE',''
  ) );
#894 = PCURVE('',#837,#895);
#895 = DEFINITIONAL_REPRESENTATION('',(#896),#900);
#896 = LINE('',#897,#898);
#897 = CARTESIAN_POINT('',(0.,-0.));
#898 = VECTOR('',#899,1.);
#899 = DIRECTION('',(0.,1.));
#900 = ( GEOMETRIC_REPRESENTATION_CONTEXT(2) 
PARAMETRIC_REPRESENTATION_CONTEXT() REPRESENTATION_CONTEXT('2D SPACE',''
  ) );
#901 = ORIENTED_EDGE('',*,*,#820,.T.);
#902 = ORIENTED_EDGE('',*,*,#881,.T.);
#903 = ADVANCED_FACE('',(#904,#935),#869,.F.);
#904 = FACE_BOUND('',#905,.F.);
#905 = EDGE_LOOP('',(#906));
#906 = ORIENTED_EDGE('',*,*,#907,.T.);
#907 = EDGE_CURVE('',#908,#908,#910,.T.);
#908 = VERTEX_POINT('',#909);
#909 = CARTESIAN_POINT('',(1.027414096648E+03,65.73956626084,
    -106.5170963926));
#910 = SURFACE_CURVE('',#911,(#916,#923),.PCURVE_S1.);
#911 = CIRCLE('',#912,9.5);
#912 = AXIS2_PLACEMENT_3D('',#913,#914,#915);
#913 = CARTESIAN_POINT('',(1.027414096648E+03,75.221461496533,
    -105.9308688434));
#914 = DIRECTION('',(-5.398686039053E-03,6.170726379257E-02,
    -0.998079690097));
#915 = DIRECTION('',(-5.421010862428E-20,-0.998094235336,
    -6.170816306635E-02));
#916 = PCURVE('',#869,#917);
#917 = DEFINITIONAL_REPRESENTATION('',(#918),#922);
#918 = CIRCLE('',#919,9.5);
#919 = AXIS2_PLACEMENT_2D('',#920,#921);
#920 = CARTESIAN_POINT('',(0.,0.));
#921 = DIRECTION('',(1.,0.));
#922 = ( GEOMETRIC_REPRESENTATION_CONTEXT(2) 
PARAMETRIC_REPRESENTATION_CONTEXT() REPRESENTATION_CONTEXT('2D SPACE',''
  ) );
#923 = PCURVE('',#924,#929);
#924 = CYLINDRICAL_SURFACE('',#925,9.5);
#925 = AXIS2_PLACEMENT_3D('',#926,#927,#928);
#926 = CARTESIAN_POINT('',(1.027414096648E+03,75.221461496533,
    -105.9308688434));
#927 = DIRECTION('',(-5.398686039053E-03,6.170726379257E-02,
    -0.998079690097));
#928 = DIRECTION('',(-5.421010862428E-20,-0.998094235336,
    -6.170816306635E-02));
#929 = DEFINITIONAL_REPRESENTATION('',(#930),#934);
#930 = LINE('',#931,#932);
#931 = CARTESIAN_POINT('',(0.,0.));
#932 = VECTOR('',#933,1.);
#933 = DIRECTION('',(1.,0.));
#934 = ( GEOMETRIC_REPRESENTATION_CONTEXT(2) 
PARAMETRIC_REPRESENTATION_CONTEXT() REPRESENTATION_CONTEXT('2D SPACE',''
  ) );
#935 = FACE_BOUND('',#936,.F.);
#936 = EDGE_LOOP('',(#937));
#937 = ORIENTED_EDGE('',*,*,#852,.F.);
#938 = ADVANCED_FACE('',(#939),#924,.T.);
#939 = FACE_BOUND('',#940,.T.);
#940 = EDGE_LOOP('',(#941,#970,#991,#992));
#941 = ORIENTED_EDGE('',*,*,#942,.F.);
#942 = EDGE_CURVE('',#943,#943,#945,.T.);
#943 = VERTEX_POINT('',#944);
#944 = CARTESIAN_POINT('',(1.027370907159E+03,66.233224371181,
    -114.5017339134));
#945 = SURFACE_CURVE('',#946,(#951,#958),.PCURVE_S1.);
#946 = CIRCLE('',#947,9.5);
#947 = AXIS2_PLACEMENT_3D('',#948,#949,#950);
#948 = CARTESIAN_POINT('',(1.027370907159E+03,75.715119606873,
    -113.9155063642));
#949 = DIRECTION('',(-5.398686039053E-03,6.170726379257E-02,
    -0.998079690097));
#950 = DIRECTION('',(-5.421010862428E-20,-0.998094235336,
    -6.170816306635E-02));
#951 = PCURVE('',#924,#952);
#952 = DEFINITIONAL_REPRESENTATION('',(#953),#957);
#953 = LINE('',#954,#955);
#954 = CARTESIAN_POINT('',(0.,8.));
#955 = VECTOR('',#956,1.);
#956 = DIRECTION('',(1.,0.));
#957 = ( GEOMETRIC_REPRESENTATION_CONTEXT(2) 
PARAMETRIC_REPRESENTATION_CONTEXT() REPRESENTATION_CONTEXT('2D SPACE',''
  ) );
#958 = PCURVE('',#959,#964);
#959 = PLANE('',#960);
#960 = AXIS2_PLACEMENT_3D('',#961,#962,#963);
#961 = CARTESIAN_POINT('',(1.027370907159E+03,75.715119606873,
    -113.9155063642));
#962 = DIRECTION('',(-5.398686039053E-03,6.170726379257E-02,
    -0.998079690097));
#963 = DIRECTION('',(-5.421010862428E-20,-0.998094235336,
    -6.170816306635E-02));
#964 = DEFINITIONAL_REPRESENTATION('',(#965),#969);
#965 = CIRCLE('',#966,9.5);
#966 = AXIS2_PLACEMENT_2D('',#967,#968);
#967 = CARTESIAN_POINT('',(0.,0.));
#968 = DIRECTION('',(1.,0.));
#969 = ( GEOMETRIC_REPRESENTATION_CONTEXT(2) 
PARAMETRIC_REPRESENTATION_CONTEXT() REPRESENTATION_CONTEXT('2D SPACE',''
  ) );
#970 = ORIENTED_EDGE('',*,*,#971,.F.);
#971 = EDGE_CURVE('',#908,#943,#972,.T.);
#972 = SEAM_CURVE('',#973,(#977,#984),.PCURVE_S1.);
#973 = LINE('',#974,#975);
#974 = CARTESIAN_POINT('',(1.027414096648E+03,65.73956626084,
    -106.5170963926));
#975 = VECTOR('',#976,1.);
#976 = DIRECTION('',(-5.398686039053E-03,6.170726379257E-02,
    -0.998079690097));
#977 = PCURVE('',#924,#978);
#978 = DEFINITIONAL_REPRESENTATION('',(#979),#983);
#979 = LINE('',#980,#981);
#980 = CARTESIAN_POINT('',(6.28318530718,-0.));
#981 = VECTOR('',#982,1.);
#982 = DIRECTION('',(0.,1.));
#983 = ( GEOMETRIC_REPRESENTATION_CONTEXT(2) 
PARAMETRIC_REPRESENTATION_CONTEXT() REPRESENTATION_CONTEXT('2D SPACE',''
  ) );
#984 = PCURVE('',#924,#985);
#985 = DEFINITIONAL_REPRESENTATION('',(#986),#990);
#986 = LINE('',#987,#988);
#987 = CARTESIAN_POINT('',(0.,-0.));
#988 = VECTOR('',#989,1.);
#989 = DIRECTION('',(0.,1.));
#990 = ( GEOMETRIC_REPRESENTATION_CONTEXT(2) 
PARAMETRIC_REPRESENTATION_CONTEXT() REPRESENTATION_CONTEXT('2D SPACE',''
  ) );
#991 = ORIENTED_EDGE('',*,*,#907,.T.);
#992 = ORIENTED_EDGE('',*,*,#971,.T.);
#993 = ADVANCED_FACE('',(#994,#997),#959,.T.);
#994 = FACE_BOUND('',#995,.T.);
#995 = EDGE_LOOP('',(#996));
#996 = ORIENTED_EDGE('',*,*,#942,.T.);
#997 = FACE_BOUND('',#998,.T.);
#998 = EDGE_LOOP('',(#999));
#999 = ORIENTED_EDGE('',*,*,#1000,.F.);
#1000 = EDGE_CURVE('',#1001,#1001,#1003,.T.);
#1001 = VERTEX_POINT('',#1002);
#1002 = CARTESIAN_POINT('',(1.027370907159E+03,69.726554194857,
    -114.2857553426));
#1003 = SURFACE_CURVE('',#1004,(#1009,#1016),.PCURVE_S1.);
#1004 = CIRCLE('',#1005,6.);
#1005 = AXIS2_PLACEMENT_3D('',#1006,#1007,#1008);
#1006 = CARTESIAN_POINT('',(1.027370907159E+03,75.715119606873,
    -113.9155063642));
#1007 = DIRECTION('',(-5.398686039054E-03,6.170726379257E-02,
    -0.998079690097));
#1008 = DIRECTION('',(0.,-0.998094235336,-6.170816306635E-02));
#1009 = PCURVE('',#959,#1010);
#1010 = DEFINITIONAL_REPRESENTATION('',(#1011),#1015);
#1011 = CIRCLE('',#1012,6.);
#1012 = AXIS2_PLACEMENT_2D('',#1013,#1014);
#1013 = CARTESIAN_POINT('',(-8.769257400779E-16,-2.272937881912E-13));
#1014 = DIRECTION('',(1.,-1.626303258728E-19));
#1015 = ( GEOMETRIC_REPRESENTATION_CONTEXT(2) 
PARAMETRIC_REPRESENTATION_CONTEXT() REPRESENTATION_CONTEXT('2D SPACE',''
  ) );
#1016 = PCURVE('',#1017,#1022);
#1017 = CYLINDRICAL_SURFACE('',#1018,6.);
#1018 = AXIS2_PLACEMENT_3D('',#1019,#1020,#1021);
#1019 = CARTESIAN_POINT('',(1.027559861171E+03,73.555365374133,
    -78.98271721087));
#1020 = DIRECTION('',(-5.398686039054E-03,6.170726379257E-02,
    -0.998079690097));
#1021 = DIRECTION('',(0.,-0.998094235336,-6.170816306635E-02));
#1022 = DEFINITIONAL_REPRESENTATION('',(#1023),#1027);
#1023 = LINE('',#1024,#1025);
#1024 = CARTESIAN_POINT('',(0.,35.));
#1025 = VECTOR('',#1026,1.);
#1026 = DIRECTION('',(1.,0.));
#1027 = ( GEOMETRIC_REPRESENTATION_CONTEXT(2) 
PARAMETRIC_REPRESENTATION_CONTEXT() REPRESENTATION_CONTEXT('2D SPACE',''
  ) );
#1028 = ADVANCED_FACE('',(#1029),#1017,.T.);
#1029 = FACE_BOUND('',#1030,.T.);
#1030 = EDGE_LOOP('',(#1031,#1060,#1081,#1082));
#1031 = ORIENTED_EDGE('',*,*,#1032,.F.);
#1032 = EDGE_CURVE('',#1033,#1033,#1035,.T.);
#1033 = VERTEX_POINT('',#1034);
#1034 = CARTESIAN_POINT('',(1.026283157932E+03,82.159584758221,
    -315.3829119653));
#1035 = SURFACE_CURVE('',#1036,(#1041,#1048),.PCURVE_S1.);
#1036 = CIRCLE('',#1037,6.);
#1037 = AXIS2_PLACEMENT_3D('',#1038,#1039,#1040);
#1038 = CARTESIAN_POINT('',(1.026283157932E+03,88.148150170237,
    -315.0126629869));
#1039 = DIRECTION('',(-5.398686039054E-03,6.170726379257E-02,
    -0.998079690097));
#1040 = DIRECTION('',(0.,-0.998094235336,-6.170816306635E-02));
#1041 = PCURVE('',#1017,#1042);
#1042 = DEFINITIONAL_REPRESENTATION('',(#1043),#1047);
#1043 = LINE('',#1044,#1045);
#1044 = CARTESIAN_POINT('',(0.,236.48406847461));
#1045 = VECTOR('',#1046,1.);
#1046 = DIRECTION('',(1.,0.));
#1047 = ( GEOMETRIC_REPRESENTATION_CONTEXT(2) 
PARAMETRIC_REPRESENTATION_CONTEXT() REPRESENTATION_CONTEXT('2D SPACE',''
  ) );
#1048 = PCURVE('',#1049,#1054);
#1049 = PLANE('',#1050);
#1050 = AXIS2_PLACEMENT_3D('',#1051,#1052,#1053);
#1051 = CARTESIAN_POINT('',(1.026283157932E+03,88.148150170237,
    -315.0126629869));
#1052 = DIRECTION('',(-5.398686039053E-03,6.170726379257E-02,
    -0.998079690097));
#1053 = DIRECTION('',(-5.421010862428E-20,-0.998094235336,
    -6.170816306635E-02));
#1054 = DEFINITIONAL_REPRESENTATION('',(#1055),#1059);
#1055 = CIRCLE('',#1056,6.);
#1056 = AXIS2_PLACEMENT_2D('',#1057,#1058);
#1057 = CARTESIAN_POINT('',(1.067606921013E-14,3.110291779409E-16));
#1058 = DIRECTION('',(1.,-1.626303258728E-19));
#1059 = ( GEOMETRIC_REPRESENTATION_CONTEXT(2) 
PARAMETRIC_REPRESENTATION_CONTEXT() REPRESENTATION_CONTEXT('2D SPACE',''
  ) );
#1060 = ORIENTED_EDGE('',*,*,#1061,.F.);
#1061 = EDGE_CURVE('',#1001,#1033,#1062,.T.);
#1062 = SEAM_CURVE('',#1063,(#1067,#1074),.PCURVE_S1.);
#1063 = LINE('',#1064,#1065);
#1064 = CARTESIAN_POINT('',(1.027559861171E+03,67.566799962117,
    -79.35296618927));
#1065 = VECTOR('',#1066,1.);
#1066 = DIRECTION('',(-5.398686039054E-03,6.170726379257E-02,
    -0.998079690097));
#1067 = PCURVE('',#1017,#1068);
#1068 = DEFINITIONAL_REPRESENTATION('',(#1069),#1073);
#1069 = LINE('',#1070,#1071);
#1070 = CARTESIAN_POINT('',(6.28318530718,-0.));
#1071 = VECTOR('',#1072,1.);
#1072 = DIRECTION('',(0.,1.));
#1073 = ( GEOMETRIC_REPRESENTATION_CONTEXT(2) 
PARAMETRIC_REPRESENTATION_CONTEXT() REPRESENTATION_CONTEXT('2D SPACE',''
  ) );
#1074 = PCURVE('',#1017,#1075);
#1075 = DEFINITIONAL_REPRESENTATION('',(#1076),#1080);
#1076 = LINE('',#1077,#1078);
#1077 = CARTESIAN_POINT('',(0.,-0.));
#1078 = VECTOR('',#1079,1.);
#1079 = DIRECTION('',(0.,1.));
#1080 = ( GEOMETRIC_REPRESENTATION_CONTEXT(2) 
PARAMETRIC_REPRESENTATION_CONTEXT() REPRESENTATION_CONTEXT('2D SPACE',''
  ) );
#1081 = ORIENTED_EDGE('',*,*,#1000,.T.);
#1082 = ORIENTED_EDGE('',*,*,#1061,.T.);
#1083 = ADVANCED_FACE('',(#1084,#1115),#1049,.F.);
#1084 = FACE_BOUND('',#1085,.F.);
#1085 = EDGE_LOOP('',(#1086));
#1086 = ORIENTED_EDGE('',*,*,#1087,.T.);
#1087 = EDGE_CURVE('',#1088,#1088,#1090,.T.);
#1088 = VERTEX_POINT('',#1089);
#1089 = CARTESIAN_POINT('',(1.026283157932E+03,78.666254934545,
    -315.598890536));
#1090 = SURFACE_CURVE('',#1091,(#1096,#1103),.PCURVE_S1.);
#1091 = CIRCLE('',#1092,9.5);
#1092 = AXIS2_PLACEMENT_3D('',#1093,#1094,#1095);
#1093 = CARTESIAN_POINT('',(1.026283157932E+03,88.148150170237,
    -315.0126629869));
#1094 = DIRECTION('',(-5.398686039053E-03,6.170726379257E-02,
    -0.998079690097));
#1095 = DIRECTION('',(-5.421010862428E-20,-0.998094235336,
    -6.170816306635E-02));
#1096 = PCURVE('',#1049,#1097);
#1097 = DEFINITIONAL_REPRESENTATION('',(#1098),#1102);
#1098 = CIRCLE('',#1099,9.5);
#1099 = AXIS2_PLACEMENT_2D('',#1100,#1101);
#1100 = CARTESIAN_POINT('',(0.,0.));
#1101 = DIRECTION('',(1.,0.));
#1102 = ( GEOMETRIC_REPRESENTATION_CONTEXT(2) 
PARAMETRIC_REPRESENTATION_CONTEXT() REPRESENTATION_CONTEXT('2D SPACE',''
  ) );
#1103 = PCURVE('',#1104,#1109);
#1104 = CYLINDRICAL_SURFACE('',#1105,9.5);
#1105 = AXIS2_PLACEMENT_3D('',#1106,#1107,#1108);
#1106 = CARTESIAN_POINT('',(1.026283157932E+03,88.148150170237,
    -315.0126629869));
#1107 = DIRECTION('',(-5.398686039053E-03,6.170726379257E-02,
    -0.998079690097));
#1108 = DIRECTION('',(-5.421010862428E-20,-0.998094235336,
    -6.170816306635E-02));
#1109 = DEFINITIONAL_REPRESENTATION('',(#1110),#1114);
#1110 = LINE('',#1111,#1112);
#1111 = CARTESIAN_POINT('',(0.,0.));
#1112 = VECTOR('',#1113,1.);
#1113 = DIRECTION('',(1.,0.));
#1114 = ( GEOMETRIC_REPRESENTATION_CONTEXT(2) 
PARAMETRIC_REPRESENTATION_CONTEXT() REPRESENTATION_CONTEXT('2D SPACE',''
  ) );
#1115 = FACE_BOUND('',#1116,.F.);
#1116 = EDGE_LOOP('',(#1117));
#1117 = ORIENTED_EDGE('',*,*,#1032,.F.);
#1118 = ADVANCED_FACE('',(#1119),#1104,.T.);
#1119 = FACE_BOUND('',#1120,.T.);
#1120 = EDGE_LOOP('',(#1121,#1150,#1171,#1172));
#1121 = ORIENTED_EDGE('',*,*,#1122,.F.);
#1122 = EDGE_CURVE('',#1123,#1123,#1125,.T.);
#1123 = VERTEX_POINT('',#1124);
#1124 = CARTESIAN_POINT('',(1.026239968443E+03,79.159913044885,
    -323.5835280568));
#1125 = SURFACE_CURVE('',#1126,(#1131,#1138),.PCURVE_S1.);
#1126 = CIRCLE('',#1127,9.5);
#1127 = AXIS2_PLACEMENT_3D('',#1128,#1129,#1130);
#1128 = CARTESIAN_POINT('',(1.026239968443E+03,88.641808280577,
    -322.9973005076));
#1129 = DIRECTION('',(-5.398686039053E-03,6.170726379257E-02,
    -0.998079690097));
#1130 = DIRECTION('',(-5.421010862428E-20,-0.998094235336,
    -6.170816306635E-02));
#1131 = PCURVE('',#1104,#1132);
#1132 = DEFINITIONAL_REPRESENTATION('',(#1133),#1137);
#1133 = LINE('',#1134,#1135);
#1134 = CARTESIAN_POINT('',(0.,8.));
#1135 = VECTOR('',#1136,1.);
#1136 = DIRECTION('',(1.,0.));
#1137 = ( GEOMETRIC_REPRESENTATION_CONTEXT(2) 
PARAMETRIC_REPRESENTATION_CONTEXT() REPRESENTATION_CONTEXT('2D SPACE',''
  ) );
#1138 = PCURVE('',#1139,#1144);
#1139 = PLANE('',#1140);
#1140 = AXIS2_PLACEMENT_3D('',#1141,#1142,#1143);
#1141 = CARTESIAN_POINT('',(1.026239968443E+03,88.641808280577,
    -322.9973005076));
#1142 = DIRECTION('',(-5.398686039053E-03,6.170726379257E-02,
    -0.998079690097));
#1143 = DIRECTION('',(-5.421010862428E-20,-0.998094235336,
    -6.170816306635E-02));
#1144 = DEFINITIONAL_REPRESENTATION('',(#1145),#1149);
#1145 = CIRCLE('',#1146,9.5);
#1146 = AXIS2_PLACEMENT_2D('',#1147,#1148);
#1147 = CARTESIAN_POINT('',(0.,0.));
#1148 = DIRECTION('',(1.,0.));
#1149 = ( GEOMETRIC_REPRESENTATION_CONTEXT(2) 
PARAMETRIC_REPRESENTATION_CONTEXT() REPRESENTATION_CONTEXT('2D SPACE',''
  ) );
#1150 = ORIENTED_EDGE('',*,*,#1151,.F.);
#1151 = EDGE_CURVE('',#1088,#1123,#1152,.T.);
#1152 = SEAM_CURVE('',#1153,(#1157,#1164),.PCURVE_S1.);
#1153 = LINE('',#1154,#1155);
#1154 = CARTESIAN_POINT('',(1.026283157932E+03,78.666254934545,
    -315.598890536));
#1155 = VECTOR('',#1156,1.);
#1156 = DIRECTION('',(-5.398686039053E-03,6.170726379257E-02,
    -0.998079690097));
#1157 = PCURVE('',#1104,#1158);
#1158 = DEFINITIONAL_REPRESENTATION('',(#1159),#1163);
#1159 = LINE('',#1160,#1161);
#1160 = CARTESIAN_POINT('',(6.28318530718,-0.));
#1161 = VECTOR('',#1162,1.);
#1162 = DIRECTION('',(0.,1.));
#1163 = ( GEOMETRIC_REPRESENTATION_CONTEXT(2) 
PARAMETRIC_REPRESENTATION_CONTEXT() REPRESENTATION_CONTEXT('2D SPACE',''
  ) );
#1164 = PCURVE('',#1104,#1165);
#1165 = DEFINITIONAL_REPRESENTATION('',(#1166),#1170);
#1166 = LINE('',#1167,#1168);
#1167 = CARTESIAN_POINT('',(0.,-0.));
#1168 = VECTOR('',#1169,1.);
#1169 = DIRECTION('',(0.,1.));
#1170 = ( GEOMETRIC_REPRESENTATION_CONTEXT(2) 
PARAMETRIC_REPRESENTATION_CONTEXT() REPRESENTATION_CONTEXT('2D SPACE',''
  ) );
#1171 = ORIENTED_EDGE('',*,*,#1087,.T.);
#1172 = ORIENTED_EDGE('',*,*,#1151,.T.);
#1173 = ADVANCED_FACE('',(#1174,#1177),#1139,.T.);
#1174 = FACE_BOUND('',#1175,.T.);
#1175 = EDGE_LOOP('',(#1176));
#1176 = ORIENTED_EDGE('',*,*,#1122,.T.);
#1177 = FACE_BOUND('',#1178,.T.);
#1178 = EDGE_LOOP('',(#1179));
#1179 = ORIENTED_EDGE('',*,*,#1180,.F.);
#1180 = EDGE_CURVE('',#1181,#1181,#1183,.T.);
#1181 = VERTEX_POINT('',#1182);
#1182 = CARTESIAN_POINT('',(1.026239968443E+03,82.653242868561,
    -323.367549486));
#1183 = SURFACE_CURVE('',#1184,(#1189,#1196),.PCURVE_S1.);
#1184 = CIRCLE('',#1185,6.);
#1185 = AXIS2_PLACEMENT_3D('',#1186,#1187,#1188);
#1186 = CARTESIAN_POINT('',(1.026239968443E+03,88.641808280577,
    -322.9973005076));
#1187 = DIRECTION('',(-5.398686039054E-03,6.170726379257E-02,
    -0.998079690097));
#1188 = DIRECTION('',(0.,-0.998094235336,-6.170816306635E-02));
#1189 = PCURVE('',#1139,#1190);
#1190 = DEFINITIONAL_REPRESENTATION('',(#1191),#1195);
#1191 = CIRCLE('',#1192,6.);
#1192 = AXIS2_PLACEMENT_2D('',#1193,#1194);
#1193 = CARTESIAN_POINT('',(0.,0.));
#1194 = DIRECTION('',(1.,-1.626303258728E-19));
#1195 = ( GEOMETRIC_REPRESENTATION_CONTEXT(2) 
PARAMETRIC_REPRESENTATION_CONTEXT() REPRESENTATION_CONTEXT('2D SPACE',''
  ) );
#1196 = PCURVE('',#1197,#1202);
#1197 = CYLINDRICAL_SURFACE('',#1198,6.);
#1198 = AXIS2_PLACEMENT_3D('',#1199,#1200,#1201);
#1199 = CARTESIAN_POINT('',(1.027559861171E+03,73.555365374133,
    -78.98271721087));
#1200 = DIRECTION('',(-5.398686039054E-03,6.170726379257E-02,
    -0.998079690097));
#1201 = DIRECTION('',(0.,-0.998094235336,-6.170816306635E-02));
#1202 = DEFINITIONAL_REPRESENTATION('',(#1203),#1207);
#1203 = LINE('',#1204,#1205);
#1204 = CARTESIAN_POINT('',(0.,244.48406847461));
#1205 = VECTOR('',#1206,1.);
#1206 = DIRECTION('',(1.,0.));
#1207 = ( GEOMETRIC_REPRESENTATION_CONTEXT(2) 
PARAMETRIC_REPRESENTATION_CONTEXT() REPRESENTATION_CONTEXT('2D SPACE',''
  ) );
#1208 = ADVANCED_FACE('',(#1209),#1197,.T.);
#1209 = FACE_BOUND('',#1210,.T.);
#1210 = EDGE_LOOP('',(#1211,#1240,#1261,#1262));
#1211 = ORIENTED_EDGE('',*,*,#1212,.F.);
#1212 = EDGE_CURVE('',#1213,#1213,#1215,.T.);
#1213 = VERTEX_POINT('',#1214);
#1214 = CARTESIAN_POINT('',(1.026223772385E+03,82.838364659939,
    -326.3617885563));
#1215 = SURFACE_CURVE('',#1216,(#1221,#1228),.PCURVE_S1.);
#1216 = CIRCLE('',#1217,6.);
#1217 = AXIS2_PLACEMENT_3D('',#1218,#1219,#1220);
#1218 = CARTESIAN_POINT('',(1.026223772385E+03,88.826930071955,
    -325.9915395779));
#1219 = DIRECTION('',(-5.398686039054E-03,6.170726379257E-02,
    -0.998079690097));
#1220 = DIRECTION('',(0.,-0.998094235336,-6.170816306635E-02));
#1221 = PCURVE('',#1197,#1222);
#1222 = DEFINITIONAL_REPRESENTATION('',(#1223),#1227);
#1223 = LINE('',#1224,#1225);
#1224 = CARTESIAN_POINT('',(0.,247.48406847461));
#1225 = VECTOR('',#1226,1.);
#1226 = DIRECTION('',(1.,0.));
#1227 = ( GEOMETRIC_REPRESENTATION_CONTEXT(2) 
PARAMETRIC_REPRESENTATION_CONTEXT() REPRESENTATION_CONTEXT('2D SPACE',''
  ) );
#1228 = PCURVE('',#1229,#1234);
#1229 = PLANE('',#1230);
#1230 = AXIS2_PLACEMENT_3D('',#1231,#1232,#1233);
#1231 = CARTESIAN_POINT('',(1.026223772385E+03,88.826930071955,
    -325.9915395779));
#1232 = DIRECTION('',(-5.398686039053E-03,6.170726379257E-02,
    -0.998079690097));
#1233 = DIRECTION('',(-5.421010862428E-20,-0.998094235336,
    -6.170816306635E-02));
#1234 = DEFINITIONAL_REPRESENTATION('',(#1235),#1239);
#1235 = CIRCLE('',#1236,6.);
#1236 = AXIS2_PLACEMENT_2D('',#1237,#1238);
#1237 = CARTESIAN_POINT('',(0.,0.));
#1238 = DIRECTION('',(1.,-1.626303258728E-19));
#1239 = ( GEOMETRIC_REPRESENTATION_CONTEXT(2) 
PARAMETRIC_REPRESENTATION_CONTEXT() REPRESENTATION_CONTEXT('2D SPACE',''
  ) );
#1240 = ORIENTED_EDGE('',*,*,#1241,.F.);
#1241 = EDGE_CURVE('',#1181,#1213,#1242,.T.);
#1242 = SEAM_CURVE('',#1243,(#1247,#1254),.PCURVE_S1.);
#1243 = LINE('',#1244,#1245);
#1244 = CARTESIAN_POINT('',(1.027559861171E+03,67.566799962117,
    -79.35296618927));
#1245 = VECTOR('',#1246,1.);
#1246 = DIRECTION('',(-5.398686039054E-03,6.170726379257E-02,
    -0.998079690097));
#1247 = PCURVE('',#1197,#1248);
#1248 = DEFINITIONAL_REPRESENTATION('',(#1249),#1253);
#1249 = LINE('',#1250,#1251);
#1250 = CARTESIAN_POINT('',(6.28318530718,-0.));
#1251 = VECTOR('',#1252,1.);
#1252 = DIRECTION('',(0.,1.));
#1253 = ( GEOMETRIC_REPRESENTATION_CONTEXT(2) 
PARAMETRIC_REPRESENTATION_CONTEXT() REPRESENTATION_CONTEXT('2D SPACE',''
  ) );
#1254 = PCURVE('',#1197,#1255);
#1255 = DEFINITIONAL_REPRESENTATION('',(#1256),#1260);
#1256 = LINE('',#1257,#1258);
#1257 = CARTESIAN_POINT('',(0.,-0.));
#1258 = VECTOR('',#1259,1.);
#1259 = DIRECTION('',(0.,1.));
#1260 = ( GEOMETRIC_REPRESENTATION_CONTEXT(2) 
PARAMETRIC_REPRESENTATION_CONTEXT() REPRESENTATION_CONTEXT('2D SPACE',''
  ) );
#1261 = ORIENTED_EDGE('',*,*,#1180,.T.);
#1262 = ORIENTED_EDGE('',*,*,#1241,.T.);
#1263 = ADVANCED_FACE('',(#1264,#1295),#1229,.F.);
#1264 = FACE_BOUND('',#1265,.F.);
#1265 = EDGE_LOOP('',(#1266));
#1266 = ORIENTED_EDGE('',*,*,#1267,.T.);
#1267 = EDGE_CURVE('',#1268,#1268,#1270,.T.);
#1268 = VERTEX_POINT('',#1269);
#1269 = CARTESIAN_POINT('',(1.026223772385E+03,80.842176189267,
    -326.4852048825));
#1270 = SURFACE_CURVE('',#1271,(#1276,#1283),.PCURVE_S1.);
#1271 = CIRCLE('',#1272,8.);
#1272 = AXIS2_PLACEMENT_3D('',#1273,#1274,#1275);
#1273 = CARTESIAN_POINT('',(1.026223772385E+03,88.826930071955,
    -325.9915395779));
#1274 = DIRECTION('',(-5.398686039053E-03,6.170726379257E-02,
    -0.998079690097));
#1275 = DIRECTION('',(-5.421010862428E-20,-0.998094235336,
    -6.170816306635E-02));
#1276 = PCURVE('',#1229,#1277);
#1277 = DEFINITIONAL_REPRESENTATION('',(#1278),#1282);
#1278 = CIRCLE('',#1279,8.);
#1279 = AXIS2_PLACEMENT_2D('',#1280,#1281);
#1280 = CARTESIAN_POINT('',(0.,0.));
#1281 = DIRECTION('',(1.,0.));
#1282 = ( GEOMETRIC_REPRESENTATION_CONTEXT(2) 
PARAMETRIC_REPRESENTATION_CONTEXT() REPRESENTATION_CONTEXT('2D SPACE',''
  ) );
#1283 = PCURVE('',#1284,#1289);
#1284 = CYLINDRICAL_SURFACE('',#1285,8.);
#1285 = AXIS2_PLACEMENT_3D('',#1286,#1287,#1288);
#1286 = CARTESIAN_POINT('',(1.026223772385E+03,88.826930071955,
    -325.9915395779));
#1287 = DIRECTION('',(-5.398686039053E-03,6.170726379257E-02,
    -0.998079690097));
#1288 = DIRECTION('',(-5.421010862428E-20,-0.998094235336,
    -6.170816306635E-02));
#1289 = DEFINITIONAL_REPRESENTATION('',(#1290),#1294);
#1290 = LINE('',#1291,#1292);
#1291 = CARTESIAN_POINT('',(0.,0.));
#1292 = VECTOR('',#1293,1.);
#1293 = DIRECTION('',(1.,0.));
#1294 = ( GEOMETRIC_REPRESENTATION_CONTEXT(2) 
PARAMETRIC_REPRESENTATION_CONTEXT() REPRESENTATION_CONTEXT('2D SPACE',''
  ) );
#1295 = FACE_BOUND('',#1296,.F.);
#1296 = EDGE_LOOP('',(#1297));
#1297 = ORIENTED_EDGE('',*,*,#1212,.F.);
#1298 = ADVANCED_FACE('',(#1299),#1284,.T.);
#1299 = FACE_BOUND('',#1300,.T.);
#1300 = EDGE_LOOP('',(#1301,#1330,#1351,#1352));
#1301 = ORIENTED_EDGE('',*,*,#1302,.F.);
#1302 = EDGE_CURVE('',#1303,#1303,#1305,.T.);
#1303 = VERTEX_POINT('',#1304);
#1304 = CARTESIAN_POINT('',(1.026148190781E+03,81.706077882363,
    -340.4583205438));
#1305 = SURFACE_CURVE('',#1306,(#1311,#1318),.PCURVE_S1.);
#1306 = CIRCLE('',#1307,8.);
#1307 = AXIS2_PLACEMENT_3D('',#1308,#1309,#1310);
#1308 = CARTESIAN_POINT('',(1.026148190781E+03,89.690831765051,
    -339.9646552393));
#1309 = DIRECTION('',(-5.398686039053E-03,6.170726379257E-02,
    -0.998079690097));
#1310 = DIRECTION('',(-5.421010862428E-20,-0.998094235336,
    -6.170816306635E-02));
#1311 = PCURVE('',#1284,#1312);
#1312 = DEFINITIONAL_REPRESENTATION('',(#1313),#1317);
#1313 = LINE('',#1314,#1315);
#1314 = CARTESIAN_POINT('',(0.,14.));
#1315 = VECTOR('',#1316,1.);
#1316 = DIRECTION('',(1.,0.));
#1317 = ( GEOMETRIC_REPRESENTATION_CONTEXT(2) 
PARAMETRIC_REPRESENTATION_CONTEXT() REPRESENTATION_CONTEXT('2D SPACE',''
  ) );
#1318 = PCURVE('',#1319,#1324);
#1319 = PLANE('',#1320);
#1320 = AXIS2_PLACEMENT_3D('',#1321,#1322,#1323);
#1321 = CARTESIAN_POINT('',(1.026148190781E+03,89.690831765051,
    -339.9646552393));
#1322 = DIRECTION('',(-5.398686039053E-03,6.170726379257E-02,
    -0.998079690097));
#1323 = DIRECTION('',(-5.421010862428E-20,-0.998094235336,
    -6.170816306635E-02));
#1324 = DEFINITIONAL_REPRESENTATION('',(#1325),#1329);
#1325 = CIRCLE('',#1326,8.);
#1326 = AXIS2_PLACEMENT_2D('',#1327,#1328);
#1327 = CARTESIAN_POINT('',(0.,0.));
#1328 = DIRECTION('',(1.,0.));
#1329 = ( GEOMETRIC_REPRESENTATION_CONTEXT(2) 
PARAMETRIC_REPRESENTATION_CONTEXT() REPRESENTATION_CONTEXT('2D SPACE',''
  ) );
#1330 = ORIENTED_EDGE('',*,*,#1331,.F.);
#1331 = EDGE_CURVE('',#1268,#1303,#1332,.T.);
#1332 = SEAM_CURVE('',#1333,(#1337,#1344),.PCURVE_S1.);
#1333 = LINE('',#1334,#1335);
#1334 = CARTESIAN_POINT('',(1.026223772385E+03,80.842176189267,
    -326.4852048825));
#1335 = VECTOR('',#1336,1.);
#1336 = DIRECTION('',(-5.398686039053E-03,6.170726379257E-02,
    -0.998079690097));
#1337 = PCURVE('',#1284,#1338);
#1338 = DEFINITIONAL_REPRESENTATION('',(#1339),#1343);
#1339 = LINE('',#1340,#1341);
#1340 = CARTESIAN_POINT('',(6.28318530718,-0.));
#1341 = VECTOR('',#1342,1.);
#1342 = DIRECTION('',(0.,1.));
#1343 = ( GEOMETRIC_REPRESENTATION_CONTEXT(2) 
PARAMETRIC_REPRESENTATION_CONTEXT() REPRESENTATION_CONTEXT('2D SPACE',''
  ) );
#1344 = PCURVE('',#1284,#1345);
#1345 = DEFINITIONAL_REPRESENTATION('',(#1346),#1350);
#1346 = LINE('',#1347,#1348);
#1347 = CARTESIAN_POINT('',(0.,-0.));
#1348 = VECTOR('',#1349,1.);
#1349 = DIRECTION('',(0.,1.));
#1350 = ( GEOMETRIC_REPRESENTATION_CONTEXT(2) 
PARAMETRIC_REPRESENTATION_CONTEXT() REPRESENTATION_CONTEXT('2D SPACE',''
  ) );
#1351 = ORIENTED_EDGE('',*,*,#1267,.T.);
#1352 = ORIENTED_EDGE('',*,*,#1331,.T.);
#1353 = ADVANCED_FACE('',(#1354,#1357),#1319,.T.);
#1354 = FACE_BOUND('',#1355,.T.);
#1355 = EDGE_LOOP('',(#1356));
#1356 = ORIENTED_EDGE('',*,*,#1302,.T.);
#1357 = FACE_BOUND('',#1358,.T.);
#1358 = EDGE_LOOP('',(#1359));
#1359 = ORIENTED_EDGE('',*,*,#1360,.F.);
#1360 = EDGE_CURVE('',#1361,#1361,#1363,.T.);
#1361 = VERTEX_POINT('',#1362);
#1362 = CARTESIAN_POINT('',(1.026148190781E+03,83.702266353035,
    -340.3349042177));
#1363 = SURFACE_CURVE('',#1364,(#1369,#1376),.PCURVE_S1.);
#1364 = CIRCLE('',#1365,6.);
#1365 = AXIS2_PLACEMENT_3D('',#1366,#1367,#1368);
#1366 = CARTESIAN_POINT('',(1.026148190781E+03,89.690831765051,
    -339.9646552393));
#1367 = DIRECTION('',(-5.398686039054E-03,6.170726379257E-02,
    -0.998079690097));
#1368 = DIRECTION('',(0.,-0.998094235336,-6.170816306635E-02));
#1369 = PCURVE('',#1319,#1370);
#1370 = DEFINITIONAL_REPRESENTATION('',(#1371),#1375);
#1371 = CIRCLE('',#1372,6.);
#1372 = AXIS2_PLACEMENT_2D('',#1373,#1374);
#1373 = CARTESIAN_POINT('',(-1.418377217044E-14,2.273656276773E-13));
#1374 = DIRECTION('',(1.,-1.626303258728E-19));
#1375 = ( GEOMETRIC_REPRESENTATION_CONTEXT(2) 
PARAMETRIC_REPRESENTATION_CONTEXT() REPRESENTATION_CONTEXT('2D SPACE',''
  ) );
#1376 = PCURVE('',#1377,#1382);
#1377 = CYLINDRICAL_SURFACE('',#1378,6.);
#1378 = AXIS2_PLACEMENT_3D('',#1379,#1380,#1381);
#1379 = CARTESIAN_POINT('',(1.027559861171E+03,73.555365374133,
    -78.98271721087));
#1380 = DIRECTION('',(-5.398686039054E-03,6.170726379257E-02,
    -0.998079690097));
#1381 = DIRECTION('',(0.,-0.998094235336,-6.170816306635E-02));
#1382 = DEFINITIONAL_REPRESENTATION('',(#1383),#1387);
#1383 = LINE('',#1384,#1385);
#1384 = CARTESIAN_POINT('',(0.,261.48406847461));
#1385 = VECTOR('',#1386,1.);
#1386 = DIRECTION('',(1.,0.));
#1387 = ( GEOMETRIC_REPRESENTATION_CONTEXT(2) 
PARAMETRIC_REPRESENTATION_CONTEXT() REPRESENTATION_CONTEXT('2D SPACE',''
  ) );
#1388 = ADVANCED_FACE('',(#1389),#1377,.T.);
#1389 = FACE_BOUND('',#1390,.T.);
#1390 = EDGE_LOOP('',(#1391,#1414,#1443,#1475,#1512,#1541,#1576,#1608,
    #1637,#1664,#1699,#1728,#1760,#1787,#1809,#1810));
#1391 = ORIENTED_EDGE('',*,*,#1392,.T.);
#1392 = EDGE_CURVE('',#1361,#1393,#1395,.T.);
#1393 = VERTEX_POINT('',#1394);
#1394 = CARTESIAN_POINT('',(1.02609420392E+03,84.319338990961,
    -350.3157011187));
#1395 = SEAM_CURVE('',#1396,(#1400,#1407),.PCURVE_S1.);
#1396 = LINE('',#1397,#1398);
#1397 = CARTESIAN_POINT('',(1.027559861171E+03,67.566799962117,
    -79.35296618927));
#1398 = VECTOR('',#1399,1.);
#1399 = DIRECTION('',(-5.398686039054E-03,6.170726379257E-02,
    -0.998079690097));
#1400 = PCURVE('',#1377,#1401);
#1401 = DEFINITIONAL_REPRESENTATION('',(#1402),#1406);
#1402 = LINE('',#1403,#1404);
#1403 = CARTESIAN_POINT('',(6.28318530718,-0.));
#1404 = VECTOR('',#1405,1.);
#1405 = DIRECTION('',(0.,1.));
#1406 = ( GEOMETRIC_REPRESENTATION_CONTEXT(2) 
PARAMETRIC_REPRESENTATION_CONTEXT() REPRESENTATION_CONTEXT('2D SPACE',''
  ) );
#1407 = PCURVE('',#1377,#1408);
#1408 = DEFINITIONAL_REPRESENTATION('',(#1409),#1413);
#1409 = LINE('',#1410,#1411);
#1410 = CARTESIAN_POINT('',(0.,-0.));
#1411 = VECTOR('',#1412,1.);
#1412 = DIRECTION('',(0.,1.));
#1413 = ( GEOMETRIC_REPRESENTATION_CONTEXT(2) 
PARAMETRIC_REPRESENTATION_CONTEXT() REPRESENTATION_CONTEXT('2D SPACE',''
  ) );
#1414 = ORIENTED_EDGE('',*,*,#1415,.F.);
#1415 = EDGE_CURVE('',#1416,#1393,#1418,.T.);
#1416 = VERTEX_POINT('',#1417);
#1417 = CARTESIAN_POINT('',(1.030113816994E+03,85.86326977711,
    -350.2419884522));
#1418 = SURFACE_CURVE('',#1419,(#1424,#1431),.PCURVE_S1.);
#1419 = CIRCLE('',#1420,6.);
#1420 = AXIS2_PLACEMENT_3D('',#1421,#1422,#1423);
#1421 = CARTESIAN_POINT('',(1.02609420392E+03,90.307904402977,
    -349.9454521403));
#1422 = DIRECTION('',(-5.398686039054E-03,6.170726379257E-02,
    -0.998079690097));
#1423 = DIRECTION('',(0.,-0.998094235336,-6.170816306635E-02));
#1424 = PCURVE('',#1377,#1425);
#1425 = DEFINITIONAL_REPRESENTATION('',(#1426),#1430);
#1426 = LINE('',#1427,#1428);
#1427 = CARTESIAN_POINT('',(0.,271.48406847461));
#1428 = VECTOR('',#1429,1.);
#1429 = DIRECTION('',(1.,0.));
#1430 = ( GEOMETRIC_REPRESENTATION_CONTEXT(2) 
PARAMETRIC_REPRESENTATION_CONTEXT() REPRESENTATION_CONTEXT('2D SPACE',''
  ) );
#1431 = PCURVE('',#1432,#1437);
#1432 = PLANE('',#1433);
#1433 = AXIS2_PLACEMENT_3D('',#1434,#1435,#1436);
#1434 = CARTESIAN_POINT('',(1.02609420392E+03,90.307904402977,
    -349.9454521403));
#1435 = DIRECTION('',(-5.398686039054E-03,6.170726379257E-02,
    -0.998079690097));
#1436 = DIRECTION('',(0.,-0.998094235336,-6.170816306635E-02));
#1437 = DEFINITIONAL_REPRESENTATION('',(#1438),#1442);
#1438 = CIRCLE('',#1439,6.);
#1439 = AXIS2_PLACEMENT_2D('',#1440,#1441);
#1440 = CARTESIAN_POINT('',(0.,0.));
#1441 = DIRECTION('',(1.,0.));
#1442 = ( GEOMETRIC_REPRESENTATION_CONTEXT(2) 
PARAMETRIC_REPRESENTATION_CONTEXT() REPRESENTATION_CONTEXT('2D SPACE',''
  ) );
#1443 = ORIENTED_EDGE('',*,*,#1444,.F.);
#1444 = EDGE_CURVE('',#1445,#1416,#1447,.T.);
#1445 = VERTEX_POINT('',#1446);
#1446 = CARTESIAN_POINT('',(1.030145683774E+03,85.86326977711,
    -349.8073447082));
#1447 = SURFACE_CURVE('',#1448,(#1453,#1463),.PCURVE_S1.);
#1448 = ELLIPSE('',#1449,97.23328553619,6.);
#1449 = AXIS2_PLACEMENT_3D('',#1450,#1451,#1452);
#1450 = CARTESIAN_POINT('',(1.026483059064E+03,85.86326977711,
    -278.0560297719));
#1451 = DIRECTION('',(0.,1.,0.));
#1452 = DIRECTION('',(-5.408994007972E-03,0.,-0.999985371285));
#1453 = PCURVE('',#1377,#1454);
#1454 = DEFINITIONAL_REPRESENTATION('',(#1455),#1462);
#1455 = B_SPLINE_CURVE_WITH_KNOTS('',5,(#1456,#1457,#1458,#1459,#1460,
    #1461),.UNSPECIFIED.,.F.,.F.,(6,6),(5.499183156196,5.548716464471),
  .PIECEWISE_BEZIER_KNOTS.);
#1456 = CARTESIAN_POINT('',(5.499516935287,268.17535243012));
#1457 = CARTESIAN_POINT('',(5.509423596942,268.85423043413));
#1458 = CARTESIAN_POINT('',(5.519330258597,269.52467816507));
#1459 = CARTESIAN_POINT('',(5.529236920252,270.18655681772));
#1460 = CARTESIAN_POINT('',(5.539143581906,270.83973103513));
#1461 = CARTESIAN_POINT('',(5.549050243561,271.48406907461));
#1462 = ( GEOMETRIC_REPRESENTATION_CONTEXT(2) 
PARAMETRIC_REPRESENTATION_CONTEXT() REPRESENTATION_CONTEXT('2D SPACE',''
  ) );
#1463 = PCURVE('',#1464,#1469);
#1464 = PLANE('',#1465);
#1465 = AXIS2_PLACEMENT_3D('',#1466,#1467,#1468);
#1466 = CARTESIAN_POINT('',(1.026045615746E+03,85.86326977711,
    -358.9281693511));
#1467 = DIRECTION('',(0.,1.,0.));
#1468 = DIRECTION('',(0.,-0.,1.));
#1469 = DEFINITIONAL_REPRESENTATION('',(#1470),#1474);
#1470 = ELLIPSE('',#1471,97.23328553619,6.);
#1471 = AXIS2_PLACEMENT_2D('',#1472,#1473);
#1472 = CARTESIAN_POINT('',(80.872139579234,0.437443317629));
#1473 = DIRECTION('',(-0.999985371285,-5.408994007972E-03));
#1474 = ( GEOMETRIC_REPRESENTATION_CONTEXT(2) 
PARAMETRIC_REPRESENTATION_CONTEXT() REPRESENTATION_CONTEXT('2D SPACE',''
  ) );
#1475 = ORIENTED_EDGE('',*,*,#1476,.F.);
#1476 = EDGE_CURVE('',#1477,#1445,#1479,.T.);
#1477 = VERTEX_POINT('',#1478);
#1478 = CARTESIAN_POINT('',(1.030911921115E+03,86.740164151539,
    -350.1920905939));
#1479 = SURFACE_CURVE('',#1480,(#1487,#1497),.PCURVE_S1.);
#1480 = B_SPLINE_CURVE_WITH_KNOTS('',5,(#1481,#1482,#1483,#1484,#1485,
    #1486),.UNSPECIFIED.,.F.,.F.,(6,6),(0.,1.),
  .PIECEWISE_BEZIER_KNOTS.);
#1481 = CARTESIAN_POINT('',(1.030911922058E+03,86.740165461185,
    -350.1920911192));
#1482 = CARTESIAN_POINT('',(1.030778763816E+03,86.55522676262,
    -350.117917242));
#1483 = CARTESIAN_POINT('',(1.030635951869E+03,86.374717425503,
    -350.0416900131));
#1484 = CARTESIAN_POINT('',(1.030483133555E+03,86.198872379249,
    -349.964036924));
#1485 = CARTESIAN_POINT('',(1.030319882651E+03,86.028159466291,
    -349.885652004));
#1486 = CARTESIAN_POINT('',(1.03014568314E+03,85.86326917711,
    -349.8073444232));
#1487 = PCURVE('',#1377,#1488);
#1488 = DEFINITIONAL_REPRESENTATION('',(#1489),#1496);
#1489 = B_SPLINE_CURVE_WITH_KNOTS('',5,(#1490,#1491,#1492,#1493,#1494,
    #1495),.UNSPECIFIED.,.F.,.F.,(6,6),(0.,1.),
  .PIECEWISE_BEZIER_KNOTS.);
#1490 = CARTESIAN_POINT('',(5.350932475019,271.48406907461));
#1491 = CARTESIAN_POINT('',(5.388295908633,271.39934445272));
#1492 = CARTESIAN_POINT('',(5.4260106361,271.31289586326));
#1493 = CARTESIAN_POINT('',(5.464193958519,271.22536599361));
#1494 = CARTESIAN_POINT('',(5.502951605347,271.13747871058));
#1495 = CARTESIAN_POINT('',(5.542402364903,271.05008702456));
#1496 = ( GEOMETRIC_REPRESENTATION_CONTEXT(2) 
PARAMETRIC_REPRESENTATION_CONTEXT() REPRESENTATION_CONTEXT('2D SPACE',''
  ) );
#1497 = PCURVE('',#1498,#1503);
#1498 = CYLINDRICAL_SURFACE('',#1499,10.);
#1499 = AXIS2_PLACEMENT_3D('',#1500,#1501,#1502);
#1500 = CARTESIAN_POINT('',(1.026045615746E+03,85.86326977711,
    -358.9281693511));
#1501 = DIRECTION('',(-0.,-1.,-0.));
#1502 = DIRECTION('',(0.,-0.,1.));
#1503 = DEFINITIONAL_REPRESENTATION('',(#1504),#1511);
#1504 = B_SPLINE_CURVE_WITH_KNOTS('',5,(#1505,#1506,#1507,#1508,#1509,
    #1510),.UNSPECIFIED.,.F.,.F.,(6,6),(0.,1.),
  .PIECEWISE_BEZIER_KNOTS.);
#1505 = CARTESIAN_POINT('',(-0.508228747756,-0.876895684075));
#1506 = CARTESIAN_POINT('',(-0.492986411484,-0.69195698551));
#1507 = CARTESIAN_POINT('',(-0.476800808108,-0.511447648393));
#1508 = CARTESIAN_POINT('',(-0.459664221275,-0.335602602139));
#1509 = CARTESIAN_POINT('',(-0.441560547184,-0.164889689182));
#1510 = CARTESIAN_POINT('',(-0.422461451189,6.000000000173E-07));
#1511 = ( GEOMETRIC_REPRESENTATION_CONTEXT(2) 
PARAMETRIC_REPRESENTATION_CONTEXT() REPRESENTATION_CONTEXT('2D SPACE',''
  ) );
#1512 = ORIENTED_EDGE('',*,*,#1513,.F.);
#1513 = EDGE_CURVE('',#1514,#1477,#1516,.T.);
#1514 = VERTEX_POINT('',#1515);
#1515 = CARTESIAN_POINT('',(1.029841143594E+03,94.986375402681,
    -349.6764685151));
#1516 = SURFACE_CURVE('',#1517,(#1522,#1529),.PCURVE_S1.);
#1517 = CIRCLE('',#1518,6.);
#1518 = AXIS2_PLACEMENT_3D('',#1519,#1520,#1521);
#1519 = CARTESIAN_POINT('',(1.02609420392E+03,90.307904402977,
    -349.9454521403));
#1520 = DIRECTION('',(-5.398686039054E-03,6.170726379257E-02,
    -0.998079690097));
#1521 = DIRECTION('',(0.,-0.998094235336,-6.170816306635E-02));
#1522 = PCURVE('',#1377,#1523);
#1523 = DEFINITIONAL_REPRESENTATION('',(#1524),#1528);
#1524 = LINE('',#1525,#1526);
#1525 = CARTESIAN_POINT('',(0.,271.48406847461));
#1526 = VECTOR('',#1527,1.);
#1527 = DIRECTION('',(1.,0.));
#1528 = ( GEOMETRIC_REPRESENTATION_CONTEXT(2) 
PARAMETRIC_REPRESENTATION_CONTEXT() REPRESENTATION_CONTEXT('2D SPACE',''
  ) );
#1529 = PCURVE('',#1530,#1535);
#1530 = PLANE('',#1531);
#1531 = AXIS2_PLACEMENT_3D('',#1532,#1533,#1534);
#1532 = CARTESIAN_POINT('',(1.02609420392E+03,90.307904402977,
    -349.9454521403));
#1533 = DIRECTION('',(-5.398686039054E-03,6.170726379257E-02,
    -0.998079690097));
#1534 = DIRECTION('',(0.,-0.998094235336,-6.170816306635E-02));
#1535 = DEFINITIONAL_REPRESENTATION('',(#1536),#1540);
#1536 = CIRCLE('',#1537,6.);
#1537 = AXIS2_PLACEMENT_2D('',#1538,#1539);
#1538 = CARTESIAN_POINT('',(0.,0.));
#1539 = DIRECTION('',(1.,0.));
#1540 = ( GEOMETRIC_REPRESENTATION_CONTEXT(2) 
PARAMETRIC_REPRESENTATION_CONTEXT() REPRESENTATION_CONTEXT('2D SPACE',''
  ) );
#1541 = ORIENTED_EDGE('',*,*,#1542,.F.);
#1542 = EDGE_CURVE('',#1543,#1514,#1545,.T.);
#1543 = VERTEX_POINT('',#1544);
#1544 = CARTESIAN_POINT('',(1.028271064454E+03,95.86326977711,
    -349.1789448667));
#1545 = SURFACE_CURVE('',#1546,(#1554,#1565),.PCURVE_S1.);
#1546 = B_SPLINE_CURVE_WITH_KNOTS('',6,(#1547,#1548,#1549,#1550,#1551,
    #1552,#1553),.UNSPECIFIED.,.F.,.F.,(7,7),(0.,1.),
  .PIECEWISE_BEZIER_KNOTS.);
#1547 = CARTESIAN_POINT('',(1.028271062858E+03,95.86327037711,
    -349.1789445023));
#1548 = CARTESIAN_POINT('',(1.028571624334E+03,95.750284380273,
    -349.2475534102));
#1549 = CARTESIAN_POINT('',(1.028856594155E+03,95.621453060425,
    -349.3243019369));
#1550 = CARTESIAN_POINT('',(1.029125862586E+03,95.478936584522,
    -349.4072596604));
#1551 = CARTESIAN_POINT('',(1.029379533983E+03,95.324574307448,
    -349.494647639));
#1552 = CARTESIAN_POINT('',(1.029617853927E+03,95.159939216222,
    -349.5848634577));
#1553 = CARTESIAN_POINT('',(1.029841145278E+03,94.986374093035,
    -349.6764692064));
#1554 = PCURVE('',#1377,#1555);
#1555 = DEFINITIONAL_REPRESENTATION('',(#1556),#1564);
#1556 = B_SPLINE_CURVE_WITH_KNOTS('',6,(#1557,#1558,#1559,#1560,#1561,
    #1562,#1563),.UNSPECIFIED.,.F.,.F.,(7,7),(0.,1.),
  .PIECEWISE_BEZIER_KNOTS.);
#1557 = CARTESIAN_POINT('',(3.512460718482,271.05008702456));
#1558 = CARTESIAN_POINT('',(3.566267035043,271.10996948828));
#1559 = CARTESIAN_POINT('',(3.618643095505,271.17708234319));
#1560 = CARTESIAN_POINT('',(3.669713208945,271.24963276468));
#1561 = CARTESIAN_POINT('',(3.719580935048,271.32595816534));
#1562 = CARTESIAN_POINT('',(3.768341486995,271.40455494615));
#1563 = CARTESIAN_POINT('',(3.816082977243,271.48406907461));
#1564 = ( GEOMETRIC_REPRESENTATION_CONTEXT(2) 
PARAMETRIC_REPRESENTATION_CONTEXT() REPRESENTATION_CONTEXT('2D SPACE',''
  ) );
#1565 = PCURVE('',#1498,#1566);
#1566 = DEFINITIONAL_REPRESENTATION('',(#1567),#1575);
#1567 = B_SPLINE_CURVE_WITH_KNOTS('',6,(#1568,#1569,#1570,#1571,#1572,
    #1573,#1574),.UNSPECIFIED.,.F.,.F.,(7,7),(0.,1.),
  .PIECEWISE_BEZIER_KNOTS.);
#1568 = CARTESIAN_POINT('',(-0.22442386402,-10.0000006));
#1569 = CARTESIAN_POINT('',(-0.255253133108,-9.887014603163));
#1570 = CARTESIAN_POINT('',(-0.284743477922,-9.758183283316));
#1571 = CARTESIAN_POINT('',(-0.312893993706,-9.615666807412));
#1572 = CARTESIAN_POINT('',(-0.339705060995,-9.461304530338));
#1573 = CARTESIAN_POINT('',(-0.365177874059,-9.296669439112));
#1574 = CARTESIAN_POINT('',(-0.389313043567,-9.123104315925));
#1575 = ( GEOMETRIC_REPRESENTATION_CONTEXT(2) 
PARAMETRIC_REPRESENTATION_CONTEXT() REPRESENTATION_CONTEXT('2D SPACE',''
  ) );
#1576 = ORIENTED_EDGE('',*,*,#1577,.T.);
#1577 = EDGE_CURVE('',#1543,#1578,#1580,.T.);
#1578 = VERTEX_POINT('',#1579);
#1579 = CARTESIAN_POINT('',(1.028336553448E+03,95.86326977711,
    -349.6141152152));
#1580 = SURFACE_CURVE('',#1581,(#1586,#1596),.PCURVE_S1.);
#1581 = ELLIPSE('',#1582,97.23328553619,6.);
#1582 = AXIS2_PLACEMENT_3D('',#1583,#1584,#1585);
#1583 = CARTESIAN_POINT('',(1.025608172428E+03,95.86326977711,
    -439.8003089304));
#1584 = DIRECTION('',(0.,1.,0.));
#1585 = DIRECTION('',(-5.408994007972E-03,0.,-0.999985371285));
#1586 = PCURVE('',#1377,#1587);
#1587 = DEFINITIONAL_REPRESENTATION('',(#1588),#1595);
#1588 = B_SPLINE_CURVE_WITH_KNOTS('',5,(#1589,#1590,#1591,#1592,#1593,
    #1594),.UNSPECIFIED.,.F.,.F.,(6,6),(3.441850373011,3.524286466686),
  .PIECEWISE_BEZIER_KNOTS.);
#1589 = CARTESIAN_POINT('',(3.442184152102,268.80571744931));
#1590 = CARTESIAN_POINT('',(3.458671370837,269.27895889846));
#1591 = CARTESIAN_POINT('',(3.475158589572,269.78370052939));
#1592 = CARTESIAN_POINT('',(3.491645808307,270.3196743469));
#1593 = CARTESIAN_POINT('',(3.508133027042,270.88657665235));
#1594 = CARTESIAN_POINT('',(3.524620245776,271.48406907461));
#1595 = ( GEOMETRIC_REPRESENTATION_CONTEXT(2) 
PARAMETRIC_REPRESENTATION_CONTEXT() REPRESENTATION_CONTEXT('2D SPACE',''
  ) );
#1596 = PCURVE('',#1597,#1602);
#1597 = PLANE('',#1598);
#1598 = AXIS2_PLACEMENT_3D('',#1599,#1600,#1601);
#1599 = CARTESIAN_POINT('',(1.026045615746E+03,95.86326977711,
    -358.9281693511));
#1600 = DIRECTION('',(0.,1.,0.));
#1601 = DIRECTION('',(0.,-0.,1.));
#1602 = DEFINITIONAL_REPRESENTATION('',(#1603),#1607);
#1603 = ELLIPSE('',#1604,97.23328553619,6.);
#1604 = AXIS2_PLACEMENT_2D('',#1605,#1606);
#1605 = CARTESIAN_POINT('',(-80.87213957923,-0.43744331763));
#1606 = DIRECTION('',(-0.999985371285,-5.408994007972E-03));
#1607 = ( GEOMETRIC_REPRESENTATION_CONTEXT(2) 
PARAMETRIC_REPRESENTATION_CONTEXT() REPRESENTATION_CONTEXT('2D SPACE',''
  ) );
#1608 = ORIENTED_EDGE('',*,*,#1609,.F.);
#1609 = EDGE_CURVE('',#1610,#1578,#1612,.T.);
#1610 = VERTEX_POINT('',#1611);
#1611 = CARTESIAN_POINT('',(1.02385556995E+03,95.86326977711,
    -349.5898772477));
#1612 = SURFACE_CURVE('',#1613,(#1618,#1625),.PCURVE_S1.);
#1613 = CIRCLE('',#1614,6.);
#1614 = AXIS2_PLACEMENT_3D('',#1615,#1616,#1617);
#1615 = CARTESIAN_POINT('',(1.02609420392E+03,90.307904402977,
    -349.9454521403));
#1616 = DIRECTION('',(-5.398686039054E-03,6.170726379257E-02,
    -0.998079690097));
#1617 = DIRECTION('',(0.,-0.998094235336,-6.170816306635E-02));
#1618 = PCURVE('',#1377,#1619);
#1619 = DEFINITIONAL_REPRESENTATION('',(#1620),#1624);
#1620 = LINE('',#1621,#1622);
#1621 = CARTESIAN_POINT('',(0.,271.48406847461));
#1622 = VECTOR('',#1623,1.);
#1623 = DIRECTION('',(1.,0.));
#1624 = ( GEOMETRIC_REPRESENTATION_CONTEXT(2) 
PARAMETRIC_REPRESENTATION_CONTEXT() REPRESENTATION_CONTEXT('2D SPACE',''
  ) );
#1625 = PCURVE('',#1626,#1631);
#1626 = PLANE('',#1627);
#1627 = AXIS2_PLACEMENT_3D('',#1628,#1629,#1630);
#1628 = CARTESIAN_POINT('',(1.02609420392E+03,90.307904402977,
    -349.9454521403));
#1629 = DIRECTION('',(-5.398686039054E-03,6.170726379257E-02,
    -0.998079690097));
#1630 = DIRECTION('',(0.,-0.998094235336,-6.170816306635E-02));
#1631 = DEFINITIONAL_REPRESENTATION('',(#1632),#1636);
#1632 = CIRCLE('',#1633,6.);
#1633 = AXIS2_PLACEMENT_2D('',#1634,#1635);
#1634 = CARTESIAN_POINT('',(0.,0.));
#1635 = DIRECTION('',(1.,0.));
#1636 = ( GEOMETRIC_REPRESENTATION_CONTEXT(2) 
PARAMETRIC_REPRESENTATION_CONTEXT() REPRESENTATION_CONTEXT('2D SPACE',''
  ) );
#1637 = ORIENTED_EDGE('',*,*,#1638,.T.);
#1638 = EDGE_CURVE('',#1610,#1639,#1641,.T.);
#1639 = VERTEX_POINT('',#1640);
#1640 = CARTESIAN_POINT('',(1.02392576271E+03,95.86326977711,
    -349.1554408117));
#1641 = SURFACE_CURVE('',#1642,(#1647,#1657),.PCURVE_S1.);
#1642 = ELLIPSE('',#1643,97.23328553619,6.);
#1643 = AXIS2_PLACEMENT_3D('',#1644,#1645,#1646);
#1644 = CARTESIAN_POINT('',(1.025608172428E+03,95.86326977711,
    -439.8003089304));
#1645 = DIRECTION('',(0.,1.,0.));
#1646 = DIRECTION('',(-5.408994007972E-03,0.,-0.999985371285));
#1647 = PCURVE('',#1377,#1648);
#1648 = DEFINITIONAL_REPRESENTATION('',(#1649),#1656);
#1649 = B_SPLINE_CURVE_WITH_KNOTS('',5,(#1650,#1651,#1652,#1653,#1654,
    #1655),.UNSPECIFIED.,.F.,.F.,(6,6),(2.758898840494,2.840667375987),
  .PIECEWISE_BEZIER_KNOTS.);
#1650 = CARTESIAN_POINT('',(2.759232619584,271.48406907461));
#1651 = CARTESIAN_POINT('',(2.775586326683,270.89141507854));
#1652 = CARTESIAN_POINT('',(2.791940033781,270.32885777465));
#1653 = CARTESIAN_POINT('',(2.80829374088,269.79672738005));
#1654 = CARTESIAN_POINT('',(2.824647447979,269.29532054929));
#1655 = CARTESIAN_POINT('',(2.841001155078,268.82489938355));
#1656 = ( GEOMETRIC_REPRESENTATION_CONTEXT(2) 
PARAMETRIC_REPRESENTATION_CONTEXT() REPRESENTATION_CONTEXT('2D SPACE',''
  ) );
#1657 = PCURVE('',#1597,#1658);
#1658 = DEFINITIONAL_REPRESENTATION('',(#1659),#1663);
#1659 = ELLIPSE('',#1660,97.23328553619,6.);
#1660 = AXIS2_PLACEMENT_2D('',#1661,#1662);
#1661 = CARTESIAN_POINT('',(-80.87213957923,-0.43744331763));
#1662 = DIRECTION('',(-0.999985371285,-5.408994007972E-03));
#1663 = ( GEOMETRIC_REPRESENTATION_CONTEXT(2) 
PARAMETRIC_REPRESENTATION_CONTEXT() REPRESENTATION_CONTEXT('2D SPACE',''
  ) );
#1664 = ORIENTED_EDGE('',*,*,#1665,.F.);
#1665 = EDGE_CURVE('',#1666,#1639,#1668,.T.);
#1666 = VERTEX_POINT('',#1667);
#1667 = CARTESIAN_POINT('',(1.022350393316E+03,94.986375402682,
    -349.635950499));
#1668 = SURFACE_CURVE('',#1669,(#1677,#1688),.PCURVE_S1.);
#1669 = B_SPLINE_CURVE_WITH_KNOTS('',6,(#1670,#1671,#1672,#1673,#1674,
    #1675,#1676),.UNSPECIFIED.,.F.,.F.,(7,7),(0.,1.),
  .PIECEWISE_BEZIER_KNOTS.);
#1670 = CARTESIAN_POINT('',(1.022350391624E+03,94.986374093035,
    -349.635951172));
#1671 = CARTESIAN_POINT('',(1.022574659649E+03,95.159938259712,
    -349.5467668029));
#1672 = CARTESIAN_POINT('',(1.022813941966E+03,95.32457387029,
    -349.459134134));
#1673 = CARTESIAN_POINT('',(1.023068545017E+03,95.478936905633,
    -349.3744950186));
#1674 = CARTESIAN_POINT('',(1.023338696144E+03,95.621453761338,
    -349.2944548184));
#1675 = CARTESIAN_POINT('',(1.023624479651E+03,95.75028491663,
    -349.2207936248));
#1676 = CARTESIAN_POINT('',(1.02392576431E+03,95.86327037711,
    -349.1554404647));
#1677 = PCURVE('',#1377,#1678);
#1678 = DEFINITIONAL_REPRESENTATION('',(#1679),#1687);
#1679 = B_SPLINE_CURVE_WITH_KNOTS('',6,(#1680,#1681,#1682,#1683,#1684,
    #1685,#1686),.UNSPECIFIED.,.F.,.F.,(7,7),(0.,1.),
  .PIECEWISE_BEZIER_KNOTS.);
#1680 = CARTESIAN_POINT('',(2.467769888118,271.48406907461));
#1681 = CARTESIAN_POINT('',(2.515511115264,271.40455538434));
#1682 = CARTESIAN_POINT('',(2.564271771899,271.32595840026));
#1683 = CARTESIAN_POINT('',(2.614139725409,271.24963261673));
#1684 = CARTESIAN_POINT('',(2.665210018611,271.17708198263));
#1685 = CARTESIAN_POINT('',(2.717586085742,271.10996920402));
#1686 = CARTESIAN_POINT('',(2.771392146878,271.05008702456));
#1687 = ( GEOMETRIC_REPRESENTATION_CONTEXT(2) 
PARAMETRIC_REPRESENTATION_CONTEXT() REPRESENTATION_CONTEXT('2D SPACE',''
  ) );
#1688 = PCURVE('',#1498,#1689);
#1689 = DEFINITIONAL_REPRESENTATION('',(#1690),#1698);
#1690 = B_SPLINE_CURVE_WITH_KNOTS('',6,(#1691,#1692,#1693,#1694,#1695,
    #1696,#1697),.UNSPECIFIED.,.F.,.F.,(7,7),(0.,1.),
  .PIECEWISE_BEZIER_KNOTS.);
#1691 = CARTESIAN_POINT('',(-5.90469030438,-9.123104315925));
#1692 = CARTESIAN_POINT('',(-5.92882534088,-9.296668482602));
#1693 = CARTESIAN_POINT('',(-5.954298197809,-9.46130409318));
#1694 = CARTESIAN_POINT('',(-5.981109387076,-9.615667128523));
#1695 = CARTESIAN_POINT('',(-6.009260007573,-9.758183984228));
#1696 = CARTESIAN_POINT('',(-6.038750361189,-9.88701513952));
#1697 = CARTESIAN_POINT('',(-6.069579483926,-10.0000006));
#1698 = ( GEOMETRIC_REPRESENTATION_CONTEXT(2) 
PARAMETRIC_REPRESENTATION_CONTEXT() REPRESENTATION_CONTEXT('2D SPACE',''
  ) );
#1699 = ORIENTED_EDGE('',*,*,#1700,.F.);
#1700 = EDGE_CURVE('',#1701,#1666,#1703,.T.);
#1701 = VERTEX_POINT('',#1702);
#1702 = CARTESIAN_POINT('',(1.021274100539E+03,86.740164151538,
    -350.1399589176));
#1703 = SURFACE_CURVE('',#1704,(#1709,#1716),.PCURVE_S1.);
#1704 = CIRCLE('',#1705,6.);
#1705 = AXIS2_PLACEMENT_3D('',#1706,#1707,#1708);
#1706 = CARTESIAN_POINT('',(1.02609420392E+03,90.307904402977,
    -349.9454521403));
#1707 = DIRECTION('',(-5.398686039054E-03,6.170726379257E-02,
    -0.998079690097));
#1708 = DIRECTION('',(0.,-0.998094235336,-6.170816306635E-02));
#1709 = PCURVE('',#1377,#1710);
#1710 = DEFINITIONAL_REPRESENTATION('',(#1711),#1715);
#1711 = LINE('',#1712,#1713);
#1712 = CARTESIAN_POINT('',(0.,271.48406847461));
#1713 = VECTOR('',#1714,1.);
#1714 = DIRECTION('',(1.,0.));
#1715 = ( GEOMETRIC_REPRESENTATION_CONTEXT(2) 
PARAMETRIC_REPRESENTATION_CONTEXT() REPRESENTATION_CONTEXT('2D SPACE',''
  ) );
#1716 = PCURVE('',#1717,#1722);
#1717 = PLANE('',#1718);
#1718 = AXIS2_PLACEMENT_3D('',#1719,#1720,#1721);
#1719 = CARTESIAN_POINT('',(1.02609420392E+03,90.307904402977,
    -349.9454521403));
#1720 = DIRECTION('',(-5.398686039054E-03,6.170726379257E-02,
    -0.998079690097));
#1721 = DIRECTION('',(0.,-0.998094235336,-6.170816306635E-02));
#1722 = DEFINITIONAL_REPRESENTATION('',(#1723),#1727);
#1723 = CIRCLE('',#1724,6.);
#1724 = AXIS2_PLACEMENT_2D('',#1725,#1726);
#1725 = CARTESIAN_POINT('',(0.,0.));
#1726 = DIRECTION('',(1.,0.));
#1727 = ( GEOMETRIC_REPRESENTATION_CONTEXT(2) 
PARAMETRIC_REPRESENTATION_CONTEXT() REPRESENTATION_CONTEXT('2D SPACE',''
  ) );
#1728 = ORIENTED_EDGE('',*,*,#1729,.F.);
#1729 = EDGE_CURVE('',#1730,#1701,#1732,.T.);
#1730 = VERTEX_POINT('',#1731);
#1731 = CARTESIAN_POINT('',(1.02204445516E+03,85.86326977711,
    -349.7635245701));
#1732 = SURFACE_CURVE('',#1733,(#1740,#1750),.PCURVE_S1.);
#1733 = B_SPLINE_CURVE_WITH_KNOTS('',5,(#1734,#1735,#1736,#1737,#1738,
    #1739),.UNSPECIFIED.,.F.,.F.,(6,6),(0.,1.),
  .PIECEWISE_BEZIER_KNOTS.);
#1734 = CARTESIAN_POINT('',(1.022044455797E+03,85.86326917711,
    -349.763524292));
#1735 = CARTESIAN_POINT('',(1.021869419204E+03,86.028159614198,
    -349.8399428986));
#1736 = CARTESIAN_POINT('',(1.021705329997E+03,86.198872463948,
    -349.9165571773));
#1737 = CARTESIAN_POINT('',(1.021551680726E+03,86.374717344902,
    -349.9925524871));
#1738 = CARTESIAN_POINT('',(1.021408052572E+03,86.555226581027,
    -350.0672303074));
#1739 = CARTESIAN_POINT('',(1.02127409959E+03,86.740165461185,
    -350.1399594326));
#1740 = PCURVE('',#1377,#1741);
#1741 = DEFINITIONAL_REPRESENTATION('',(#1742),#1749);
#1742 = B_SPLINE_CURVE_WITH_KNOTS('',5,(#1743,#1744,#1745,#1746,#1747,
    #1748),.UNSPECIFIED.,.F.,.F.,(6,6),(0.,1.),
  .PIECEWISE_BEZIER_KNOTS.);
#1743 = CARTESIAN_POINT('',(0.741450500457,271.05008702456));
#1744 = CARTESIAN_POINT('',(0.780901295401,271.13747878897));
#1745 = CARTESIAN_POINT('',(0.819658923182,271.2253660335));
#1746 = CARTESIAN_POINT('',(0.857842210785,271.31289581944));
#1747 = CARTESIAN_POINT('',(0.89555692004,271.39934436953));
#1748 = CARTESIAN_POINT('',(0.932920390341,271.48406907461));
#1749 = ( GEOMETRIC_REPRESENTATION_CONTEXT(2) 
PARAMETRIC_REPRESENTATION_CONTEXT() REPRESENTATION_CONTEXT('2D SPACE',''
  ) );
#1750 = PCURVE('',#1498,#1751);
#1751 = DEFINITIONAL_REPRESENTATION('',(#1752),#1759);
#1752 = B_SPLINE_CURVE_WITH_KNOTS('',5,(#1753,#1754,#1755,#1756,#1757,
    #1758),.UNSPECIFIED.,.F.,.F.,(6,6),(0.,1.),
  .PIECEWISE_BEZIER_KNOTS.);
#1753 = CARTESIAN_POINT('',(-5.871541896758,6.000000000173E-07));
#1754 = CARTESIAN_POINT('',(-5.852442783631,-0.164889837089));
#1755 = CARTESIAN_POINT('',(-5.834339120008,-0.335602686838));
#1756 = CARTESIAN_POINT('',(-5.817202548836,-0.511447567792));
#1757 = CARTESIAN_POINT('',(-5.801016951429,-0.691956803917));
#1758 = CARTESIAN_POINT('',(-5.785774600191,-0.876895684075));
#1759 = ( GEOMETRIC_REPRESENTATION_CONTEXT(2) 
PARAMETRIC_REPRESENTATION_CONTEXT() REPRESENTATION_CONTEXT('2D SPACE',''
  ) );
#1760 = ORIENTED_EDGE('',*,*,#1761,.F.);
#1761 = EDGE_CURVE('',#1762,#1730,#1764,.T.);
#1762 = VERTEX_POINT('',#1763);
#1763 = CARTESIAN_POINT('',(1.022071618173E+03,85.86326977711,
    -350.1984876106));
#1764 = SURFACE_CURVE('',#1765,(#1770,#1780),.PCURVE_S1.);
#1765 = ELLIPSE('',#1766,97.23328553619,6.);
#1766 = AXIS2_PLACEMENT_3D('',#1767,#1768,#1769);
#1767 = CARTESIAN_POINT('',(1.026483059064E+03,85.86326977711,
    -278.0560297719));
#1768 = DIRECTION('',(0.,1.,0.));
#1769 = DIRECTION('',(-5.408994007972E-03,0.,-0.999985371285));
#1770 = PCURVE('',#1377,#1771);
#1771 = DEFINITIONAL_REPRESENTATION('',(#1772),#1779);
#1772 = B_SPLINE_CURVE_WITH_KNOTS('',5,(#1773,#1774,#1775,#1776,#1777,
    #1778),.UNSPECIFIED.,.F.,.F.,(6,6),(0.734468842709,0.783334592802),
  .PIECEWISE_BEZIER_KNOTS.);
#1773 = CARTESIAN_POINT('',(0.734802621799,271.48406907461));
#1774 = CARTESIAN_POINT('',(0.744575771818,270.84841475008));
#1775 = CARTESIAN_POINT('',(0.754348921837,270.20416081227));
#1776 = CARTESIAN_POINT('',(0.764122071855,269.55143374886));
#1777 = CARTESIAN_POINT('',(0.773895221874,268.89036347085));
#1778 = CARTESIAN_POINT('',(0.783668371893,268.22108315749));
#1779 = ( GEOMETRIC_REPRESENTATION_CONTEXT(2) 
PARAMETRIC_REPRESENTATION_CONTEXT() REPRESENTATION_CONTEXT('2D SPACE',''
  ) );
#1780 = PCURVE('',#1464,#1781);
#1781 = DEFINITIONAL_REPRESENTATION('',(#1782),#1786);
#1782 = ELLIPSE('',#1783,97.23328553619,6.);
#1783 = AXIS2_PLACEMENT_2D('',#1784,#1785);
#1784 = CARTESIAN_POINT('',(80.872139579234,0.437443317629));
#1785 = DIRECTION('',(-0.999985371285,-5.408994007972E-03));
#1786 = ( GEOMETRIC_REPRESENTATION_CONTEXT(2) 
PARAMETRIC_REPRESENTATION_CONTEXT() REPRESENTATION_CONTEXT('2D SPACE',''
  ) );
#1787 = ORIENTED_EDGE('',*,*,#1788,.F.);
#1788 = EDGE_CURVE('',#1393,#1762,#1789,.T.);
#1789 = SURFACE_CURVE('',#1790,(#1795,#1802),.PCURVE_S1.);
#1790 = CIRCLE('',#1791,6.);
#1791 = AXIS2_PLACEMENT_3D('',#1792,#1793,#1794);
#1792 = CARTESIAN_POINT('',(1.02609420392E+03,90.307904402977,
    -349.9454521403));
#1793 = DIRECTION('',(-5.398686039054E-03,6.170726379257E-02,
    -0.998079690097));
#1794 = DIRECTION('',(0.,-0.998094235336,-6.170816306635E-02));
#1795 = PCURVE('',#1377,#1796);
#1796 = DEFINITIONAL_REPRESENTATION('',(#1797),#1801);
#1797 = LINE('',#1798,#1799);
#1798 = CARTESIAN_POINT('',(0.,271.48406847461));
#1799 = VECTOR('',#1800,1.);
#1800 = DIRECTION('',(1.,0.));
#1801 = ( GEOMETRIC_REPRESENTATION_CONTEXT(2) 
PARAMETRIC_REPRESENTATION_CONTEXT() REPRESENTATION_CONTEXT('2D SPACE',''
  ) );
#1802 = PCURVE('',#1432,#1803);
#1803 = DEFINITIONAL_REPRESENTATION('',(#1804),#1808);
#1804 = CIRCLE('',#1805,6.);
#1805 = AXIS2_PLACEMENT_2D('',#1806,#1807);
#1806 = CARTESIAN_POINT('',(0.,0.));
#1807 = DIRECTION('',(1.,0.));
#1808 = ( GEOMETRIC_REPRESENTATION_CONTEXT(2) 
PARAMETRIC_REPRESENTATION_CONTEXT() REPRESENTATION_CONTEXT('2D SPACE',''
  ) );
#1809 = ORIENTED_EDGE('',*,*,#1392,.F.);
#1810 = ORIENTED_EDGE('',*,*,#1360,.T.);
#1811 = ADVANCED_FACE('',(#1812),#1530,.T.);
#1812 = FACE_BOUND('',#1813,.T.);
#1813 = EDGE_LOOP('',(#1814,#1815));
#1814 = ORIENTED_EDGE('',*,*,#1513,.T.);
#1815 = ORIENTED_EDGE('',*,*,#1816,.F.);
#1816 = EDGE_CURVE('',#1514,#1477,#1817,.T.);
#1817 = SURFACE_CURVE('',#1818,(#1823,#1830),.PCURVE_S1.);
#1818 = ELLIPSE('',#1819,162.05547589365,10.);
#1819 = AXIS2_PLACEMENT_3D('',#1820,#1821,#1822);
#1820 = CARTESIAN_POINT('',(1.026045615746E+03,-54.98665852717,
    -358.9281693511));
#1821 = DIRECTION('',(-5.398686039054E-03,6.170726379257E-02,
    -0.998079690097));
#1822 = DIRECTION('',(-3.337742201024E-04,-0.998094290934,
    -6.170636109459E-02));
#1823 = PCURVE('',#1530,#1824);
#1824 = DEFINITIONAL_REPRESENTATION('',(#1825),#1829);
#1825 = ELLIPSE('',#1826,162.05547589365,10.);
#1826 = AXIS2_PLACEMENT_2D('',#1827,#1828);
#1827 = CARTESIAN_POINT('',(145.57197266467,4.858888243773E-02));
#1828 = DIRECTION('',(0.999999944296,3.337790842689E-04));
#1829 = ( GEOMETRIC_REPRESENTATION_CONTEXT(2) 
PARAMETRIC_REPRESENTATION_CONTEXT() REPRESENTATION_CONTEXT('2D SPACE',''
  ) );
#1830 = PCURVE('',#1498,#1831);
#1831 = DEFINITIONAL_REPRESENTATION('',(#1832),#1839);
#1832 = B_SPLINE_CURVE_WITH_KNOTS('',5,(#1833,#1834,#1835,#1836,#1837,
    #1838),.UNSPECIFIED.,.F.,.F.,(6,6),(3.510752140154,3.655549848132),
  .PIECEWISE_BEZIER_KNOTS.);
#1833 = CARTESIAN_POINT('',(-0.374568506948,-10.0000006));
#1834 = CARTESIAN_POINT('',(-0.403528048543,-8.309825831262));
#1835 = CARTESIAN_POINT('',(-0.432487590139,-6.461512285419));
#1836 = CARTESIAN_POINT('',(-0.461447131735,-4.458012761883));
#1837 = CARTESIAN_POINT('',(-0.49040667333,-2.302833874963));
#1838 = CARTESIAN_POINT('',(-0.519366214926,5.999997938488E-07));
#1839 = ( GEOMETRIC_REPRESENTATION_CONTEXT(2) 
PARAMETRIC_REPRESENTATION_CONTEXT() REPRESENTATION_CONTEXT('2D SPACE',''
  ) );
#1840 = ADVANCED_FACE('',(#1841),#1626,.T.);
#1841 = FACE_BOUND('',#1842,.T.);
#1842 = EDGE_LOOP('',(#1843,#1862));
#1843 = ORIENTED_EDGE('',*,*,#1844,.T.);
#1844 = EDGE_CURVE('',#1578,#1610,#1845,.T.);
#1845 = SURFACE_CURVE('',#1846,(#1850,#1856),.PCURVE_S1.);
#1846 = LINE('',#1847,#1848);
#1847 = CARTESIAN_POINT('',(1.026096061699E+03,95.86326977711,
    -349.6019962314));
#1848 = VECTOR('',#1849,1.);
#1849 = DIRECTION('',(-0.999985371285,0.,5.408994007972E-03));
#1850 = PCURVE('',#1626,#1851);
#1851 = DEFINITIONAL_REPRESENTATION('',(#1852),#1855);
#1852 = B_SPLINE_CURVE_WITH_KNOTS('',1,(#1853,#1854),.UNSPECIFIED.,.F.,
  .F.,(2,2),(-5.998142528918,6.001858139533),.PIECEWISE_BEZIER_KNOTS.);
#1853 = CARTESIAN_POINT('',(-5.563970133815,-6.));
#1854 = CARTESIAN_POINT('',(-5.567975483049,6.));
#1855 = ( GEOMETRIC_REPRESENTATION_CONTEXT(2) 
PARAMETRIC_REPRESENTATION_CONTEXT() REPRESENTATION_CONTEXT('2D SPACE',''
  ) );
#1856 = PCURVE('',#1597,#1857);
#1857 = DEFINITIONAL_REPRESENTATION('',(#1858),#1861);
#1858 = B_SPLINE_CURVE_WITH_KNOTS('',1,(#1859,#1860),.UNSPECIFIED.,.F.,
  .F.,(2,2),(-5.998142528918,6.001858139533),.PIECEWISE_BEZIER_KNOTS.);
#1859 = CARTESIAN_POINT('',(9.293729202704,6.048500736281));
#1860 = CARTESIAN_POINT('',(9.358637134415,-5.951324387579));
#1861 = ( GEOMETRIC_REPRESENTATION_CONTEXT(2) 
PARAMETRIC_REPRESENTATION_CONTEXT() REPRESENTATION_CONTEXT('2D SPACE',''
  ) );
#1862 = ORIENTED_EDGE('',*,*,#1609,.T.);
#1863 = ADVANCED_FACE('',(#1864,#1891),#1597,.T.);
#1864 = FACE_BOUND('',#1865,.T.);
#1865 = EDGE_LOOP('',(#1866,#1867,#1889,#1890));
#1866 = ORIENTED_EDGE('',*,*,#1577,.F.);
#1867 = ORIENTED_EDGE('',*,*,#1868,.T.);
#1868 = EDGE_CURVE('',#1543,#1639,#1869,.T.);
#1869 = SURFACE_CURVE('',#1870,(#1875,#1882),.PCURVE_S1.);
#1870 = CIRCLE('',#1871,10.);
#1871 = AXIS2_PLACEMENT_3D('',#1872,#1873,#1874);
#1872 = CARTESIAN_POINT('',(1.026045615746E+03,95.86326977711,
    -358.9281693511));
#1873 = DIRECTION('',(0.,1.,0.));
#1874 = DIRECTION('',(0.,-0.,1.));
#1875 = PCURVE('',#1597,#1876);
#1876 = DEFINITIONAL_REPRESENTATION('',(#1877),#1881);
#1877 = CIRCLE('',#1878,10.);
#1878 = AXIS2_PLACEMENT_2D('',#1879,#1880);
#1879 = CARTESIAN_POINT('',(0.,-2.273736754432E-13));
#1880 = DIRECTION('',(1.,0.));
#1881 = ( GEOMETRIC_REPRESENTATION_CONTEXT(2) 
PARAMETRIC_REPRESENTATION_CONTEXT() REPRESENTATION_CONTEXT('2D SPACE',''
  ) );
#1882 = PCURVE('',#1498,#1883);
#1883 = DEFINITIONAL_REPRESENTATION('',(#1884),#1888);
#1884 = LINE('',#1885,#1886);
#1885 = CARTESIAN_POINT('',(-0.,-10.));
#1886 = VECTOR('',#1887,1.);
#1887 = DIRECTION('',(-1.,0.));
#1888 = ( GEOMETRIC_REPRESENTATION_CONTEXT(2) 
PARAMETRIC_REPRESENTATION_CONTEXT() REPRESENTATION_CONTEXT('2D SPACE',''
  ) );
#1889 = ORIENTED_EDGE('',*,*,#1638,.F.);
#1890 = ORIENTED_EDGE('',*,*,#1844,.F.);
#1891 = FACE_BOUND('',#1892,.T.);
#1892 = EDGE_LOOP('',(#1893));
#1893 = ORIENTED_EDGE('',*,*,#1894,.F.);
#1894 = EDGE_CURVE('',#1895,#1895,#1897,.T.);
#1895 = VERTEX_POINT('',#1896);
#1896 = CARTESIAN_POINT('',(1.026045615746E+03,95.86326977711,
    -354.8281693511));
#1897 = SURFACE_CURVE('',#1898,(#1903,#1910),.PCURVE_S1.);
#1898 = CIRCLE('',#1899,4.1);
#1899 = AXIS2_PLACEMENT_3D('',#1900,#1901,#1902);
#1900 = CARTESIAN_POINT('',(1.026045615746E+03,95.86326977711,
    -358.9281693511));
#1901 = DIRECTION('',(0.,1.,0.));
#1902 = DIRECTION('',(0.,-0.,1.));
#1903 = PCURVE('',#1597,#1904);
#1904 = DEFINITIONAL_REPRESENTATION('',(#1905),#1909);
#1905 = CIRCLE('',#1906,4.1);
#1906 = AXIS2_PLACEMENT_2D('',#1907,#1908);
#1907 = CARTESIAN_POINT('',(0.,-2.273736754432E-13));
#1908 = DIRECTION('',(1.,0.));
#1909 = ( GEOMETRIC_REPRESENTATION_CONTEXT(2) 
PARAMETRIC_REPRESENTATION_CONTEXT() REPRESENTATION_CONTEXT('2D SPACE',''
  ) );
#1910 = PCURVE('',#1911,#1916);
#1911 = CYLINDRICAL_SURFACE('',#1912,4.1);
#1912 = AXIS2_PLACEMENT_3D('',#1913,#1914,#1915);
#1913 = CARTESIAN_POINT('',(1.026045615746E+03,85.86326977711,
    -358.9281693511));
#1914 = DIRECTION('',(-0.,-1.,-0.));
#1915 = DIRECTION('',(0.,-0.,1.));
#1916 = DEFINITIONAL_REPRESENTATION('',(#1917),#1921);
#1917 = LINE('',#1918,#1919);
#1918 = CARTESIAN_POINT('',(-0.,-10.));
#1919 = VECTOR('',#1920,1.);
#1920 = DIRECTION('',(-1.,0.));
#1921 = ( GEOMETRIC_REPRESENTATION_CONTEXT(2) 
PARAMETRIC_REPRESENTATION_CONTEXT() REPRESENTATION_CONTEXT('2D SPACE',''
  ) );
#1922 = ADVANCED_FACE('',(#1923),#1911,.F.);
#1923 = FACE_BOUND('',#1924,.T.);
#1924 = EDGE_LOOP('',(#1925,#1948,#1949,#1950));
#1925 = ORIENTED_EDGE('',*,*,#1926,.T.);
#1926 = EDGE_CURVE('',#1927,#1895,#1929,.T.);
#1927 = VERTEX_POINT('',#1928);
#1928 = CARTESIAN_POINT('',(1.026045615746E+03,85.86326977711,
    -354.8281693511));
#1929 = SEAM_CURVE('',#1930,(#1934,#1941),.PCURVE_S1.);
#1930 = LINE('',#1931,#1932);
#1931 = CARTESIAN_POINT('',(1.026045615746E+03,85.86326977711,
    -354.8281693511));
#1932 = VECTOR('',#1933,1.);
#1933 = DIRECTION('',(0.,1.,0.));
#1934 = PCURVE('',#1911,#1935);
#1935 = DEFINITIONAL_REPRESENTATION('',(#1936),#1940);
#1936 = LINE('',#1937,#1938);
#1937 = CARTESIAN_POINT('',(-0.,0.));
#1938 = VECTOR('',#1939,1.);
#1939 = DIRECTION('',(-0.,-1.));
#1940 = ( GEOMETRIC_REPRESENTATION_CONTEXT(2) 
PARAMETRIC_REPRESENTATION_CONTEXT() REPRESENTATION_CONTEXT('2D SPACE',''
  ) );
#1941 = PCURVE('',#1911,#1942);
#1942 = DEFINITIONAL_REPRESENTATION('',(#1943),#1947);
#1943 = LINE('',#1944,#1945);
#1944 = CARTESIAN_POINT('',(-6.28318530718,0.));
#1945 = VECTOR('',#1946,1.);
#1946 = DIRECTION('',(-0.,-1.));
#1947 = ( GEOMETRIC_REPRESENTATION_CONTEXT(2) 
PARAMETRIC_REPRESENTATION_CONTEXT() REPRESENTATION_CONTEXT('2D SPACE',''
  ) );
#1948 = ORIENTED_EDGE('',*,*,#1894,.T.);
#1949 = ORIENTED_EDGE('',*,*,#1926,.F.);
#1950 = ORIENTED_EDGE('',*,*,#1951,.F.);
#1951 = EDGE_CURVE('',#1927,#1927,#1952,.T.);
#1952 = SURFACE_CURVE('',#1953,(#1958,#1965),.PCURVE_S1.);
#1953 = CIRCLE('',#1954,4.1);
#1954 = AXIS2_PLACEMENT_3D('',#1955,#1956,#1957);
#1955 = CARTESIAN_POINT('',(1.026045615746E+03,85.86326977711,
    -358.9281693511));
#1956 = DIRECTION('',(0.,1.,0.));
#1957 = DIRECTION('',(0.,-0.,1.));
#1958 = PCURVE('',#1911,#1959);
#1959 = DEFINITIONAL_REPRESENTATION('',(#1960),#1964);
#1960 = LINE('',#1961,#1962);
#1961 = CARTESIAN_POINT('',(-0.,0.));
#1962 = VECTOR('',#1963,1.);
#1963 = DIRECTION('',(-1.,0.));
#1964 = ( GEOMETRIC_REPRESENTATION_CONTEXT(2) 
PARAMETRIC_REPRESENTATION_CONTEXT() REPRESENTATION_CONTEXT('2D SPACE',''
  ) );
#1965 = PCURVE('',#1464,#1966);
#1966 = DEFINITIONAL_REPRESENTATION('',(#1967),#1971);
#1967 = CIRCLE('',#1968,4.1);
#1968 = AXIS2_PLACEMENT_2D('',#1969,#1970);
#1969 = CARTESIAN_POINT('',(0.,-2.273736754432E-13));
#1970 = DIRECTION('',(1.,0.));
#1971 = ( GEOMETRIC_REPRESENTATION_CONTEXT(2) 
PARAMETRIC_REPRESENTATION_CONTEXT() REPRESENTATION_CONTEXT('2D SPACE',''
  ) );
#1972 = ADVANCED_FACE('',(#1973),#1717,.T.);
#1973 = FACE_BOUND('',#1974,.T.);
#1974 = EDGE_LOOP('',(#1975,#2000));
#1975 = ORIENTED_EDGE('',*,*,#1976,.F.);
#1976 = EDGE_CURVE('',#1701,#1666,#1977,.T.);
#1977 = SURFACE_CURVE('',#1978,(#1983,#1990),.PCURVE_S1.);
#1978 = ELLIPSE('',#1979,162.05547589365,10.);
#1979 = AXIS2_PLACEMENT_3D('',#1980,#1981,#1982);
#1980 = CARTESIAN_POINT('',(1.026045615746E+03,-54.98665852717,
    -358.9281693511));
#1981 = DIRECTION('',(-5.398686039054E-03,6.170726379257E-02,
    -0.998079690097));
#1982 = DIRECTION('',(-3.337742201024E-04,-0.998094290934,
    -6.170636109459E-02));
#1983 = PCURVE('',#1717,#1984);
#1984 = DEFINITIONAL_REPRESENTATION('',(#1985),#1989);
#1985 = ELLIPSE('',#1986,162.05547589365,10.);
#1986 = AXIS2_PLACEMENT_2D('',#1987,#1988);
#1987 = CARTESIAN_POINT('',(145.57197266467,4.858888243773E-02));
#1988 = DIRECTION('',(0.999999944296,3.337790842689E-04));
#1989 = ( GEOMETRIC_REPRESENTATION_CONTEXT(2) 
PARAMETRIC_REPRESENTATION_CONTEXT() REPRESENTATION_CONTEXT('2D SPACE',''
  ) );
#1990 = PCURVE('',#1498,#1991);
#1991 = DEFINITIONAL_REPRESENTATION('',(#1992),#1999);
#1992 = B_SPLINE_CURVE_WITH_KNOTS('',5,(#1993,#1994,#1995,#1996,#1997,
    #1998),.UNSPECIFIED.,.F.,.F.,(6,6),(2.627635459047,2.772433167026),
  .PIECEWISE_BEZIER_KNOTS.);
#1993 = CARTESIAN_POINT('',(-5.774637133021,5.999993391015E-07));
#1994 = CARTESIAN_POINT('',(-5.803596674617,-2.302833874963));
#1995 = CARTESIAN_POINT('',(-5.832556216212,-4.458012761883));
#1996 = CARTESIAN_POINT('',(-5.861515757808,-6.461512285419));
#1997 = CARTESIAN_POINT('',(-5.890475299404,-8.309825831262));
#1998 = CARTESIAN_POINT('',(-5.919434840999,-10.0000006));
#1999 = ( GEOMETRIC_REPRESENTATION_CONTEXT(2) 
PARAMETRIC_REPRESENTATION_CONTEXT() REPRESENTATION_CONTEXT('2D SPACE',''
  ) );
#2000 = ORIENTED_EDGE('',*,*,#1700,.T.);
#2001 = ADVANCED_FACE('',(#2002),#1498,.T.);
#2002 = FACE_BOUND('',#2003,.F.);
#2003 = EDGE_LOOP('',(#2004,#2026,#2027,#2028,#2029,#2030,#2031,#2032));
#2004 = ORIENTED_EDGE('',*,*,#2005,.F.);
#2005 = EDGE_CURVE('',#1445,#1730,#2006,.T.);
#2006 = SURFACE_CURVE('',#2007,(#2012,#2019),.PCURVE_S1.);
#2007 = CIRCLE('',#2008,10.);
#2008 = AXIS2_PLACEMENT_3D('',#2009,#2010,#2011);
#2009 = CARTESIAN_POINT('',(1.026045615746E+03,85.86326977711,
    -358.9281693511));
#2010 = DIRECTION('',(0.,1.,0.));
#2011 = DIRECTION('',(0.,-0.,1.));
#2012 = PCURVE('',#1498,#2013);
#2013 = DEFINITIONAL_REPRESENTATION('',(#2014),#2018);
#2014 = LINE('',#2015,#2016);
#2015 = CARTESIAN_POINT('',(-0.,0.));
#2016 = VECTOR('',#2017,1.);
#2017 = DIRECTION('',(-1.,0.));
#2018 = ( GEOMETRIC_REPRESENTATION_CONTEXT(2) 
PARAMETRIC_REPRESENTATION_CONTEXT() REPRESENTATION_CONTEXT('2D SPACE',''
  ) );
#2019 = PCURVE('',#1464,#2020);
#2020 = DEFINITIONAL_REPRESENTATION('',(#2021),#2025);
#2021 = CIRCLE('',#2022,10.);
#2022 = AXIS2_PLACEMENT_2D('',#2023,#2024);
#2023 = CARTESIAN_POINT('',(0.,-2.273736754432E-13));
#2024 = DIRECTION('',(1.,0.));
#2025 = ( GEOMETRIC_REPRESENTATION_CONTEXT(2) 
PARAMETRIC_REPRESENTATION_CONTEXT() REPRESENTATION_CONTEXT('2D SPACE',''
  ) );
#2026 = ORIENTED_EDGE('',*,*,#1476,.F.);
#2027 = ORIENTED_EDGE('',*,*,#1816,.F.);
#2028 = ORIENTED_EDGE('',*,*,#1542,.F.);
#2029 = ORIENTED_EDGE('',*,*,#1868,.T.);
#2030 = ORIENTED_EDGE('',*,*,#1665,.F.);
#2031 = ORIENTED_EDGE('',*,*,#1976,.F.);
#2032 = ORIENTED_EDGE('',*,*,#1729,.F.);
#2033 = ADVANCED_FACE('',(#2034,#2058),#1464,.F.);
#2034 = FACE_BOUND('',#2035,.F.);
#2035 = EDGE_LOOP('',(#2036,#2037,#2038,#2039));
#2036 = ORIENTED_EDGE('',*,*,#1444,.F.);
#2037 = ORIENTED_EDGE('',*,*,#2005,.T.);
#2038 = ORIENTED_EDGE('',*,*,#1761,.F.);
#2039 = ORIENTED_EDGE('',*,*,#2040,.F.);
#2040 = EDGE_CURVE('',#1416,#1762,#2041,.T.);
#2041 = SURFACE_CURVE('',#2042,(#2046,#2052),.PCURVE_S1.);
#2042 = LINE('',#2043,#2044);
#2043 = CARTESIAN_POINT('',(1.026092717583E+03,85.86326977711,
    -350.2202380314));
#2044 = VECTOR('',#2045,1.);
#2045 = DIRECTION('',(-0.999985371285,0.,5.408994007972E-03));
#2046 = PCURVE('',#1464,#2047);
#2047 = DEFINITIONAL_REPRESENTATION('',(#2048),#2051);
#2048 = B_SPLINE_CURVE_WITH_KNOTS('',1,(#2049,#2050),.UNSPECIFIED.,.F.,
  .F.,(2,2),(-6.001486692951,5.9985139755),.PIECEWISE_BEZIER_KNOTS.);
#2049 = CARTESIAN_POINT('',(8.675469314191,6.048500736281));
#2050 = CARTESIAN_POINT('',(8.740377245903,-5.951324387579));
#2051 = ( GEOMETRIC_REPRESENTATION_CONTEXT(2) 
PARAMETRIC_REPRESENTATION_CONTEXT() REPRESENTATION_CONTEXT('2D SPACE',''
  ) );
#2052 = PCURVE('',#1432,#2053);
#2053 = DEFINITIONAL_REPRESENTATION('',(#2054),#2057);
#2054 = B_SPLINE_CURVE_WITH_KNOTS('',1,(#2055,#2056),.UNSPECIFIED.,.F.,
  .F.,(2,2),(-6.001486692951,5.9985139755),.PIECEWISE_BEZIER_KNOTS.);
#2055 = CARTESIAN_POINT('',(4.455123901563,-6.));
#2056 = CARTESIAN_POINT('',(4.451118552328,6.));
#2057 = ( GEOMETRIC_REPRESENTATION_CONTEXT(2) 
PARAMETRIC_REPRESENTATION_CONTEXT() REPRESENTATION_CONTEXT('2D SPACE',''
  ) );
#2058 = FACE_BOUND('',#2059,.F.);
#2059 = EDGE_LOOP('',(#2060));
#2060 = ORIENTED_EDGE('',*,*,#1951,.F.);
#2061 = ADVANCED_FACE('',(#2062),#1432,.T.);
#2062 = FACE_BOUND('',#2063,.T.);
#2063 = EDGE_LOOP('',(#2064,#2065,#2066));
#2064 = ORIENTED_EDGE('',*,*,#1415,.T.);
#2065 = ORIENTED_EDGE('',*,*,#1788,.T.);
#2066 = ORIENTED_EDGE('',*,*,#2040,.F.);
#2067 = ADVANCED_FACE('',(#2068,#2074),#45,.F.);
#2068 = FACE_BOUND('',#2069,.F.);
#2069 = EDGE_LOOP('',(#2070,#2071,#2072,#2073));
#2070 = ORIENTED_EDGE('',*,*,#21,.T.);
#2071 = ORIENTED_EDGE('',*,*,#650,.F.);
#2072 = ORIENTED_EDGE('',*,*,#705,.T.);
#2073 = ORIENTED_EDGE('',*,*,#616,.F.);
#2074 = FACE_BOUND('',#2075,.F.);
#2075 = EDGE_LOOP('',(#2076));
#2076 = ORIENTED_EDGE('',*,*,#458,.F.);
#2077 = ( GEOMETRIC_REPRESENTATION_CONTEXT(3) 
GLOBAL_UNCERTAINTY_ASSIGNED_CONTEXT((#2081)) 
GLOBAL_UNIT_ASSIGNED_CONTEXT((#2078,#2079,#2080)) REPRESENTATION_CONTEXT
('Context #1','3D Context with UNIT and UNCERTAINTY') );
#2078 = ( LENGTH_UNIT() NAMED_UNIT(*) SI_UNIT(.MILLI.,.METRE.) );
#2079 = ( NAMED_UNIT(*) PLANE_ANGLE_UNIT() SI_UNIT($,.RADIAN.) );
#2080 = ( NAMED_UNIT(*) SI_UNIT($,.STERADIAN.) SOLID_ANGLE_UNIT() );
#2081 = UNCERTAINTY_MEASURE_WITH_UNIT(LENGTH_MEASURE(1.E-07),#2078,
  'distance_accuracy_value','confusion accuracy');
#2082 = PRODUCT_RELATED_PRODUCT_CATEGORY('part',$,(#7));
#2083 = MECHANICAL_DESIGN_GEOMETRIC_PRESENTATION_REPRESENTATION('',(
    #2084),#2077);
#2084 = STYLED_ITEM('color',(#2085),#15);
#2085 = PRESENTATION_STYLE_ASSIGNMENT((#2086));
#2086 = SURFACE_STYLE_USAGE(.BOTH.,#2087);
#2087 = SURFACE_SIDE_STYLE('',(#2088));
#2088 = SURFACE_STYLE_FILL_AREA(#2089);
#2089 = FILL_AREA_STYLE('',(#2090));
#2090 = FILL_AREA_STYLE_COLOUR('',#2091);
#2091 = COLOUR_RGB('',0.88082502109,0.88082502109,0.854305825093);
ENDSEC;
END-ISO-10303-21;
