ISO-10303-21;
HEADER;
FILE_DESCRIPTION(('Open CASCADE Model'),'2;1');
FILE_NAME('Open CASCADE Shape Model','2026-10-01T11:13:23',('Author'),(
    'Open CASCADE'),'Open CASCADE STEP processor 7.9','Open CASCADE 7.9'
  ,'Unknown');
FILE_SCHEMA(('AUTOMOTIVE_DESIGN { 1 0 10303 214 1 1 1 1 }'));
ENDSEC;
DATA;
#1 = APPLICATION_PROTOCOL_DEFINITION('international standard',
  'automotive_design',2000,#2);
#2 = APPLICATION_CONTEXT(
  'core data for automotive mechanical design processes');
#3 = SHAPE_DEFINITION_REPRESENTATION(#4,#10);
#4 = PRODUCT_DEFINITION_SHAPE('','',#5);
#5 = PRODUCT_DEFINITION('design','',#6,#9);
#6 = PRODUCT_DEFINITION_FORMATION('','',#7);
#7 = PRODUCT('S07-STR-12_Steering_knuckle_right',
  'S07-STR-12_Steering_knuckle_right','',(#8));
#8 = PRODUCT_CONTEXT('',#2,'mechanical');
#9 = PRODUCT_DEFINITION_CONTEXT('part definition',#2,'design');
#10 = ADVANCED_BREP_SHAPE_REPRESENTATION('',(#11,#15),#3439);
#11 = AXIS2_PLACEMENT_3D('',#12,#13,#14);
#12 = CARTESIAN_POINT('',(0.,0.,0.));
#13 = DIRECTION('',(0.,0.,1.));
#14 = DIRECTION('',(1.,0.,-0.));
#15 = MANIFOLD_SOLID_BREP('',#16);
#16 = CLOSED_SHELL('',(#17,#861,#896,#926,#1029,#1034,#1139,#1209,#1214,
    #1576,#1625,#1930,#1979,#2052,#2885,#2912,#2961,#2999,#3026,#3053,
    #3080,#3107,#3134,#3161,#3188,#3215,#3242,#3249,#3276,#3283,#3290,
    #3345,#3380,#3435));
#17 = ADVANCED_FACE('',(#18,#105),#31,.T.);
#18 = FACE_BOUND('',#19,.F.);
#19 = EDGE_LOOP('',(#20,#54,#77,#104));
#20 = ORIENTED_EDGE('',*,*,#21,.F.);
#21 = EDGE_CURVE('',#22,#22,#24,.T.);
#22 = VERTEX_POINT('',#23);
#23 = CARTESIAN_POINT('',(1.205539332932E+03,80.53798319206,380.5));
#24 = SURFACE_CURVE('',#25,(#30,#42),.PCURVE_S1.);
#25 = CIRCLE('',#26,16.);
#26 = AXIS2_PLACEMENT_3D('',#27,#28,#29);
#27 = CARTESIAN_POINT('',(1.189782408883E+03,77.75961234939,380.5));
#28 = DIRECTION('',(-0.173648177667,0.984807753012,0.));
#29 = DIRECTION('',(0.984807753012,0.173648177667,0.));
#30 = PCURVE('',#31,#36);
#31 = CYLINDRICAL_SURFACE('',#32,16.);
#32 = AXIS2_PLACEMENT_3D('',#33,#34,#35);
#33 = CARTESIAN_POINT('',(1.189782408883E+03,77.75961234939,380.5));
#34 = DIRECTION('',(0.173648177667,-0.984807753012,-0.));
#35 = DIRECTION('',(0.984807753012,0.173648177667,0.));
#36 = DEFINITIONAL_REPRESENTATION('',(#37),#41);
#37 = LINE('',#38,#39);
#38 = CARTESIAN_POINT('',(-0.,0.));
#39 = VECTOR('',#40,1.);
#40 = DIRECTION('',(-1.,0.));
#41 = ( GEOMETRIC_REPRESENTATION_CONTEXT(2) 
PARAMETRIC_REPRESENTATION_CONTEXT() REPRESENTATION_CONTEXT('2D SPACE',''
  ) );
#42 = PCURVE('',#43,#48);
#43 = PLANE('',#44);
#44 = AXIS2_PLACEMENT_3D('',#45,#46,#47);
#45 = CARTESIAN_POINT('',(1.189782408883E+03,77.75961234939,380.5));
#46 = DIRECTION('',(-0.173648177667,0.984807753012,0.));
#47 = DIRECTION('',(0.984807753012,0.173648177667,0.));
#48 = DEFINITIONAL_REPRESENTATION('',(#49),#53);
#49 = CIRCLE('',#50,16.);
#50 = AXIS2_PLACEMENT_2D('',#51,#52);
#51 = CARTESIAN_POINT('',(0.,0.));
#52 = DIRECTION('',(1.,0.));
#53 = ( GEOMETRIC_REPRESENTATION_CONTEXT(2) 
PARAMETRIC_REPRESENTATION_CONTEXT() REPRESENTATION_CONTEXT('2D SPACE',''
  ) );
#54 = ORIENTED_EDGE('',*,*,#55,.T.);
#55 = EDGE_CURVE('',#22,#56,#58,.T.);
#56 = VERTEX_POINT('',#57);
#57 = CARTESIAN_POINT('',(1.188174515165E+03,179.01875849328,380.5));
#58 = SEAM_CURVE('',#59,(#63,#70),.PCURVE_S1.);
#59 = LINE('',#60,#61);
#60 = CARTESIAN_POINT('',(1.205539332932E+03,80.53798319206,380.5));
#61 = VECTOR('',#62,1.);
#62 = DIRECTION('',(-0.173648177667,0.984807753012,0.));
#63 = PCURVE('',#31,#64);
#64 = DEFINITIONAL_REPRESENTATION('',(#65),#69);
#65 = LINE('',#66,#67);
#66 = CARTESIAN_POINT('',(-0.,0.));
#67 = VECTOR('',#68,1.);
#68 = DIRECTION('',(-0.,-1.));
#69 = ( GEOMETRIC_REPRESENTATION_CONTEXT(2) 
PARAMETRIC_REPRESENTATION_CONTEXT() REPRESENTATION_CONTEXT('2D SPACE',''
  ) );
#70 = PCURVE('',#31,#71);
#71 = DEFINITIONAL_REPRESENTATION('',(#72),#76);
#72 = LINE('',#73,#74);
#73 = CARTESIAN_POINT('',(-6.28318530718,0.));
#74 = VECTOR('',#75,1.);
#75 = DIRECTION('',(-0.,-1.));
#76 = ( GEOMETRIC_REPRESENTATION_CONTEXT(2) 
PARAMETRIC_REPRESENTATION_CONTEXT() REPRESENTATION_CONTEXT('2D SPACE',''
  ) );
#77 = ORIENTED_EDGE('',*,*,#78,.T.);
#78 = EDGE_CURVE('',#56,#56,#79,.T.);
#79 = SURFACE_CURVE('',#80,(#85,#92),.PCURVE_S1.);
#80 = CIRCLE('',#81,16.);
#81 = AXIS2_PLACEMENT_3D('',#82,#83,#84);
#82 = CARTESIAN_POINT('',(1.172417591117E+03,176.24038765061,380.5));
#83 = DIRECTION('',(-0.173648177667,0.984807753012,0.));
#84 = DIRECTION('',(0.984807753012,0.173648177667,0.));
#85 = PCURVE('',#31,#86);
#86 = DEFINITIONAL_REPRESENTATION('',(#87),#91);
#87 = LINE('',#88,#89);
#88 = CARTESIAN_POINT('',(-0.,-100.));
#89 = VECTOR('',#90,1.);
#90 = DIRECTION('',(-1.,0.));
#91 = ( GEOMETRIC_REPRESENTATION_CONTEXT(2) 
PARAMETRIC_REPRESENTATION_CONTEXT() REPRESENTATION_CONTEXT('2D SPACE',''
  ) );
#92 = PCURVE('',#93,#98);
#93 = PLANE('',#94);
#94 = AXIS2_PLACEMENT_3D('',#95,#96,#97);
#95 = CARTESIAN_POINT('',(1.172417591117E+03,176.24038765061,380.5));
#96 = DIRECTION('',(-0.173648177667,0.984807753012,0.));
#97 = DIRECTION('',(0.984807753012,0.173648177667,0.));
#98 = DEFINITIONAL_REPRESENTATION('',(#99),#103);
#99 = CIRCLE('',#100,16.);
#100 = AXIS2_PLACEMENT_2D('',#101,#102);
#101 = CARTESIAN_POINT('',(0.,0.));
#102 = DIRECTION('',(1.,0.));
#103 = ( GEOMETRIC_REPRESENTATION_CONTEXT(2) 
PARAMETRIC_REPRESENTATION_CONTEXT() REPRESENTATION_CONTEXT('2D SPACE',''
  ) );
#104 = ORIENTED_EDGE('',*,*,#55,.F.);
#105 = FACE_BOUND('',#106,.F.);
#106 = EDGE_LOOP('',(#107,#135,#274,#295,#324,#350,#699,#720,#749,#775,
    #804,#830));
#107 = ORIENTED_EDGE('',*,*,#108,.F.);
#108 = EDGE_CURVE('',#109,#111,#113,.T.);
#109 = VERTEX_POINT('',#110);
#110 = CARTESIAN_POINT('',(1.190911772615E+03,125.0689075229,
    393.49999999985));
#111 = VERTEX_POINT('',#112);
#112 = CARTESIAN_POINT('',(1.198620787735E+03,81.348910230392,393.5));
#113 = SURFACE_CURVE('',#114,(#118,#124),.PCURVE_S1.);
#114 = LINE('',#115,#116);
#115 = CARTESIAN_POINT('',(1.19896808409E+03,79.379294724367,393.5));
#116 = VECTOR('',#117,1.);
#117 = DIRECTION('',(0.173648177667,-0.984807753012,-0.));
#118 = PCURVE('',#31,#119);
#119 = DEFINITIONAL_REPRESENTATION('',(#120),#123);
#120 = B_SPLINE_CURVE_WITH_KNOTS('',1,(#121,#122),.UNSPECIFIED.,.F.,.F.,
  (2,2),(-89.11762468954,5.99999975431E-07),.PIECEWISE_BEZIER_KNOTS.);
#121 = CARTESIAN_POINT('',(-5.33475746894,-89.11762468954));
#122 = CARTESIAN_POINT('',(-5.33475746894,5.999999880875E-07));
#123 = ( GEOMETRIC_REPRESENTATION_CONTEXT(2) 
PARAMETRIC_REPRESENTATION_CONTEXT() REPRESENTATION_CONTEXT('2D SPACE',''
  ) );
#124 = PCURVE('',#125,#130);
#125 = PLANE('',#126);
#126 = AXIS2_PLACEMENT_3D('',#127,#128,#129);
#127 = CARTESIAN_POINT('',(1.182662833599E+03,118.13673022289,393.5));
#128 = DIRECTION('',(0.,0.,1.));
#129 = DIRECTION('',(1.,0.,-0.));
#130 = DEFINITIONAL_REPRESENTATION('',(#131),#134);
#131 = B_SPLINE_CURVE_WITH_KNOTS('',1,(#132,#133),.UNSPECIFIED.,.F.,.F.,
  (2,2),(-89.11762468954,5.99999975431E-07),.PIECEWISE_BEZIER_KNOTS.);
#132 = CARTESIAN_POINT('',(0.830137365764,49.006292225776));
#133 = CARTESIAN_POINT('',(16.305250595299,-38.7574360894));
#134 = ( GEOMETRIC_REPRESENTATION_CONTEXT(2) 
PARAMETRIC_REPRESENTATION_CONTEXT() REPRESENTATION_CONTEXT('2D SPACE',''
  ) );
#135 = ORIENTED_EDGE('',*,*,#136,.F.);
#136 = EDGE_CURVE('',#137,#109,#139,.T.);
#137 = VERTEX_POINT('',#138);
#138 = CARTESIAN_POINT('',(1.189659577799E+03,132.17045722413,
    393.50000000002));
#139 = SURFACE_CURVE('',#140,(#167,#218),.PCURVE_S1.);
#140 = B_SPLINE_CURVE_WITH_KNOTS('',7,(#141,#142,#143,#144,#145,#146,
    #147,#148,#149,#150,#151,#152,#153,#154,#155,#156,#157,#158,#159,
    #160,#161,#162,#163,#164,#165,#166),.UNSPECIFIED.,.F.,.F.,(8,6,6,6,8
    ),(0.,1.518328343211E-02,6.565731808931E-02,9.656184314162E-02,
    0.131173393019),.UNSPECIFIED.);
#141 = CARTESIAN_POINT('',(1.189659577799E+03,132.17045722403,
    393.50000000017));
#142 = CARTESIAN_POINT('',(1.189722613688E+03,132.06610270111,
    393.46846107515));
#143 = CARTESIAN_POINT('',(1.18978413482E+03,131.96090203672,
    393.43783520996));
#144 = CARTESIAN_POINT('',(1.18984413737E+03,131.8548673989,
    393.40815616638));
#145 = CARTESIAN_POINT('',(1.189902617021E+03,131.74801015014,
    393.37945706265));
#146 = CARTESIAN_POINT('',(1.189959568898E+03,131.64034086095,
    393.35177033177));
#147 = CARTESIAN_POINT('',(1.190014987504E+03,131.53186932297,
    393.3251276744));
#148 = CARTESIAN_POINT('',(1.190247977945E+03,131.05937394806,
    393.21456499396));
#149 = CARTESIAN_POINT('',(1.190410121433E+03,130.68728588451,
    393.14142852202));
#150 = CARTESIAN_POINT('',(1.19055464508E+03,130.30749535554,
    393.08149093836));
#151 = CARTESIAN_POINT('',(1.190681092457E+03,129.92108104196,
    393.03581497574));
#152 = CARTESIAN_POINT('',(1.190789119852E+03,129.52905957128,
    393.00513854584));
#153 = CARTESIAN_POINT('',(1.190878448434E+03,129.13240687638,
    392.98985156245));
#154 = CARTESIAN_POINT('',(1.190991958278E+03,128.48697635619,
    392.99008571731));
#155 = CARTESIAN_POINT('',(1.191027942078E+03,128.2406493689,
    392.9959598464));
#156 = CARTESIAN_POINT('',(1.191056761957E+03,127.99336087405,
    393.00761652354));
#157 = CARTESIAN_POINT('',(1.19107838744E+03,127.74537442948,
    393.02499827127));
#158 = CARTESIAN_POINT('',(1.191092800909E+03,127.49696251352,
    393.04799435194));
#159 = CARTESIAN_POINT('',(1.1911E+03,127.24840706109,393.07644232713));
#160 = CARTESIAN_POINT('',(1.1911E+03,126.72179629453,393.14785772702));
#161 = CARTESIAN_POINT('',(1.191090970462E+03,126.44411629087,
    393.19211179468));
#162 = CARTESIAN_POINT('',(1.191072972165E+03,126.16709896999,
    393.24260270868));
#163 = CARTESIAN_POINT('',(1.191046042131E+03,125.89089571888,
    393.29900609608));
#164 = CARTESIAN_POINT('',(1.19101019833E+03,125.61567214236,
    393.36096627016));
#165 = CARTESIAN_POINT('',(1.19096544415E+03,125.34160975069,
    393.42809998532));
#166 = CARTESIAN_POINT('',(1.190911772615E+03,125.06890752278,
    393.49999999929));
#167 = PCURVE('',#31,#168);
#168 = DEFINITIONAL_REPRESENTATION('',(#169),#217);
#169 = B_SPLINE_CURVE_WITH_KNOTS('',3,(#170,#171,#172,#173,#174,#175,
    #176,#177,#178,#179,#180,#181,#182,#183,#184,#185,#186,#187,#188,
    #189,#190,#191,#192,#193,#194,#195,#196,#197,#198,#199,#200,#201,
    #202,#203,#204,#205,#206,#207,#208,#209,#210,#211,#212,#213,#214,
    #215,#216),.UNSPECIFIED.,.F.,.F.,(4,1,1,1,1,1,1,1,1,1,1,1,1,1,1,1,1,
    1,1,1,1,1,1,1,1,1,1,1,1,1,1,1,1,1,1,1,1,1,1,1,1,1,1,1,4),(0.,
    2.981213477712E-03,5.962426955424E-03,8.943640433135E-03,
    1.192485391085E-02,1.490606738856E-02,1.788728086627E-02,
    2.086849434398E-02,2.384970782169E-02,2.683092129941E-02,
    2.981213477712E-02,3.279334825483E-02,3.577456173254E-02,
    3.875577521025E-02,4.173698868796E-02,4.471820216568E-02,
    4.769941564339E-02,5.06806291211E-02,5.366184259881E-02,
    5.664305607652E-02,5.962426955424E-02,6.260548303195E-02,
    6.558669650966E-02,6.856790998737E-02,7.154912346508E-02,
    7.453033694279E-02,7.751155042051E-02,8.049276389822E-02,
    8.347397737593E-02,8.645519085364E-02,8.943640433135E-02,
    9.241761780907E-02,9.539883128678E-02,9.838004476449E-02,
    0.101361258242,0.10434247172,0.107323685198,0.110304898675,
    0.113286112153,0.116267325631,0.119248539108,0.122229752586,
    0.125210966064,0.128192179542,0.131173393019),
  .QUASI_UNIFORM_KNOTS.);
#170 = CARTESIAN_POINT('',(-5.334757468937,-53.60555127453));
#171 = CARTESIAN_POINT('',(-5.336306608811,-53.55345300233));
#172 = CARTESIAN_POINT('',(-5.339342029722,-53.44894895072));
#173 = CARTESIAN_POINT('',(-5.343704542849,-53.2912890163));
#174 = CARTESIAN_POINT('',(-5.347874404347,-53.13274443867));
#175 = CARTESIAN_POINT('',(-5.351849551641,-52.97333250967));
#176 = CARTESIAN_POINT('',(-5.355627832618,-52.81307257419));
#177 = CARTESIAN_POINT('',(-5.359207289857,-52.65197270991));
#178 = CARTESIAN_POINT('',(-5.362585234292,-52.49007225301));
#179 = CARTESIAN_POINT('',(-5.365758756072,-52.32742753155));
#180 = CARTESIAN_POINT('',(-5.36872522869,-52.16408912532));
#181 = CARTESIAN_POINT('',(-5.371482174162,-52.00010791696));
#182 = CARTESIAN_POINT('',(-5.374027297182,-51.83553353666));
#183 = CARTESIAN_POINT('',(-5.376358474203,-51.67041484521));
#184 = CARTESIAN_POINT('',(-5.378473754763,-51.50479987123));
#185 = CARTESIAN_POINT('',(-5.380371359689,-51.33873589445));
#186 = CARTESIAN_POINT('',(-5.382049680245,-51.1722694919));
#187 = CARTESIAN_POINT('',(-5.383507277148,-51.00544658748));
#188 = CARTESIAN_POINT('',(-5.384742879685,-50.83831252634));
#189 = CARTESIAN_POINT('',(-5.385755384889,-50.67091204764));
#190 = CARTESIAN_POINT('',(-5.386543856707,-50.50328964046));
#191 = CARTESIAN_POINT('',(-5.387107525341,-50.3354884696));
#192 = CARTESIAN_POINT('',(-5.38744578608,-50.16755464006));
#193 = CARTESIAN_POINT('',(-5.387558200081,-49.99952153784));
#194 = CARTESIAN_POINT('',(-5.387444487952,-49.83146852826));
#195 = CARTESIAN_POINT('',(-5.387104796694,-49.66348742315));
#196 = CARTESIAN_POINT('',(-5.386539476313,-49.49561616801));
#197 = CARTESIAN_POINT('',(-5.385749075228,-49.32790771237));
#198 = CARTESIAN_POINT('',(-5.384734342571,-49.16041158889));
#199 = CARTESIAN_POINT('',(-5.383496228432,-48.99317884641));
#200 = CARTESIAN_POINT('',(-5.382035884461,-48.82626075287));
#201 = CARTESIAN_POINT('',(-5.380354664195,-48.65970906468));
#202 = CARTESIAN_POINT('',(-5.378454123283,-48.4935762604));
#203 = CARTESIAN_POINT('',(-5.376336019542,-48.32791435096));
#204 = CARTESIAN_POINT('',(-5.374002313,-48.16277941908));
#205 = CARTESIAN_POINT('',(-5.371456753266,-47.99832192064));
#206 = CARTESIAN_POINT('',(-5.368701103471,-47.83453715766));
#207 = CARTESIAN_POINT('',(-5.365737488991,-47.67144972751));
#208 = CARTESIAN_POINT('',(-5.362567946206,-47.50907737047));
#209 = CARTESIAN_POINT('',(-5.359194542642,-47.34744067088));
#210 = CARTESIAN_POINT('',(-5.355619343926,-47.18656047107));
#211 = CARTESIAN_POINT('',(-5.351844421716,-47.02645857988));
#212 = CARTESIAN_POINT('',(-5.347871850592,-46.86715758888));
#213 = CARTESIAN_POINT('',(-5.343703707858,-46.70868096212));
#214 = CARTESIAN_POINT('',(-5.339342072501,-46.55105292315));
#215 = CARTESIAN_POINT('',(-5.336306707121,-46.44655022678));
#216 = CARTESIAN_POINT('',(-5.334757468919,-46.39444872243));
#217 = ( GEOMETRIC_REPRESENTATION_CONTEXT(2) 
PARAMETRIC_REPRESENTATION_CONTEXT() REPRESENTATION_CONTEXT('2D SPACE',''
  ) );
#218 = PCURVE('',#219,#224);
#219 = CYLINDRICAL_SURFACE('',#220,10.);
#220 = AXIS2_PLACEMENT_3D('',#221,#222,#223);
#221 = CARTESIAN_POINT('',(1.1811E+03,127.,380.5));
#222 = DIRECTION('',(0.,0.,1.));
#223 = DIRECTION('',(1.,0.,-0.));
#224 = DEFINITIONAL_REPRESENTATION('',(#225),#273);
#225 = B_SPLINE_CURVE_WITH_KNOTS('',3,(#226,#227,#228,#229,#230,#231,
    #232,#233,#234,#235,#236,#237,#238,#239,#240,#241,#242,#243,#244,
    #245,#246,#247,#248,#249,#250,#251,#252,#253,#254,#255,#256,#257,
    #258,#259,#260,#261,#262,#263,#264,#265,#266,#267,#268,#269,#270,
    #271,#272),.UNSPECIFIED.,.F.,.F.,(4,1,1,1,1,1,1,1,1,1,1,1,1,1,1,1,1,
    1,1,1,1,1,1,1,1,1,1,1,1,1,1,1,1,1,1,1,1,1,1,1,1,1,1,1,4),(0.,
    2.981213477712E-03,5.962426955424E-03,8.943640433135E-03,
    1.192485391085E-02,1.490606738856E-02,1.788728086627E-02,
    2.086849434398E-02,2.384970782169E-02,2.683092129941E-02,
    2.981213477712E-02,3.279334825483E-02,3.577456173254E-02,
    3.875577521025E-02,4.173698868796E-02,4.471820216568E-02,
    4.769941564339E-02,5.06806291211E-02,5.366184259881E-02,
    5.664305607652E-02,5.962426955424E-02,6.260548303195E-02,
    6.558669650966E-02,6.856790998737E-02,7.154912346508E-02,
    7.453033694279E-02,7.751155042051E-02,8.049276389822E-02,
    8.347397737593E-02,8.645519085364E-02,8.943640433135E-02,
    9.241761780907E-02,9.539883128678E-02,9.838004476449E-02,
    0.101361258242,0.10434247172,0.107323685198,0.110304898675,
    0.113286112153,0.116267325631,0.119248539108,0.122229752586,
    0.125210966064,0.128192179542,0.131173393019),
  .QUASI_UNIFORM_KNOTS.);
#226 = CARTESIAN_POINT('',(6.826581216517,13.000000000178));
#227 = CARTESIAN_POINT('',(6.82099569965,12.985550488959));
#228 = CARTESIAN_POINT('',(6.809827860813,12.957144546079));
#229 = CARTESIAN_POINT('',(6.793082881213,12.916067199436));
#230 = CARTESIAN_POINT('',(6.776341913796,12.876574132267));
#231 = CARTESIAN_POINT('',(6.759602053609,12.838716716608));
#232 = CARTESIAN_POINT('',(6.74286064204,12.802546091721));
#233 = CARTESIAN_POINT('',(6.726113885063,12.768110251282));
#234 = CARTESIAN_POINT('',(6.709361260566,12.735462976115));
#235 = CARTESIAN_POINT('',(6.692603965905,12.704658987818));
#236 = CARTESIAN_POINT('',(6.675842561026,12.675749007009));
#237 = CARTESIAN_POINT('',(6.659077603115,12.648780959796));
#238 = CARTESIAN_POINT('',(6.642309490068,12.623799566913));
#239 = CARTESIAN_POINT('',(6.625538515132,12.600846372746));
#240 = CARTESIAN_POINT('',(6.608764864206,12.579959663));
#241 = CARTESIAN_POINT('',(6.591988627727,12.561174418733));
#242 = CARTESIAN_POINT('',(6.57520980817,12.544522267164));
#243 = CARTESIAN_POINT('',(6.558428327411,12.530031439856));
#244 = CARTESIAN_POINT('',(6.541644036123,12.517726735459));
#245 = CARTESIAN_POINT('',(6.524856712598,12.507629487729));
#246 = CARTESIAN_POINT('',(6.508066099534,12.499757538691));
#247 = CARTESIAN_POINT('',(6.491271797522,12.494125216825));
#248 = CARTESIAN_POINT('',(6.474473692074,12.490743320875));
#249 = CARTESIAN_POINT('',(6.457670388395,12.48961910697));
#250 = CARTESIAN_POINT('',(6.440865080591,12.49075628775));
#251 = CARTESIAN_POINT('',(6.42406220451,12.494152462938));
#252 = CARTESIAN_POINT('',(6.407260814248,12.499801279733));
#253 = CARTESIAN_POINT('',(6.390461470241,12.507692461974));
#254 = CARTESIAN_POINT('',(6.373664399643,12.517811843902));
#255 = CARTESIAN_POINT('',(6.356869992088,12.530141402794));
#256 = CARTESIAN_POINT('',(6.340078672762,12.54465929161));
#257 = CARTESIAN_POINT('',(6.323290932555,12.561339872739));
#258 = CARTESIAN_POINT('',(6.30650735414,12.58015374733));
#259 = CARTESIAN_POINT('',(6.28972849878,12.601067801171));
#260 = CARTESIAN_POINT('',(6.272955355722,12.624045188816));
#261 = CARTESIAN_POINT('',(6.256198594378,12.649030030398));
#262 = CARTESIAN_POINT('',(6.239453175459,12.675984517288));
#263 = CARTESIAN_POINT('',(6.222717023943,12.704865772432));
#264 = CARTESIAN_POINT('',(6.205987365453,12.7356303517));
#265 = CARTESIAN_POINT('',(6.189261703319,12.768233095912));
#266 = CARTESIAN_POINT('',(6.172537552425,12.802627496978));
#267 = CARTESIAN_POINT('',(6.155812506613,12.838765654499));
#268 = CARTESIAN_POINT('',(6.139084216433,12.876598354039));
#269 = CARTESIAN_POINT('',(6.122350393275,12.916075065869));
#270 = CARTESIAN_POINT('',(6.105608798938,12.957144137804));
#271 = CARTESIAN_POINT('',(6.09444111185,12.985549571765));
#272 = CARTESIAN_POINT('',(6.088855247923,12.999999999298));
#273 = ( GEOMETRIC_REPRESENTATION_CONTEXT(2) 
PARAMETRIC_REPRESENTATION_CONTEXT() REPRESENTATION_CONTEXT('2D SPACE',''
  ) );
#274 = ORIENTED_EDGE('',*,*,#275,.F.);
#275 = EDGE_CURVE('',#276,#137,#278,.T.);
#276 = VERTEX_POINT('',#277);
#277 = CARTESIAN_POINT('',(1.185076229877E+03,158.16391496535,393.5));
#278 = SURFACE_CURVE('',#279,(#283,#289),.PCURVE_S1.);
#279 = LINE('',#280,#281);
#280 = CARTESIAN_POINT('',(1.19896808409E+03,79.379294724367,393.5));
#281 = VECTOR('',#282,1.);
#282 = DIRECTION('',(0.173648177667,-0.984807753012,-0.));
#283 = PCURVE('',#31,#284);
#284 = DEFINITIONAL_REPRESENTATION('',(#285),#288);
#285 = B_SPLINE_CURVE_WITH_KNOTS('',1,(#286,#287),.UNSPECIFIED.,.F.,.F.,
  (2,2),(-89.11762468954,5.99999975431E-07),.PIECEWISE_BEZIER_KNOTS.);
#286 = CARTESIAN_POINT('',(-5.33475746894,-89.11762468954));
#287 = CARTESIAN_POINT('',(-5.33475746894,5.999999880875E-07));
#288 = ( GEOMETRIC_REPRESENTATION_CONTEXT(2) 
PARAMETRIC_REPRESENTATION_CONTEXT() REPRESENTATION_CONTEXT('2D SPACE',''
  ) );
#289 = PCURVE('',#125,#290);
#290 = DEFINITIONAL_REPRESENTATION('',(#291),#294);
#291 = B_SPLINE_CURVE_WITH_KNOTS('',1,(#292,#293),.UNSPECIFIED.,.F.,.F.,
  (2,2),(-89.11762468954,5.99999975431E-07),.PIECEWISE_BEZIER_KNOTS.);
#292 = CARTESIAN_POINT('',(0.830137365764,49.006292225776));
#293 = CARTESIAN_POINT('',(16.305250595299,-38.7574360894));
#294 = ( GEOMETRIC_REPRESENTATION_CONTEXT(2) 
PARAMETRIC_REPRESENTATION_CONTEXT() REPRESENTATION_CONTEXT('2D SPACE',''
  ) );
#295 = ORIENTED_EDGE('',*,*,#296,.T.);
#296 = EDGE_CURVE('',#276,#297,#299,.T.);
#297 = VERTEX_POINT('',#298);
#298 = CARTESIAN_POINT('',(1.166704879463E+03,154.92455021538,393.5));
#299 = SURFACE_CURVE('',#300,(#305,#312),.PCURVE_S1.);
#300 = CIRCLE('',#301,16.);
#301 = AXIS2_PLACEMENT_3D('',#302,#303,#304);
#302 = CARTESIAN_POINT('',(1.17589055467E+03,156.54423259036,380.5));
#303 = DIRECTION('',(0.173648177667,-0.984807753012,-0.));
#304 = DIRECTION('',(0.984807753012,0.173648177667,0.));
#305 = PCURVE('',#31,#306);
#306 = DEFINITIONAL_REPRESENTATION('',(#307),#311);
#307 = LINE('',#308,#309);
#308 = CARTESIAN_POINT('',(-6.28318530718,-80.));
#309 = VECTOR('',#310,1.);
#310 = DIRECTION('',(1.,-0.));
#311 = ( GEOMETRIC_REPRESENTATION_CONTEXT(2) 
PARAMETRIC_REPRESENTATION_CONTEXT() REPRESENTATION_CONTEXT('2D SPACE',''
  ) );
#312 = PCURVE('',#313,#318);
#313 = PLANE('',#314);
#314 = AXIS2_PLACEMENT_3D('',#315,#316,#317);
#315 = CARTESIAN_POINT('',(1.189677863212E+03,158.9753070777,393.5));
#316 = DIRECTION('',(0.173648177667,-0.984807753012,-0.));
#317 = DIRECTION('',(-0.984807753012,-0.173648177667,0.));
#318 = DEFINITIONAL_REPRESENTATION('',(#319),#323);
#319 = CIRCLE('',#320,16.);
#320 = AXIS2_PLACEMENT_2D('',#321,#322);
#321 = CARTESIAN_POINT('',(14.,13.));
#322 = DIRECTION('',(-1.,0.));
#323 = ( GEOMETRIC_REPRESENTATION_CONTEXT(2) 
PARAMETRIC_REPRESENTATION_CONTEXT() REPRESENTATION_CONTEXT('2D SPACE',''
  ) );
#324 = ORIENTED_EDGE('',*,*,#325,.T.);
#325 = EDGE_CURVE('',#297,#326,#328,.T.);
#326 = VERTEX_POINT('',#327);
#327 = CARTESIAN_POINT('',(1.171288227385E+03,128.93109247397,
    393.50000000002));
#328 = SURFACE_CURVE('',#329,(#333,#339),.PCURVE_S1.);
#329 = LINE('',#330,#331);
#330 = CARTESIAN_POINT('',(1.180596733677E+03,76.139929974412,393.5));
#331 = VECTOR('',#332,1.);
#332 = DIRECTION('',(0.173648177667,-0.984807753012,-0.));
#333 = PCURVE('',#31,#334);
#334 = DEFINITIONAL_REPRESENTATION('',(#335),#338);
#335 = B_SPLINE_CURVE_WITH_KNOTS('',1,(#336,#337),.UNSPECIFIED.,.F.,.F.,
  (2,2),(-92.40696186225,6.00000014914E-07),.PIECEWISE_BEZIER_KNOTS.);
#336 = CARTESIAN_POINT('',(-4.09002049183,-92.40696186225));
#337 = CARTESIAN_POINT('',(-4.09002049183,6.000000022575E-07));
#338 = ( GEOMETRIC_REPRESENTATION_CONTEXT(2) 
PARAMETRIC_REPRESENTATION_CONTEXT() REPRESENTATION_CONTEXT('2D SPACE',''
  ) );
#339 = PCURVE('',#340,#345);
#340 = PLANE('',#341);
#341 = AXIS2_PLACEMENT_3D('',#342,#343,#344);
#342 = CARTESIAN_POINT('',(1.182662833599E+03,118.13673022289,393.5));
#343 = DIRECTION('',(0.,0.,1.));
#344 = DIRECTION('',(1.,0.,-0.));
#345 = DEFINITIONAL_REPRESENTATION('',(#346),#349);
#346 = B_SPLINE_CURVE_WITH_KNOTS('',1,(#347,#348),.UNSPECIFIED.,.F.,.F.,
  (2,2),(-92.40696186225,6.00000014914E-07),.PIECEWISE_BEZIER_KNOTS.);
#347 = CARTESIAN_POINT('',(-18.11240045354,49.006292225776));
#348 = CARTESIAN_POINT('',(-2.066099818233,-41.99680083936));
#349 = ( GEOMETRIC_REPRESENTATION_CONTEXT(2) 
PARAMETRIC_REPRESENTATION_CONTEXT() REPRESENTATION_CONTEXT('2D SPACE',''
  ) );
#350 = ORIENTED_EDGE('',*,*,#351,.T.);
#351 = EDGE_CURVE('',#326,#352,#354,.T.);
#352 = VERTEX_POINT('',#353);
#353 = CARTESIAN_POINT('',(1.172540422201E+03,121.82954277587,
    393.50000000002));
#354 = SURFACE_CURVE('',#355,(#466,#580),.PCURVE_S1.);
#355 = B_SPLINE_CURVE_WITH_KNOTS('',7,(#356,#357,#358,#359,#360,#361,
    #362,#363,#364,#365,#366,#367,#368,#369,#370,#371,#372,#373,#374,
    #375,#376,#377,#378,#379,#380,#381,#382,#383,#384,#385,#386,#387,
    #388,#389,#390,#391,#392,#393,#394,#395,#396,#397,#398,#399,#400,
    #401,#402,#403,#404,#405,#406,#407,#408,#409,#410,#411,#412,#413,
    #414,#415,#416,#417,#418,#419,#420,#421,#422,#423,#424,#425,#426,
    #427,#428,#429,#430,#431,#432,#433,#434,#435,#436,#437,#438,#439,
    #440,#441,#442,#443,#444,#445,#446,#447,#448,#449,#450,#451,#452,
    #453,#454,#455,#456,#457,#458,#459,#460,#461,#462,#463,#464,#465),
  .UNSPECIFIED.,.T.,.F.,(8,6,6,6,6,6,6,6,6,6,6,6,6,6,6,6,6,6,8),(0.,
    3.09045250523E-02,8.137855970951E-02,0.131993126099,0.202196281472,
    0.248720684785,0.302747501613,0.358756387062,0.429774271793,
    0.480668072996,0.53084882065,0.581280815955,0.631932592251,
    0.702188508792,0.748747672239,0.802814854539,0.858865586338,
    0.929936446913,1.),.UNSPECIFIED.);
#356 = CARTESIAN_POINT('',(1.1911E+03,127.,393.11012961712));
#357 = CARTESIAN_POINT('',(1.1911E+03,127.24840706109,393.07644232713));
#358 = CARTESIAN_POINT('',(1.191092800909E+03,127.49696251352,
    393.04799435194));
#359 = CARTESIAN_POINT('',(1.19107838744E+03,127.74537442948,
    393.02499827127));
#360 = CARTESIAN_POINT('',(1.191056761957E+03,127.99336087405,
    393.00761652354));
#361 = CARTESIAN_POINT('',(1.191027942078E+03,128.2406493689,
    392.9959598464));
#362 = CARTESIAN_POINT('',(1.190991958278E+03,128.48697635619,
    392.99008571731));
#363 = CARTESIAN_POINT('',(1.190878448434E+03,129.13240687638,
    392.98985156245));
#364 = CARTESIAN_POINT('',(1.190789119852E+03,129.52905957128,
    393.00513854584));
#365 = CARTESIAN_POINT('',(1.190681092457E+03,129.92108104196,
    393.03581497574));
#366 = CARTESIAN_POINT('',(1.19055464508E+03,130.30749535554,
    393.08149093836));
#367 = CARTESIAN_POINT('',(1.190410121433E+03,130.68728588451,
    393.14142852202));
#368 = CARTESIAN_POINT('',(1.190247977945E+03,131.05937394806,
    393.21456499396));
#369 = CARTESIAN_POINT('',(1.189889256656E+03,131.78684649553,
    393.38479166509));
#370 = CARTESIAN_POINT('',(1.189692539055E+03,132.14227357415,
    393.48196935909));
#371 = CARTESIAN_POINT('',(1.189478943291E+03,132.48855145406,
    393.58994781248));
#372 = CARTESIAN_POINT('',(1.189248612798E+03,132.82525115955,
    393.7074848269));
#373 = CARTESIAN_POINT('',(1.189001635114E+03,133.15184390245,
    393.83326289596));
#374 = CARTESIAN_POINT('',(1.18873806437E+03,133.46769521985,
    393.96590341002));
#375 = CARTESIAN_POINT('',(1.188069394187E+03,134.1942147223,
    394.29547864985));
#376 = CARTESIAN_POINT('',(1.187649153411E+03,134.59410241323,
    394.49735390203));
#377 = CARTESIAN_POINT('',(1.187196139843E+03,134.97107800797,
    394.70635429043));
#378 = CARTESIAN_POINT('',(1.186708771347E+03,135.3235129472,
    394.91918235895));
#379 = CARTESIAN_POINT('',(1.186185208106E+03,135.64861471105,
    395.13211675408));
#380 = CARTESIAN_POINT('',(1.185623677488E+03,135.94220104498,
    395.34068145571));
#381 = CARTESIAN_POINT('',(1.184624713788E+03,136.36823126922,
    395.6710191371));
#382 = CARTESIAN_POINT('',(1.184208189667E+03,136.5221029995,
    395.79870830869));
#383 = CARTESIAN_POINT('',(1.183773605973E+03,136.65780997339,
    395.92048912387));
#384 = CARTESIAN_POINT('',(1.183321428295E+03,136.77302414365,
    396.03429166426));
#385 = CARTESIAN_POINT('',(1.182852319529E+03,136.86530132251,
    396.13792877168));
#386 = CARTESIAN_POINT('',(1.182367179901E+03,136.9320554177,
    396.22912382022));
#387 = CARTESIAN_POINT('',(1.181286573536E+03,137.01520354599,
    396.39429523108));
#388 = CARTESIAN_POINT('',(1.180684421126E+03,137.02185710971,
    396.46335470523));
#389 = CARTESIAN_POINT('',(1.18007083993E+03,136.98515552599,
    396.50759925215));
#390 = CARTESIAN_POINT('',(1.179455811215E+03,136.90287267669,
    396.52384092809));
#391 = CARTESIAN_POINT('',(1.178849041346E+03,136.77563928494,
    396.51120001037));
#392 = CARTESIAN_POINT('',(1.178259722658E+03,136.60687199647,
    396.47116711344));
#393 = CARTESIAN_POINT('',(1.177112012684E+03,136.19140678582,
    396.34120793129));
#394 = CARTESIAN_POINT('',(1.176559491525E+03,135.94350435878,
    396.24995096065));
#395 = CARTESIAN_POINT('',(1.176040011438E+03,135.66448896748,
    396.13741358475));
#396 = CARTESIAN_POINT('',(1.17555445483E+03,135.35938611121,
    396.00758868514));
#397 = CARTESIAN_POINT('',(1.175103256935E+03,135.03303089872,
    395.86451303075));
#398 = CARTESIAN_POINT('',(1.174686441011E+03,134.69016086999,
    395.71214941451));
#399 = CARTESIAN_POINT('',(1.173818275605E+03,133.88580455446,
    395.3540905576));
#400 = CARTESIAN_POINT('',(1.17338385821E+03,133.41368475588,
    395.14350008134));
#401 = CARTESIAN_POINT('',(1.172997053776E+03,132.92443297692,
    394.92824743749));
#402 = CARTESIAN_POINT('',(1.172654643262E+03,132.42152005246,
    394.71298903075));
#403 = CARTESIAN_POINT('',(1.172353843043E+03,131.9070312738,
    394.50156484122));
#404 = CARTESIAN_POINT('',(1.172092529457E+03,131.38199069914,
    394.29738978638));
#405 = CARTESIAN_POINT('',(1.171709557565E+03,130.46299542244,
    393.96508695212));
#406 = CARTESIAN_POINT('',(1.17156935338E+03,130.07416255697,
    393.83184362199));
#407 = CARTESIAN_POINT('',(1.171448598733E+03,129.68087072506,
    393.70553610991));
#408 = CARTESIAN_POINT('',(1.171347126309E+03,129.28374496071,
    393.5875634689));
#409 = CARTESIAN_POINT('',(1.17126483708E+03,128.88332077655,
    393.47926214542));
#410 = CARTESIAN_POINT('',(1.171201720016E+03,128.48005761413,
    393.38189127019));
#411 = CARTESIAN_POINT('',(1.171114652938E+03,127.67433515121,
    393.21252434457));
#412 = CARTESIAN_POINT('',(1.171090157123E+03,127.27185503211,
    393.14017337954));
#413 = CARTESIAN_POINT('',(1.171084603507E+03,126.86819621727,
    393.08086732504));
#414 = CARTESIAN_POINT('',(1.171098050498E+03,126.46450625436,
    393.03564461704));
#415 = CARTESIAN_POINT('',(1.171130473784E+03,126.06183844892,
    393.00522676894));
#416 = CARTESIAN_POINT('',(1.171181802699E+03,125.66118720437,
    392.98999599679));
#417 = CARTESIAN_POINT('',(1.17132239332E+03,124.86385817196,
    392.98999599679));
#418 = CARTESIAN_POINT('',(1.171411728497E+03,124.467863444,
    393.0053796642));
#419 = CARTESIAN_POINT('',(1.171519701858E+03,124.07649260968,
    393.03610203305));
#420 = CARTESIAN_POINT('',(1.171646035561E+03,123.69071661813,
    393.08177328824));
#421 = CARTESIAN_POINT('',(1.171790387279E+03,123.31154697813,
    393.14165800484));
#422 = CARTESIAN_POINT('',(1.171952302704E+03,122.94005690567,
    393.2146981727));
#423 = CARTESIAN_POINT('',(1.172310743344E+03,122.2131535044,
    393.3847916651));
#424 = CARTESIAN_POINT('',(1.172507460945E+03,121.85772642583,
    393.4819693591));
#425 = CARTESIAN_POINT('',(1.172721056709E+03,121.51144854597,
    393.58994781247));
#426 = CARTESIAN_POINT('',(1.172951387202E+03,121.17474884048,
    393.70748482689));
#427 = CARTESIAN_POINT('',(1.173198364886E+03,120.84815609753,
    393.83326289596));
#428 = CARTESIAN_POINT('',(1.17346193563E+03,120.53230478009,
    393.96590341004));
#429 = CARTESIAN_POINT('',(1.174130612176E+03,119.80577836462,
    394.29548178586));
#430 = CARTESIAN_POINT('',(1.174550849928E+03,119.40589580998,
    394.49735536722));
#431 = CARTESIAN_POINT('',(1.175003856853E+03,119.02892578245,
    394.70635249019));
#432 = CARTESIAN_POINT('',(1.175491220885E+03,118.67649240499,
    394.9191789492));
#433 = CARTESIAN_POINT('',(1.176014784788E+03,118.35138879601,
    395.13211419943));
#434 = CARTESIAN_POINT('',(1.176576319863E+03,118.05780008469,
    395.34068057977));
#435 = CARTESIAN_POINT('',(1.177575286212E+03,117.63176873076,
    395.6710191371));
#436 = CARTESIAN_POINT('',(1.177991810333E+03,117.47789700049,
    395.79870830869));
#437 = CARTESIAN_POINT('',(1.178426394027E+03,117.34219002661,
    395.92048912387));
#438 = CARTESIAN_POINT('',(1.178878571705E+03,117.22697585634,
    396.03429166426));
#439 = CARTESIAN_POINT('',(1.179347680471E+03,117.13469867748,
    396.13792877169));
#440 = CARTESIAN_POINT('',(1.179832820099E+03,117.06794458229,
    396.22912382022));
#441 = CARTESIAN_POINT('',(1.180913426464E+03,116.984796454,
    396.39429523108));
#442 = CARTESIAN_POINT('',(1.181515578874E+03,116.97814289028,
    396.46335470523));
#443 = CARTESIAN_POINT('',(1.18212916007E+03,117.014844474,
    396.50759925215));
#444 = CARTESIAN_POINT('',(1.182744188785E+03,117.0971273233,
    396.52384092809));
#445 = CARTESIAN_POINT('',(1.183350958654E+03,117.22436071505,
    396.51120001037));
#446 = CARTESIAN_POINT('',(1.183940277342E+03,117.39312800352,
    396.47116711344));
#447 = CARTESIAN_POINT('',(1.185087987316E+03,117.80859321417,
    396.34120793129));
#448 = CARTESIAN_POINT('',(1.185640508475E+03,118.05649564121,
    396.24995096065));
#449 = CARTESIAN_POINT('',(1.186159988562E+03,118.3355110325,
    396.13741358475));
#450 = CARTESIAN_POINT('',(1.18664554517E+03,118.64061388878,
    396.00758868514));
#451 = CARTESIAN_POINT('',(1.187096743065E+03,118.96696910128,
    395.86451303075));
#452 = CARTESIAN_POINT('',(1.187513558989E+03,119.30983912999,
    395.71214941451));
#453 = CARTESIAN_POINT('',(1.188381723819E+03,120.11419491216,
    395.35409079503));
#454 = CARTESIAN_POINT('',(1.188816139561E+03,120.58631301428,
    395.14350107455));
#455 = CARTESIAN_POINT('',(1.189202943221E+03,121.07556314247,
    394.92824916081));
#456 = CARTESIAN_POINT('',(1.189545354377E+03,121.57847590445,
    394.71299071737));
#457 = CARTESIAN_POINT('',(1.189846155951E+03,122.09296635604,
    394.50156570493));
#458 = CARTESIAN_POINT('',(1.190107470484E+03,122.61800916105,
    394.29738983693));
#459 = CARTESIAN_POINT('',(1.19055049806E+03,123.6811165515,
    393.91297698093));
#460 = CARTESIAN_POINT('',(1.190733510288E+03,124.21942904437,
    393.73224769492));
#461 = CARTESIAN_POINT('',(1.190879799827E+03,124.76597630619,
    393.56563273219));
#462 = CARTESIAN_POINT('',(1.190989595515E+03,125.31880723139,
    393.41691201816));
#463 = CARTESIAN_POINT('',(1.191063030665E+03,125.87629305795,
    393.28952896173));
#464 = CARTESIAN_POINT('',(1.1911E+03,126.43707444158,393.18646978412));
#465 = CARTESIAN_POINT('',(1.1911E+03,127.,393.11012961712));
#466 = PCURVE('',#31,#467);
#467 = DEFINITIONAL_REPRESENTATION('',(#468),#579);
#468 = B_SPLINE_CURVE_WITH_KNOTS('',7,(#469,#470,#471,#472,#473,#474,
    #475,#476,#477,#478,#479,#480,#481,#482,#483,#484,#485,#486,#487,
    #488,#489,#490,#491,#492,#493,#494,#495,#496,#497,#498,#499,#500,
    #501,#502,#503,#504,#505,#506,#507,#508,#509,#510,#511,#512,#513,
    #514,#515,#516,#517,#518,#519,#520,#521,#522,#523,#524,#525,#526,
    #527,#528,#529,#530,#531,#532,#533,#534,#535,#536,#537,#538,#539,
    #540,#541,#542,#543,#544,#545,#546,#547,#548,#549,#550,#551,#552,
    #553,#554,#555,#556,#557,#558,#559,#560,#561,#562,#563,#564,#565,
    #566,#567,#568,#569,#570,#571,#572,#573,#574,#575,#576,#577,#578),
  .UNSPECIFIED.,.T.,.F.,(8,6,6,6,6,6,6,6,6,6,6,6,6,6,6,6,6,6,8),(0.,
    3.09045250523E-02,8.137855970951E-02,0.131993126099,0.202196281472,
    0.248720684785,0.302747501613,0.358756387062,0.429774271793,
    0.480668072996,0.53084882065,0.581280815955,0.631932592251,
    0.702188508792,0.748747672239,0.802814854539,0.858865586338,
    0.929936446913,1.),.UNSPECIFIED.);
#469 = CARTESIAN_POINT('',(-5.375415345639,-48.26351822333));
#470 = CARTESIAN_POINT('',(-5.378836042712,-48.508151423));
#471 = CARTESIAN_POINT('',(-5.38170723251,-48.75418086865));
#472 = CARTESIAN_POINT('',(-5.384017554192,-49.00132172203));
#473 = CARTESIAN_POINT('',(-5.38575844385,-49.24929592099));
#474 = CARTESIAN_POINT('',(-5.386924115366,-49.49783206748));
#475 = CARTESIAN_POINT('',(-5.387511541269,-49.74666531559));
#476 = CARTESIAN_POINT('',(-5.387534956758,-50.40200107344));
#477 = CARTESIAN_POINT('',(-5.386006262038,-50.80813946821));
#478 = CARTESIAN_POINT('',(-5.382938721958,-51.21296401209));
#479 = CARTESIAN_POINT('',(-5.378352754154,-51.61546518063));
#480 = CARTESIAN_POINT('',(-5.372285030075,-52.01458210586));
#481 = CARTESIAN_POINT('',(-5.364789026583,-52.40917323689));
#482 = CARTESIAN_POINT('',(-5.34705816516,-53.18788513994));
#483 = CARTESIAN_POINT('',(-5.336813518696,-53.57207213556));
#484 = CARTESIAN_POINT('',(-5.325252180204,-53.95017979156));
#485 = CARTESIAN_POINT('',(-5.312421356384,-54.32176074221));
#486 = CARTESIAN_POINT('',(-5.298364789968,-54.68627903233));
#487 = CARTESIAN_POINT('',(-5.28312216726,-55.04310043792));
#488 = CARTESIAN_POINT('',(-5.243990012641,-55.87469583533));
#489 = CARTESIAN_POINT('',(-5.219046047265,-56.3414823786));
#490 = CARTESIAN_POINT('',(-5.191922038105,-56.79139584761));
#491 = CARTESIAN_POINT('',(-5.162592380073,-57.2231071594));
#492 = CARTESIAN_POINT('',(-5.130997594839,-57.6341856996));
#493 = CARTESIAN_POINT('',(-5.097056463559,-58.0208205659));
#494 = CARTESIAN_POINT('',(-5.036561330015,-58.61384665992));
#495 = CARTESIAN_POINT('',(-5.011309391935,-58.83770938742));
#496 = CARTESIAN_POINT('',(-4.984930433371,-59.04681933382));
#497 = CARTESIAN_POINT('',(-4.957439181313,-59.23880297173));
#498 = CARTESIAN_POINT('',(-4.928851349582,-59.41113813536));
#499 = CARTESIAN_POINT('',(-4.899183444954,-59.56112169803));
#500 = CARTESIAN_POINT('',(-4.832766827559,-59.83065194555));
#501 = CARTESIAN_POINT('',(-4.795554788298,-59.94176709531));
#502 = CARTESIAN_POINT('',(-4.757350589035,-60.01217034778));
#503 = CARTESIAN_POINT('',(-4.71866335081,-60.0379361754));
#504 = CARTESIAN_POINT('',(-4.679991913503,-60.01800022667));
#505 = CARTESIAN_POINT('',(-4.641839039197,-59.95413100875));
#506 = CARTESIAN_POINT('',(-4.566250216865,-59.74427539369));
#507 = CARTESIAN_POINT('',(-4.529151396794,-59.596083454));
#508 = CARTESIAN_POINT('',(-4.493502812679,-59.41151370384));
#509 = CARTESIAN_POINT('',(-4.459376494618,-59.19536206576));
#510 = CARTESIAN_POINT('',(-4.426844782469,-58.95231461437));
#511 = CARTESIAN_POINT('',(-4.395979362859,-58.68703287751));
#512 = CARTESIAN_POINT('',(-4.329908354139,-58.04565188234));
#513 = CARTESIAN_POINT('',(-4.295471137741,-57.65614043348));
#514 = CARTESIAN_POINT('',(-4.2634353297,-57.24148937347));
#515 = CARTESIAN_POINT('',(-4.233716415675,-56.80567578812));
#516 = CARTESIAN_POINT('',(-4.20625159091,-56.35123665995));
#517 = CARTESIAN_POINT('',(-4.181014153965,-55.87954925925));
#518 = CARTESIAN_POINT('',(-4.141559362888,-55.04101795702));
#519 = CARTESIAN_POINT('',(-4.126250415881,-54.68243853774));
#520 = CARTESIAN_POINT('',(-4.112139055365,-54.31609051688));
#521 = CARTESIAN_POINT('',(-4.099265659575,-53.94261848662));
#522 = CARTESIAN_POINT('',(-4.087674696418,-53.56256702018));
#523 = CARTESIAN_POINT('',(-4.077414116673,-53.17639049451));
#524 = CARTESIAN_POINT('',(-4.059780027302,-52.39802780576));
#525 = CARTESIAN_POINT('',(-4.052366159363,-52.00591591757));
#526 = CARTESIAN_POINT('',(-4.046362826532,-51.60935396243));
#527 = CARTESIAN_POINT('',(-4.041822318699,-51.20946191182));
#528 = CARTESIAN_POINT('',(-4.038780520769,-50.80728129052));
#529 = CARTESIAN_POINT('',(-4.037257447448,-50.40380366607));
#530 = CARTESIAN_POINT('',(-4.037257447448,-49.59417454813));
#531 = CARTESIAN_POINT('',(-4.03879581015,-49.18868297924));
#532 = CARTESIAN_POINT('',(-4.041868060643,-48.78450856993));
#533 = CARTESIAN_POINT('',(-4.046453790902,-48.3826557651));
#534 = CARTESIAN_POINT('',(-4.052516451909,-47.98418015115));
#535 = CARTESIAN_POINT('',(-4.060002806124,-47.59021752915));
#536 = CARTESIAN_POINT('',(-4.077719795611,-46.81211485999));
#537 = CARTESIAN_POINT('',(-4.087964442074,-46.42792786442));
#538 = CARTESIAN_POINT('',(-4.099525780564,-46.04982020848));
#539 = CARTESIAN_POINT('',(-4.112356604383,-45.67823925782));
#540 = CARTESIAN_POINT('',(-4.126413170802,-45.31372096765));
#541 = CARTESIAN_POINT('',(-4.141655793512,-44.95689956202));
#542 = CARTESIAN_POINT('',(-4.180788320483,-44.12529625176));
#543 = CARTESIAN_POINT('',(-4.205732119604,-43.65851529173));
#544 = CARTESIAN_POINT('',(-4.232855727613,-43.20860845893));
#545 = CARTESIAN_POINT('',(-4.26218511071,-42.77689946049));
#546 = CARTESIAN_POINT('',(-4.293779936217,-42.3658189881));
#547 = CARTESIAN_POINT('',(-4.327721336799,-41.97918100658));
#548 = CARTESIAN_POINT('',(-4.388216630755,-41.38615334006));
#549 = CARTESIAN_POINT('',(-4.413468568834,-41.16229061257));
#550 = CARTESIAN_POINT('',(-4.439847527397,-40.95318066618));
#551 = CARTESIAN_POINT('',(-4.467338779456,-40.76119702826));
#552 = CARTESIAN_POINT('',(-4.495926611188,-40.58886186463));
#553 = CARTESIAN_POINT('',(-4.525594515817,-40.43887830195));
#554 = CARTESIAN_POINT('',(-4.592011133211,-40.16934805444));
#555 = CARTESIAN_POINT('',(-4.629223172471,-40.05823290469));
#556 = CARTESIAN_POINT('',(-4.667427371734,-39.98782965221));
#557 = CARTESIAN_POINT('',(-4.70611460996,-39.9620638246));
#558 = CARTESIAN_POINT('',(-4.744786047266,-39.98199977332));
#559 = CARTESIAN_POINT('',(-4.782938921573,-40.04586899124));
#560 = CARTESIAN_POINT('',(-4.858527743905,-40.2557246063));
#561 = CARTESIAN_POINT('',(-4.895626563975,-40.40391654599));
#562 = CARTESIAN_POINT('',(-4.93127514809,-40.58848629614));
#563 = CARTESIAN_POINT('',(-4.965401466152,-40.80463793423));
#564 = CARTESIAN_POINT('',(-4.997933178301,-41.04768538562));
#565 = CARTESIAN_POINT('',(-5.02879859791,-41.31296712247));
#566 = CARTESIAN_POINT('',(-5.094869562818,-41.95434769235));
#567 = CARTESIAN_POINT('',(-5.129306650128,-42.34385775774));
#568 = CARTESIAN_POINT('',(-5.161342380583,-42.75850732635));
#569 = CARTESIAN_POINT('',(-5.191061328781,-43.19432064029));
#570 = CARTESIAN_POINT('',(-5.218526266895,-43.64876118057));
#571 = CARTESIAN_POINT('',(-5.243763800803,-44.12045061318));
#572 = CARTESIAN_POINT('',(-5.289405689336,-45.09047608243));
#573 = CARTESIAN_POINT('',(-5.309896497278,-45.58883065909));
#574 = CARTESIAN_POINT('',(-5.328096234821,-46.10167172803));
#575 = CARTESIAN_POINT('',(-5.343876897113,-46.62703808816));
#576 = CARTESIAN_POINT('',(-5.357108905176,-47.16330257234));
#577 = CARTESIAN_POINT('',(-5.367663561926,-47.70914476903));
#578 = CARTESIAN_POINT('',(-5.375415345639,-48.26351822333));
#579 = ( GEOMETRIC_REPRESENTATION_CONTEXT(2) 
PARAMETRIC_REPRESENTATION_CONTEXT() REPRESENTATION_CONTEXT('2D SPACE',''
  ) );
#580 = PCURVE('',#581,#586);
#581 = CYLINDRICAL_SURFACE('',#582,10.);
#582 = AXIS2_PLACEMENT_3D('',#583,#584,#585);
#583 = CARTESIAN_POINT('',(1.1811E+03,127.,380.5));
#584 = DIRECTION('',(0.,0.,1.));
#585 = DIRECTION('',(1.,0.,-0.));
#586 = DEFINITIONAL_REPRESENTATION('',(#587),#698);
#587 = B_SPLINE_CURVE_WITH_KNOTS('',7,(#588,#589,#590,#591,#592,#593,
    #594,#595,#596,#597,#598,#599,#600,#601,#602,#603,#604,#605,#606,
    #607,#608,#609,#610,#611,#612,#613,#614,#615,#616,#617,#618,#619,
    #620,#621,#622,#623,#624,#625,#626,#627,#628,#629,#630,#631,#632,
    #633,#634,#635,#636,#637,#638,#639,#640,#641,#642,#643,#644,#645,
    #646,#647,#648,#649,#650,#651,#652,#653,#654,#655,#656,#657,#658,
    #659,#660,#661,#662,#663,#664,#665,#666,#667,#668,#669,#670,#671,
    #672,#673,#674,#675,#676,#677,#678,#679,#680,#681,#682,#683,#684,
    #685,#686,#687,#688,#689,#690,#691,#692,#693,#694,#695,#696,#697),
  .UNSPECIFIED.,.F.,.F.,(8,6,6,6,6,6,6,6,6,6,6,6,6,6,6,6,6,6,8),(0.,
    3.09045250523E-02,8.137855970951E-02,0.131993126099,0.202196281472,
    0.248720684785,0.302747501613,0.358756387062,0.429774271793,
    0.480668072996,0.53084882065,0.581280815955,0.631932592251,
    0.702188508792,0.748747672239,0.802814854539,0.858865586338,
    0.929936446913,1.),.UNSPECIFIED.);
#588 = CARTESIAN_POINT('',(0.,12.610129617126));
#589 = CARTESIAN_POINT('',(2.484070610985E-02,12.576442327137));
#590 = CARTESIAN_POINT('',(4.969624670056E-02,12.547994351946));
#591 = CARTESIAN_POINT('',(7.45624832753E-02,12.524998271276));
#592 = CARTESIAN_POINT('',(9.94363695945E-02,12.507616523541));
#593 = CARTESIAN_POINT('',(0.124315799421,12.495959846401));
#594 = CARTESIAN_POINT('',(0.149199454266,12.490085717311));
#595 = CARTESIAN_POINT('',(0.214733036577,12.489851562452));
#596 = CARTESIAN_POINT('',(0.255346002532,12.505138545841));
#597 = CARTESIAN_POINT('',(0.295936486,12.535814975744));
#598 = CARTESIAN_POINT('',(0.336512195969,12.58149093836));
#599 = CARTESIAN_POINT('',(0.37707536238,12.641428522028));
#600 = CARTESIAN_POINT('',(0.417618394444,12.714564993969));
#601 = CARTESIAN_POINT('',(0.498729261211,12.884791665093));
#602 = CARTESIAN_POINT('',(0.539307090328,12.981969359099));
#603 = CARTESIAN_POINT('',(0.579920167025,13.089947812487));
#604 = CARTESIAN_POINT('',(0.620632344314,13.207484826908));
#605 = CARTESIAN_POINT('',(0.661503885702,13.333262895961));
#606 = CARTESIAN_POINT('',(0.702593195701,13.465903410024));
#607 = CARTESIAN_POINT('',(0.801332772403,13.79547864985));
#608 = CARTESIAN_POINT('',(0.859215357494,13.99735390203));
#609 = CARTESIAN_POINT('',(0.917939285429,14.206354290435));
#610 = CARTESIAN_POINT('',(0.977826813586,14.419182358957));
#611 = CARTESIAN_POINT('',(1.039194270127,14.632116754083));
#612 = CARTESIAN_POINT('',(1.102363426832,14.840681455716));
#613 = CARTESIAN_POINT('',(1.210965002656,15.1710191371));
#614 = CARTESIAN_POINT('',(1.255314881802,15.298708308697));
#615 = CARTESIAN_POINT('',(1.300745765649,15.420489123876));
#616 = CARTESIAN_POINT('',(1.347285491451,15.534291664268));
#617 = CARTESIAN_POINT('',(1.394971954057,15.637928771689));
#618 = CARTESIAN_POINT('',(1.443855082769,15.729123820221));
#619 = CARTESIAN_POINT('',(1.552235142203,15.89429523108));
#620 = CARTESIAN_POINT('',(1.612323916156,15.963354705235));
#621 = CARTESIAN_POINT('',(1.673542301226,16.007599252152));
#622 = CARTESIAN_POINT('',(1.735292717925,16.023840928096));
#623 = CARTESIAN_POINT('',(1.797029102879,16.011200010375));
#624 = CARTESIAN_POINT('',(1.858186477201,15.971167113441));
#625 = CARTESIAN_POINT('',(1.980245869543,15.841207931295));
#626 = CARTESIAN_POINT('',(2.040636918991,15.749950960653));
#627 = CARTESIAN_POINT('',(2.099371641989,15.637413584751));
#628 = CARTESIAN_POINT('',(2.156489876033,15.507588685147));
#629 = CARTESIAN_POINT('',(2.211999675876,15.364513030755));
#630 = CARTESIAN_POINT('',(2.265877928491,15.212149414513));
#631 = CARTESIAN_POINT('',(2.384229111562,14.8540905576));
#632 = CARTESIAN_POINT('',(2.44818274349,14.643500081345));
#633 = CARTESIAN_POINT('',(2.510281173692,14.428247437493));
#634 = CARTESIAN_POINT('',(2.570855632017,14.212989030751));
#635 = CARTESIAN_POINT('',(2.630235255313,14.001564841226));
#636 = CARTESIAN_POINT('',(2.688751259372,13.797389786385));
#637 = CARTESIAN_POINT('',(2.788311280923,13.465086952124));
#638 = CARTESIAN_POINT('',(2.829595914368,13.331843621999));
#639 = CARTESIAN_POINT('',(2.870661219856,13.20553610991));
#640 = CARTESIAN_POINT('',(2.911566237968,13.087563468904));
#641 = CARTESIAN_POINT('',(2.952371931135,12.979262145424));
#642 = CARTESIAN_POINT('',(2.993142949134,12.881891270193));
#643 = CARTESIAN_POINT('',(3.074184257328,12.712524344576));
#644 = CARTESIAN_POINT('',(3.114462473333,12.640173379544));
#645 = CARTESIAN_POINT('',(3.154760823829,12.580867325044));
#646 = CARTESIAN_POINT('',(3.195071803352,12.535644617047));
#647 = CARTESIAN_POINT('',(3.235397466379,12.505226768943));
#648 = CARTESIAN_POINT('',(3.275745212182,12.489995996797));
#649 = CARTESIAN_POINT('',(3.356708123976,12.489995996797));
#650 = CARTESIAN_POINT('',(3.397257263686,12.505379664208));
#651 = CARTESIAN_POINT('',(3.437783930798,12.536102033052));
#652 = CARTESIAN_POINT('',(3.478295827006,12.581773288241));
#653 = CARTESIAN_POINT('',(3.518795193137,12.641658004847));
#654 = CARTESIAN_POINT('',(3.559274506026,12.714698172705));
#655 = CARTESIAN_POINT('',(3.640321914807,12.884791665106));
#656 = CARTESIAN_POINT('',(3.680899743919,12.981969359104));
#657 = CARTESIAN_POINT('',(3.72151282061,13.089947812474));
#658 = CARTESIAN_POINT('',(3.762224997898,13.207484826891));
#659 = CARTESIAN_POINT('',(3.803096539292,13.333262895961));
#660 = CARTESIAN_POINT('',(3.844185849298,13.465903410046));
#661 = CARTESIAN_POINT('',(3.942926365532,13.795481785864));
#662 = CARTESIAN_POINT('',(4.000808367585,13.997355367224));
#663 = CARTESIAN_POINT('',(4.059531452485,14.206352490193));
#664 = CARTESIAN_POINT('',(4.119418536118,14.419178949203));
#665 = CARTESIAN_POINT('',(4.180786130172,14.632114199439));
#666 = CARTESIAN_POINT('',(4.243955792449,14.840680579779));
#667 = CARTESIAN_POINT('',(4.352557656248,15.171019137106));
#668 = CARTESIAN_POINT('',(4.396907535392,15.298708308696));
#669 = CARTESIAN_POINT('',(4.442338419237,15.420489123871));
#670 = CARTESIAN_POINT('',(4.488878145039,15.534291664265));
#671 = CARTESIAN_POINT('',(4.536564607647,15.637928771691));
#672 = CARTESIAN_POINT('',(4.58544773636,15.729123820224));
#673 = CARTESIAN_POINT('',(4.693827795793,15.89429523108));
#674 = CARTESIAN_POINT('',(4.753916569746,15.963354705235));
#675 = CARTESIAN_POINT('',(4.815134954816,16.007599252152));
#676 = CARTESIAN_POINT('',(4.876885371515,16.023840928096));
#677 = CARTESIAN_POINT('',(4.938621756469,16.011200010375));
#678 = CARTESIAN_POINT('',(4.999779130791,15.971167113441));
#679 = CARTESIAN_POINT('',(5.121838523134,15.841207931293));
#680 = CARTESIAN_POINT('',(5.18222957258,15.749950960654));
#681 = CARTESIAN_POINT('',(5.240964295578,15.637413584753));
#682 = CARTESIAN_POINT('',(5.298082529624,15.507588685146));
#683 = CARTESIAN_POINT('',(5.353592329467,15.364513030751));
#684 = CARTESIAN_POINT('',(5.40747058208,15.212149414515));
#685 = CARTESIAN_POINT('',(5.525821686672,14.854090795031));
#686 = CARTESIAN_POINT('',(5.589775081951,14.64350107455));
#687 = CARTESIAN_POINT('',(5.651873342119,14.428249160816));
#688 = CARTESIAN_POINT('',(5.712447820328,14.212990717378));
#689 = CARTESIAN_POINT('',(5.77182765181,14.001565704937));
#690 = CARTESIAN_POINT('',(5.830343897817,13.797389836935));
#691 = CARTESIAN_POINT('',(5.945516410001,13.412976980933));
#692 = CARTESIAN_POINT('',(6.002245563757,13.23224769492));
#693 = CARTESIAN_POINT('',(6.058627354885,13.065632732198));
#694 = CARTESIAN_POINT('',(6.114774759755,12.916912018162));
#695 = CARTESIAN_POINT('',(6.170814583394,12.789528961737));
#696 = CARTESIAN_POINT('',(6.226892751338,12.686469784125));
#697 = CARTESIAN_POINT('',(6.28318530718,12.610129617126));
#698 = ( GEOMETRIC_REPRESENTATION_CONTEXT(2) 
PARAMETRIC_REPRESENTATION_CONTEXT() REPRESENTATION_CONTEXT('2D SPACE',''
  ) );
#699 = ORIENTED_EDGE('',*,*,#700,.T.);
#700 = EDGE_CURVE('',#352,#701,#703,.T.);
#701 = VERTEX_POINT('',#702);
#702 = CARTESIAN_POINT('',(1.174286848732E+03,111.92506574653,393.5));
#703 = SURFACE_CURVE('',#704,(#708,#714),.PCURVE_S1.);
#704 = LINE('',#705,#706);
#705 = CARTESIAN_POINT('',(1.180596733677E+03,76.139929974412,393.5));
#706 = VECTOR('',#707,1.);
#707 = DIRECTION('',(0.173648177667,-0.984807753012,-0.));
#708 = PCURVE('',#31,#709);
#709 = DEFINITIONAL_REPRESENTATION('',(#710),#713);
#710 = B_SPLINE_CURVE_WITH_KNOTS('',1,(#711,#712),.UNSPECIFIED.,.F.,.F.,
  (2,2),(-92.40696186225,6.00000014914E-07),.PIECEWISE_BEZIER_KNOTS.);
#711 = CARTESIAN_POINT('',(-4.09002049183,-92.40696186225));
#712 = CARTESIAN_POINT('',(-4.09002049183,6.000000022575E-07));
#713 = ( GEOMETRIC_REPRESENTATION_CONTEXT(2) 
PARAMETRIC_REPRESENTATION_CONTEXT() REPRESENTATION_CONTEXT('2D SPACE',''
  ) );
#714 = PCURVE('',#340,#715);
#715 = DEFINITIONAL_REPRESENTATION('',(#716),#719);
#716 = B_SPLINE_CURVE_WITH_KNOTS('',1,(#717,#718),.UNSPECIFIED.,.F.,.F.,
  (2,2),(-92.40696186225,6.00000014914E-07),.PIECEWISE_BEZIER_KNOTS.);
#717 = CARTESIAN_POINT('',(-18.11240045354,49.006292225776));
#718 = CARTESIAN_POINT('',(-2.066099818233,-41.99680083936));
#719 = ( GEOMETRIC_REPRESENTATION_CONTEXT(2) 
PARAMETRIC_REPRESENTATION_CONTEXT() REPRESENTATION_CONTEXT('2D SPACE',''
  ) );
#720 = ORIENTED_EDGE('',*,*,#721,.T.);
#721 = EDGE_CURVE('',#701,#722,#724,.T.);
#722 = VERTEX_POINT('',#723);
#723 = CARTESIAN_POINT('',(1.185591230622E+03,113.91833327405,
    364.64529987283));
#724 = SURFACE_CURVE('',#725,(#730,#737),.PCURVE_S1.);
#725 = CIRCLE('',#726,16.);
#726 = AXIS2_PLACEMENT_3D('',#727,#728,#729);
#727 = CARTESIAN_POINT('',(1.183472523938E+03,113.5447481215,380.5));
#728 = DIRECTION('',(0.173648177667,-0.984807753012,-0.));
#729 = DIRECTION('',(0.984807753012,0.173648177667,0.));
#730 = PCURVE('',#31,#731);
#731 = DEFINITIONAL_REPRESENTATION('',(#732),#736);
#732 = LINE('',#733,#734);
#733 = CARTESIAN_POINT('',(-6.28318530718,-36.33717917295));
#734 = VECTOR('',#735,1.);
#735 = DIRECTION('',(1.,-0.));
#736 = ( GEOMETRIC_REPRESENTATION_CONTEXT(2) 
PARAMETRIC_REPRESENTATION_CONTEXT() REPRESENTATION_CONTEXT('2D SPACE',''
  ) );
#737 = PCURVE('',#738,#743);
#738 = PLANE('',#739);
#739 = AXIS2_PLACEMENT_3D('',#740,#741,#742);
#740 = CARTESIAN_POINT('',(1.103073335322E+03,99.368201941432,
    369.42199511535));
#741 = DIRECTION('',(0.173648177667,-0.984807753012,-3.099361401517E-16)
  );
#742 = DIRECTION('',(-0.984807753012,-0.173648177667,0.));
#743 = DEFINITIONAL_REPRESENTATION('',(#744),#748);
#744 = CIRCLE('',#745,16.);
#745 = AXIS2_PLACEMENT_2D('',#746,#747);
#746 = CARTESIAN_POINT('',(-81.63947569474,-11.07800488464));
#747 = DIRECTION('',(-1.,-1.848892746612E-32));
#748 = ( GEOMETRIC_REPRESENTATION_CONTEXT(2) 
PARAMETRIC_REPRESENTATION_CONTEXT() REPRESENTATION_CONTEXT('2D SPACE',''
  ) );
#749 = ORIENTED_EDGE('',*,*,#750,.T.);
#750 = EDGE_CURVE('',#722,#751,#753,.T.);
#751 = VERTEX_POINT('',#752);
#752 = CARTESIAN_POINT('',(1.186980416043E+03,106.03987124995,
    364.64529987282));
#753 = SURFACE_CURVE('',#754,(#758,#764),.PCURVE_S1.);
#754 = LINE('',#755,#756);
#755 = CARTESIAN_POINT('',(1.191901115567E+03,78.133197501936,
    364.64529987283));
#756 = VECTOR('',#757,1.);
#757 = DIRECTION('',(0.173648177667,-0.984807753012,-0.));
#758 = PCURVE('',#31,#759);
#759 = DEFINITIONAL_REPRESENTATION('',(#760),#763);
#760 = B_SPLINE_CURVE_WITH_KNOTS('',1,(#761,#762),.UNSPECIFIED.,.F.,.F.,
  (2,2),(-37.13717917295,-27.53717917295),.PIECEWISE_BEZIER_KNOTS.);
#761 = CARTESIAN_POINT('',(-1.435925868491,-37.13717917295));
#762 = CARTESIAN_POINT('',(-1.435925868491,-27.53717917295));
#763 = ( GEOMETRIC_REPRESENTATION_CONTEXT(2) 
PARAMETRIC_REPRESENTATION_CONTEXT() REPRESENTATION_CONTEXT('2D SPACE',''
  ) );
#764 = PCURVE('',#765,#770);
#765 = PLANE('',#766);
#766 = AXIS2_PLACEMENT_3D('',#767,#768,#769);
#767 = CARTESIAN_POINT('',(1.18572364979E+03,113.94168234608,
    363.65438111489));
#768 = DIRECTION('',(-0.975864475432,-0.172071236534,-0.134461946839));
#769 = DIRECTION('',(-0.132419167732,-2.334907203413E-02,0.990918757948)
  );
#770 = DEFINITIONAL_REPRESENTATION('',(#771),#774);
#771 = B_SPLINE_CURVE_WITH_KNOTS('',1,(#772,#773),.UNSPECIFIED.,.F.,.F.,
  (2,2),(-37.13717917295,-27.53717917295),.PIECEWISE_BEZIER_KNOTS.);
#772 = CARTESIAN_POINT('',(1.,0.8));
#773 = CARTESIAN_POINT('',(1.,-8.8));
#774 = ( GEOMETRIC_REPRESENTATION_CONTEXT(2) 
PARAMETRIC_REPRESENTATION_CONTEXT() REPRESENTATION_CONTEXT('2D SPACE',''
  ) );
#775 = ORIENTED_EDGE('',*,*,#776,.F.);
#776 = EDGE_CURVE('',#777,#751,#779,.T.);
#777 = VERTEX_POINT('',#778);
#778 = CARTESIAN_POINT('',(1.175676034153E+03,104.04660372243,393.5));
#779 = SURFACE_CURVE('',#780,(#785,#792),.PCURVE_S1.);
#780 = CIRCLE('',#781,16.);
#781 = AXIS2_PLACEMENT_3D('',#782,#783,#784);
#782 = CARTESIAN_POINT('',(1.18486170936E+03,105.66628609741,380.5));
#783 = DIRECTION('',(0.173648177667,-0.984807753012,-0.));
#784 = DIRECTION('',(0.984807753012,0.173648177667,0.));
#785 = PCURVE('',#31,#786);
#786 = DEFINITIONAL_REPRESENTATION('',(#787),#791);
#787 = LINE('',#788,#789);
#788 = CARTESIAN_POINT('',(-6.28318530718,-28.33717917295));
#789 = VECTOR('',#790,1.);
#790 = DIRECTION('',(1.,-0.));
#791 = ( GEOMETRIC_REPRESENTATION_CONTEXT(2) 
PARAMETRIC_REPRESENTATION_CONTEXT() REPRESENTATION_CONTEXT('2D SPACE',''
  ) );
#792 = PCURVE('',#793,#798);
#793 = PLANE('',#794);
#794 = AXIS2_PLACEMENT_3D('',#795,#796,#797);
#795 = CARTESIAN_POINT('',(1.104462520744E+03,91.489739917334,
    369.42199511535));
#796 = DIRECTION('',(0.173648177667,-0.984807753012,-3.099361401517E-16)
  );
#797 = DIRECTION('',(-0.984807753012,-0.173648177667,0.));
#798 = DEFINITIONAL_REPRESENTATION('',(#799),#803);
#799 = CIRCLE('',#800,16.);
#800 = AXIS2_PLACEMENT_2D('',#801,#802);
#801 = CARTESIAN_POINT('',(-81.63947569474,-11.07800488464));
#802 = DIRECTION('',(-1.,-1.848892746612E-32));
#803 = ( GEOMETRIC_REPRESENTATION_CONTEXT(2) 
PARAMETRIC_REPRESENTATION_CONTEXT() REPRESENTATION_CONTEXT('2D SPACE',''
  ) );
#804 = ORIENTED_EDGE('',*,*,#805,.T.);
#805 = EDGE_CURVE('',#777,#806,#808,.T.);
#806 = VERTEX_POINT('',#807);
#807 = CARTESIAN_POINT('',(1.180249437321E+03,78.109545480436,393.5));
#808 = SURFACE_CURVE('',#809,(#813,#819),.PCURVE_S1.);
#809 = LINE('',#810,#811);
#810 = CARTESIAN_POINT('',(1.180596733677E+03,76.139929974412,393.5));
#811 = VECTOR('',#812,1.);
#812 = DIRECTION('',(0.173648177667,-0.984807753012,-0.));
#813 = PCURVE('',#31,#814);
#814 = DEFINITIONAL_REPRESENTATION('',(#815),#818);
#815 = B_SPLINE_CURVE_WITH_KNOTS('',1,(#816,#817),.UNSPECIFIED.,.F.,.F.,
  (2,2),(-92.40696186225,6.00000014914E-07),.PIECEWISE_BEZIER_KNOTS.);
#816 = CARTESIAN_POINT('',(-4.09002049183,-92.40696186225));
#817 = CARTESIAN_POINT('',(-4.09002049183,6.000000022575E-07));
#818 = ( GEOMETRIC_REPRESENTATION_CONTEXT(2) 
PARAMETRIC_REPRESENTATION_CONTEXT() REPRESENTATION_CONTEXT('2D SPACE',''
  ) );
#819 = PCURVE('',#820,#825);
#820 = PLANE('',#821);
#821 = AXIS2_PLACEMENT_3D('',#822,#823,#824);
#822 = CARTESIAN_POINT('',(1.182662833599E+03,118.13673022289,393.5));
#823 = DIRECTION('',(0.,0.,1.));
#824 = DIRECTION('',(1.,0.,-0.));
#825 = DEFINITIONAL_REPRESENTATION('',(#826),#829);
#826 = B_SPLINE_CURVE_WITH_KNOTS('',1,(#827,#828),.UNSPECIFIED.,.F.,.F.,
  (2,2),(-92.40696186225,6.00000014914E-07),.PIECEWISE_BEZIER_KNOTS.);
#827 = CARTESIAN_POINT('',(-18.11240045354,49.006292225776));
#828 = CARTESIAN_POINT('',(-2.066099818233,-41.99680083936));
#829 = ( GEOMETRIC_REPRESENTATION_CONTEXT(2) 
PARAMETRIC_REPRESENTATION_CONTEXT() REPRESENTATION_CONTEXT('2D SPACE',''
  ) );
#830 = ORIENTED_EDGE('',*,*,#831,.F.);
#831 = EDGE_CURVE('',#111,#806,#832,.T.);
#832 = SURFACE_CURVE('',#833,(#838,#845),.PCURVE_S1.);
#833 = CIRCLE('',#834,16.);
#834 = AXIS2_PLACEMENT_3D('',#835,#836,#837);
#835 = CARTESIAN_POINT('',(1.189435112528E+03,79.729227855414,380.5));
#836 = DIRECTION('',(0.173648177667,-0.984807753012,-0.));
#837 = DIRECTION('',(0.984807753012,0.173648177667,0.));
#838 = PCURVE('',#31,#839);
#839 = DEFINITIONAL_REPRESENTATION('',(#840),#844);
#840 = LINE('',#841,#842);
#841 = CARTESIAN_POINT('',(-6.28318530718,-2.));
#842 = VECTOR('',#843,1.);
#843 = DIRECTION('',(1.,-0.));
#844 = ( GEOMETRIC_REPRESENTATION_CONTEXT(2) 
PARAMETRIC_REPRESENTATION_CONTEXT() REPRESENTATION_CONTEXT('2D SPACE',''
  ) );
#845 = PCURVE('',#846,#851);
#846 = PLANE('',#847);
#847 = AXIS2_PLACEMENT_3D('',#848,#849,#850);
#848 = CARTESIAN_POINT('',(1.175647803986E+03,77.298153368077,393.5));
#849 = DIRECTION('',(-0.173648177667,0.984807753012,0.));
#850 = DIRECTION('',(0.984807753012,0.173648177667,0.));
#851 = DEFINITIONAL_REPRESENTATION('',(#852),#860);
#852 = ( BOUNDED_CURVE() B_SPLINE_CURVE(2,(#853,#854,#855,#856,#857,#858
,#859),.UNSPECIFIED.,.T.,.F.) B_SPLINE_CURVE_WITH_KNOTS((1,2,2,2,2,1),(
    -2.094395102393,0.,2.094395102393,4.188790204786,6.28318530718,
8.377580409573),.UNSPECIFIED.) CURVE() GEOMETRIC_REPRESENTATION_ITEM() 
RATIONAL_B_SPLINE_CURVE((1.,0.5,1.,0.5,1.,0.5,1.)) REPRESENTATION_ITEM(
  '') );
#853 = CARTESIAN_POINT('',(30.,13.));
#854 = CARTESIAN_POINT('',(30.,-14.7128129211));
#855 = CARTESIAN_POINT('',(6.,-0.856406460551));
#856 = CARTESIAN_POINT('',(-18.,13.));
#857 = CARTESIAN_POINT('',(6.,26.856406460551));
#858 = CARTESIAN_POINT('',(30.,40.712812921102));
#859 = CARTESIAN_POINT('',(30.,13.));
#860 = ( GEOMETRIC_REPRESENTATION_CONTEXT(2) 
PARAMETRIC_REPRESENTATION_CONTEXT() REPRESENTATION_CONTEXT('2D SPACE',''
  ) );
#861 = ADVANCED_FACE('',(#862,#865),#43,.F.);
#862 = FACE_BOUND('',#863,.F.);
#863 = EDGE_LOOP('',(#864));
#864 = ORIENTED_EDGE('',*,*,#21,.T.);
#865 = FACE_BOUND('',#866,.F.);
#866 = EDGE_LOOP('',(#867));
#867 = ORIENTED_EDGE('',*,*,#868,.F.);
#868 = EDGE_CURVE('',#869,#869,#871,.T.);
#869 = VERTEX_POINT('',#870);
#870 = CARTESIAN_POINT('',(1.194952649587E+03,78.671265282141,380.5));
#871 = SURFACE_CURVE('',#872,(#877,#884),.PCURVE_S1.);
#872 = CIRCLE('',#873,5.25);
#873 = AXIS2_PLACEMENT_3D('',#874,#875,#876);
#874 = CARTESIAN_POINT('',(1.189782408883E+03,77.75961234939,380.5));
#875 = DIRECTION('',(-0.173648177667,0.984807753012,0.));
#876 = DIRECTION('',(0.984807753012,0.173648177667,0.));
#877 = PCURVE('',#43,#878);
#878 = DEFINITIONAL_REPRESENTATION('',(#879),#883);
#879 = CIRCLE('',#880,5.25);
#880 = AXIS2_PLACEMENT_2D('',#881,#882);
#881 = CARTESIAN_POINT('',(0.,0.));
#882 = DIRECTION('',(1.,0.));
#883 = ( GEOMETRIC_REPRESENTATION_CONTEXT(2) 
PARAMETRIC_REPRESENTATION_CONTEXT() REPRESENTATION_CONTEXT('2D SPACE',''
  ) );
#884 = PCURVE('',#885,#890);
#885 = CYLINDRICAL_SURFACE('',#886,5.25);
#886 = AXIS2_PLACEMENT_3D('',#887,#888,#889);
#887 = CARTESIAN_POINT('',(1.189782408883E+03,77.75961234939,380.5));
#888 = DIRECTION('',(0.173648177667,-0.984807753012,-0.));
#889 = DIRECTION('',(0.984807753012,0.173648177667,0.));
#890 = DEFINITIONAL_REPRESENTATION('',(#891),#895);
#891 = LINE('',#892,#893);
#892 = CARTESIAN_POINT('',(-0.,0.));
#893 = VECTOR('',#894,1.);
#894 = DIRECTION('',(-1.,0.));
#895 = ( GEOMETRIC_REPRESENTATION_CONTEXT(2) 
PARAMETRIC_REPRESENTATION_CONTEXT() REPRESENTATION_CONTEXT('2D SPACE',''
  ) );
#896 = ADVANCED_FACE('',(#897,#900),#93,.T.);
#897 = FACE_BOUND('',#898,.T.);
#898 = EDGE_LOOP('',(#899));
#899 = ORIENTED_EDGE('',*,*,#78,.T.);
#900 = FACE_BOUND('',#901,.T.);
#901 = EDGE_LOOP('',(#902));
#902 = ORIENTED_EDGE('',*,*,#903,.F.);
#903 = EDGE_CURVE('',#904,#904,#906,.T.);
#904 = VERTEX_POINT('',#905);
#905 = CARTESIAN_POINT('',(1.17758783182E+03,177.15204058336,380.5));
#906 = SURFACE_CURVE('',#907,(#912,#919),.PCURVE_S1.);
#907 = CIRCLE('',#908,5.25);
#908 = AXIS2_PLACEMENT_3D('',#909,#910,#911);
#909 = CARTESIAN_POINT('',(1.172417591117E+03,176.24038765061,380.5));
#910 = DIRECTION('',(-0.173648177667,0.984807753012,0.));
#911 = DIRECTION('',(0.984807753012,0.173648177667,0.));
#912 = PCURVE('',#93,#913);
#913 = DEFINITIONAL_REPRESENTATION('',(#914),#918);
#914 = CIRCLE('',#915,5.25);
#915 = AXIS2_PLACEMENT_2D('',#916,#917);
#916 = CARTESIAN_POINT('',(0.,0.));
#917 = DIRECTION('',(1.,0.));
#918 = ( GEOMETRIC_REPRESENTATION_CONTEXT(2) 
PARAMETRIC_REPRESENTATION_CONTEXT() REPRESENTATION_CONTEXT('2D SPACE',''
  ) );
#919 = PCURVE('',#885,#920);
#920 = DEFINITIONAL_REPRESENTATION('',(#921),#925);
#921 = LINE('',#922,#923);
#922 = CARTESIAN_POINT('',(-0.,-100.));
#923 = VECTOR('',#924,1.);
#924 = DIRECTION('',(-1.,0.));
#925 = ( GEOMETRIC_REPRESENTATION_CONTEXT(2) 
PARAMETRIC_REPRESENTATION_CONTEXT() REPRESENTATION_CONTEXT('2D SPACE',''
  ) );
#926 = ADVANCED_FACE('',(#927),#125,.F.);
#927 = FACE_BOUND('',#928,.F.);
#928 = EDGE_LOOP('',(#929,#930,#953,#981,#1002,#1003));
#929 = ORIENTED_EDGE('',*,*,#108,.T.);
#930 = ORIENTED_EDGE('',*,*,#931,.T.);
#931 = EDGE_CURVE('',#111,#932,#934,.T.);
#932 = VERTEX_POINT('',#933);
#933 = CARTESIAN_POINT('',(1.20322242107E+03,82.160302342751,393.5));
#934 = SURFACE_CURVE('',#935,(#939,#946),.PCURVE_S1.);
#935 = LINE('',#936,#937);
#936 = CARTESIAN_POINT('',(1.175647803986E+03,77.298153368077,393.5));
#937 = VECTOR('',#938,1.);
#938 = DIRECTION('',(0.984807753012,0.173648177667,0.));
#939 = PCURVE('',#125,#940);
#940 = DEFINITIONAL_REPRESENTATION('',(#941),#945);
#941 = LINE('',#942,#943);
#942 = CARTESIAN_POINT('',(-7.015029613161,-40.83857685481));
#943 = VECTOR('',#944,1.);
#944 = DIRECTION('',(0.984807753012,0.173648177667));
#945 = ( GEOMETRIC_REPRESENTATION_CONTEXT(2) 
PARAMETRIC_REPRESENTATION_CONTEXT() REPRESENTATION_CONTEXT('2D SPACE',''
  ) );
#946 = PCURVE('',#846,#947);
#947 = DEFINITIONAL_REPRESENTATION('',(#948),#952);
#948 = LINE('',#949,#950);
#949 = CARTESIAN_POINT('',(0.,0.));
#950 = VECTOR('',#951,1.);
#951 = DIRECTION('',(1.,0.));
#952 = ( GEOMETRIC_REPRESENTATION_CONTEXT(2) 
PARAMETRIC_REPRESENTATION_CONTEXT() REPRESENTATION_CONTEXT('2D SPACE',''
  ) );
#953 = ORIENTED_EDGE('',*,*,#954,.T.);
#954 = EDGE_CURVE('',#932,#955,#957,.T.);
#955 = VERTEX_POINT('',#956);
#956 = CARTESIAN_POINT('',(1.189677863212E+03,158.9753070777,393.5));
#957 = SURFACE_CURVE('',#958,(#962,#969),.PCURVE_S1.);
#958 = LINE('',#959,#960);
#959 = CARTESIAN_POINT('',(1.20322242107E+03,82.160302342751,393.5));
#960 = VECTOR('',#961,1.);
#961 = DIRECTION('',(-0.173648177667,0.984807753012,0.));
#962 = PCURVE('',#125,#963);
#963 = DEFINITIONAL_REPRESENTATION('',(#964),#968);
#964 = LINE('',#965,#966);
#965 = CARTESIAN_POINT('',(20.559587471181,-35.97642788013));
#966 = VECTOR('',#967,1.);
#967 = DIRECTION('',(-0.173648177667,0.984807753012));
#968 = ( GEOMETRIC_REPRESENTATION_CONTEXT(2) 
PARAMETRIC_REPRESENTATION_CONTEXT() REPRESENTATION_CONTEXT('2D SPACE',''
  ) );
#969 = PCURVE('',#970,#975);
#970 = PLANE('',#971);
#971 = AXIS2_PLACEMENT_3D('',#972,#973,#974);
#972 = CARTESIAN_POINT('',(1.20322242107E+03,82.160302342751,393.5));
#973 = DIRECTION('',(-0.984807753012,-0.173648177667,0.));
#974 = DIRECTION('',(-0.173648177667,0.984807753012,0.));
#975 = DEFINITIONAL_REPRESENTATION('',(#976),#980);
#976 = LINE('',#977,#978);
#977 = CARTESIAN_POINT('',(0.,0.));
#978 = VECTOR('',#979,1.);
#979 = DIRECTION('',(1.,0.));
#980 = ( GEOMETRIC_REPRESENTATION_CONTEXT(2) 
PARAMETRIC_REPRESENTATION_CONTEXT() REPRESENTATION_CONTEXT('2D SPACE',''
  ) );
#981 = ORIENTED_EDGE('',*,*,#982,.T.);
#982 = EDGE_CURVE('',#955,#276,#983,.T.);
#983 = SURFACE_CURVE('',#984,(#988,#995),.PCURVE_S1.);
#984 = LINE('',#985,#986);
#985 = CARTESIAN_POINT('',(1.189677863212E+03,158.9753070777,393.5));
#986 = VECTOR('',#987,1.);
#987 = DIRECTION('',(-0.984807753012,-0.173648177667,0.));
#988 = PCURVE('',#125,#989);
#989 = DEFINITIONAL_REPRESENTATION('',(#990),#994);
#990 = LINE('',#991,#992);
#991 = CARTESIAN_POINT('',(7.015029613161,40.838576854813));
#992 = VECTOR('',#993,1.);
#993 = DIRECTION('',(-0.984807753012,-0.173648177667));
#994 = ( GEOMETRIC_REPRESENTATION_CONTEXT(2) 
PARAMETRIC_REPRESENTATION_CONTEXT() REPRESENTATION_CONTEXT('2D SPACE',''
  ) );
#995 = PCURVE('',#313,#996);
#996 = DEFINITIONAL_REPRESENTATION('',(#997),#1001);
#997 = LINE('',#998,#999);
#998 = CARTESIAN_POINT('',(0.,0.));
#999 = VECTOR('',#1000,1.);
#1000 = DIRECTION('',(1.,0.));
#1001 = ( GEOMETRIC_REPRESENTATION_CONTEXT(2) 
PARAMETRIC_REPRESENTATION_CONTEXT() REPRESENTATION_CONTEXT('2D SPACE',''
  ) );
#1002 = ORIENTED_EDGE('',*,*,#275,.T.);
#1003 = ORIENTED_EDGE('',*,*,#1004,.T.);
#1004 = EDGE_CURVE('',#137,#109,#1005,.T.);
#1005 = SURFACE_CURVE('',#1006,(#1011,#1022),.PCURVE_S1.);
#1006 = CIRCLE('',#1007,10.);
#1007 = AXIS2_PLACEMENT_3D('',#1008,#1009,#1010);
#1008 = CARTESIAN_POINT('',(1.1811E+03,127.,393.5));
#1009 = DIRECTION('',(4.038967834732E-28,4.881285518889E-12,-1.));
#1010 = DIRECTION('',(0.855957779873,0.517045722421,2.523847797458E-12)
  );
#1011 = PCURVE('',#125,#1012);
#1012 = DEFINITIONAL_REPRESENTATION('',(#1013),#1021);
#1013 = ( BOUNDED_CURVE() B_SPLINE_CURVE(2,(#1014,#1015,#1016,#1017,
#1018,#1019,#1020),.UNSPECIFIED.,.T.,.F.) B_SPLINE_CURVE_WITH_KNOTS((1,2
    ,2,2,2,1),(-2.094395102393,0.,2.094395102393,4.188790204786,
6.28318530718,8.377580409573),.UNSPECIFIED.) CURVE() 
GEOMETRIC_REPRESENTATION_ITEM() RATIONAL_B_SPLINE_CURVE((1.,0.5,1.,0.5,
1.,0.5,1.)) REPRESENTATION_ITEM('') );
#1014 = CARTESIAN_POINT('',(6.996744199732,14.033727001322));
#1015 = CARTESIAN_POINT('',(15.952238810429,-0.791896637425));
#1016 = CARTESIAN_POINT('',(-1.364875193021,-1.13477065437));
#1017 = CARTESIAN_POINT('',(-18.68198919647,-1.477644671314));
#1018 = CARTESIAN_POINT('',(-10.32036980371,13.690852984377));
#1019 = CARTESIAN_POINT('',(-1.958750410965,28.859350640069));
#1020 = CARTESIAN_POINT('',(6.996744199732,14.033727001322));
#1021 = ( GEOMETRIC_REPRESENTATION_CONTEXT(2) 
PARAMETRIC_REPRESENTATION_CONTEXT() REPRESENTATION_CONTEXT('2D SPACE',''
  ) );
#1022 = PCURVE('',#219,#1023);
#1023 = DEFINITIONAL_REPRESENTATION('',(#1024),#1028);
#1024 = LINE('',#1025,#1026);
#1025 = CARTESIAN_POINT('',(6.826581216521,13.));
#1026 = VECTOR('',#1027,1.);
#1027 = DIRECTION('',(-1.,-0.));
#1028 = ( GEOMETRIC_REPRESENTATION_CONTEXT(2) 
PARAMETRIC_REPRESENTATION_CONTEXT() REPRESENTATION_CONTEXT('2D SPACE',''
  ) );
#1029 = ADVANCED_FACE('',(#1030),#219,.T.);
#1030 = FACE_BOUND('',#1031,.T.);
#1031 = EDGE_LOOP('',(#1032,#1033));
#1032 = ORIENTED_EDGE('',*,*,#136,.F.);
#1033 = ORIENTED_EDGE('',*,*,#1004,.T.);
#1034 = ADVANCED_FACE('',(#1035),#313,.F.);
#1035 = FACE_BOUND('',#1036,.F.);
#1036 = EDGE_LOOP('',(#1037,#1038,#1061,#1089,#1117,#1138));
#1037 = ORIENTED_EDGE('',*,*,#982,.F.);
#1038 = ORIENTED_EDGE('',*,*,#1039,.T.);
#1039 = EDGE_CURVE('',#955,#1040,#1042,.T.);
#1040 = VERTEX_POINT('',#1041);
#1041 = CARTESIAN_POINT('',(1.189677863212E+03,158.9753070777,399.5));
#1042 = SURFACE_CURVE('',#1043,(#1047,#1054),.PCURVE_S1.);
#1043 = LINE('',#1044,#1045);
#1044 = CARTESIAN_POINT('',(1.189677863212E+03,158.9753070777,393.5));
#1045 = VECTOR('',#1046,1.);
#1046 = DIRECTION('',(0.,-0.,1.));
#1047 = PCURVE('',#313,#1048);
#1048 = DEFINITIONAL_REPRESENTATION('',(#1049),#1053);
#1049 = LINE('',#1050,#1051);
#1050 = CARTESIAN_POINT('',(0.,0.));
#1051 = VECTOR('',#1052,1.);
#1052 = DIRECTION('',(0.,-1.));
#1053 = ( GEOMETRIC_REPRESENTATION_CONTEXT(2) 
PARAMETRIC_REPRESENTATION_CONTEXT() REPRESENTATION_CONTEXT('2D SPACE',''
  ) );
#1054 = PCURVE('',#970,#1055);
#1055 = DEFINITIONAL_REPRESENTATION('',(#1056),#1060);
#1056 = LINE('',#1057,#1058);
#1057 = CARTESIAN_POINT('',(78.,0.));
#1058 = VECTOR('',#1059,1.);
#1059 = DIRECTION('',(0.,-1.));
#1060 = ( GEOMETRIC_REPRESENTATION_CONTEXT(2) 
PARAMETRIC_REPRESENTATION_CONTEXT() REPRESENTATION_CONTEXT('2D SPACE',''
  ) );
#1061 = ORIENTED_EDGE('',*,*,#1062,.T.);
#1062 = EDGE_CURVE('',#1040,#1063,#1065,.T.);
#1063 = VERTEX_POINT('',#1064);
#1064 = CARTESIAN_POINT('',(1.162103246128E+03,154.11315810302,399.5));
#1065 = SURFACE_CURVE('',#1066,(#1070,#1077),.PCURVE_S1.);
#1066 = LINE('',#1067,#1068);
#1067 = CARTESIAN_POINT('',(1.189677863212E+03,158.9753070777,399.5));
#1068 = VECTOR('',#1069,1.);
#1069 = DIRECTION('',(-0.984807753012,-0.173648177667,0.));
#1070 = PCURVE('',#313,#1071);
#1071 = DEFINITIONAL_REPRESENTATION('',(#1072),#1076);
#1072 = LINE('',#1073,#1074);
#1073 = CARTESIAN_POINT('',(0.,-6.));
#1074 = VECTOR('',#1075,1.);
#1075 = DIRECTION('',(1.,0.));
#1076 = ( GEOMETRIC_REPRESENTATION_CONTEXT(2) 
PARAMETRIC_REPRESENTATION_CONTEXT() REPRESENTATION_CONTEXT('2D SPACE',''
  ) );
#1077 = PCURVE('',#1078,#1083);
#1078 = PLANE('',#1079);
#1079 = AXIS2_PLACEMENT_3D('',#1080,#1081,#1082);
#1080 = CARTESIAN_POINT('',(1.182662833599E+03,118.13673022289,399.5));
#1081 = DIRECTION('',(0.,0.,1.));
#1082 = DIRECTION('',(1.,0.,-0.));
#1083 = DEFINITIONAL_REPRESENTATION('',(#1084),#1088);
#1084 = LINE('',#1085,#1086);
#1085 = CARTESIAN_POINT('',(7.015029613161,40.838576854813));
#1086 = VECTOR('',#1087,1.);
#1087 = DIRECTION('',(-0.984807753012,-0.173648177667));
#1088 = ( GEOMETRIC_REPRESENTATION_CONTEXT(2) 
PARAMETRIC_REPRESENTATION_CONTEXT() REPRESENTATION_CONTEXT('2D SPACE',''
  ) );
#1089 = ORIENTED_EDGE('',*,*,#1090,.F.);
#1090 = EDGE_CURVE('',#1091,#1063,#1093,.T.);
#1091 = VERTEX_POINT('',#1092);
#1092 = CARTESIAN_POINT('',(1.162103246128E+03,154.11315810302,393.5));
#1093 = SURFACE_CURVE('',#1094,(#1098,#1105),.PCURVE_S1.);
#1094 = LINE('',#1095,#1096);
#1095 = CARTESIAN_POINT('',(1.162103246128E+03,154.11315810302,393.5));
#1096 = VECTOR('',#1097,1.);
#1097 = DIRECTION('',(0.,-0.,1.));
#1098 = PCURVE('',#313,#1099);
#1099 = DEFINITIONAL_REPRESENTATION('',(#1100),#1104);
#1100 = LINE('',#1101,#1102);
#1101 = CARTESIAN_POINT('',(28.,0.));
#1102 = VECTOR('',#1103,1.);
#1103 = DIRECTION('',(0.,-1.));
#1104 = ( GEOMETRIC_REPRESENTATION_CONTEXT(2) 
PARAMETRIC_REPRESENTATION_CONTEXT() REPRESENTATION_CONTEXT('2D SPACE',''
  ) );
#1105 = PCURVE('',#1106,#1111);
#1106 = PLANE('',#1107);
#1107 = AXIS2_PLACEMENT_3D('',#1108,#1109,#1110);
#1108 = CARTESIAN_POINT('',(1.162103246128E+03,154.11315810302,393.5));
#1109 = DIRECTION('',(0.984807753012,0.173648177667,0.));
#1110 = DIRECTION('',(0.173648177667,-0.984807753012,0.));
#1111 = DEFINITIONAL_REPRESENTATION('',(#1112),#1116);
#1112 = LINE('',#1113,#1114);
#1113 = CARTESIAN_POINT('',(0.,0.));
#1114 = VECTOR('',#1115,1.);
#1115 = DIRECTION('',(0.,-1.));
#1116 = ( GEOMETRIC_REPRESENTATION_CONTEXT(2) 
PARAMETRIC_REPRESENTATION_CONTEXT() REPRESENTATION_CONTEXT('2D SPACE',''
  ) );
#1117 = ORIENTED_EDGE('',*,*,#1118,.F.);
#1118 = EDGE_CURVE('',#297,#1091,#1119,.T.);
#1119 = SURFACE_CURVE('',#1120,(#1124,#1131),.PCURVE_S1.);
#1120 = LINE('',#1121,#1122);
#1121 = CARTESIAN_POINT('',(1.189677863212E+03,158.9753070777,393.5));
#1122 = VECTOR('',#1123,1.);
#1123 = DIRECTION('',(-0.984807753012,-0.173648177667,0.));
#1124 = PCURVE('',#313,#1125);
#1125 = DEFINITIONAL_REPRESENTATION('',(#1126),#1130);
#1126 = LINE('',#1127,#1128);
#1127 = CARTESIAN_POINT('',(0.,0.));
#1128 = VECTOR('',#1129,1.);
#1129 = DIRECTION('',(1.,0.));
#1130 = ( GEOMETRIC_REPRESENTATION_CONTEXT(2) 
PARAMETRIC_REPRESENTATION_CONTEXT() REPRESENTATION_CONTEXT('2D SPACE',''
  ) );
#1131 = PCURVE('',#340,#1132);
#1132 = DEFINITIONAL_REPRESENTATION('',(#1133),#1137);
#1133 = LINE('',#1134,#1135);
#1134 = CARTESIAN_POINT('',(7.015029613161,40.838576854813));
#1135 = VECTOR('',#1136,1.);
#1136 = DIRECTION('',(-0.984807753012,-0.173648177667));
#1137 = ( GEOMETRIC_REPRESENTATION_CONTEXT(2) 
PARAMETRIC_REPRESENTATION_CONTEXT() REPRESENTATION_CONTEXT('2D SPACE',''
  ) );
#1138 = ORIENTED_EDGE('',*,*,#296,.F.);
#1139 = ADVANCED_FACE('',(#1140),#340,.F.);
#1140 = FACE_BOUND('',#1141,.F.);
#1141 = EDGE_LOOP('',(#1142,#1165,#1184,#1185,#1207,#1208));
#1142 = ORIENTED_EDGE('',*,*,#1143,.T.);
#1143 = EDGE_CURVE('',#1091,#1144,#1146,.T.);
#1144 = VERTEX_POINT('',#1145);
#1145 = CARTESIAN_POINT('',(1.169685215396E+03,111.11367363417,393.5));
#1146 = SURFACE_CURVE('',#1147,(#1151,#1158),.PCURVE_S1.);
#1147 = LINE('',#1148,#1149);
#1148 = CARTESIAN_POINT('',(1.162103246128E+03,154.11315810302,393.5));
#1149 = VECTOR('',#1150,1.);
#1150 = DIRECTION('',(0.173648177667,-0.984807753012,0.));
#1151 = PCURVE('',#340,#1152);
#1152 = DEFINITIONAL_REPRESENTATION('',(#1153),#1157);
#1153 = LINE('',#1154,#1155);
#1154 = CARTESIAN_POINT('',(-20.55958747118,35.976427880139));
#1155 = VECTOR('',#1156,1.);
#1156 = DIRECTION('',(0.173648177667,-0.984807753012));
#1157 = ( GEOMETRIC_REPRESENTATION_CONTEXT(2) 
PARAMETRIC_REPRESENTATION_CONTEXT() REPRESENTATION_CONTEXT('2D SPACE',''
  ) );
#1158 = PCURVE('',#1106,#1159);
#1159 = DEFINITIONAL_REPRESENTATION('',(#1160),#1164);
#1160 = LINE('',#1161,#1162);
#1161 = CARTESIAN_POINT('',(0.,0.));
#1162 = VECTOR('',#1163,1.);
#1163 = DIRECTION('',(1.,0.));
#1164 = ( GEOMETRIC_REPRESENTATION_CONTEXT(2) 
PARAMETRIC_REPRESENTATION_CONTEXT() REPRESENTATION_CONTEXT('2D SPACE',''
  ) );
#1165 = ORIENTED_EDGE('',*,*,#1166,.F.);
#1166 = EDGE_CURVE('',#701,#1144,#1167,.T.);
#1167 = SURFACE_CURVE('',#1168,(#1172,#1178),.PCURVE_S1.);
#1168 = LINE('',#1169,#1170);
#1169 = CARTESIAN_POINT('',(1.14327292963E+03,106.45647503147,393.5));
#1170 = VECTOR('',#1171,1.);
#1171 = DIRECTION('',(-0.984807753012,-0.173648177667,0.));
#1172 = PCURVE('',#340,#1173);
#1173 = DEFINITIONAL_REPRESENTATION('',(#1174),#1177);
#1174 = B_SPLINE_CURVE_WITH_KNOTS('',1,(#1175,#1176),.UNSPECIFIED.,.F.,
  .F.,(2,2),(-43.10559094363,-19.12080448172),.PIECEWISE_BEZIER_KNOTS.);
#1175 = CARTESIAN_POINT('',(3.06081619085,-4.195047876803));
#1176 = CARTESIAN_POINT('',(-20.55958747118,-8.359962337644));
#1177 = ( GEOMETRIC_REPRESENTATION_CONTEXT(2) 
PARAMETRIC_REPRESENTATION_CONTEXT() REPRESENTATION_CONTEXT('2D SPACE',''
  ) );
#1178 = PCURVE('',#738,#1179);
#1179 = DEFINITIONAL_REPRESENTATION('',(#1180),#1183);
#1180 = B_SPLINE_CURVE_WITH_KNOTS('',1,(#1181,#1182),.UNSPECIFIED.,.F.,
  .F.,(2,2),(-43.10559094363,-19.12080448172),.PIECEWISE_BEZIER_KNOTS.);
#1181 = CARTESIAN_POINT('',(-83.925328791,-24.07800488464));
#1182 = CARTESIAN_POINT('',(-59.94054232909,-24.07800488464));
#1183 = ( GEOMETRIC_REPRESENTATION_CONTEXT(2) 
PARAMETRIC_REPRESENTATION_CONTEXT() REPRESENTATION_CONTEXT('2D SPACE',''
  ) );
#1184 = ORIENTED_EDGE('',*,*,#700,.F.);
#1185 = ORIENTED_EDGE('',*,*,#1186,.F.);
#1186 = EDGE_CURVE('',#326,#352,#1187,.T.);
#1187 = SURFACE_CURVE('',#1188,(#1193,#1200),.PCURVE_S1.);
#1188 = CIRCLE('',#1189,10.);
#1189 = AXIS2_PLACEMENT_3D('',#1190,#1191,#1192);
#1190 = CARTESIAN_POINT('',(1.1811E+03,127.,393.5));
#1191 = DIRECTION('',(0.,0.,1.));
#1192 = DIRECTION('',(1.,0.,-0.));
#1193 = PCURVE('',#340,#1194);
#1194 = DEFINITIONAL_REPRESENTATION('',(#1195),#1199);
#1195 = CIRCLE('',#1196,10.);
#1196 = AXIS2_PLACEMENT_2D('',#1197,#1198);
#1197 = CARTESIAN_POINT('',(-1.562833599002,8.86326977711));
#1198 = DIRECTION('',(1.,0.));
#1199 = ( GEOMETRIC_REPRESENTATION_CONTEXT(2) 
PARAMETRIC_REPRESENTATION_CONTEXT() REPRESENTATION_CONTEXT('2D SPACE',''
  ) );
#1200 = PCURVE('',#581,#1201);
#1201 = DEFINITIONAL_REPRESENTATION('',(#1202),#1206);
#1202 = LINE('',#1203,#1204);
#1203 = CARTESIAN_POINT('',(0.,13.));
#1204 = VECTOR('',#1205,1.);
#1205 = DIRECTION('',(1.,0.));
#1206 = ( GEOMETRIC_REPRESENTATION_CONTEXT(2) 
PARAMETRIC_REPRESENTATION_CONTEXT() REPRESENTATION_CONTEXT('2D SPACE',''
  ) );
#1207 = ORIENTED_EDGE('',*,*,#325,.F.);
#1208 = ORIENTED_EDGE('',*,*,#1118,.T.);
#1209 = ADVANCED_FACE('',(#1210),#581,.T.);
#1210 = FACE_BOUND('',#1211,.T.);
#1211 = EDGE_LOOP('',(#1212,#1213));
#1212 = ORIENTED_EDGE('',*,*,#1186,.F.);
#1213 = ORIENTED_EDGE('',*,*,#351,.T.);
#1214 = ADVANCED_FACE('',(#1215,#1541),#738,.F.);
#1215 = FACE_BOUND('',#1216,.F.);
#1216 = EDGE_LOOP('',(#1217,#1238,#1266,#1294,#1322,#1350,#1378,#1406,
    #1434,#1462,#1490,#1518,#1539,#1540));
#1217 = ORIENTED_EDGE('',*,*,#1218,.T.);
#1218 = EDGE_CURVE('',#1144,#1219,#1221,.T.);
#1219 = VERTEX_POINT('',#1220);
#1220 = CARTESIAN_POINT('',(1.169685215396E+03,111.11367363417,
    395.45762193379));
#1221 = SURFACE_CURVE('',#1222,(#1226,#1232),.PCURVE_S1.);
#1222 = LINE('',#1223,#1224);
#1223 = CARTESIAN_POINT('',(1.169685215396E+03,111.11367363417,
    381.46099755767));
#1224 = VECTOR('',#1225,1.);
#1225 = DIRECTION('',(5.381984593046E-17,-3.052275137601E-16,1.));
#1226 = PCURVE('',#738,#1227);
#1227 = DEFINITIONAL_REPRESENTATION('',(#1228),#1231);
#1228 = B_SPLINE_CURVE_WITH_KNOTS('',1,(#1229,#1230),.UNSPECIFIED.,.F.,
  .F.,(2,2),(12.039002442321,15.884621327429),.PIECEWISE_BEZIER_KNOTS.);
#1229 = CARTESIAN_POINT('',(-67.63947569474,-24.07800488464));
#1230 = CARTESIAN_POINT('',(-67.63947569474,-27.92362376974));
#1231 = ( GEOMETRIC_REPRESENTATION_CONTEXT(2) 
PARAMETRIC_REPRESENTATION_CONTEXT() REPRESENTATION_CONTEXT('2D SPACE',''
  ) );
#1232 = PCURVE('',#1106,#1233);
#1233 = DEFINITIONAL_REPRESENTATION('',(#1234),#1237);
#1234 = B_SPLINE_CURVE_WITH_KNOTS('',1,(#1235,#1236),.UNSPECIFIED.,.F.,
  .F.,(2,2),(12.039002442321,15.884621327429),.PIECEWISE_BEZIER_KNOTS.);
#1235 = CARTESIAN_POINT('',(43.662820827047,0.));
#1236 = CARTESIAN_POINT('',(43.662820827047,-3.845618885108));
#1237 = ( GEOMETRIC_REPRESENTATION_CONTEXT(2) 
PARAMETRIC_REPRESENTATION_CONTEXT() REPRESENTATION_CONTEXT('2D SPACE',''
  ) );
#1238 = ORIENTED_EDGE('',*,*,#1239,.T.);
#1239 = EDGE_CURVE('',#1219,#1240,#1242,.T.);
#1240 = VERTEX_POINT('',#1241);
#1241 = CARTESIAN_POINT('',(1.025192407454E+03,85.635693075605,
    371.8101132045));
#1242 = SURFACE_CURVE('',#1243,(#1247,#1254),.PCURVE_S1.);
#1243 = LINE('',#1244,#1245);
#1244 = CARTESIAN_POINT('',(1.181221398087E+03,113.14781389692,
    397.3456188851));
#1245 = VECTOR('',#1246,1.);
#1246 = DIRECTION('',(-0.972260729513,-0.171435798897,-0.159118951425));
#1247 = PCURVE('',#738,#1248);
#1248 = DEFINITIONAL_REPRESENTATION('',(#1249),#1253);
#1249 = LINE('',#1250,#1251);
#1250 = CARTESIAN_POINT('',(-79.35362259847,-27.92362376974));
#1251 = VECTOR('',#1252,1.);
#1252 = DIRECTION('',(0.987259418439,0.159118951425));
#1253 = ( GEOMETRIC_REPRESENTATION_CONTEXT(2) 
PARAMETRIC_REPRESENTATION_CONTEXT() REPRESENTATION_CONTEXT('2D SPACE',''
  ) );
#1254 = PCURVE('',#1255,#1260);
#1255 = PLANE('',#1256);
#1256 = AXIS2_PLACEMENT_3D('',#1257,#1258,#1259);
#1257 = CARTESIAN_POINT('',(1.181221398087E+03,113.14781389692,
    397.3456188851));
#1258 = DIRECTION('',(0.156701577015,2.763071594731E-02,-0.987259418439)
  );
#1259 = DIRECTION('',(-0.972260729513,-0.171435798897,-0.159118951425));
#1260 = DEFINITIONAL_REPRESENTATION('',(#1261),#1265);
#1261 = LINE('',#1262,#1263);
#1262 = CARTESIAN_POINT('',(-0.,0.));
#1263 = VECTOR('',#1264,1.);
#1264 = DIRECTION('',(1.,2.885968513767E-17));
#1265 = ( GEOMETRIC_REPRESENTATION_CONTEXT(2) 
PARAMETRIC_REPRESENTATION_CONTEXT() REPRESENTATION_CONTEXT('2D SPACE',''
  ) );
#1266 = ORIENTED_EDGE('',*,*,#1267,.T.);
#1267 = EDGE_CURVE('',#1240,#1268,#1270,.T.);
#1268 = VERTEX_POINT('',#1269);
#1269 = CARTESIAN_POINT('',(1.020468631799E+03,84.802763976924,
    370.16060094482));
#1270 = SURFACE_CURVE('',#1271,(#1275,#1282),.PCURVE_S1.);
#1271 = LINE('',#1272,#1273);
#1272 = CARTESIAN_POINT('',(1.025192407454E+03,85.635693075605,
    371.8101132045));
#1273 = VECTOR('',#1274,1.);
#1274 = DIRECTION('',(-0.931279815098,-0.164209757991,-0.325196957814));
#1275 = PCURVE('',#738,#1276);
#1276 = DEFINITIONAL_REPRESENTATION('',(#1277),#1281);
#1277 = LINE('',#1278,#1279);
#1278 = CARTESIAN_POINT('',(79.082366716031,-2.388118089149));
#1279 = VECTOR('',#1280,1.);
#1280 = DIRECTION('',(0.945646307363,0.325196957814));
#1281 = ( GEOMETRIC_REPRESENTATION_CONTEXT(2) 
PARAMETRIC_REPRESENTATION_CONTEXT() REPRESENTATION_CONTEXT('2D SPACE',''
  ) );
#1282 = PCURVE('',#1283,#1288);
#1283 = PLANE('',#1284);
#1284 = AXIS2_PLACEMENT_3D('',#1285,#1286,#1287);
#1285 = CARTESIAN_POINT('',(1.025192407454E+03,85.635693075605,
    371.8101132045));
#1286 = DIRECTION('',(0.320256485311,5.646985910719E-02,-0.945646307363)
  );
#1287 = DIRECTION('',(-0.931279815098,-0.164209757991,-0.325196957814));
#1288 = DEFINITIONAL_REPRESENTATION('',(#1289),#1293);
#1289 = LINE('',#1290,#1291);
#1290 = CARTESIAN_POINT('',(-0.,0.));
#1291 = VECTOR('',#1292,1.);
#1292 = DIRECTION('',(1.,-2.4138717697E-17));
#1293 = ( GEOMETRIC_REPRESENTATION_CONTEXT(2) 
PARAMETRIC_REPRESENTATION_CONTEXT() REPRESENTATION_CONTEXT('2D SPACE',''
  ) );
#1294 = ORIENTED_EDGE('',*,*,#1295,.T.);
#1295 = EDGE_CURVE('',#1268,#1296,#1298,.T.);
#1296 = VERTEX_POINT('',#1297);
#1297 = CARTESIAN_POINT('',(1.0167260832E+03,84.142851682242,
    366.80105279725));
#1298 = SURFACE_CURVE('',#1299,(#1303,#1310),.PCURVE_S1.);
#1299 = LINE('',#1300,#1301);
#1300 = CARTESIAN_POINT('',(1.020468631799E+03,84.802763976924,
    370.16060094482));
#1301 = VECTOR('',#1302,1.);
#1302 = DIRECTION('',(-0.737833509174,-0.130099954938,-0.662325988064));
#1303 = PCURVE('',#738,#1304);
#1304 = DEFINITIONAL_REPRESENTATION('',(#1305),#1309);
#1305 = LINE('',#1306,#1307);
#1306 = CARTESIAN_POINT('',(83.879014224067,-0.738605829466));
#1307 = VECTOR('',#1308,1.);
#1308 = DIRECTION('',(0.749215780356,0.662325988064));
#1309 = ( GEOMETRIC_REPRESENTATION_CONTEXT(2) 
PARAMETRIC_REPRESENTATION_CONTEXT() REPRESENTATION_CONTEXT('2D SPACE',''
  ) );
#1310 = PCURVE('',#1311,#1316);
#1311 = PLANE('',#1312);
#1312 = AXIS2_PLACEMENT_3D('',#1313,#1314,#1315);
#1313 = CARTESIAN_POINT('',(1.020468631799E+03,84.802763976924,
    370.16060094482));
#1314 = DIRECTION('',(0.652263768067,0.115011700849,-0.749215780356));
#1315 = DIRECTION('',(-0.737833509174,-0.130099954938,-0.662325988064));
#1316 = DEFINITIONAL_REPRESENTATION('',(#1317),#1321);
#1317 = LINE('',#1318,#1319);
#1318 = CARTESIAN_POINT('',(-0.,0.));
#1319 = VECTOR('',#1320,1.);
#1320 = DIRECTION('',(1.,-9.39728658793E-18));
#1321 = ( GEOMETRIC_REPRESENTATION_CONTEXT(2) 
PARAMETRIC_REPRESENTATION_CONTEXT() REPRESENTATION_CONTEXT('2D SPACE',''
  ) );
#1322 = ORIENTED_EDGE('',*,*,#1323,.T.);
#1323 = EDGE_CURVE('',#1296,#1324,#1326,.T.);
#1324 = VERTEX_POINT('',#1325);
#1325 = CARTESIAN_POINT('',(1.014534530754E+03,83.756421856303,
    362.24292951289));
#1326 = SURFACE_CURVE('',#1327,(#1331,#1338),.PCURVE_S1.);
#1327 = LINE('',#1328,#1329);
#1328 = CARTESIAN_POINT('',(1.0167260832E+03,84.142851682242,
    366.80105279725));
#1329 = VECTOR('',#1330,1.);
#1330 = DIRECTION('',(-0.432058739956,-7.618361310508E-02,
    -0.898621890632));
#1331 = PCURVE('',#738,#1332);
#1332 = DEFINITIONAL_REPRESENTATION('',(#1333),#1337);
#1333 = LINE('',#1334,#1335);
#1334 = CARTESIAN_POINT('',(87.679297668148,2.620942318101));
#1335 = VECTOR('',#1336,1.);
#1336 = DIRECTION('',(0.438723942449,0.898621890632));
#1337 = ( GEOMETRIC_REPRESENTATION_CONTEXT(2) 
PARAMETRIC_REPRESENTATION_CONTEXT() REPRESENTATION_CONTEXT('2D SPACE',''
  ) );
#1338 = PCURVE('',#1339,#1344);
#1339 = PLANE('',#1340);
#1340 = AXIS2_PLACEMENT_3D('',#1341,#1342,#1343);
#1341 = CARTESIAN_POINT('',(1.0167260832E+03,84.142851682242,
    366.80105279725));
#1342 = DIRECTION('',(0.88496980492,0.15604405372,-0.438723942449));
#1343 = DIRECTION('',(-0.432058739956,-7.618361310508E-02,
    -0.898621890632));
#1344 = DEFINITIONAL_REPRESENTATION('',(#1345),#1349);
#1345 = LINE('',#1346,#1347);
#1346 = CARTESIAN_POINT('',(-0.,0.));
#1347 = VECTOR('',#1348,1.);
#1348 = DIRECTION('',(1.,-1.203342310142E-17));
#1349 = ( GEOMETRIC_REPRESENTATION_CONTEXT(2) 
PARAMETRIC_REPRESENTATION_CONTEXT() REPRESENTATION_CONTEXT('2D SPACE',''
  ) );
#1350 = ORIENTED_EDGE('',*,*,#1351,.T.);
#1351 = EDGE_CURVE('',#1324,#1352,#1354,.T.);
#1352 = VERTEX_POINT('',#1353);
#1353 = CARTESIAN_POINT('',(1.014227618454E+03,83.702304937112,
    357.18016404228));
#1354 = SURFACE_CURVE('',#1355,(#1359,#1366),.PCURVE_S1.);
#1355 = LINE('',#1356,#1357);
#1356 = CARTESIAN_POINT('',(1.014534530754E+03,83.756421856303,
    362.24292951289));
#1357 = VECTOR('',#1358,1.);
#1358 = DIRECTION('',(-6.050694420121E-02,-1.06690067829E-02,
    -0.998110756378));
#1359 = PCURVE('',#738,#1360);
#1360 = DEFINITIONAL_REPRESENTATION('',(#1361),#1365);
#1361 = LINE('',#1362,#1363);
#1362 = CARTESIAN_POINT('',(89.90465834357,7.179065602467));
#1363 = VECTOR('',#1364,1.);
#1364 = DIRECTION('',(6.14403613458E-02,0.998110756378));
#1365 = ( GEOMETRIC_REPRESENTATION_CONTEXT(2) 
PARAMETRIC_REPRESENTATION_CONTEXT() REPRESENTATION_CONTEXT('2D SPACE',''
  ) );
#1366 = PCURVE('',#1367,#1372);
#1367 = PLANE('',#1368);
#1368 = AXIS2_PLACEMENT_3D('',#1369,#1370,#1371);
#1369 = CARTESIAN_POINT('',(1.014534530754E+03,83.756421856303,
    362.24292951289));
#1370 = DIRECTION('',(0.982947211246,0.173320113955,-6.14403613458E-02)
  );
#1371 = DIRECTION('',(-6.050694420121E-02,-1.06690067829E-02,
    -0.998110756378));
#1372 = DEFINITIONAL_REPRESENTATION('',(#1373),#1377);
#1373 = LINE('',#1374,#1375);
#1374 = CARTESIAN_POINT('',(-0.,0.));
#1375 = VECTOR('',#1376,1.);
#1376 = DIRECTION('',(1.,4.049325544187E-18));
#1377 = ( GEOMETRIC_REPRESENTATION_CONTEXT(2) 
PARAMETRIC_REPRESENTATION_CONTEXT() REPRESENTATION_CONTEXT('2D SPACE',''
  ) );
#1378 = ORIENTED_EDGE('',*,*,#1379,.T.);
#1379 = EDGE_CURVE('',#1352,#1380,#1382,.T.);
#1380 = VERTEX_POINT('',#1381);
#1381 = CARTESIAN_POINT('',(1.015852070916E+03,83.988739735046,
    352.38351653424));
#1382 = SURFACE_CURVE('',#1383,(#1387,#1394),.PCURVE_S1.);
#1383 = LINE('',#1384,#1385);
#1384 = CARTESIAN_POINT('',(1.014227618454E+03,83.702304937112,
    357.18016404228));
#1385 = VECTOR('',#1386,1.);
#1386 = DIRECTION('',(0.320256485311,5.646985910719E-02,-0.945646307363)
  );
#1387 = PCURVE('',#738,#1388);
#1388 = DEFINITIONAL_REPRESENTATION('',(#1389),#1393);
#1389 = LINE('',#1390,#1391);
#1390 = CARTESIAN_POINT('',(90.216305260443,12.241831073075));
#1391 = VECTOR('',#1392,1.);
#1392 = DIRECTION('',(-0.325196957814,0.945646307363));
#1393 = ( GEOMETRIC_REPRESENTATION_CONTEXT(2) 
PARAMETRIC_REPRESENTATION_CONTEXT() REPRESENTATION_CONTEXT('2D SPACE',''
  ) );
#1394 = PCURVE('',#1395,#1400);
#1395 = PLANE('',#1396);
#1396 = AXIS2_PLACEMENT_3D('',#1397,#1398,#1399);
#1397 = CARTESIAN_POINT('',(1.014227618454E+03,83.702304937112,
    357.18016404228));
#1398 = DIRECTION('',(0.931279815098,0.164209757991,0.325196957814));
#1399 = DIRECTION('',(0.320256485311,5.646985910719E-02,-0.945646307363)
  );
#1400 = DEFINITIONAL_REPRESENTATION('',(#1401),#1405);
#1401 = LINE('',#1402,#1403);
#1402 = CARTESIAN_POINT('',(0.,0.));
#1403 = VECTOR('',#1404,1.);
#1404 = DIRECTION('',(1.,2.790194332451E-18));
#1405 = ( GEOMETRIC_REPRESENTATION_CONTEXT(2) 
PARAMETRIC_REPRESENTATION_CONTEXT() REPRESENTATION_CONTEXT('2D SPACE',''
  ) );
#1406 = ORIENTED_EDGE('',*,*,#1407,.T.);
#1407 = EDGE_CURVE('',#1380,#1408,#1410,.T.);
#1408 = VERTEX_POINT('',#1409);
#1409 = CARTESIAN_POINT('',(1.019160579978E+03,84.572119148655,
    348.58323309016));
#1410 = SURFACE_CURVE('',#1411,(#1415,#1422),.PCURVE_S1.);
#1411 = LINE('',#1412,#1413);
#1412 = CARTESIAN_POINT('',(1.015852070916E+03,83.988739735046,
    352.38351653424));
#1413 = VECTOR('',#1414,1.);
#1414 = DIRECTION('',(0.652263768067,0.115011700849,-0.749215780356));
#1415 = PCURVE('',#738,#1416);
#1416 = DEFINITIONAL_REPRESENTATION('',(#1417),#1421);
#1417 = LINE('',#1418,#1419);
#1418 = CARTESIAN_POINT('',(88.566793000761,17.038478581111));
#1419 = VECTOR('',#1420,1.);
#1420 = DIRECTION('',(-0.662325988064,0.749215780356));
#1421 = ( GEOMETRIC_REPRESENTATION_CONTEXT(2) 
PARAMETRIC_REPRESENTATION_CONTEXT() REPRESENTATION_CONTEXT('2D SPACE',''
  ) );
#1422 = PCURVE('',#1423,#1428);
#1423 = PLANE('',#1424);
#1424 = AXIS2_PLACEMENT_3D('',#1425,#1426,#1427);
#1425 = CARTESIAN_POINT('',(1.015852070916E+03,83.988739735046,
    352.38351653424));
#1426 = DIRECTION('',(0.737833509174,0.130099954938,0.662325988064));
#1427 = DIRECTION('',(0.652263768067,0.115011700849,-0.749215780356));
#1428 = DEFINITIONAL_REPRESENTATION('',(#1429),#1433);
#1429 = LINE('',#1430,#1431);
#1430 = CARTESIAN_POINT('',(0.,0.));
#1431 = VECTOR('',#1432,1.);
#1432 = DIRECTION('',(1.,3.915659538122E-18));
#1433 = ( GEOMETRIC_REPRESENTATION_CONTEXT(2) 
PARAMETRIC_REPRESENTATION_CONTEXT() REPRESENTATION_CONTEXT('2D SPACE',''
  ) );
#1434 = ORIENTED_EDGE('',*,*,#1435,.T.);
#1435 = EDGE_CURVE('',#1408,#1436,#1438,.T.);
#1436 = VERTEX_POINT('',#1437);
#1437 = CARTESIAN_POINT('',(1.023649455128E+03,85.363628950566,
    346.35787241474));
#1438 = SURFACE_CURVE('',#1439,(#1443,#1450),.PCURVE_S1.);
#1439 = LINE('',#1440,#1441);
#1440 = CARTESIAN_POINT('',(1.019160579978E+03,84.572119148655,
    348.58323309016));
#1441 = VECTOR('',#1442,1.);
#1442 = DIRECTION('',(0.88496980492,0.15604405372,-0.438723942449));
#1443 = PCURVE('',#738,#1444);
#1444 = DEFINITIONAL_REPRESENTATION('',(#1445),#1449);
#1445 = LINE('',#1446,#1447);
#1446 = CARTESIAN_POINT('',(85.207244853193,20.838762025192));
#1447 = VECTOR('',#1448,1.);
#1448 = DIRECTION('',(-0.898621890632,0.438723942449));
#1449 = ( GEOMETRIC_REPRESENTATION_CONTEXT(2) 
PARAMETRIC_REPRESENTATION_CONTEXT() REPRESENTATION_CONTEXT('2D SPACE',''
  ) );
#1450 = PCURVE('',#1451,#1456);
#1451 = PLANE('',#1452);
#1452 = AXIS2_PLACEMENT_3D('',#1453,#1454,#1455);
#1453 = CARTESIAN_POINT('',(1.019160579978E+03,84.572119148655,
    348.58323309016));
#1454 = DIRECTION('',(0.432058739956,7.618361310508E-02,0.898621890632)
  );
#1455 = DIRECTION('',(0.88496980492,0.15604405372,-0.438723942449));
#1456 = DEFINITIONAL_REPRESENTATION('',(#1457),#1461);
#1457 = LINE('',#1458,#1459);
#1458 = CARTESIAN_POINT('',(0.,0.));
#1459 = VECTOR('',#1460,1.);
#1460 = DIRECTION('',(1.,5.030807624806E-17));
#1461 = ( GEOMETRIC_REPRESENTATION_CONTEXT(2) 
PARAMETRIC_REPRESENTATION_CONTEXT() REPRESENTATION_CONTEXT('2D SPACE',''
  ) );
#1462 = ORIENTED_EDGE('',*,*,#1463,.T.);
#1463 = EDGE_CURVE('',#1436,#1464,#1466,.T.);
#1464 = VERTEX_POINT('',#1465);
#1465 = CARTESIAN_POINT('',(1.028635305815E+03,86.242768948493,
    346.04622549787));
#1466 = SURFACE_CURVE('',#1467,(#1471,#1478),.PCURVE_S1.);
#1467 = LINE('',#1468,#1469);
#1468 = CARTESIAN_POINT('',(1.023649455128E+03,85.363628950566,
    346.35787241474));
#1469 = VECTOR('',#1470,1.);
#1470 = DIRECTION('',(0.982947211246,0.173320113955,-6.144036134581E-02)
  );
#1471 = PCURVE('',#738,#1472);
#1472 = DEFINITIONAL_REPRESENTATION('',(#1473),#1477);
#1473 = LINE('',#1474,#1475);
#1474 = CARTESIAN_POINT('',(80.649121568828,23.064122700614));
#1475 = VECTOR('',#1476,1.);
#1476 = DIRECTION('',(-0.998110756378,6.144036134581E-02));
#1477 = ( GEOMETRIC_REPRESENTATION_CONTEXT(2) 
PARAMETRIC_REPRESENTATION_CONTEXT() REPRESENTATION_CONTEXT('2D SPACE',''
  ) );
#1478 = PCURVE('',#1479,#1484);
#1479 = PLANE('',#1480);
#1480 = AXIS2_PLACEMENT_3D('',#1481,#1482,#1483);
#1481 = CARTESIAN_POINT('',(1.023649455128E+03,85.363628950566,
    346.35787241474));
#1482 = DIRECTION('',(6.050694420122E-02,1.06690067829E-02,
    0.998110756378));
#1483 = DIRECTION('',(0.982947211246,0.173320113955,-6.144036134581E-02)
  );
#1484 = DEFINITIONAL_REPRESENTATION('',(#1485),#1489);
#1485 = LINE('',#1486,#1487);
#1486 = CARTESIAN_POINT('',(0.,0.));
#1487 = VECTOR('',#1488,1.);
#1488 = DIRECTION('',(1.,3.730371301967E-18));
#1489 = ( GEOMETRIC_REPRESENTATION_CONTEXT(2) 
PARAMETRIC_REPRESENTATION_CONTEXT() REPRESENTATION_CONTEXT('2D SPACE',''
  ) );
#1490 = ORIENTED_EDGE('',*,*,#1491,.T.);
#1491 = EDGE_CURVE('',#1464,#1492,#1494,.T.);
#1492 = VERTEX_POINT('',#1493);
#1493 = CARTESIAN_POINT('',(1.18572364979E+03,113.94168234608,
    363.65438111489));
#1494 = SURFACE_CURVE('',#1495,(#1499,#1506),.PCURVE_S1.);
#1495 = LINE('',#1496,#1497);
#1496 = CARTESIAN_POINT('',(1.028635305815E+03,86.242768948493,
    346.04622549787));
#1497 = VECTOR('',#1498,1.);
#1498 = DIRECTION('',(0.978861859526,0.172599756221,0.10972139316));
#1499 = PCURVE('',#738,#1500);
#1500 = DEFINITIONAL_REPRESENTATION('',(#1501),#1505);
#1501 = LINE('',#1502,#1503);
#1502 = CARTESIAN_POINT('',(75.586356098219,23.375769617487));
#1503 = VECTOR('',#1504,1.);
#1504 = DIRECTION('',(-0.993962381523,-0.10972139316));
#1505 = ( GEOMETRIC_REPRESENTATION_CONTEXT(2) 
PARAMETRIC_REPRESENTATION_CONTEXT() REPRESENTATION_CONTEXT('2D SPACE',''
  ) );
#1506 = PCURVE('',#1507,#1512);
#1507 = PLANE('',#1508);
#1508 = AXIS2_PLACEMENT_3D('',#1509,#1510,#1511);
#1509 = CARTESIAN_POINT('',(1.028635305815E+03,86.242768948493,
    346.04622549787));
#1510 = DIRECTION('',(-0.108054478655,-1.905291997329E-02,0.993962381523
    ));
#1511 = DIRECTION('',(0.978861859526,0.172599756221,0.10972139316));
#1512 = DEFINITIONAL_REPRESENTATION('',(#1513),#1517);
#1513 = LINE('',#1514,#1515);
#1514 = CARTESIAN_POINT('',(0.,0.));
#1515 = VECTOR('',#1516,1.);
#1516 = DIRECTION('',(1.,-2.889759327482E-17));
#1517 = ( GEOMETRIC_REPRESENTATION_CONTEXT(2) 
PARAMETRIC_REPRESENTATION_CONTEXT() REPRESENTATION_CONTEXT('2D SPACE',''
  ) );
#1518 = ORIENTED_EDGE('',*,*,#1519,.T.);
#1519 = EDGE_CURVE('',#1492,#722,#1520,.T.);
#1520 = SURFACE_CURVE('',#1521,(#1525,#1532),.PCURVE_S1.);
#1521 = LINE('',#1522,#1523);
#1522 = CARTESIAN_POINT('',(1.18572364979E+03,113.94168234608,
    363.65438111489));
#1523 = VECTOR('',#1524,1.);
#1524 = DIRECTION('',(-0.132419167732,-2.334907203413E-02,0.990918757948
    ));
#1525 = PCURVE('',#738,#1526);
#1526 = DEFINITIONAL_REPRESENTATION('',(#1527),#1531);
#1527 = LINE('',#1528,#1529);
#1528 = CARTESIAN_POINT('',(-83.925328791,5.767614000467));
#1529 = VECTOR('',#1530,1.);
#1530 = DIRECTION('',(0.134461946839,-0.990918757948));
#1531 = ( GEOMETRIC_REPRESENTATION_CONTEXT(2) 
PARAMETRIC_REPRESENTATION_CONTEXT() REPRESENTATION_CONTEXT('2D SPACE',''
  ) );
#1532 = PCURVE('',#765,#1533);
#1533 = DEFINITIONAL_REPRESENTATION('',(#1534),#1538);
#1534 = LINE('',#1535,#1536);
#1535 = CARTESIAN_POINT('',(0.,0.));
#1536 = VECTOR('',#1537,1.);
#1537 = DIRECTION('',(1.,4.134780911167E-18));
#1538 = ( GEOMETRIC_REPRESENTATION_CONTEXT(2) 
PARAMETRIC_REPRESENTATION_CONTEXT() REPRESENTATION_CONTEXT('2D SPACE',''
  ) );
#1539 = ORIENTED_EDGE('',*,*,#721,.F.);
#1540 = ORIENTED_EDGE('',*,*,#1166,.T.);
#1541 = FACE_BOUND('',#1542,.F.);
#1542 = EDGE_LOOP('',(#1543));
#1543 = ORIENTED_EDGE('',*,*,#1544,.T.);
#1544 = EDGE_CURVE('',#1545,#1545,#1547,.T.);
#1545 = VERTEX_POINT('',#1546);
#1546 = CARTESIAN_POINT('',(1.031099289585E+03,86.677235767133,
    358.92816935119));
#1547 = SURFACE_CURVE('',#1548,(#1553,#1564),.PCURVE_S1.);
#1548 = CIRCLE('',#1549,4.25);
#1549 = AXIS2_PLACEMENT_3D('',#1550,#1551,#1552);
#1550 = CARTESIAN_POINT('',(1.026913856634E+03,85.939231012049,
    358.92816935119));
#1551 = DIRECTION('',(-0.173648177667,0.984807753012,0.));
#1552 = DIRECTION('',(0.984807753012,0.173648177667,0.));
#1553 = PCURVE('',#738,#1554);
#1554 = DEFINITIONAL_REPRESENTATION('',(#1555),#1563);
#1555 = ( BOUNDED_CURVE() B_SPLINE_CURVE(2,(#1556,#1557,#1558,#1559,
#1560,#1561,#1562),.UNSPECIFIED.,.T.,.F.) B_SPLINE_CURVE_WITH_KNOTS((1,2
    ,2,2,2,1),(-2.094395102393,0.,2.094395102393,4.188790204786,
6.28318530718,8.377580409573),.UNSPECIFIED.) CURVE() 
GEOMETRIC_REPRESENTATION_ITEM() RATIONAL_B_SPLINE_CURVE((1.,0.5,1.,0.5,
1.,0.5,1.)) REPRESENTATION_ITEM('') );
#1556 = CARTESIAN_POINT('',(73.084361407125,10.493825764169));
#1557 = CARTESIAN_POINT('',(73.084361407125,17.855041696337));
#1558 = CARTESIAN_POINT('',(79.459361407125,14.174433730253));
#1559 = CARTESIAN_POINT('',(85.834361407125,10.493825764169));
#1560 = CARTESIAN_POINT('',(79.459361407125,6.813217798085));
#1561 = CARTESIAN_POINT('',(73.084361407125,3.132609832001));
#1562 = CARTESIAN_POINT('',(73.084361407125,10.493825764169));
#1563 = ( GEOMETRIC_REPRESENTATION_CONTEXT(2) 
PARAMETRIC_REPRESENTATION_CONTEXT() REPRESENTATION_CONTEXT('2D SPACE',''
  ) );
#1564 = PCURVE('',#1565,#1570);
#1565 = CYLINDRICAL_SURFACE('',#1566,4.25);
#1566 = AXIS2_PLACEMENT_3D('',#1567,#1568,#1569);
#1567 = CARTESIAN_POINT('',(1.03021317201E+03,67.227883704817,
    358.92816935119));
#1568 = DIRECTION('',(-0.173648177667,0.984807753012,0.));
#1569 = DIRECTION('',(0.984807753012,0.173648177667,0.));
#1570 = DEFINITIONAL_REPRESENTATION('',(#1571),#1575);
#1571 = LINE('',#1572,#1573);
#1572 = CARTESIAN_POINT('',(0.,19.));
#1573 = VECTOR('',#1574,1.);
#1574 = DIRECTION('',(1.,0.));
#1575 = ( GEOMETRIC_REPRESENTATION_CONTEXT(2) 
PARAMETRIC_REPRESENTATION_CONTEXT() REPRESENTATION_CONTEXT('2D SPACE',''
  ) );
#1576 = ADVANCED_FACE('',(#1577),#765,.F.);
#1577 = FACE_BOUND('',#1578,.F.);
#1578 = EDGE_LOOP('',(#1579,#1580,#1603,#1624));
#1579 = ORIENTED_EDGE('',*,*,#1519,.F.);
#1580 = ORIENTED_EDGE('',*,*,#1581,.T.);
#1581 = EDGE_CURVE('',#1492,#1582,#1584,.T.);
#1582 = VERTEX_POINT('',#1583);
#1583 = CARTESIAN_POINT('',(1.187112835211E+03,106.06322032199,
    363.65438111489));
#1584 = SURFACE_CURVE('',#1585,(#1589,#1596),.PCURVE_S1.);
#1585 = LINE('',#1586,#1587);
#1586 = CARTESIAN_POINT('',(1.18572364979E+03,113.94168234608,
    363.65438111489));
#1587 = VECTOR('',#1588,1.);
#1588 = DIRECTION('',(0.173648177667,-0.984807753012,0.));
#1589 = PCURVE('',#765,#1590);
#1590 = DEFINITIONAL_REPRESENTATION('',(#1591),#1595);
#1591 = LINE('',#1592,#1593);
#1592 = CARTESIAN_POINT('',(0.,0.));
#1593 = VECTOR('',#1594,1.);
#1594 = DIRECTION('',(3.122502256758E-16,-1.));
#1595 = ( GEOMETRIC_REPRESENTATION_CONTEXT(2) 
PARAMETRIC_REPRESENTATION_CONTEXT() REPRESENTATION_CONTEXT('2D SPACE',''
  ) );
#1596 = PCURVE('',#1507,#1597);
#1597 = DEFINITIONAL_REPRESENTATION('',(#1598),#1602);
#1598 = LINE('',#1599,#1600);
#1599 = CARTESIAN_POINT('',(160.48060555852,-7.288699043106E-15));
#1600 = VECTOR('',#1601,1.);
#1601 = DIRECTION('',(-8.288835264946E-17,-1.));
#1602 = ( GEOMETRIC_REPRESENTATION_CONTEXT(2) 
PARAMETRIC_REPRESENTATION_CONTEXT() REPRESENTATION_CONTEXT('2D SPACE',''
  ) );
#1603 = ORIENTED_EDGE('',*,*,#1604,.T.);
#1604 = EDGE_CURVE('',#1582,#751,#1605,.T.);
#1605 = SURFACE_CURVE('',#1606,(#1610,#1617),.PCURVE_S1.);
#1606 = LINE('',#1607,#1608);
#1607 = CARTESIAN_POINT('',(1.187112835211E+03,106.06322032199,
    363.65438111489));
#1608 = VECTOR('',#1609,1.);
#1609 = DIRECTION('',(-0.132419167732,-2.334907203413E-02,0.990918757948
    ));
#1610 = PCURVE('',#765,#1611);
#1611 = DEFINITIONAL_REPRESENTATION('',(#1612),#1616);
#1612 = LINE('',#1613,#1614);
#1613 = CARTESIAN_POINT('',(-8.049116928532E-16,-8.));
#1614 = VECTOR('',#1615,1.);
#1615 = DIRECTION('',(1.,4.134780911167E-18));
#1616 = ( GEOMETRIC_REPRESENTATION_CONTEXT(2) 
PARAMETRIC_REPRESENTATION_CONTEXT() REPRESENTATION_CONTEXT('2D SPACE',''
  ) );
#1617 = PCURVE('',#793,#1618);
#1618 = DEFINITIONAL_REPRESENTATION('',(#1619),#1623);
#1619 = LINE('',#1620,#1621);
#1620 = CARTESIAN_POINT('',(-83.925328791,5.767614000467));
#1621 = VECTOR('',#1622,1.);
#1622 = DIRECTION('',(0.134461946839,-0.990918757948));
#1623 = ( GEOMETRIC_REPRESENTATION_CONTEXT(2) 
PARAMETRIC_REPRESENTATION_CONTEXT() REPRESENTATION_CONTEXT('2D SPACE',''
  ) );
#1624 = ORIENTED_EDGE('',*,*,#750,.F.);
#1625 = ADVANCED_FACE('',(#1626,#1900),#793,.T.);
#1626 = FACE_BOUND('',#1627,.T.);
#1627 = EDGE_LOOP('',(#1628,#1651,#1674,#1697,#1720,#1743,#1766,#1789,
    #1812,#1835,#1858,#1879,#1880,#1881));
#1628 = ORIENTED_EDGE('',*,*,#1629,.T.);
#1629 = EDGE_CURVE('',#1630,#1632,#1634,.T.);
#1630 = VERTEX_POINT('',#1631);
#1631 = CARTESIAN_POINT('',(1.171074400818E+03,103.23521161007,393.5));
#1632 = VERTEX_POINT('',#1633);
#1633 = CARTESIAN_POINT('',(1.171074400818E+03,103.23521161007,
    395.45762193379));
#1634 = SURFACE_CURVE('',#1635,(#1639,#1645),.PCURVE_S1.);
#1635 = LINE('',#1636,#1637);
#1636 = CARTESIAN_POINT('',(1.171074400818E+03,103.23521161007,
    381.46099755767));
#1637 = VECTOR('',#1638,1.);
#1638 = DIRECTION('',(5.381984593046E-17,-3.052275137601E-16,1.));
#1639 = PCURVE('',#793,#1640);
#1640 = DEFINITIONAL_REPRESENTATION('',(#1641),#1644);
#1641 = B_SPLINE_CURVE_WITH_KNOTS('',1,(#1642,#1643),.UNSPECIFIED.,.F.,
  .F.,(2,2),(12.039002442321,15.884621327429),.PIECEWISE_BEZIER_KNOTS.);
#1642 = CARTESIAN_POINT('',(-67.63947569474,-24.07800488464));
#1643 = CARTESIAN_POINT('',(-67.63947569474,-27.92362376974));
#1644 = ( GEOMETRIC_REPRESENTATION_CONTEXT(2) 
PARAMETRIC_REPRESENTATION_CONTEXT() REPRESENTATION_CONTEXT('2D SPACE',''
  ) );
#1645 = PCURVE('',#1106,#1646);
#1646 = DEFINITIONAL_REPRESENTATION('',(#1647),#1650);
#1647 = B_SPLINE_CURVE_WITH_KNOTS('',1,(#1648,#1649),.UNSPECIFIED.,.F.,
  .F.,(2,2),(12.039002442321,15.884621327429),.PIECEWISE_BEZIER_KNOTS.);
#1648 = CARTESIAN_POINT('',(51.662820827047,0.));
#1649 = CARTESIAN_POINT('',(51.662820827047,-3.845618885108));
#1650 = ( GEOMETRIC_REPRESENTATION_CONTEXT(2) 
PARAMETRIC_REPRESENTATION_CONTEXT() REPRESENTATION_CONTEXT('2D SPACE',''
  ) );
#1651 = ORIENTED_EDGE('',*,*,#1652,.T.);
#1652 = EDGE_CURVE('',#1632,#1653,#1655,.T.);
#1653 = VERTEX_POINT('',#1654);
#1654 = CARTESIAN_POINT('',(1.026581592875E+03,77.757231051507,
    371.8101132045));
#1655 = SURFACE_CURVE('',#1656,(#1660,#1667),.PCURVE_S1.);
#1656 = LINE('',#1657,#1658);
#1657 = CARTESIAN_POINT('',(1.182610583508E+03,105.26935187282,
    397.3456188851));
#1658 = VECTOR('',#1659,1.);
#1659 = DIRECTION('',(-0.972260729513,-0.171435798897,-0.159118951425));
#1660 = PCURVE('',#793,#1661);
#1661 = DEFINITIONAL_REPRESENTATION('',(#1662),#1666);
#1662 = LINE('',#1663,#1664);
#1663 = CARTESIAN_POINT('',(-79.35362259847,-27.92362376974));
#1664 = VECTOR('',#1665,1.);
#1665 = DIRECTION('',(0.987259418439,0.159118951425));
#1666 = ( GEOMETRIC_REPRESENTATION_CONTEXT(2) 
PARAMETRIC_REPRESENTATION_CONTEXT() REPRESENTATION_CONTEXT('2D SPACE',''
  ) );
#1667 = PCURVE('',#1255,#1668);
#1668 = DEFINITIONAL_REPRESENTATION('',(#1669),#1673);
#1669 = LINE('',#1670,#1671);
#1670 = CARTESIAN_POINT('',(-2.39808173319E-14,-8.));
#1671 = VECTOR('',#1672,1.);
#1672 = DIRECTION('',(1.,2.885968513767E-17));
#1673 = ( GEOMETRIC_REPRESENTATION_CONTEXT(2) 
PARAMETRIC_REPRESENTATION_CONTEXT() REPRESENTATION_CONTEXT('2D SPACE',''
  ) );
#1674 = ORIENTED_EDGE('',*,*,#1675,.T.);
#1675 = EDGE_CURVE('',#1653,#1676,#1678,.T.);
#1676 = VERTEX_POINT('',#1677);
#1677 = CARTESIAN_POINT('',(1.021857817221E+03,76.924301952827,
    370.16060094482));
#1678 = SURFACE_CURVE('',#1679,(#1683,#1690),.PCURVE_S1.);
#1679 = LINE('',#1680,#1681);
#1680 = CARTESIAN_POINT('',(1.026581592875E+03,77.757231051507,
    371.8101132045));
#1681 = VECTOR('',#1682,1.);
#1682 = DIRECTION('',(-0.931279815098,-0.164209757991,-0.325196957814));
#1683 = PCURVE('',#793,#1684);
#1684 = DEFINITIONAL_REPRESENTATION('',(#1685),#1689);
#1685 = LINE('',#1686,#1687);
#1686 = CARTESIAN_POINT('',(79.082366716031,-2.388118089149));
#1687 = VECTOR('',#1688,1.);
#1688 = DIRECTION('',(0.945646307363,0.325196957814));
#1689 = ( GEOMETRIC_REPRESENTATION_CONTEXT(2) 
PARAMETRIC_REPRESENTATION_CONTEXT() REPRESENTATION_CONTEXT('2D SPACE',''
  ) );
#1690 = PCURVE('',#1283,#1691);
#1691 = DEFINITIONAL_REPRESENTATION('',(#1692),#1696);
#1692 = LINE('',#1693,#1694);
#1693 = CARTESIAN_POINT('',(-5.062616992291E-14,-8.));
#1694 = VECTOR('',#1695,1.);
#1695 = DIRECTION('',(1.,-2.4138717697E-17));
#1696 = ( GEOMETRIC_REPRESENTATION_CONTEXT(2) 
PARAMETRIC_REPRESENTATION_CONTEXT() REPRESENTATION_CONTEXT('2D SPACE',''
  ) );
#1697 = ORIENTED_EDGE('',*,*,#1698,.T.);
#1698 = EDGE_CURVE('',#1676,#1699,#1701,.T.);
#1699 = VERTEX_POINT('',#1700);
#1700 = CARTESIAN_POINT('',(1.018115268621E+03,76.264389658144,
    366.80105279725));
#1701 = SURFACE_CURVE('',#1702,(#1706,#1713),.PCURVE_S1.);
#1702 = LINE('',#1703,#1704);
#1703 = CARTESIAN_POINT('',(1.021857817221E+03,76.924301952827,
    370.16060094482));
#1704 = VECTOR('',#1705,1.);
#1705 = DIRECTION('',(-0.737833509174,-0.130099954938,-0.662325988064));
#1706 = PCURVE('',#793,#1707);
#1707 = DEFINITIONAL_REPRESENTATION('',(#1708),#1712);
#1708 = LINE('',#1709,#1710);
#1709 = CARTESIAN_POINT('',(83.879014224067,-0.738605829466));
#1710 = VECTOR('',#1711,1.);
#1711 = DIRECTION('',(0.749215780356,0.662325988064));
#1712 = ( GEOMETRIC_REPRESENTATION_CONTEXT(2) 
PARAMETRIC_REPRESENTATION_CONTEXT() REPRESENTATION_CONTEXT('2D SPACE',''
  ) );
#1713 = PCURVE('',#1311,#1714);
#1714 = DEFINITIONAL_REPRESENTATION('',(#1715),#1719);
#1715 = LINE('',#1716,#1717);
#1716 = CARTESIAN_POINT('',(7.771561172376E-15,-8.));
#1717 = VECTOR('',#1718,1.);
#1718 = DIRECTION('',(1.,-9.39728658793E-18));
#1719 = ( GEOMETRIC_REPRESENTATION_CONTEXT(2) 
PARAMETRIC_REPRESENTATION_CONTEXT() REPRESENTATION_CONTEXT('2D SPACE',''
  ) );
#1720 = ORIENTED_EDGE('',*,*,#1721,.T.);
#1721 = EDGE_CURVE('',#1699,#1722,#1724,.T.);
#1722 = VERTEX_POINT('',#1723);
#1723 = CARTESIAN_POINT('',(1.015923716175E+03,75.877959832205,
    362.24292951289));
#1724 = SURFACE_CURVE('',#1725,(#1729,#1736),.PCURVE_S1.);
#1725 = LINE('',#1726,#1727);
#1726 = CARTESIAN_POINT('',(1.018115268621E+03,76.264389658144,
    366.80105279725));
#1727 = VECTOR('',#1728,1.);
#1728 = DIRECTION('',(-0.432058739956,-7.618361310508E-02,
    -0.898621890632));
#1729 = PCURVE('',#793,#1730);
#1730 = DEFINITIONAL_REPRESENTATION('',(#1731),#1735);
#1731 = LINE('',#1732,#1733);
#1732 = CARTESIAN_POINT('',(87.679297668148,2.620942318101));
#1733 = VECTOR('',#1734,1.);
#1734 = DIRECTION('',(0.438723942449,0.898621890632));
#1735 = ( GEOMETRIC_REPRESENTATION_CONTEXT(2) 
PARAMETRIC_REPRESENTATION_CONTEXT() REPRESENTATION_CONTEXT('2D SPACE',''
  ) );
#1736 = PCURVE('',#1339,#1737);
#1737 = DEFINITIONAL_REPRESENTATION('',(#1738),#1742);
#1738 = LINE('',#1739,#1740);
#1739 = CARTESIAN_POINT('',(-3.264055692398E-14,-8.));
#1740 = VECTOR('',#1741,1.);
#1741 = DIRECTION('',(1.,-1.203342310142E-17));
#1742 = ( GEOMETRIC_REPRESENTATION_CONTEXT(2) 
PARAMETRIC_REPRESENTATION_CONTEXT() REPRESENTATION_CONTEXT('2D SPACE',''
  ) );
#1743 = ORIENTED_EDGE('',*,*,#1744,.T.);
#1744 = EDGE_CURVE('',#1722,#1745,#1747,.T.);
#1745 = VERTEX_POINT('',#1746);
#1746 = CARTESIAN_POINT('',(1.015616803875E+03,75.823842913015,
    357.18016404228));
#1747 = SURFACE_CURVE('',#1748,(#1752,#1759),.PCURVE_S1.);
#1748 = LINE('',#1749,#1750);
#1749 = CARTESIAN_POINT('',(1.015923716175E+03,75.877959832205,
    362.24292951289));
#1750 = VECTOR('',#1751,1.);
#1751 = DIRECTION('',(-6.050694420121E-02,-1.06690067829E-02,
    -0.998110756378));
#1752 = PCURVE('',#793,#1753);
#1753 = DEFINITIONAL_REPRESENTATION('',(#1754),#1758);
#1754 = LINE('',#1755,#1756);
#1755 = CARTESIAN_POINT('',(89.90465834357,7.179065602467));
#1756 = VECTOR('',#1757,1.);
#1757 = DIRECTION('',(6.14403613458E-02,0.998110756378));
#1758 = ( GEOMETRIC_REPRESENTATION_CONTEXT(2) 
PARAMETRIC_REPRESENTATION_CONTEXT() REPRESENTATION_CONTEXT('2D SPACE',''
  ) );
#1759 = PCURVE('',#1367,#1760);
#1760 = DEFINITIONAL_REPRESENTATION('',(#1761),#1765);
#1761 = LINE('',#1762,#1763);
#1762 = CARTESIAN_POINT('',(1.79439796355E-14,-8.));
#1763 = VECTOR('',#1764,1.);
#1764 = DIRECTION('',(1.,4.049325544187E-18));
#1765 = ( GEOMETRIC_REPRESENTATION_CONTEXT(2) 
PARAMETRIC_REPRESENTATION_CONTEXT() REPRESENTATION_CONTEXT('2D SPACE',''
  ) );
#1766 = ORIENTED_EDGE('',*,*,#1767,.T.);
#1767 = EDGE_CURVE('',#1745,#1768,#1770,.T.);
#1768 = VERTEX_POINT('',#1769);
#1769 = CARTESIAN_POINT('',(1.017241256337E+03,76.110277710948,
    352.38351653424));
#1770 = SURFACE_CURVE('',#1771,(#1775,#1782),.PCURVE_S1.);
#1771 = LINE('',#1772,#1773);
#1772 = CARTESIAN_POINT('',(1.015616803875E+03,75.823842913015,
    357.18016404228));
#1773 = VECTOR('',#1774,1.);
#1774 = DIRECTION('',(0.320256485311,5.646985910719E-02,-0.945646307363)
  );
#1775 = PCURVE('',#793,#1776);
#1776 = DEFINITIONAL_REPRESENTATION('',(#1777),#1781);
#1777 = LINE('',#1778,#1779);
#1778 = CARTESIAN_POINT('',(90.216305260443,12.241831073075));
#1779 = VECTOR('',#1780,1.);
#1780 = DIRECTION('',(-0.325196957814,0.945646307363));
#1781 = ( GEOMETRIC_REPRESENTATION_CONTEXT(2) 
PARAMETRIC_REPRESENTATION_CONTEXT() REPRESENTATION_CONTEXT('2D SPACE',''
  ) );
#1782 = PCURVE('',#1395,#1783);
#1783 = DEFINITIONAL_REPRESENTATION('',(#1784),#1788);
#1784 = LINE('',#1785,#1786);
#1785 = CARTESIAN_POINT('',(9.436895709314E-15,-8.));
#1786 = VECTOR('',#1787,1.);
#1787 = DIRECTION('',(1.,2.790194332451E-18));
#1788 = ( GEOMETRIC_REPRESENTATION_CONTEXT(2) 
PARAMETRIC_REPRESENTATION_CONTEXT() REPRESENTATION_CONTEXT('2D SPACE',''
  ) );
#1789 = ORIENTED_EDGE('',*,*,#1790,.T.);
#1790 = EDGE_CURVE('',#1768,#1791,#1793,.T.);
#1791 = VERTEX_POINT('',#1792);
#1792 = CARTESIAN_POINT('',(1.020549765399E+03,76.693657124557,
    348.58323309016));
#1793 = SURFACE_CURVE('',#1794,(#1798,#1805),.PCURVE_S1.);
#1794 = LINE('',#1795,#1796);
#1795 = CARTESIAN_POINT('',(1.017241256337E+03,76.110277710948,
    352.38351653424));
#1796 = VECTOR('',#1797,1.);
#1797 = DIRECTION('',(0.652263768067,0.115011700849,-0.749215780356));
#1798 = PCURVE('',#793,#1799);
#1799 = DEFINITIONAL_REPRESENTATION('',(#1800),#1804);
#1800 = LINE('',#1801,#1802);
#1801 = CARTESIAN_POINT('',(88.566793000761,17.038478581111));
#1802 = VECTOR('',#1803,1.);
#1803 = DIRECTION('',(-0.662325988064,0.749215780356));
#1804 = ( GEOMETRIC_REPRESENTATION_CONTEXT(2) 
PARAMETRIC_REPRESENTATION_CONTEXT() REPRESENTATION_CONTEXT('2D SPACE',''
  ) );
#1805 = PCURVE('',#1423,#1806);
#1806 = DEFINITIONAL_REPRESENTATION('',(#1807),#1811);
#1807 = LINE('',#1808,#1809);
#1808 = CARTESIAN_POINT('',(1.010302952409E-14,-8.));
#1809 = VECTOR('',#1810,1.);
#1810 = DIRECTION('',(1.,3.915659538122E-18));
#1811 = ( GEOMETRIC_REPRESENTATION_CONTEXT(2) 
PARAMETRIC_REPRESENTATION_CONTEXT() REPRESENTATION_CONTEXT('2D SPACE',''
  ) );
#1812 = ORIENTED_EDGE('',*,*,#1813,.T.);
#1813 = EDGE_CURVE('',#1791,#1814,#1816,.T.);
#1814 = VERTEX_POINT('',#1815);
#1815 = CARTESIAN_POINT('',(1.025038640549E+03,77.485166926469,
    346.35787241474));
#1816 = SURFACE_CURVE('',#1817,(#1821,#1828),.PCURVE_S1.);
#1817 = LINE('',#1818,#1819);
#1818 = CARTESIAN_POINT('',(1.020549765399E+03,76.693657124557,
    348.58323309016));
#1819 = VECTOR('',#1820,1.);
#1820 = DIRECTION('',(0.88496980492,0.15604405372,-0.438723942449));
#1821 = PCURVE('',#793,#1822);
#1822 = DEFINITIONAL_REPRESENTATION('',(#1823),#1827);
#1823 = LINE('',#1824,#1825);
#1824 = CARTESIAN_POINT('',(85.207244853193,20.838762025192));
#1825 = VECTOR('',#1826,1.);
#1826 = DIRECTION('',(-0.898621890632,0.438723942449));
#1827 = ( GEOMETRIC_REPRESENTATION_CONTEXT(2) 
PARAMETRIC_REPRESENTATION_CONTEXT() REPRESENTATION_CONTEXT('2D SPACE',''
  ) );
#1828 = PCURVE('',#1451,#1829);
#1829 = DEFINITIONAL_REPRESENTATION('',(#1830),#1834);
#1830 = LINE('',#1831,#1832);
#1831 = CARTESIAN_POINT('',(9.103828801926E-15,-8.));
#1832 = VECTOR('',#1833,1.);
#1833 = DIRECTION('',(1.,5.030807624806E-17));
#1834 = ( GEOMETRIC_REPRESENTATION_CONTEXT(2) 
PARAMETRIC_REPRESENTATION_CONTEXT() REPRESENTATION_CONTEXT('2D SPACE',''
  ) );
#1835 = ORIENTED_EDGE('',*,*,#1836,.T.);
#1836 = EDGE_CURVE('',#1814,#1837,#1839,.T.);
#1837 = VERTEX_POINT('',#1838);
#1838 = CARTESIAN_POINT('',(1.030024491236E+03,78.364306924395,
    346.04622549787));
#1839 = SURFACE_CURVE('',#1840,(#1844,#1851),.PCURVE_S1.);
#1840 = LINE('',#1841,#1842);
#1841 = CARTESIAN_POINT('',(1.025038640549E+03,77.485166926469,
    346.35787241474));
#1842 = VECTOR('',#1843,1.);
#1843 = DIRECTION('',(0.982947211246,0.173320113955,-6.144036134581E-02)
  );
#1844 = PCURVE('',#793,#1845);
#1845 = DEFINITIONAL_REPRESENTATION('',(#1846),#1850);
#1846 = LINE('',#1847,#1848);
#1847 = CARTESIAN_POINT('',(80.649121568828,23.064122700614));
#1848 = VECTOR('',#1849,1.);
#1849 = DIRECTION('',(-0.998110756378,6.144036134581E-02));
#1850 = ( GEOMETRIC_REPRESENTATION_CONTEXT(2) 
PARAMETRIC_REPRESENTATION_CONTEXT() REPRESENTATION_CONTEXT('2D SPACE',''
  ) );
#1851 = PCURVE('',#1479,#1852);
#1852 = DEFINITIONAL_REPRESENTATION('',(#1853),#1857);
#1853 = LINE('',#1854,#1855);
#1854 = CARTESIAN_POINT('',(3.241851231905E-14,-8.));
#1855 = VECTOR('',#1856,1.);
#1856 = DIRECTION('',(1.,3.730371301967E-18));
#1857 = ( GEOMETRIC_REPRESENTATION_CONTEXT(2) 
PARAMETRIC_REPRESENTATION_CONTEXT() REPRESENTATION_CONTEXT('2D SPACE',''
  ) );
#1858 = ORIENTED_EDGE('',*,*,#1859,.T.);
#1859 = EDGE_CURVE('',#1837,#1582,#1860,.T.);
#1860 = SURFACE_CURVE('',#1861,(#1865,#1872),.PCURVE_S1.);
#1861 = LINE('',#1862,#1863);
#1862 = CARTESIAN_POINT('',(1.030024491236E+03,78.364306924395,
    346.04622549787));
#1863 = VECTOR('',#1864,1.);
#1864 = DIRECTION('',(0.978861859526,0.172599756221,0.10972139316));
#1865 = PCURVE('',#793,#1866);
#1866 = DEFINITIONAL_REPRESENTATION('',(#1867),#1871);
#1867 = LINE('',#1868,#1869);
#1868 = CARTESIAN_POINT('',(75.586356098219,23.375769617487));
#1869 = VECTOR('',#1870,1.);
#1870 = DIRECTION('',(-0.993962381523,-0.10972139316));
#1871 = ( GEOMETRIC_REPRESENTATION_CONTEXT(2) 
PARAMETRIC_REPRESENTATION_CONTEXT() REPRESENTATION_CONTEXT('2D SPACE',''
  ) );
#1872 = PCURVE('',#1507,#1873);
#1873 = DEFINITIONAL_REPRESENTATION('',(#1874),#1878);
#1874 = LINE('',#1875,#1876);
#1875 = CARTESIAN_POINT('',(2.375877272698E-14,-8.));
#1876 = VECTOR('',#1877,1.);
#1877 = DIRECTION('',(1.,-2.889759327482E-17));
#1878 = ( GEOMETRIC_REPRESENTATION_CONTEXT(2) 
PARAMETRIC_REPRESENTATION_CONTEXT() REPRESENTATION_CONTEXT('2D SPACE',''
  ) );
#1879 = ORIENTED_EDGE('',*,*,#1604,.T.);
#1880 = ORIENTED_EDGE('',*,*,#776,.F.);
#1881 = ORIENTED_EDGE('',*,*,#1882,.T.);
#1882 = EDGE_CURVE('',#777,#1630,#1883,.T.);
#1883 = SURFACE_CURVE('',#1884,(#1888,#1894),.PCURVE_S1.);
#1884 = LINE('',#1885,#1886);
#1885 = CARTESIAN_POINT('',(1.144662115052E+03,98.578013007372,393.5));
#1886 = VECTOR('',#1887,1.);
#1887 = DIRECTION('',(-0.984807753012,-0.173648177667,0.));
#1888 = PCURVE('',#793,#1889);
#1889 = DEFINITIONAL_REPRESENTATION('',(#1890),#1893);
#1890 = B_SPLINE_CURVE_WITH_KNOTS('',1,(#1891,#1892),.UNSPECIFIED.,.F.,
  .F.,(2,2),(-43.10559094363,-17.71018863605),.PIECEWISE_BEZIER_KNOTS.);
#1891 = CARTESIAN_POINT('',(-83.925328791,-24.07800488464));
#1892 = CARTESIAN_POINT('',(-58.52992648342,-24.07800488464));
#1893 = ( GEOMETRIC_REPRESENTATION_CONTEXT(2) 
PARAMETRIC_REPRESENTATION_CONTEXT() REPRESENTATION_CONTEXT('2D SPACE',''
  ) );
#1894 = PCURVE('',#820,#1895);
#1895 = DEFINITIONAL_REPRESENTATION('',(#1896),#1899);
#1896 = B_SPLINE_CURVE_WITH_KNOTS('',1,(#1897,#1898),.UNSPECIFIED.,.F.,
  .F.,(2,2),(-43.10559094363,-17.71018863605),.PIECEWISE_BEZIER_KNOTS.);
#1897 = CARTESIAN_POINT('',(4.450001612185,-12.0735099009));
#1898 = CARTESIAN_POINT('',(-20.55958747118,-16.48337523273));
#1899 = ( GEOMETRIC_REPRESENTATION_CONTEXT(2) 
PARAMETRIC_REPRESENTATION_CONTEXT() REPRESENTATION_CONTEXT('2D SPACE',''
  ) );
#1900 = FACE_BOUND('',#1901,.T.);
#1901 = EDGE_LOOP('',(#1902));
#1902 = ORIENTED_EDGE('',*,*,#1903,.T.);
#1903 = EDGE_CURVE('',#1904,#1904,#1906,.T.);
#1904 = VERTEX_POINT('',#1905);
#1905 = CARTESIAN_POINT('',(1.032488475006E+03,78.798773743036,
    358.92816935119));
#1906 = SURFACE_CURVE('',#1907,(#1912,#1923),.PCURVE_S1.);
#1907 = CIRCLE('',#1908,4.25);
#1908 = AXIS2_PLACEMENT_3D('',#1909,#1910,#1911);
#1909 = CARTESIAN_POINT('',(1.028303042056E+03,78.060768987951,
    358.92816935119));
#1910 = DIRECTION('',(-0.173648177667,0.984807753012,0.));
#1911 = DIRECTION('',(0.984807753012,0.173648177667,0.));
#1912 = PCURVE('',#793,#1913);
#1913 = DEFINITIONAL_REPRESENTATION('',(#1914),#1922);
#1914 = ( BOUNDED_CURVE() B_SPLINE_CURVE(2,(#1915,#1916,#1917,#1918,
#1919,#1920,#1921),.UNSPECIFIED.,.T.,.F.) B_SPLINE_CURVE_WITH_KNOTS((1,2
    ,2,2,2,1),(-2.094395102393,0.,2.094395102393,4.188790204786,
6.28318530718,8.377580409573),.UNSPECIFIED.) CURVE() 
GEOMETRIC_REPRESENTATION_ITEM() RATIONAL_B_SPLINE_CURVE((1.,0.5,1.,0.5,
1.,0.5,1.)) REPRESENTATION_ITEM('') );
#1915 = CARTESIAN_POINT('',(73.084361407125,10.493825764169));
#1916 = CARTESIAN_POINT('',(73.084361407125,17.855041696337));
#1917 = CARTESIAN_POINT('',(79.459361407125,14.174433730253));
#1918 = CARTESIAN_POINT('',(85.834361407125,10.493825764169));
#1919 = CARTESIAN_POINT('',(79.459361407125,6.813217798085));
#1920 = CARTESIAN_POINT('',(73.084361407125,3.132609832001));
#1921 = CARTESIAN_POINT('',(73.084361407125,10.493825764169));
#1922 = ( GEOMETRIC_REPRESENTATION_CONTEXT(2) 
PARAMETRIC_REPRESENTATION_CONTEXT() REPRESENTATION_CONTEXT('2D SPACE',''
  ) );
#1923 = PCURVE('',#1565,#1924);
#1924 = DEFINITIONAL_REPRESENTATION('',(#1925),#1929);
#1925 = LINE('',#1926,#1927);
#1926 = CARTESIAN_POINT('',(0.,11.));
#1927 = VECTOR('',#1928,1.);
#1928 = DIRECTION('',(1.,0.));
#1929 = ( GEOMETRIC_REPRESENTATION_CONTEXT(2) 
PARAMETRIC_REPRESENTATION_CONTEXT() REPRESENTATION_CONTEXT('2D SPACE',''
  ) );
#1930 = ADVANCED_FACE('',(#1931),#820,.F.);
#1931 = FACE_BOUND('',#1932,.F.);
#1932 = EDGE_LOOP('',(#1933,#1956,#1977,#1978));
#1933 = ORIENTED_EDGE('',*,*,#1934,.T.);
#1934 = EDGE_CURVE('',#1630,#1935,#1937,.T.);
#1935 = VERTEX_POINT('',#1936);
#1936 = CARTESIAN_POINT('',(1.175647803986E+03,77.298153368077,393.5));
#1937 = SURFACE_CURVE('',#1938,(#1942,#1949),.PCURVE_S1.);
#1938 = LINE('',#1939,#1940);
#1939 = CARTESIAN_POINT('',(1.162103246128E+03,154.11315810302,393.5));
#1940 = VECTOR('',#1941,1.);
#1941 = DIRECTION('',(0.173648177667,-0.984807753012,0.));
#1942 = PCURVE('',#820,#1943);
#1943 = DEFINITIONAL_REPRESENTATION('',(#1944),#1948);
#1944 = LINE('',#1945,#1946);
#1945 = CARTESIAN_POINT('',(-20.55958747118,35.976427880139));
#1946 = VECTOR('',#1947,1.);
#1947 = DIRECTION('',(0.173648177667,-0.984807753012));
#1948 = ( GEOMETRIC_REPRESENTATION_CONTEXT(2) 
PARAMETRIC_REPRESENTATION_CONTEXT() REPRESENTATION_CONTEXT('2D SPACE',''
  ) );
#1949 = PCURVE('',#1106,#1950);
#1950 = DEFINITIONAL_REPRESENTATION('',(#1951),#1955);
#1951 = LINE('',#1952,#1953);
#1952 = CARTESIAN_POINT('',(0.,0.));
#1953 = VECTOR('',#1954,1.);
#1954 = DIRECTION('',(1.,0.));
#1955 = ( GEOMETRIC_REPRESENTATION_CONTEXT(2) 
PARAMETRIC_REPRESENTATION_CONTEXT() REPRESENTATION_CONTEXT('2D SPACE',''
  ) );
#1956 = ORIENTED_EDGE('',*,*,#1957,.T.);
#1957 = EDGE_CURVE('',#1935,#806,#1958,.T.);
#1958 = SURFACE_CURVE('',#1959,(#1963,#1970),.PCURVE_S1.);
#1959 = LINE('',#1960,#1961);
#1960 = CARTESIAN_POINT('',(1.175647803986E+03,77.298153368077,393.5));
#1961 = VECTOR('',#1962,1.);
#1962 = DIRECTION('',(0.984807753012,0.173648177667,0.));
#1963 = PCURVE('',#820,#1964);
#1964 = DEFINITIONAL_REPRESENTATION('',(#1965),#1969);
#1965 = LINE('',#1966,#1967);
#1966 = CARTESIAN_POINT('',(-7.015029613161,-40.83857685481));
#1967 = VECTOR('',#1968,1.);
#1968 = DIRECTION('',(0.984807753012,0.173648177667));
#1969 = ( GEOMETRIC_REPRESENTATION_CONTEXT(2) 
PARAMETRIC_REPRESENTATION_CONTEXT() REPRESENTATION_CONTEXT('2D SPACE',''
  ) );
#1970 = PCURVE('',#846,#1971);
#1971 = DEFINITIONAL_REPRESENTATION('',(#1972),#1976);
#1972 = LINE('',#1973,#1974);
#1973 = CARTESIAN_POINT('',(0.,0.));
#1974 = VECTOR('',#1975,1.);
#1975 = DIRECTION('',(1.,0.));
#1976 = ( GEOMETRIC_REPRESENTATION_CONTEXT(2) 
PARAMETRIC_REPRESENTATION_CONTEXT() REPRESENTATION_CONTEXT('2D SPACE',''
  ) );
#1977 = ORIENTED_EDGE('',*,*,#805,.F.);
#1978 = ORIENTED_EDGE('',*,*,#1882,.T.);
#1979 = ADVANCED_FACE('',(#1980),#846,.F.);
#1980 = FACE_BOUND('',#1981,.F.);
#1981 = EDGE_LOOP('',(#1982,#1983,#2006,#2029,#2050,#2051));
#1982 = ORIENTED_EDGE('',*,*,#1957,.F.);
#1983 = ORIENTED_EDGE('',*,*,#1984,.T.);
#1984 = EDGE_CURVE('',#1935,#1985,#1987,.T.);
#1985 = VERTEX_POINT('',#1986);
#1986 = CARTESIAN_POINT('',(1.175647803986E+03,77.298153368077,399.5));
#1987 = SURFACE_CURVE('',#1988,(#1992,#1999),.PCURVE_S1.);
#1988 = LINE('',#1989,#1990);
#1989 = CARTESIAN_POINT('',(1.175647803986E+03,77.298153368077,393.5));
#1990 = VECTOR('',#1991,1.);
#1991 = DIRECTION('',(0.,-0.,1.));
#1992 = PCURVE('',#846,#1993);
#1993 = DEFINITIONAL_REPRESENTATION('',(#1994),#1998);
#1994 = LINE('',#1995,#1996);
#1995 = CARTESIAN_POINT('',(0.,0.));
#1996 = VECTOR('',#1997,1.);
#1997 = DIRECTION('',(0.,-1.));
#1998 = ( GEOMETRIC_REPRESENTATION_CONTEXT(2) 
PARAMETRIC_REPRESENTATION_CONTEXT() REPRESENTATION_CONTEXT('2D SPACE',''
  ) );
#1999 = PCURVE('',#1106,#2000);
#2000 = DEFINITIONAL_REPRESENTATION('',(#2001),#2005);
#2001 = LINE('',#2002,#2003);
#2002 = CARTESIAN_POINT('',(78.,0.));
#2003 = VECTOR('',#2004,1.);
#2004 = DIRECTION('',(0.,-1.));
#2005 = ( GEOMETRIC_REPRESENTATION_CONTEXT(2) 
PARAMETRIC_REPRESENTATION_CONTEXT() REPRESENTATION_CONTEXT('2D SPACE',''
  ) );
#2006 = ORIENTED_EDGE('',*,*,#2007,.T.);
#2007 = EDGE_CURVE('',#1985,#2008,#2010,.T.);
#2008 = VERTEX_POINT('',#2009);
#2009 = CARTESIAN_POINT('',(1.20322242107E+03,82.160302342751,399.5));
#2010 = SURFACE_CURVE('',#2011,(#2015,#2022),.PCURVE_S1.);
#2011 = LINE('',#2012,#2013);
#2012 = CARTESIAN_POINT('',(1.175647803986E+03,77.298153368077,399.5));
#2013 = VECTOR('',#2014,1.);
#2014 = DIRECTION('',(0.984807753012,0.173648177667,0.));
#2015 = PCURVE('',#846,#2016);
#2016 = DEFINITIONAL_REPRESENTATION('',(#2017),#2021);
#2017 = LINE('',#2018,#2019);
#2018 = CARTESIAN_POINT('',(0.,-6.));
#2019 = VECTOR('',#2020,1.);
#2020 = DIRECTION('',(1.,0.));
#2021 = ( GEOMETRIC_REPRESENTATION_CONTEXT(2) 
PARAMETRIC_REPRESENTATION_CONTEXT() REPRESENTATION_CONTEXT('2D SPACE',''
  ) );
#2022 = PCURVE('',#1078,#2023);
#2023 = DEFINITIONAL_REPRESENTATION('',(#2024),#2028);
#2024 = LINE('',#2025,#2026);
#2025 = CARTESIAN_POINT('',(-7.015029613161,-40.83857685481));
#2026 = VECTOR('',#2027,1.);
#2027 = DIRECTION('',(0.984807753012,0.173648177667));
#2028 = ( GEOMETRIC_REPRESENTATION_CONTEXT(2) 
PARAMETRIC_REPRESENTATION_CONTEXT() REPRESENTATION_CONTEXT('2D SPACE',''
  ) );
#2029 = ORIENTED_EDGE('',*,*,#2030,.F.);
#2030 = EDGE_CURVE('',#932,#2008,#2031,.T.);
#2031 = SURFACE_CURVE('',#2032,(#2036,#2043),.PCURVE_S1.);
#2032 = LINE('',#2033,#2034);
#2033 = CARTESIAN_POINT('',(1.20322242107E+03,82.160302342751,393.5));
#2034 = VECTOR('',#2035,1.);
#2035 = DIRECTION('',(0.,-0.,1.));
#2036 = PCURVE('',#846,#2037);
#2037 = DEFINITIONAL_REPRESENTATION('',(#2038),#2042);
#2038 = LINE('',#2039,#2040);
#2039 = CARTESIAN_POINT('',(28.,0.));
#2040 = VECTOR('',#2041,1.);
#2041 = DIRECTION('',(0.,-1.));
#2042 = ( GEOMETRIC_REPRESENTATION_CONTEXT(2) 
PARAMETRIC_REPRESENTATION_CONTEXT() REPRESENTATION_CONTEXT('2D SPACE',''
  ) );
#2043 = PCURVE('',#970,#2044);
#2044 = DEFINITIONAL_REPRESENTATION('',(#2045),#2049);
#2045 = LINE('',#2046,#2047);
#2046 = CARTESIAN_POINT('',(0.,0.));
#2047 = VECTOR('',#2048,1.);
#2048 = DIRECTION('',(0.,-1.));
#2049 = ( GEOMETRIC_REPRESENTATION_CONTEXT(2) 
PARAMETRIC_REPRESENTATION_CONTEXT() REPRESENTATION_CONTEXT('2D SPACE',''
  ) );
#2050 = ORIENTED_EDGE('',*,*,#931,.F.);
#2051 = ORIENTED_EDGE('',*,*,#831,.T.);
#2052 = ADVANCED_FACE('',(#2053,#2786),#885,.F.);
#2053 = FACE_BOUND('',#2054,.T.);
#2054 = EDGE_LOOP('',(#2055,#2056,#2079,#2106,#2127,#2128,#2129,#2447,
    #2469,#2785));
#2055 = ORIENTED_EDGE('',*,*,#868,.F.);
#2056 = ORIENTED_EDGE('',*,*,#2057,.T.);
#2057 = EDGE_CURVE('',#869,#2058,#2060,.T.);
#2058 = VERTEX_POINT('',#2059);
#2059 = CARTESIAN_POINT('',(1.18774816421E+03,119.52993221985,380.5));
#2060 = SEAM_CURVE('',#2061,(#2065,#2072),.PCURVE_S1.);
#2061 = LINE('',#2062,#2063);
#2062 = CARTESIAN_POINT('',(1.194952649587E+03,78.671265282141,380.5));
#2063 = VECTOR('',#2064,1.);
#2064 = DIRECTION('',(-0.173648177667,0.984807753012,0.));
#2065 = PCURVE('',#885,#2066);
#2066 = DEFINITIONAL_REPRESENTATION('',(#2067),#2071);
#2067 = LINE('',#2068,#2069);
#2068 = CARTESIAN_POINT('',(-6.28318530718,0.));
#2069 = VECTOR('',#2070,1.);
#2070 = DIRECTION('',(-0.,-1.));
#2071 = ( GEOMETRIC_REPRESENTATION_CONTEXT(2) 
PARAMETRIC_REPRESENTATION_CONTEXT() REPRESENTATION_CONTEXT('2D SPACE',''
  ) );
#2072 = PCURVE('',#885,#2073);
#2073 = DEFINITIONAL_REPRESENTATION('',(#2074),#2078);
#2074 = LINE('',#2075,#2076);
#2075 = CARTESIAN_POINT('',(-0.,0.));
#2076 = VECTOR('',#2077,1.);
#2077 = DIRECTION('',(-0.,-1.));
#2078 = ( GEOMETRIC_REPRESENTATION_CONTEXT(2) 
PARAMETRIC_REPRESENTATION_CONTEXT() REPRESENTATION_CONTEXT('2D SPACE',''
  ) );
#2079 = ORIENTED_EDGE('',*,*,#2080,.T.);
#2080 = EDGE_CURVE('',#2058,#2081,#2083,.T.);
#2081 = VERTEX_POINT('',#2082);
#2082 = CARTESIAN_POINT('',(1.184792317197E+03,136.29337364565,380.5));
#2083 = SURFACE_CURVE('',#2084,(#2088,#2095),.PCURVE_S1.);
#2084 = LINE('',#2085,#2086);
#2085 = CARTESIAN_POINT('',(1.194952649587E+03,78.671265282141,380.5));
#2086 = VECTOR('',#2087,1.);
#2087 = DIRECTION('',(-0.173648177667,0.984807753012,0.));
#2088 = PCURVE('',#885,#2089);
#2089 = DEFINITIONAL_REPRESENTATION('',(#2090),#2094);
#2090 = LINE('',#2091,#2092);
#2091 = CARTESIAN_POINT('',(-0.,0.));
#2092 = VECTOR('',#2093,1.);
#2093 = DIRECTION('',(-0.,-1.));
#2094 = ( GEOMETRIC_REPRESENTATION_CONTEXT(2) 
PARAMETRIC_REPRESENTATION_CONTEXT() REPRESENTATION_CONTEXT('2D SPACE',''
  ) );
#2095 = PCURVE('',#2096,#2101);
#2096 = CYLINDRICAL_SURFACE('',#2097,5.25);
#2097 = AXIS2_PLACEMENT_3D('',#2098,#2099,#2100);
#2098 = CARTESIAN_POINT('',(1.198464817767E+03,28.519224698779,380.5));
#2099 = DIRECTION('',(-0.173648177667,0.984807753012,0.));
#2100 = DIRECTION('',(0.984807753012,0.173648177667,0.));
#2101 = DEFINITIONAL_REPRESENTATION('',(#2102),#2105);
#2102 = B_SPLINE_CURVE_WITH_KNOTS('',1,(#2103,#2104),.UNSPECIFIED.,.F.,
  .F.,(2,2),(41.488977734726,58.511022265275),.PIECEWISE_BEZIER_KNOTS.);
#2103 = CARTESIAN_POINT('',(6.28318530718,91.488977734726));
#2104 = CARTESIAN_POINT('',(6.28318530718,108.51102226527));
#2105 = ( GEOMETRIC_REPRESENTATION_CONTEXT(2) 
PARAMETRIC_REPRESENTATION_CONTEXT() REPRESENTATION_CONTEXT('2D SPACE',''
  ) );
#2106 = ORIENTED_EDGE('',*,*,#2107,.T.);
#2107 = EDGE_CURVE('',#2081,#904,#2108,.T.);
#2108 = SEAM_CURVE('',#2109,(#2113,#2120),.PCURVE_S1.);
#2109 = LINE('',#2110,#2111);
#2110 = CARTESIAN_POINT('',(1.194952649587E+03,78.671265282141,380.5));
#2111 = VECTOR('',#2112,1.);
#2112 = DIRECTION('',(-0.173648177667,0.984807753012,0.));
#2113 = PCURVE('',#885,#2114);
#2114 = DEFINITIONAL_REPRESENTATION('',(#2115),#2119);
#2115 = LINE('',#2116,#2117);
#2116 = CARTESIAN_POINT('',(-6.28318530718,0.));
#2117 = VECTOR('',#2118,1.);
#2118 = DIRECTION('',(-0.,-1.));
#2119 = ( GEOMETRIC_REPRESENTATION_CONTEXT(2) 
PARAMETRIC_REPRESENTATION_CONTEXT() REPRESENTATION_CONTEXT('2D SPACE',''
  ) );
#2120 = PCURVE('',#885,#2121);
#2121 = DEFINITIONAL_REPRESENTATION('',(#2122),#2126);
#2122 = LINE('',#2123,#2124);
#2123 = CARTESIAN_POINT('',(-0.,0.));
#2124 = VECTOR('',#2125,1.);
#2125 = DIRECTION('',(-0.,-1.));
#2126 = ( GEOMETRIC_REPRESENTATION_CONTEXT(2) 
PARAMETRIC_REPRESENTATION_CONTEXT() REPRESENTATION_CONTEXT('2D SPACE',''
  ) );
#2127 = ORIENTED_EDGE('',*,*,#903,.T.);
#2128 = ORIENTED_EDGE('',*,*,#2107,.F.);
#2129 = ORIENTED_EDGE('',*,*,#2130,.F.);
#2130 = EDGE_CURVE('',#2131,#2081,#2133,.T.);
#2131 = VERTEX_POINT('',#2132);
#2132 = CARTESIAN_POINT('',(1.17445183579E+03,134.47006778008,380.5));
#2133 = SURFACE_CURVE('',#2134,(#2202,#2273),.PCURVE_S1.);
#2134 = B_SPLINE_CURVE_WITH_KNOTS('',6,(#2135,#2136,#2137,#2138,#2139,
    #2140,#2141,#2142,#2143,#2144,#2145,#2146,#2147,#2148,#2149,#2150,
    #2151,#2152,#2153,#2154,#2155,#2156,#2157,#2158,#2159,#2160,#2161,
    #2162,#2163,#2164,#2165,#2166,#2167,#2168,#2169,#2170,#2171,#2172,
    #2173,#2174,#2175,#2176,#2177,#2178,#2179,#2180,#2181,#2182,#2183,
    #2184,#2185,#2186,#2187,#2188,#2189,#2190,#2191,#2192,#2193,#2194,
    #2195,#2196,#2197,#2198,#2199,#2200,#2201),.UNSPECIFIED.,.F.,.F.,(7,
    5,5,5,5,5,5,5,5,5,5,5,5,7),(0.,0.174204918563,0.238194538636,
    0.292726617158,0.333342404521,0.387505828933,0.452709997086,
    0.548843144245,0.612542503965,0.664843291663,0.736601901746,
    0.825346165341,0.974745378463,1.),.UNSPECIFIED.);
#2135 = CARTESIAN_POINT('',(1.17445183579E+03,134.47006778015,
    380.4999994));
#2136 = CARTESIAN_POINT('',(1.174451835748E+03,134.47006774216,
    380.9254902426));
#2137 = CARTESIAN_POINT('',(1.174488155938E+03,134.5023914591,
    381.34982086824));
#2138 = CARTESIAN_POINT('',(1.174560422867E+03,134.56670842902,
    381.76968971626));
#2139 = CARTESIAN_POINT('',(1.174668905048E+03,134.6608787933,
    382.18175192169));
#2140 = CARTESIAN_POINT('',(1.17481428172E+03,134.78092919408,
    382.58202892817));
#2141 = CARTESIAN_POINT('',(1.175063905289E+03,134.97325072105,
    383.10686639517));
#2142 = CARTESIAN_POINT('',(1.17513605882E+03,135.02775557889,
    383.24580373918));
#2143 = CARTESIAN_POINT('',(1.175213396578E+03,135.08489146089,
    383.38255778205));
#2144 = CARTESIAN_POINT('',(1.175296026562E+03,135.14443716797,
    383.51697327585));
#2145 = CARTESIAN_POINT('',(1.175384074733E+03,135.20615693852,
    383.64886564935));
#2146 = CARTESIAN_POINT('',(1.175557461033E+03,135.32403552808,
    383.88808728209));
#2147 = CARTESIAN_POINT('',(1.175641277791E+03,135.3796689847,
    383.9961677914));
#2148 = CARTESIAN_POINT('',(1.175729242065E+03,135.43655511517,
    384.10215126095));
#2149 = CARTESIAN_POINT('',(1.175821467528E+03,135.49453752341,
    384.20589796565));
#2150 = CARTESIAN_POINT('',(1.175918075978E+03,135.55344651762,
    384.3072398316));
#2151 = CARTESIAN_POINT('',(1.176094514129E+03,135.65752606781,
    384.4795233131));
#2152 = CARTESIAN_POINT('',(1.176172335205E+03,135.70236680671,
    384.55162422361));
#2153 = CARTESIAN_POINT('',(1.176252718178E+03,135.74754535922,
    384.62220439454));
#2154 = CARTESIAN_POINT('',(1.176335719391E+03,135.79298028299,
    384.69117235416));
#2155 = CARTESIAN_POINT('',(1.176421394522E+03,135.83858316154,
    384.758424127));
#2156 = CARTESIAN_POINT('',(1.176627690343E+03,135.94516936201,
    384.9110832723));
#2157 = CARTESIAN_POINT('',(1.176750464883E+03,136.00622449691,
    384.99508639555));
#2158 = CARTESIAN_POINT('',(1.176878216871E+03,136.0671768753,
    385.07554343226));
#2159 = CARTESIAN_POINT('',(1.177011028161E+03,136.12775615871,
    385.15211444564));
#2160 = CARTESIAN_POINT('',(1.177148966884E+03,136.18767078096,
    385.22442781285));
#2161 = CARTESIAN_POINT('',(1.177464379903E+03,136.31756330229,
    385.37352096492));
#2162 = CARTESIAN_POINT('',(1.177644416905E+03,136.38719992203,
    385.44831732376));
#2163 = CARTESIAN_POINT('',(1.177831808956E+03,136.45475560685,
    385.51548275896));
#2164 = CARTESIAN_POINT('',(1.178026096389E+03,136.51949268979,
    385.57413528926));
#2165 = CARTESIAN_POINT('',(1.178226745143E+03,136.58072380088,
    385.6234855585));
#2166 = CARTESIAN_POINT('',(1.178737444809E+03,136.72203797164,
    385.72082676176));
#2167 = CARTESIAN_POINT('',(1.179054051845E+03,136.79723313294,
    385.75703304127));
#2168 = CARTESIAN_POINT('',(1.179378116613E+03,136.86068511382,
    385.7686857514));
#2169 = CARTESIAN_POINT('',(1.179704353983E+03,136.91077346032,
    385.75493865767));
#2170 = CARTESIAN_POINT('',(1.180027236984E+03,136.94727967904,
    385.7167284545));
#2171 = CARTESIAN_POINT('',(1.180549368521E+03,136.98700940558,
    385.61726811305));
#2172 = CARTESIAN_POINT('',(1.180753545493E+03,136.99730422654,
    385.56814633052));
#2173 = CARTESIAN_POINT('',(1.180953092657E+03,137.00241227177,
    385.51020999869));
#2174 = CARTESIAN_POINT('',(1.181147336576E+03,137.00277033436,
    385.44419875162));
#2175 = CARTESIAN_POINT('',(1.181335652236E+03,136.99887906345,
    385.37093304477));
#2176 = CARTESIAN_POINT('',(1.181666748145E+03,136.98504482498,
    385.2259601488));
#2177 = CARTESIAN_POINT('',(1.181811802904E+03,136.97630280924,
    385.15625188113));
#2178 = CARTESIAN_POINT('',(1.181952579757E+03,136.96533544058,
    385.08256315466));
#2179 = CARTESIAN_POINT('',(1.182089044533E+03,136.95241078352,
    385.00523005059));
#2180 = CARTESIAN_POINT('',(1.182221180781E+03,136.93778383863,
    384.92456139892));
#2181 = CARTESIAN_POINT('',(1.182524348115E+03,136.89961970703,
    384.72597014116));
#2182 = CARTESIAN_POINT('',(1.182691604956E+03,136.87478657348,
    384.60532440691));
#2183 = CARTESIAN_POINT('',(1.182850882135E+03,136.84779625501,
    384.47953927771));
#2184 = CARTESIAN_POINT('',(1.183002312434E+03,136.81918769234,
    384.34914473437));
#2185 = CARTESIAN_POINT('',(1.183146038227E+03,136.78944316943,
    384.21456318589));
#2186 = CARTESIAN_POINT('',(1.183450614987E+03,136.72133670736,
    383.90488156018));
#2187 = CARTESIAN_POINT('',(1.183607495416E+03,136.68259510524,
    383.72770087056));
#2188 = CARTESIAN_POINT('',(1.183753020312E+03,136.64360682465,
    383.54526145576));
#2189 = CARTESIAN_POINT('',(1.183887339725E+03,136.60511476375,
    383.35809864657));
#2190 = CARTESIAN_POINT('',(1.184010560679E+03,136.5677835428,
    383.16662231093));
#2191 = CARTESIAN_POINT('',(1.184311545663E+03,136.47233940193,
    382.64207827228));
#2192 = CARTESIAN_POINT('',(1.184469337975E+03,136.4173628018,
    382.30113950687));
#2193 = CARTESIAN_POINT('',(1.184595310232E+03,136.37044087868,
    381.95115881438));
#2194 = CARTESIAN_POINT('',(1.184689013305E+03,136.3341294762,
    381.59452877288));
#2195 = CARTESIAN_POINT('',(1.184750079834E+03,136.31009265541,
    381.23334081901));
#2196 = CARTESIAN_POINT('',(1.18478283805E+03,136.29713557195,
    380.80803460503));
#2197 = CARTESIAN_POINT('',(1.184786628958E+03,136.29563277774,
    380.7464820252));
#2198 = CARTESIAN_POINT('',(1.184789472885E+03,136.29450370944,
    380.6848887275));
#2199 = CARTESIAN_POINT('',(1.18479136909E+03,136.29375033602,
    380.62326820008));
#2200 = CARTESIAN_POINT('',(1.184792317197E+03,136.29337364565,
    380.56163404935));
#2201 = CARTESIAN_POINT('',(1.184792317197E+03,136.29337364565,380.5));
#2202 = PCURVE('',#885,#2203);
#2203 = DEFINITIONAL_REPRESENTATION('',(#2204),#2272);
#2204 = B_SPLINE_CURVE_WITH_KNOTS('',6,(#2205,#2206,#2207,#2208,#2209,
    #2210,#2211,#2212,#2213,#2214,#2215,#2216,#2217,#2218,#2219,#2220,
    #2221,#2222,#2223,#2224,#2225,#2226,#2227,#2228,#2229,#2230,#2231,
    #2232,#2233,#2234,#2235,#2236,#2237,#2238,#2239,#2240,#2241,#2242,
    #2243,#2244,#2245,#2246,#2247,#2248,#2249,#2250,#2251,#2252,#2253,
    #2254,#2255,#2256,#2257,#2258,#2259,#2260,#2261,#2262,#2263,#2264,
    #2265,#2266,#2267,#2268,#2269,#2270,#2271),.UNSPECIFIED.,.F.,.F.,(7,
    5,5,5,5,5,5,5,5,5,5,5,5,7),(0.,0.174204918563,0.238194538636,
    0.292726617158,0.333342404521,0.387505828933,0.452709997086,
    0.548843144245,0.612542503965,0.664843291663,0.736601901746,
    0.825346165341,0.974745378463,1.),.UNSPECIFIED.);
#2205 = CARTESIAN_POINT('',(-3.141592539304,-58.51102226527));
#2206 = CARTESIAN_POINT('',(-3.222638414086,-58.51102223527));
#2207 = CARTESIAN_POINT('',(-3.303463211783,-58.53654794742));
#2208 = CARTESIAN_POINT('',(-3.384396847163,-58.5873387776));
#2209 = CARTESIAN_POINT('',(-3.465732354999,-58.66124074934));
#2210 = CARTESIAN_POINT('',(-3.547715702136,-58.75422292064));
#2211 = CARTESIAN_POINT('',(-3.660952534736,-58.90027597364));
#2212 = CARTESIAN_POINT('',(-3.691519887973,-58.94142345097));
#2213 = CARTESIAN_POINT('',(-3.722268430224,-58.98426174979));
#2214 = CARTESIAN_POINT('',(-3.753231205766,-59.02855427767));
#2215 = CARTESIAN_POINT('',(-3.784441868931,-59.07404698178));
#2216 = CARTESIAN_POINT('',(-3.842776327259,-59.16002651572));
#2217 = CARTESIAN_POINT('',(-3.8698228584,-59.20026014777));
#2218 = CARTESIAN_POINT('',(-3.897103846684,-59.24100721425));
#2219 = CARTESIAN_POINT('',(-3.924646031405,-59.28209395591));
#2220 = CARTESIAN_POINT('',(-3.952476515378,-59.32333210884));
#2221 = CARTESIAN_POINT('',(-4.001588608405,-59.39519229325));
#2222 = CARTESIAN_POINT('',(-4.022729402719,-59.42583831253));
#2223 = CARTESIAN_POINT('',(-4.044058936527,-59.45637214453));
#2224 = CARTESIAN_POINT('',(-4.065589553108,-59.48670380036));
#2225 = CARTESIAN_POINT('',(-4.087333505482,-59.51673653844));
#2226 = CARTESIAN_POINT('',(-4.138600448135,-59.5858805617));
#2227 = CARTESIAN_POINT('',(-4.168306505188,-59.62468855675));
#2228 = CARTESIAN_POINT('',(-4.198440933365,-59.66253103155));
#2229 = CARTESIAN_POINT('',(-4.229023779607,-59.69912754103));
#2230 = CARTESIAN_POINT('',(-4.26007675388,-59.73417911763));
#2231 = CARTESIAN_POINT('',(-4.329603313098,-59.80732738384));
#2232 = CARTESIAN_POINT('',(-4.36835105469,-59.84464296944));
#2233 = CARTESIAN_POINT('',(-4.407800312055,-59.87863204352));
#2234 = CARTESIAN_POINT('',(-4.447899814946,-59.90864796605));
#2235 = CARTESIAN_POINT('',(-4.488610583731,-59.9341065484));
#2236 = CARTESIAN_POINT('',(-4.590779426236,-59.98459177316));
#2237 = CARTESIAN_POINT('',(-4.652880542858,-60.00366631615));
#2238 = CARTESIAN_POINT('',(-4.715532983392,-60.00988106239));
#2239 = CARTESIAN_POINT('',(-4.778166775608,-60.00255792962));
#2240 = CARTESIAN_POINT('',(-4.840210522879,-59.98244149208));
#2241 = CARTESIAN_POINT('',(-4.941259115499,-59.9309004449));
#2242 = CARTESIAN_POINT('',(-4.980968673903,-59.90558390538));
#2243 = CARTESIAN_POINT('',(-5.020088885196,-59.87596334641));
#2244 = CARTESIAN_POINT('',(-5.058584837754,-59.84258586671));
#2245 = CARTESIAN_POINT('',(-5.096410523399,-59.80605304184));
#2246 = CARTESIAN_POINT('',(-5.163962527678,-59.73493477531));
#2247 = CARTESIAN_POINT('',(-5.193958823912,-59.70113707578));
#2248 = CARTESIAN_POINT('',(-5.223516346034,-59.66589068214));
#2249 = CARTESIAN_POINT('',(-5.252654417934,-59.62946552008));
#2250 = CARTESIAN_POINT('',(-5.281390886165,-59.59211557261));
#2251 = CARTESIAN_POINT('',(-5.348643869024,-59.50188678478));
#2252 = CARTESIAN_POINT('',(-5.386831326682,-59.44838707676));
#2253 = CARTESIAN_POINT('',(-5.424378597551,-59.39414860993));
#2254 = CARTESIAN_POINT('',(-5.461351154284,-59.33967908023));
#2255 = CARTESIAN_POINT('',(-5.497813314441,-59.28542872129));
#2256 = CARTESIAN_POINT('',(-5.578382168974,-59.16546775008));
#2257 = CARTESIAN_POINT('',(-5.622263146452,-59.10007271939));
#2258 = CARTESIAN_POINT('',(-5.665579867035,-59.03640662539));
#2259 = CARTESIAN_POINT('',(-5.708429516057,-58.97517502421));
#2260 = CARTESIAN_POINT('',(-5.750906776408,-58.91701385423));
#2261 = CARTESIAN_POINT('',(-5.864149015183,-58.77075423037));
#2262 = CARTESIAN_POINT('',(-5.934522167319,-58.68921250083));
#2263 = CARTESIAN_POINT('',(-6.004376172807,-58.62112857428));
#2264 = CARTESIAN_POINT('',(-6.073893413629,-58.56909745569));
#2265 = CARTESIAN_POINT('',(-6.143270789865,-58.53482171684));
#2266 = CARTESIAN_POINT('',(-6.2244829244,-58.516373076));
#2267 = CARTESIAN_POINT('',(-6.236224700307,-58.51423482843));
#2268 = CARTESIAN_POINT('',(-6.247965494243,-58.51262907038));
#2269 = CARTESIAN_POINT('',(-6.259705649938,-58.51155786987));
#2270 = CARTESIAN_POINT('',(-6.271445488255,-58.51102226527));
#2271 = CARTESIAN_POINT('',(-6.28318530718,-58.51102226527));
#2272 = ( GEOMETRIC_REPRESENTATION_CONTEXT(2) 
PARAMETRIC_REPRESENTATION_CONTEXT() REPRESENTATION_CONTEXT('2D SPACE',''
  ) );
#2273 = PCURVE('',#2096,#2274);
#2274 = DEFINITIONAL_REPRESENTATION('',(#2275),#2446);
#2275 = B_SPLINE_CURVE_WITH_KNOTS('',9,(#2276,#2277,#2278,#2279,#2280,
    #2281,#2282,#2283,#2284,#2285,#2286,#2287,#2288,#2289,#2290,#2291,
    #2292,#2293,#2294,#2295,#2296,#2297,#2298,#2299,#2300,#2301,#2302,
    #2303,#2304,#2305,#2306,#2307,#2308,#2309,#2310,#2311,#2312,#2313,
    #2314,#2315,#2316,#2317,#2318,#2319,#2320,#2321,#2322,#2323,#2324,
    #2325,#2326,#2327,#2328,#2329,#2330,#2331,#2332,#2333,#2334,#2335,
    #2336,#2337,#2338,#2339,#2340,#2341,#2342,#2343,#2344,#2345,#2346,
    #2347,#2348,#2349,#2350,#2351,#2352,#2353,#2354,#2355,#2356,#2357,
    #2358,#2359,#2360,#2361,#2362,#2363,#2364,#2365,#2366,#2367,#2368,
    #2369,#2370,#2371,#2372,#2373,#2374,#2375,#2376,#2377,#2378,#2379,
    #2380,#2381,#2382,#2383,#2384,#2385,#2386,#2387,#2388,#2389,#2390,
    #2391,#2392,#2393,#2394,#2395,#2396,#2397,#2398,#2399,#2400,#2401,
    #2402,#2403,#2404,#2405,#2406,#2407,#2408,#2409,#2410,#2411,#2412,
    #2413,#2414,#2415,#2416,#2417,#2418,#2419,#2420,#2421,#2422,#2423,
    #2424,#2425,#2426,#2427,#2428,#2429,#2430,#2431,#2432,#2433,#2434,
    #2435,#2436,#2437,#2438,#2439,#2440,#2441,#2442,#2443,#2444,#2445),
  .UNSPECIFIED.,.F.,.F.,(10,8,8,8,8,8,8,8,8,8,8,8,8,8,8,8,8,8,8,8,8,10),
  (4.094210903793E-08,0.125000035824,0.152343784704,0.178833041432,
    0.230155976343,0.3263864793,0.368487324344,0.388222095458,
    0.426458214492,0.462304576086,0.529516504075,0.55892172257,
    0.58648911491,0.612333545228,0.660791852074,0.745593889056,
    0.809195416792,0.833045989693,0.916522994847,0.958261497423,
    0.979130748712,1.),.UNSPECIFIED.);
#2276 = CARTESIAN_POINT('',(3.14159265359,108.51102226527));
#2277 = CARTESIAN_POINT('',(3.180362067542,108.51102226527));
#2278 = CARTESIAN_POINT('',(3.219084069575,108.51649830129));
#2279 = CARTESIAN_POINT('',(3.257787639893,108.52742744798));
#2280 = CARTESIAN_POINT('',(3.296500649879,108.54372702823));
#2281 = CARTESIAN_POINT('',(3.335249722295,108.56525476165));
#2282 = CARTESIAN_POINT('',(3.37406010782,108.59180996243));
#2283 = CARTESIAN_POINT('',(3.412955577943,108.62313578673));
#2284 = CARTESIAN_POINT('',(3.45195833419,108.65892252943));
#2285 = CARTESIAN_POINT('',(3.499648752345,108.70753778569));
#2286 = CARTESIAN_POINT('',(3.50821468836,108.71645992138));
#2287 = CARTESIAN_POINT('',(3.516786956808,108.72557462802));
#2288 = CARTESIAN_POINT('',(3.52536576892,108.73487804477));
#2289 = CARTESIAN_POINT('',(3.53395133203,108.74436620185));
#2290 = CARTESIAN_POINT('',(3.542543849505,108.75403502296));
#2291 = CARTESIAN_POINT('',(3.551143520675,108.76388032768));
#2292 = CARTESIAN_POINT('',(3.559750540764,108.7738978339));
#2293 = CARTESIAN_POINT('',(3.576710455876,108.79395019505));
#2294 = CARTESIAN_POINT('',(3.58506296027,108.80397482682));
#2295 = CARTESIAN_POINT('',(3.593421941878,108.81415191805));
#2296 = CARTESIAN_POINT('',(3.601791899884,108.82448322512));
#2297 = CARTESIAN_POINT('',(3.610160023032,108.83494730526));
#2298 = CARTESIAN_POINT('',(3.618551589636,108.84557310864));
#2299 = CARTESIAN_POINT('',(3.626934653905,108.8563141977));
#2300 = CARTESIAN_POINT('',(3.635334621986,108.86719904306));
#2301 = CARTESIAN_POINT('',(3.660040235449,108.8995578484));
#2302 = CARTESIAN_POINT('',(3.676377453441,108.92139592381));
#2303 = CARTESIAN_POINT('',(3.692760878877,108.943701531));
#2304 = CARTESIAN_POINT('',(3.709194645767,108.96644635832));
#2305 = CARTESIAN_POINT('',(3.725682869743,108.9896012654));
#2306 = CARTESIAN_POINT('',(3.742229676975,109.01313626429));
#2307 = CARTESIAN_POINT('',(3.758839233096,109.03702050055));
#2308 = CARTESIAN_POINT('',(3.775515772124,109.06122223443));
#2309 = CARTESIAN_POINT('',(3.823665850238,109.13162117345));
#2310 = CARTESIAN_POINT('',(3.855318983817,109.17853529008));
#2311 = CARTESIAN_POINT('',(3.887247554596,109.22622970066));
#2312 = CARTESIAN_POINT('',(3.919505122127,109.27451408023));
#2313 = CARTESIAN_POINT('',(3.952113208971,109.32313498489));
#2314 = CARTESIAN_POINT('',(3.985104099538,109.37183794825));
#2315 = CARTESIAN_POINT('',(4.018529846264,109.42037728347));
#2316 = CARTESIAN_POINT('',(4.052423895511,109.46845417754));
#2317 = CARTESIAN_POINT('',(4.101876658374,109.53644609958));
#2318 = CARTESIAN_POINT('',(4.117024741052,109.55699036982));
#2319 = CARTESIAN_POINT('',(4.132271669214,109.57735711931));
#2320 = CARTESIAN_POINT('',(4.147629390569,109.59753025338));
#2321 = CARTESIAN_POINT('',(4.163092264341,109.61746918709));
#2322 = CARTESIAN_POINT('',(4.17866098278,109.63714104212));
#2323 = CARTESIAN_POINT('',(4.194345144154,109.65652398504));
#2324 = CARTESIAN_POINT('',(4.210141410543,109.67557781985));
#2325 = CARTESIAN_POINT('',(4.233513495744,109.70303505621));
#2326 = CARTESIAN_POINT('',(4.240998035713,109.71171870401));
#2327 = CARTESIAN_POINT('',(4.248509179883,109.72032065704));
#2328 = CARTESIAN_POINT('',(4.256045521702,109.72883571579));
#2329 = CARTESIAN_POINT('',(4.263607859874,109.73726094103));
#2330 = CARTESIAN_POINT('',(4.271197856402,109.74559425244));
#2331 = CARTESIAN_POINT('',(4.278815152219,109.75383141763));
#2332 = CARTESIAN_POINT('',(4.286457592101,109.76196628804));
#2333 = CARTESIAN_POINT('',(4.308992971373,109.78556278585));
#2334 = CARTESIAN_POINT('',(4.323966504857,109.80074366116));
#2335 = CARTESIAN_POINT('',(4.339046588628,109.81550893332));
#2336 = CARTESIAN_POINT('',(4.354230231536,109.82982632004));
#2337 = CARTESIAN_POINT('',(4.369514659391,109.84366416698));
#2338 = CARTESIAN_POINT('',(4.384897300664,109.85699152695));
#2339 = CARTESIAN_POINT('',(4.400375772192,109.86977823924));
#2340 = CARTESIAN_POINT('',(4.415947864881,109.88199500881));
#2341 = CARTESIAN_POINT('',(4.446296214911,109.90450580757));
#2342 = CARTESIAN_POINT('',(4.461061869421,109.91487255774));
#2343 = CARTESIAN_POINT('',(4.475902804101,109.92468808614));
#2344 = CARTESIAN_POINT('',(4.490831567266,109.93393813399));
#2345 = CARTESIAN_POINT('',(4.505820201201,109.94258405081));
#2346 = CARTESIAN_POINT('',(4.520891805449,109.95062330341));
#2347 = CARTESIAN_POINT('',(4.536045662413,109.95802900387));
#2348 = CARTESIAN_POINT('',(4.551258028277,109.96477463006));
#2349 = CARTESIAN_POINT('',(4.595155882088,109.98222461246));
#2350 = CARTESIAN_POINT('',(4.623980629128,109.99122701296));
#2351 = CARTESIAN_POINT('',(4.652948626014,109.99772981936));
#2352 = CARTESIAN_POINT('',(4.682009733329,110.00164613627));
#2353 = CARTESIAN_POINT('',(4.71111530498,110.00292531662));
#2354 = CARTESIAN_POINT('',(4.740217361219,110.00155383107));
#2355 = CARTESIAN_POINT('',(4.769267764051,109.9975554344));
#2356 = CARTESIAN_POINT('',(4.798217395041,109.99099062895));
#2357 = CARTESIAN_POINT('',(4.83961443445,109.97800252341));
#2358 = CARTESIAN_POINT('',(4.852184496846,109.97357680385));
#2359 = CARTESIAN_POINT('',(4.864721536351,109.96868594465));
#2360 = CARTESIAN_POINT('',(4.87721939712,109.96334085543));
#2361 = CARTESIAN_POINT('',(4.889678324559,109.95754892104));
#2362 = CARTESIAN_POINT('',(4.902089711175,109.95132430572));
#2363 = CARTESIAN_POINT('',(4.914443849128,109.94468376246));
#2364 = CARTESIAN_POINT('',(4.926750499268,109.93763309901));
#2365 = CARTESIAN_POINT('',(4.950493719745,109.92320465142));
#2366 = CARTESIAN_POINT('',(4.961937067814,109.91587461856));
#2367 = CARTESIAN_POINT('',(4.973334508432,109.90820582044));
#2368 = CARTESIAN_POINT('',(4.984685404207,109.90020830569));
#2369 = CARTESIAN_POINT('',(4.995989078506,109.89189239559));
#2370 = CARTESIAN_POINT('',(5.007244813147,109.88326866876));
#2371 = CARTESIAN_POINT('',(5.018451846096,109.87434794581));
#2372 = CARTESIAN_POINT('',(5.029609369157,109.8651412741));
#2373 = CARTESIAN_POINT('',(5.051129484908,109.84677113574));
#2374 = CARTESIAN_POINT('',(5.061498176609,109.83764093234));
#2375 = CARTESIAN_POINT('',(5.071821894698,109.82827857908));
#2376 = CARTESIAN_POINT('',(5.082099895549,109.81869351619));
#2377 = CARTESIAN_POINT('',(5.09233139602,109.8088953361));
#2378 = CARTESIAN_POINT('',(5.102515571487,109.79889377238));
#2379 = CARTESIAN_POINT('',(5.11265155387,109.78869868864));
#2380 = CARTESIAN_POINT('',(5.122738429669,109.77832006744));
#2381 = CARTESIAN_POINT('',(5.1515942536,109.74798287127));
#2382 = CARTESIAN_POINT('',(5.170246714246,109.7275780368));
#2383 = CARTESIAN_POINT('',(5.188740722209,109.7066031887));
#2384 = CARTESIAN_POINT('',(5.207077245541,109.6851140315));
#2385 = CARTESIAN_POINT('',(5.22525941522,109.66316249028));
#2386 = CARTESIAN_POINT('',(5.243292586315,109.64079663233));
#2387 = CARTESIAN_POINT('',(5.261180804491,109.61806436637));
#2388 = CARTESIAN_POINT('',(5.278925319206,109.59501498416));
#2389 = CARTESIAN_POINT('',(5.3273403499,109.53087845347));
#2390 = CARTESIAN_POINT('',(5.357721079774,109.48923197868));
#2391 = CARTESIAN_POINT('',(5.387710411764,109.44697175198));
#2392 = CARTESIAN_POINT('',(5.417335052975,109.40430922061));
#2393 = CARTESIAN_POINT('',(5.446600496594,109.36147737084));
#2394 = CARTESIAN_POINT('',(5.47557576964,109.3185955563));
#2395 = CARTESIAN_POINT('',(5.504237036857,109.27591171622));
#2396 = CARTESIAN_POINT('',(5.532645995849,109.23353371903));
#2397 = CARTESIAN_POINT('',(5.58194463119,109.16020552896));
#2398 = CARTESIAN_POINT('',(5.60293876481,109.12904671116));
#2399 = CARTESIAN_POINT('',(5.623807886779,109.0982228482));
#2400 = CARTESIAN_POINT('',(5.644560690809,109.06779864041));
#2401 = CARTESIAN_POINT('',(5.665205748547,109.03783626947));
#2402 = CARTESIAN_POINT('',(5.685751535107,109.00839558485));
#2403 = CARTESIAN_POINT('',(5.706206454602,108.97953429029));
#2404 = CARTESIAN_POINT('',(5.726578865673,108.95130813025));
#2405 = CARTESIAN_POINT('',(5.754488947524,108.91344468117));
#2406 = CARTESIAN_POINT('',(5.762090595925,108.9032148841));
#2407 = CARTESIAN_POINT('',(5.769680893945,108.89308659393));
#2408 = CARTESIAN_POINT('',(5.777264503689,108.88305715645));
#2409 = CARTESIAN_POINT('',(5.78483707443,108.87313557644));
#2410 = CARTESIAN_POINT('',(5.79239895185,108.8633246691));
#2411 = CARTESIAN_POINT('',(5.799955958978,108.85362014977));
#2412 = CARTESIAN_POINT('',(5.807505822369,108.84402836965));
#2413 = CARTESIAN_POINT('',(5.841449497496,108.80138517387));
#2414 = CARTESIAN_POINT('',(5.867767151404,108.76963254381));
#2415 = CARTESIAN_POINT('',(5.894008280838,108.73942478005));
#2416 = CARTESIAN_POINT('',(5.920179668456,108.71088450184));
#2417 = CARTESIAN_POINT('',(5.946288408065,108.6841258975));
#2418 = CARTESIAN_POINT('',(5.972341890933,108.6592542406));
#2419 = CARTESIAN_POINT('',(5.998347792104,108.63636540613));
#2420 = CARTESIAN_POINT('',(6.024314056716,108.6155453867));
#2421 = CARTESIAN_POINT('',(6.06321630111,108.58753201965));
#2422 = CARTESIAN_POINT('',(6.076175858978,108.57873034849));
#2423 = CARTESIAN_POINT('',(6.089128587899,108.57047426115));
#2424 = CARTESIAN_POINT('',(6.102075533384,108.56277258202));
#2425 = CARTESIAN_POINT('',(6.115017759306,108.55563348466));
#2426 = CARTESIAN_POINT('',(6.12795634875,108.54906448257));
#2427 = CARTESIAN_POINT('',(6.140892404851,108.54307241992));
#2428 = CARTESIAN_POINT('',(6.153827051638,108.53766346233));
#2429 = CARTESIAN_POINT('',(6.173228626495,108.5304329003));
#2430 = CARTESIAN_POINT('',(6.179695916873,108.52816981616));
#2431 = CARTESIAN_POINT('',(6.186162937608,108.52605465784));
#2432 = CARTESIAN_POINT('',(6.192630106942,108.52408798139));
#2433 = CARTESIAN_POINT('',(6.199097949704,108.52227028895));
#2434 = CARTESIAN_POINT('',(6.205566678277,108.5206021425));
#2435 = CARTESIAN_POINT('',(6.212036034594,108.51908417861));
#2436 = CARTESIAN_POINT('',(6.21850539314,108.51771702427));
#2437 = CARTESIAN_POINT('',(6.231442856847,108.51528520321));
#2438 = CARTESIAN_POINT('',(6.237911276271,108.51422047718));
#2439 = CARTESIAN_POINT('',(6.244379430933,108.51330727977));
#2440 = CARTESIAN_POINT('',(6.250847367213,108.51254589796));
#2441 = CARTESIAN_POINT('',(6.257315130215,108.51193656154));
#2442 = CARTESIAN_POINT('',(6.263782763769,108.51147944315));
#2443 = CARTESIAN_POINT('',(6.270250310447,108.51117465829));
#2444 = CARTESIAN_POINT('',(6.276717811561,108.51102226527));
#2445 = CARTESIAN_POINT('',(6.28318530718,108.51102226527));
#2446 = ( GEOMETRIC_REPRESENTATION_CONTEXT(2) 
PARAMETRIC_REPRESENTATION_CONTEXT() REPRESENTATION_CONTEXT('2D SPACE',''
  ) );
#2447 = ORIENTED_EDGE('',*,*,#2448,.T.);
#2448 = EDGE_CURVE('',#2131,#2449,#2451,.T.);
#2449 = VERTEX_POINT('',#2450);
#2450 = CARTESIAN_POINT('',(1.177407682803E+03,117.70662635438,380.5));
#2451 = SURFACE_CURVE('',#2452,(#2456,#2462),.PCURVE_S1.);
#2452 = LINE('',#2453,#2454);
#2453 = CARTESIAN_POINT('',(1.18461216818E+03,76.847959416638,380.5));
#2454 = VECTOR('',#2455,1.);
#2455 = DIRECTION('',(0.173648177667,-0.984807753012,-0.));
#2456 = PCURVE('',#885,#2457);
#2457 = DEFINITIONAL_REPRESENTATION('',(#2458),#2461);
#2458 = B_SPLINE_CURVE_WITH_KNOTS('',1,(#2459,#2460),.UNSPECIFIED.,.F.,
  .F.,(2,2),(-63.11083599136,-38.7405973061),.PIECEWISE_BEZIER_KNOTS.);
#2459 = CARTESIAN_POINT('',(-3.14159265359,-63.11083599136));
#2460 = CARTESIAN_POINT('',(-3.14159265359,-38.7405973061));
#2461 = ( GEOMETRIC_REPRESENTATION_CONTEXT(2) 
PARAMETRIC_REPRESENTATION_CONTEXT() REPRESENTATION_CONTEXT('2D SPACE',''
  ) );
#2462 = PCURVE('',#2096,#2463);
#2463 = DEFINITIONAL_REPRESENTATION('',(#2464),#2468);
#2464 = LINE('',#2465,#2466);
#2465 = CARTESIAN_POINT('',(3.14159265359,50.));
#2466 = VECTOR('',#2467,1.);
#2467 = DIRECTION('',(0.,-1.));
#2468 = ( GEOMETRIC_REPRESENTATION_CONTEXT(2) 
PARAMETRIC_REPRESENTATION_CONTEXT() REPRESENTATION_CONTEXT('2D SPACE',''
  ) );
#2469 = ORIENTED_EDGE('',*,*,#2470,.T.);
#2470 = EDGE_CURVE('',#2449,#2058,#2471,.T.);
#2471 = SURFACE_CURVE('',#2472,(#2540,#2611),.PCURVE_S1.);
#2472 = B_SPLINE_CURVE_WITH_KNOTS('',6,(#2473,#2474,#2475,#2476,#2477,
    #2478,#2479,#2480,#2481,#2482,#2483,#2484,#2485,#2486,#2487,#2488,
    #2489,#2490,#2491,#2492,#2493,#2494,#2495,#2496,#2497,#2498,#2499,
    #2500,#2501,#2502,#2503,#2504,#2505,#2506,#2507,#2508,#2509,#2510,
    #2511,#2512,#2513,#2514,#2515,#2516,#2517,#2518,#2519,#2520,#2521,
    #2522,#2523,#2524,#2525,#2526,#2527,#2528,#2529,#2530,#2531,#2532,
    #2533,#2534,#2535,#2536,#2537,#2538,#2539),.UNSPECIFIED.,.F.,.F.,(7,
    5,5,5,5,5,5,5,5,5,5,5,5,7),(0.,0.174204918981,0.238194539139,
    0.292726617734,0.333342405151,0.387505829636,0.45270999779,
    0.548843144822,0.612542504463,0.664843292097,0.736601902087,
    0.825346165567,0.974745378496,1.),.UNSPECIFIED.);
#2473 = CARTESIAN_POINT('',(1.177407682803E+03,117.70662635434,
    380.4999994));
#2474 = CARTESIAN_POINT('',(1.17740768275E+03,117.70662637544,
    380.92549024216));
#2475 = CARTESIAN_POINT('',(1.177452867928E+03,117.68867425387,
    381.34982086964));
#2476 = CARTESIAN_POINT('',(1.177542774326E+03,117.65295281733,
    381.76968971433));
#2477 = CARTESIAN_POINT('',(1.177676922393E+03,117.60156471181,
    382.18175192303));
#2478 = CARTESIAN_POINT('',(1.177854591434E+03,117.53847598646,
    382.58202892777));
#2479 = CARTESIAN_POINT('',(1.178154938696E+03,117.44312915547,
    383.10686639516));
#2480 = CARTESIAN_POINT('',(1.178241382596E+03,117.41658930391,
    383.24580373918));
#2481 = CARTESIAN_POINT('',(1.178333597939E+03,117.38935020831,
    383.38255778205));
#2482 = CARTESIAN_POINT('',(1.178431610557E+03,117.36165666568,
    383.51697327585));
#2483 = CARTESIAN_POINT('',(1.178535458178E+03,117.3337733008,
    383.64886564935));
#2484 = CARTESIAN_POINT('',(1.178738704856E+03,117.2823052671,
    383.88808728209));
#2485 = CARTESIAN_POINT('',(1.178836494609E+03,117.25869393819,
    383.9961677914));
#2486 = CARTESIAN_POINT('',(1.17893861019E+03,117.2353240147,
    384.10215126095));
#2487 = CARTESIAN_POINT('',(1.179045104928E+03,117.21238133947,
    384.20589796565));
#2488 = CARTESIAN_POINT('',(1.179156035238E+03,117.19006702822,
    384.3072398316));
#2489 = CARTESIAN_POINT('',(1.17935743017E+03,117.15260964493,
    384.4795233131));
#2490 = CARTESIAN_POINT('',(1.179445894497E+03,117.13708950905,
    384.55162422361));
#2491 = CARTESIAN_POINT('',(1.179536881759E+03,117.12212815261,
    384.62220439454));
#2492 = CARTESIAN_POINT('',(1.179630417045E+03,117.10782137674,
    384.69117235416));
#2493 = CARTESIAN_POINT('',(1.179726522436E+03,117.09427130868,
    384.758424127));
#2494 = CARTESIAN_POINT('',(1.179956831724E+03,117.06467036878,
    384.9110832723));
#2495 = CARTESIAN_POINT('',(1.18009308414E+03,117.04928867488,
    384.99508639555));
#2496 = CARTESIAN_POINT('',(1.180233978682E+03,117.03570592811,
    385.07554343226));
#2497 = CARTESIAN_POINT('',(1.180379499806E+03,117.02420415898,
    385.15211444564));
#2498 = CARTESIAN_POINT('',(1.180529611814E+03,117.01508065245,
    385.22442781285));
#2499 = CARTESIAN_POINT('',(1.180870428959E+03,117.00089921442,
    385.37352096481));
#2500 = CARTESIAN_POINT('',(1.181063425528E+03,116.99703847813,
    385.44831732381));
#2501 = CARTESIAN_POINT('',(1.181262621861E+03,116.99764875562,
    385.51548275904));
#2502 = CARTESIAN_POINT('',(1.181467333714E+03,117.00326601212,
    385.57413528925));
#2503 = CARTESIAN_POINT('',(1.181676824141E+03,117.01435350462,
    385.62348555845));
#2504 = CARTESIAN_POINT('',(1.182205057141E+03,117.05623119389,
    385.72082676176));
#2505 = CARTESIAN_POINT('',(1.182528288696E+03,117.09385683955,
    385.75703304127));
#2506 = CARTESIAN_POINT('',(1.182854511823E+03,117.14506815986,
    385.7686857514));
#2507 = CARTESIAN_POINT('',(1.183178205896E+03,117.20958026222,
    385.75493865767));
#2508 = CARTESIAN_POINT('',(1.183494102532E+03,117.28570812825,
    385.7167284545));
#2509 = CARTESIAN_POINT('',(1.183998334051E+03,117.42695390052,
    385.61726811305));
#2510 = CARTESIAN_POINT('',(1.18419371868E+03,117.48711257026,
    385.56814633052));
#2511 = CARTESIAN_POINT('',(1.184382978733E+03,117.55056172773,
    385.51020999869));
#2512 = CARTESIAN_POINT('',(1.184565630775E+03,117.6166605919,
    385.44419875162));
#2513 = CARTESIAN_POINT('',(1.184741258717E+03,117.68472493934,
    385.37093304476));
#2514 = CARTESIAN_POINT('',(1.185047655511E+03,117.81096634138,
    385.2259601488));
#2515 = CARTESIAN_POINT('',(1.185180972453E+03,117.86879279871,
    385.15625188113));
#2516 = CARTESIAN_POINT('',(1.185309508362E+03,117.92724727349,
    385.08256315465));
#2517 = CARTESIAN_POINT('',(1.185433322811E+03,117.98606618045,
    385.00523005059));
#2518 = CARTESIAN_POINT('',(1.185552487559E+03,118.04500427123,
    384.92456139892));
#2519 = CARTESIAN_POINT('',(1.185824318764E+03,118.18455615923,
    384.72597014116));
#2520 = CARTESIAN_POINT('',(1.185972995351E+03,118.26509688016,
    384.60532440691));
#2521 = CARTESIAN_POINT('',(1.186113435709E+03,118.34493548699,
    384.47953927771));
#2522 = CARTESIAN_POINT('',(1.186245948938E+03,118.42361095462,
    384.34914473437));
#2523 = CARTESIAN_POINT('',(1.18637083378E+03,118.50071877989,
    384.21456318589));
#2524 = CARTESIAN_POINT('',(1.186633748532E+03,118.66888930683,
    383.90488156018));
#2525 = CARTESIAN_POINT('',(1.186767917505E+03,118.75895077116,
    383.72770087056));
#2526 = CARTESIAN_POINT('',(1.186891331399E+03,118.84536021653,
    383.54526145576));
#2527 = CARTESIAN_POINT('',(1.187004385299E+03,118.92747086678,
    383.35809864657));
#2528 = CARTESIAN_POINT('',(1.187107407091E+03,119.00469478805,
    383.16662231093));
#2529 = CARTESIAN_POINT('',(1.18735759664E+03,119.19732587026,
    382.64207827228));
#2530 = CARTESIAN_POINT('',(1.187487069807E+03,119.30295512501,
    382.30113950687));
#2531 = CARTESIAN_POINT('',(1.187589396765E+03,119.39013235934,
    381.95115881438));
#2532 = CARTESIAN_POINT('',(1.18766502962E+03,119.45630225483,
    381.59452877288));
#2533 = CARTESIAN_POINT('',(1.187714192309E+03,119.49977546076,
    381.23334081901));
#2534 = CARTESIAN_POINT('',(1.18774054338E+03,119.52315510636,
    380.80803460503));
#2535 = CARTESIAN_POINT('',(1.187743591682E+03,119.52586383771,
    380.7464820252));
#2536 = CARTESIAN_POINT('',(1.187745877936E+03,119.52789749538,
    380.6848887275));
#2537 = CARTESIAN_POINT('',(1.187747402117E+03,119.5292539751,
    380.62326820008));
#2538 = CARTESIAN_POINT('',(1.18774816421E+03,119.52993221985,
    380.56163404935));
#2539 = CARTESIAN_POINT('',(1.18774816421E+03,119.52993221985,380.5));
#2540 = PCURVE('',#885,#2541);
#2541 = DEFINITIONAL_REPRESENTATION('',(#2542),#2610);
#2542 = B_SPLINE_CURVE_WITH_KNOTS('',6,(#2543,#2544,#2545,#2546,#2547,
    #2548,#2549,#2550,#2551,#2552,#2553,#2554,#2555,#2556,#2557,#2558,
    #2559,#2560,#2561,#2562,#2563,#2564,#2565,#2566,#2567,#2568,#2569,
    #2570,#2571,#2572,#2573,#2574,#2575,#2576,#2577,#2578,#2579,#2580,
    #2581,#2582,#2583,#2584,#2585,#2586,#2587,#2588,#2589,#2590,#2591,
    #2592,#2593,#2594,#2595,#2596,#2597,#2598,#2599,#2600,#2601,#2602,
    #2603,#2604,#2605,#2606,#2607,#2608,#2609),.UNSPECIFIED.,.F.,.F.,(7,
    5,5,5,5,5,5,5,5,5,5,5,5,7),(0.,0.174204918981,0.238194539139,
    0.292726617734,0.333342405151,0.387505829636,0.45270999779,
    0.548843144822,0.612542504463,0.664843292097,0.736601902087,
    0.825346165567,0.974745378496,1.),.UNSPECIFIED.);
#2543 = CARTESIAN_POINT('',(-3.141592539304,-41.48897773472));
#2544 = CARTESIAN_POINT('',(-3.222638414001,-41.48897776472));
#2545 = CARTESIAN_POINT('',(-3.303463212057,-41.46345205247));
#2546 = CARTESIAN_POINT('',(-3.384396846774,-41.41266122265));
#2547 = CARTESIAN_POINT('',(-3.465732355277,-41.33875925039));
#2548 = CARTESIAN_POINT('',(-3.54771570205,-41.24577707946));
#2549 = CARTESIAN_POINT('',(-3.660952534736,-41.09972402635));
#2550 = CARTESIAN_POINT('',(-3.691519887973,-41.05857654902));
#2551 = CARTESIAN_POINT('',(-3.722268430224,-41.0157382502));
#2552 = CARTESIAN_POINT('',(-3.753231205766,-40.97144572232));
#2553 = CARTESIAN_POINT('',(-3.78444186893,-40.92595301821));
#2554 = CARTESIAN_POINT('',(-3.84277632726,-40.83997348427));
#2555 = CARTESIAN_POINT('',(-3.8698228584,-40.79973985222));
#2556 = CARTESIAN_POINT('',(-3.897103846684,-40.75899278574));
#2557 = CARTESIAN_POINT('',(-3.924646031405,-40.71790604409));
#2558 = CARTESIAN_POINT('',(-3.952476515378,-40.67666789115));
#2559 = CARTESIAN_POINT('',(-4.001588608405,-40.60480770674));
#2560 = CARTESIAN_POINT('',(-4.022729402719,-40.57416168746));
#2561 = CARTESIAN_POINT('',(-4.044058936527,-40.54362785546));
#2562 = CARTESIAN_POINT('',(-4.065589553108,-40.51329619963));
#2563 = CARTESIAN_POINT('',(-4.087333505482,-40.48326346155));
#2564 = CARTESIAN_POINT('',(-4.138600448135,-40.41411943829));
#2565 = CARTESIAN_POINT('',(-4.168306505188,-40.37531144324));
#2566 = CARTESIAN_POINT('',(-4.198440933364,-40.33746896844));
#2567 = CARTESIAN_POINT('',(-4.229023779607,-40.30087245897));
#2568 = CARTESIAN_POINT('',(-4.26007675388,-40.26582088236));
#2569 = CARTESIAN_POINT('',(-4.329603313047,-40.1926726162));
#2570 = CARTESIAN_POINT('',(-4.368351054702,-40.15535703053));
#2571 = CARTESIAN_POINT('',(-4.407800312109,-40.12136795643));
#2572 = CARTESIAN_POINT('',(-4.447899814963,-40.09135203394));
#2573 = CARTESIAN_POINT('',(-4.488610583676,-40.06589345162));
#2574 = CARTESIAN_POINT('',(-4.590779426236,-40.01540822683));
#2575 = CARTESIAN_POINT('',(-4.652880542858,-39.99633368384));
#2576 = CARTESIAN_POINT('',(-4.715532983392,-39.9901189376));
#2577 = CARTESIAN_POINT('',(-4.778166775609,-39.99744207037));
#2578 = CARTESIAN_POINT('',(-4.840210522879,-40.01755850791));
#2579 = CARTESIAN_POINT('',(-4.941259115503,-40.06909955509));
#2580 = CARTESIAN_POINT('',(-4.980968673902,-40.09441609461));
#2581 = CARTESIAN_POINT('',(-5.020088885193,-40.12403665357));
#2582 = CARTESIAN_POINT('',(-5.058584837754,-40.15741413328));
#2583 = CARTESIAN_POINT('',(-5.096410523402,-40.19394695815));
#2584 = CARTESIAN_POINT('',(-5.163962527675,-40.26506522468));
#2585 = CARTESIAN_POINT('',(-5.193958823913,-40.29886292421));
#2586 = CARTESIAN_POINT('',(-5.223516346036,-40.33410931785));
#2587 = CARTESIAN_POINT('',(-5.252654417935,-40.37053447992));
#2588 = CARTESIAN_POINT('',(-5.281390886163,-40.40788442738));
#2589 = CARTESIAN_POINT('',(-5.348643869024,-40.49811321521));
#2590 = CARTESIAN_POINT('',(-5.386831326682,-40.55161292323));
#2591 = CARTESIAN_POINT('',(-5.42437859755,-40.60585139006));
#2592 = CARTESIAN_POINT('',(-5.461351154284,-40.66032091976));
#2593 = CARTESIAN_POINT('',(-5.497813314442,-40.71457127871));
#2594 = CARTESIAN_POINT('',(-5.578382168973,-40.83453224991));
#2595 = CARTESIAN_POINT('',(-5.622263146452,-40.8999272806));
#2596 = CARTESIAN_POINT('',(-5.665579867035,-40.9635933746));
#2597 = CARTESIAN_POINT('',(-5.708429516057,-41.02482497578));
#2598 = CARTESIAN_POINT('',(-5.750906776408,-41.08298614576));
#2599 = CARTESIAN_POINT('',(-5.864149015183,-41.22924576962));
#2600 = CARTESIAN_POINT('',(-5.934522167319,-41.31078749916));
#2601 = CARTESIAN_POINT('',(-6.004376172807,-41.37887142571));
#2602 = CARTESIAN_POINT('',(-6.073893413629,-41.4309025443));
#2603 = CARTESIAN_POINT('',(-6.143270789865,-41.46517828315));
#2604 = CARTESIAN_POINT('',(-6.2244829244,-41.48362692399));
#2605 = CARTESIAN_POINT('',(-6.236224700307,-41.48576517156));
#2606 = CARTESIAN_POINT('',(-6.247965494243,-41.48737092961));
#2607 = CARTESIAN_POINT('',(-6.259705649938,-41.48844213012));
#2608 = CARTESIAN_POINT('',(-6.271445488255,-41.48897773472));
#2609 = CARTESIAN_POINT('',(-6.28318530718,-41.48897773472));
#2610 = ( GEOMETRIC_REPRESENTATION_CONTEXT(2) 
PARAMETRIC_REPRESENTATION_CONTEXT() REPRESENTATION_CONTEXT('2D SPACE',''
  ) );
#2611 = PCURVE('',#2096,#2612);
#2612 = DEFINITIONAL_REPRESENTATION('',(#2613),#2784);
#2613 = B_SPLINE_CURVE_WITH_KNOTS('',9,(#2614,#2615,#2616,#2617,#2618,
    #2619,#2620,#2621,#2622,#2623,#2624,#2625,#2626,#2627,#2628,#2629,
    #2630,#2631,#2632,#2633,#2634,#2635,#2636,#2637,#2638,#2639,#2640,
    #2641,#2642,#2643,#2644,#2645,#2646,#2647,#2648,#2649,#2650,#2651,
    #2652,#2653,#2654,#2655,#2656,#2657,#2658,#2659,#2660,#2661,#2662,
    #2663,#2664,#2665,#2666,#2667,#2668,#2669,#2670,#2671,#2672,#2673,
    #2674,#2675,#2676,#2677,#2678,#2679,#2680,#2681,#2682,#2683,#2684,
    #2685,#2686,#2687,#2688,#2689,#2690,#2691,#2692,#2693,#2694,#2695,
    #2696,#2697,#2698,#2699,#2700,#2701,#2702,#2703,#2704,#2705,#2706,
    #2707,#2708,#2709,#2710,#2711,#2712,#2713,#2714,#2715,#2716,#2717,
    #2718,#2719,#2720,#2721,#2722,#2723,#2724,#2725,#2726,#2727,#2728,
    #2729,#2730,#2731,#2732,#2733,#2734,#2735,#2736,#2737,#2738,#2739,
    #2740,#2741,#2742,#2743,#2744,#2745,#2746,#2747,#2748,#2749,#2750,
    #2751,#2752,#2753,#2754,#2755,#2756,#2757,#2758,#2759,#2760,#2761,
    #2762,#2763,#2764,#2765,#2766,#2767,#2768,#2769,#2770,#2771,#2772,
    #2773,#2774,#2775,#2776,#2777,#2778,#2779,#2780,#2781,#2782,#2783),
  .UNSPECIFIED.,.F.,.F.,(10,8,8,8,8,8,8,8,8,8,8,8,8,8,8,8,8,8,8,8,8,10),
  (4.094210917875E-08,0.125000035824,0.152343784704,0.178833041432,
    0.230155976342,0.326386479299,0.368487324343,0.388222095457,
    0.426458214491,0.462304576085,0.529516504074,0.55892172257,
    0.586489114909,0.612333545227,0.660791852074,0.745593889055,
    0.809195416791,0.833045989692,0.916522994846,0.958261497423,
    0.979130748712,1.),.UNSPECIFIED.);
#2614 = CARTESIAN_POINT('',(3.14159265359,91.488977734725));
#2615 = CARTESIAN_POINT('',(3.180362067409,91.488977734725));
#2616 = CARTESIAN_POINT('',(3.219084069403,91.483501698705));
#2617 = CARTESIAN_POINT('',(3.257787639649,91.472572552078));
#2618 = CARTESIAN_POINT('',(3.296500649522,91.45627297193));
#2619 = CARTESIAN_POINT('',(3.335249721815,91.434745238629));
#2620 = CARTESIAN_POINT('',(3.374060107239,91.408190037961));
#2621 = CARTESIAN_POINT('',(3.41295557728,91.376864213791));
#2622 = CARTESIAN_POINT('',(3.451958333446,91.34107747124));
#2623 = CARTESIAN_POINT('',(3.499648751488,91.292462215199));
#2624 = CARTESIAN_POINT('',(3.508214687482,91.283540079547));
#2625 = CARTESIAN_POINT('',(3.516786955908,91.274425372943));
#2626 = CARTESIAN_POINT('',(3.525365767998,91.265121956237));
#2627 = CARTESIAN_POINT('',(3.533951331085,91.255633799204));
#2628 = CARTESIAN_POINT('',(3.542543848537,91.245964978143));
#2629 = CARTESIAN_POINT('',(3.551143519683,91.236119673465));
#2630 = CARTESIAN_POINT('',(3.559750539747,91.22610216729));
#2631 = CARTESIAN_POINT('',(3.576710454811,91.206049806227));
#2632 = CARTESIAN_POINT('',(3.585062959188,91.196025175741));
#2633 = CARTESIAN_POINT('',(3.593421940837,91.185848074732));
#2634 = CARTESIAN_POINT('',(3.601791898545,91.175516784657));
#2635 = CARTESIAN_POINT('',(3.610160021795,91.16505268123));
#2636 = CARTESIAN_POINT('',(3.618551588428,91.154426898342));
#2637 = CARTESIAN_POINT('',(3.626934652719,91.143685801886));
#2638 = CARTESIAN_POINT('',(3.635334620786,91.132800958489));
#2639 = CARTESIAN_POINT('',(3.660040234212,91.100442153244));
#2640 = CARTESIAN_POINT('',(3.676377452179,91.078604077894));
#2641 = CARTESIAN_POINT('',(3.69276087759,91.056298470764));
#2642 = CARTESIAN_POINT('',(3.709194644455,91.033553643507));
#2643 = CARTESIAN_POINT('',(3.725682868405,91.010398736486));
#2644 = CARTESIAN_POINT('',(3.74222967561,90.986863737657));
#2645 = CARTESIAN_POINT('',(3.758839231704,90.962979501446));
#2646 = CARTESIAN_POINT('',(3.775515770704,90.938777767625));
#2647 = CARTESIAN_POINT('',(3.823665848739,90.868378828765));
#2648 = CARTESIAN_POINT('',(3.855318982264,90.821464712077));
#2649 = CARTESIAN_POINT('',(3.887247552985,90.773770301758));
#2650 = CARTESIAN_POINT('',(3.919505120453,90.725485921779));
#2651 = CARTESIAN_POINT('',(3.952113207238,90.676865017139));
#2652 = CARTESIAN_POINT('',(3.985104097748,90.628162054345));
#2653 = CARTESIAN_POINT('',(4.018529844405,90.579622719109));
#2654 = CARTESIAN_POINT('',(4.052423893585,90.531545825184));
#2655 = CARTESIAN_POINT('',(4.101876656343,90.463553903173));
#2656 = CARTESIAN_POINT('',(4.117024738994,90.443009633026));
#2657 = CARTESIAN_POINT('',(4.132271667093,90.422642883238));
#2658 = CARTESIAN_POINT('',(4.147629388444,90.402469749621));
#2659 = CARTESIAN_POINT('',(4.163092262186,90.382530815776));
#2660 = CARTESIAN_POINT('',(4.178660980563,90.362858960216));
#2661 = CARTESIAN_POINT('',(4.194345141926,90.343476017759));
#2662 = CARTESIAN_POINT('',(4.210141408273,90.324422182878));
#2663 = CARTESIAN_POINT('',(4.23351349342,90.29696494649));
#2664 = CARTESIAN_POINT('',(4.240998033371,90.288281298667));
#2665 = CARTESIAN_POINT('',(4.248509177525,90.279679345635));
#2666 = CARTESIAN_POINT('',(4.256045519326,90.271164286873));
#2667 = CARTESIAN_POINT('',(4.26360785748,90.262739061611));
#2668 = CARTESIAN_POINT('',(4.271197853991,90.254405750173));
#2669 = CARTESIAN_POINT('',(4.278815149791,90.246168584968));
#2670 = CARTESIAN_POINT('',(4.286457589653,90.238033714561));
#2671 = CARTESIAN_POINT('',(4.308992968873,90.214437216687));
#2672 = CARTESIAN_POINT('',(4.32396650234,90.199256341318));
#2673 = CARTESIAN_POINT('',(4.339046586103,90.184491069085));
#2674 = CARTESIAN_POINT('',(4.354230229007,90.170173682282));
#2675 = CARTESIAN_POINT('',(4.369514656858,90.156335835266));
#2676 = CARTESIAN_POINT('',(4.384897298124,90.143008475209));
#2677 = CARTESIAN_POINT('',(4.40037576964,90.130221762837));
#2678 = CARTESIAN_POINT('',(4.415947862314,90.118004993183));
#2679 = CARTESIAN_POINT('',(4.446296212308,90.095494194268));
#2680 = CARTESIAN_POINT('',(4.461061866819,90.085127442901));
#2681 = CARTESIAN_POINT('',(4.475902801627,90.07531191688));
#2682 = CARTESIAN_POINT('',(4.490831564472,90.066061860416));
#2683 = CARTESIAN_POINT('',(4.505820198552,90.057415954769));
#2684 = CARTESIAN_POINT('',(4.520891802742,90.049376694951));
#2685 = CARTESIAN_POINT('',(4.53604565975,90.041970998049));
#2686 = CARTESIAN_POINT('',(4.551258025616,90.035225371101));
#2687 = CARTESIAN_POINT('',(4.595155879459,90.017775388383));
#2688 = CARTESIAN_POINT('',(4.623980626526,90.008772987666));
#2689 = CARTESIAN_POINT('',(4.652948623441,90.002270181054));
#2690 = CARTESIAN_POINT('',(4.68200973079,89.998353863932));
#2691 = CARTESIAN_POINT('',(4.711115302479,89.997074683371));
#2692 = CARTESIAN_POINT('',(4.740217358757,89.998446168726));
#2693 = CARTESIAN_POINT('',(4.769267761633,90.002444565214));
#2694 = CARTESIAN_POINT('',(4.798217392669,90.009009370484));
#2695 = CARTESIAN_POINT('',(4.839614432148,90.021997475786));
#2696 = CARTESIAN_POINT('',(4.852184494569,90.02642319533));
#2697 = CARTESIAN_POINT('',(4.864721534087,90.031314054295));
#2698 = CARTESIAN_POINT('',(4.877219394883,90.036659143665));
#2699 = CARTESIAN_POINT('',(4.88967832235,90.042451077846));
#2700 = CARTESIAN_POINT('',(4.902089708989,90.0486756928));
#2701 = CARTESIAN_POINT('',(4.914443846968,90.055316236359));
#2702 = CARTESIAN_POINT('',(4.926750497129,90.062366899755));
#2703 = CARTESIAN_POINT('',(4.95049371765,90.076795347246));
#2704 = CARTESIAN_POINT('',(4.961937065741,90.084125380053));
#2705 = CARTESIAN_POINT('',(4.973334506379,90.091794178129));
#2706 = CARTESIAN_POINT('',(4.984685402175,90.099791692836));
#2707 = CARTESIAN_POINT('',(4.995989076496,90.108107602895));
#2708 = CARTESIAN_POINT('',(5.007244811158,90.116731329696));
#2709 = CARTESIAN_POINT('',(5.018451844128,90.125652052608));
#2710 = CARTESIAN_POINT('',(5.029609367212,90.134858724287));
#2711 = CARTESIAN_POINT('',(5.051129483005,90.153228862586));
#2712 = CARTESIAN_POINT('',(5.061498174726,90.162359065961));
#2713 = CARTESIAN_POINT('',(5.071821892835,90.171721419194));
#2714 = CARTESIAN_POINT('',(5.082099893706,90.181306482063));
#2715 = CARTESIAN_POINT('',(5.092331394198,90.19110466213));
#2716 = CARTESIAN_POINT('',(5.102515569686,90.201106225828));
#2717 = CARTESIAN_POINT('',(5.112651552089,90.21130130955));
#2718 = CARTESIAN_POINT('',(5.122738427908,90.221679930735));
#2719 = CARTESIAN_POINT('',(5.151594251894,90.252017126869));
#2720 = CARTESIAN_POINT('',(5.170246712574,90.272421961307));
#2721 = CARTESIAN_POINT('',(5.188740720575,90.293396809416));
#2722 = CARTESIAN_POINT('',(5.207077243943,90.314885966616));
#2723 = CARTESIAN_POINT('',(5.225259413656,90.336837507818));
#2724 = CARTESIAN_POINT('',(5.243292584782,90.359203365759));
#2725 = CARTESIAN_POINT('',(5.261180802992,90.381935631727));
#2726 = CARTESIAN_POINT('',(5.278925317738,90.404985013923));
#2727 = CARTESIAN_POINT('',(5.32734034852,90.469121544643));
#2728 = CARTESIAN_POINT('',(5.35772107843,90.510768018488));
#2729 = CARTESIAN_POINT('',(5.387710410585,90.55302824825));
#2730 = CARTESIAN_POINT('',(5.417335051432,90.59569077054));
#2731 = CARTESIAN_POINT('',(5.446600495256,90.638522633351));
#2732 = CARTESIAN_POINT('',(5.475575768534,90.681404436473));
#2733 = CARTESIAN_POINT('',(5.504237035788,90.724088282848));
#2734 = CARTESIAN_POINT('',(5.532645994821,90.766466279436));
#2735 = CARTESIAN_POINT('',(5.581944630239,90.839794469623));
#2736 = CARTESIAN_POINT('',(5.602938763891,90.870953287477));
#2737 = CARTESIAN_POINT('',(5.623807885892,90.901777150497));
#2738 = CARTESIAN_POINT('',(5.644560689953,90.932201358342));
#2739 = CARTESIAN_POINT('',(5.665205747721,90.962163729338));
#2740 = CARTESIAN_POINT('',(5.68575153431,90.991604414012));
#2741 = CARTESIAN_POINT('',(5.706206453835,91.020465708626));
#2742 = CARTESIAN_POINT('',(5.726578864935,91.048691868724));
#2743 = CARTESIAN_POINT('',(5.754488946826,91.086555317885));
#2744 = CARTESIAN_POINT('',(5.762090595234,91.09678511485));
#2745 = CARTESIAN_POINT('',(5.769680893272,91.106913405044));
#2746 = CARTESIAN_POINT('',(5.777264503013,91.116942842329));
#2747 = CARTESIAN_POINT('',(5.784837073764,91.126864422236));
#2748 = CARTESIAN_POINT('',(5.792398951205,91.136675329753));
#2749 = CARTESIAN_POINT('',(5.799955958336,91.146379849287));
#2750 = CARTESIAN_POINT('',(5.807505821744,91.155971629552));
#2751 = CARTESIAN_POINT('',(5.841449496917,91.198614825423));
#2752 = CARTESIAN_POINT('',(5.86776715086,91.23036745556));
#2753 = CARTESIAN_POINT('',(5.894008280329,91.260575219384));
#2754 = CARTESIAN_POINT('',(5.920179667983,91.289115497659));
#2755 = CARTESIAN_POINT('',(5.946288407627,91.315874102064));
#2756 = CARTESIAN_POINT('',(5.972341890529,91.340745759026));
#2757 = CARTESIAN_POINT('',(5.998347791734,91.363634593546));
#2758 = CARTESIAN_POINT('',(6.02431405638,91.38445461303));
#2759 = CARTESIAN_POINT('',(6.063216300825,91.412467980152));
#2760 = CARTESIAN_POINT('',(6.076175858709,91.421269651338));
#2761 = CARTESIAN_POINT('',(6.089128587648,91.429525738698));
#2762 = CARTESIAN_POINT('',(6.102075533149,91.437227417845));
#2763 = CARTESIAN_POINT('',(6.115017759088,91.44436651522));
#2764 = CARTESIAN_POINT('',(6.127956348549,91.45093551733));
#2765 = CARTESIAN_POINT('',(6.140892404666,91.456927579996));
#2766 = CARTESIAN_POINT('',(6.15382705147,91.462336537593));
#2767 = CARTESIAN_POINT('',(6.173228626353,91.469567099644));
#2768 = CARTESIAN_POINT('',(6.179695916739,91.471830183789));
#2769 = CARTESIAN_POINT('',(6.186162937483,91.473945342112));
#2770 = CARTESIAN_POINT('',(6.192630106825,91.47591201857));
#2771 = CARTESIAN_POINT('',(6.199097949595,91.477729711016));
#2772 = CARTESIAN_POINT('',(6.205566678177,91.479397857473));
#2773 = CARTESIAN_POINT('',(6.212036034502,91.480915821366));
#2774 = CARTESIAN_POINT('',(6.218505393056,91.482282975707));
#2775 = CARTESIAN_POINT('',(6.23144285678,91.484714796779));
#2776 = CARTESIAN_POINT('',(6.237911276212,91.485779522811));
#2777 = CARTESIAN_POINT('',(6.244379430882,91.486692720217));
#2778 = CARTESIAN_POINT('',(6.250847367171,91.487454102034));
#2779 = CARTESIAN_POINT('',(6.257315130181,91.488063438458));
#2780 = CARTESIAN_POINT('',(6.263782763744,91.488520556845));
#2781 = CARTESIAN_POINT('',(6.27025031043,91.48882534171));
#2782 = CARTESIAN_POINT('',(6.276717811552,91.488977734726));
#2783 = CARTESIAN_POINT('',(6.28318530718,91.488977734726));
#2784 = ( GEOMETRIC_REPRESENTATION_CONTEXT(2) 
PARAMETRIC_REPRESENTATION_CONTEXT() REPRESENTATION_CONTEXT('2D SPACE',''
  ) );
#2785 = ORIENTED_EDGE('',*,*,#2057,.F.);
#2786 = FACE_BOUND('',#2787,.T.);
#2787 = EDGE_LOOP('',(#2788,#2817,#2841,#2863));
#2788 = ORIENTED_EDGE('',*,*,#2789,.F.);
#2789 = EDGE_CURVE('',#2790,#2792,#2794,.T.);
#2790 = VERTEX_POINT('',#2791);
#2791 = CARTESIAN_POINT('',(1.182777323308E+03,113.42216549332,
    385.70232347922));
#2792 = VERTEX_POINT('',#2793);
#2793 = CARTESIAN_POINT('',(1.184166508729E+03,105.54370346922,
    385.70232347926));
#2794 = SURFACE_CURVE('',#2795,(#2799,#2805),.PCURVE_S1.);
#2795 = LINE('',#2796,#2797);
#2796 = CARTESIAN_POINT('',(1.189087208253E+03,77.63702972121,
    385.70232347922));
#2797 = VECTOR('',#2798,1.);
#2798 = DIRECTION('',(0.173648177667,-0.984807753012,-0.));
#2799 = PCURVE('',#885,#2800);
#2800 = DEFINITIONAL_REPRESENTATION('',(#2801),#2804);
#2801 = B_SPLINE_CURVE_WITH_KNOTS('',1,(#2802,#2803),.UNSPECIFIED.,.F.,
  .F.,(2,2),(-37.13717917295,-27.53717917295),.PIECEWISE_BEZIER_KNOTS.);
#2802 = CARTESIAN_POINT('',(-4.577518522081,-37.13717917295));
#2803 = CARTESIAN_POINT('',(-4.577518522081,-27.53717917295));
#2804 = ( GEOMETRIC_REPRESENTATION_CONTEXT(2) 
PARAMETRIC_REPRESENTATION_CONTEXT() REPRESENTATION_CONTEXT('2D SPACE',''
  ) );
#2805 = PCURVE('',#2806,#2811);
#2806 = CYLINDRICAL_SURFACE('',#2807,5.25);
#2807 = AXIS2_PLACEMENT_3D('',#2808,#2809,#2810);
#2808 = CARTESIAN_POINT('',(1.198464817767E+03,28.519224698779,380.5));
#2809 = DIRECTION('',(-0.173648177667,0.984807753012,0.));
#2810 = DIRECTION('',(0.984807753012,0.173648177667,0.));
#2811 = DEFINITIONAL_REPRESENTATION('',(#2812),#2816);
#2812 = LINE('',#2813,#2814);
#2813 = CARTESIAN_POINT('',(4.577518522081,50.));
#2814 = VECTOR('',#2815,1.);
#2815 = DIRECTION('',(0.,-1.));
#2816 = ( GEOMETRIC_REPRESENTATION_CONTEXT(2) 
PARAMETRIC_REPRESENTATION_CONTEXT() REPRESENTATION_CONTEXT('2D SPACE',''
  ) );
#2817 = ORIENTED_EDGE('',*,*,#2818,.T.);
#2818 = EDGE_CURVE('',#2790,#2819,#2821,.T.);
#2819 = VERTEX_POINT('',#2820);
#2820 = CARTESIAN_POINT('',(1.184167724569E+03,113.66733074968,
    375.29767652077));
#2821 = SURFACE_CURVE('',#2822,(#2827,#2834),.PCURVE_S1.);
#2822 = CIRCLE('',#2823,5.25);
#2823 = AXIS2_PLACEMENT_3D('',#2824,#2825,#2826);
#2824 = CARTESIAN_POINT('',(1.183472523938E+03,113.5447481215,380.5));
#2825 = DIRECTION('',(0.173648177667,-0.984807753012,-0.));
#2826 = DIRECTION('',(0.984807753012,0.173648177667,0.));
#2827 = PCURVE('',#885,#2828);
#2828 = DEFINITIONAL_REPRESENTATION('',(#2829),#2833);
#2829 = LINE('',#2830,#2831);
#2830 = CARTESIAN_POINT('',(-6.28318530718,-36.33717917295));
#2831 = VECTOR('',#2832,1.);
#2832 = DIRECTION('',(1.,-0.));
#2833 = ( GEOMETRIC_REPRESENTATION_CONTEXT(2) 
PARAMETRIC_REPRESENTATION_CONTEXT() REPRESENTATION_CONTEXT('2D SPACE',''
  ) );
#2834 = PCURVE('',#2806,#2835);
#2835 = DEFINITIONAL_REPRESENTATION('',(#2836),#2840);
#2836 = LINE('',#2837,#2838);
#2837 = CARTESIAN_POINT('',(6.28318530718,86.337179172953));
#2838 = VECTOR('',#2839,1.);
#2839 = DIRECTION('',(-1.,0.));
#2840 = ( GEOMETRIC_REPRESENTATION_CONTEXT(2) 
PARAMETRIC_REPRESENTATION_CONTEXT() REPRESENTATION_CONTEXT('2D SPACE',''
  ) );
#2841 = ORIENTED_EDGE('',*,*,#2842,.T.);
#2842 = EDGE_CURVE('',#2819,#2843,#2845,.T.);
#2843 = VERTEX_POINT('',#2844);
#2844 = CARTESIAN_POINT('',(1.18555690999E+03,105.78886872559,
    375.29767652073));
#2845 = SURFACE_CURVE('',#2846,(#2850,#2856),.PCURVE_S1.);
#2846 = LINE('',#2847,#2848);
#2847 = CARTESIAN_POINT('',(1.190477609514E+03,77.882194977569,
    375.29767652077));
#2848 = VECTOR('',#2849,1.);
#2849 = DIRECTION('',(0.173648177667,-0.984807753012,-0.));
#2850 = PCURVE('',#885,#2851);
#2851 = DEFINITIONAL_REPRESENTATION('',(#2852),#2855);
#2852 = B_SPLINE_CURVE_WITH_KNOTS('',1,(#2853,#2854),.UNSPECIFIED.,.F.,
  .F.,(2,2),(-37.13717917295,-27.53717917295),.PIECEWISE_BEZIER_KNOTS.);
#2853 = CARTESIAN_POINT('',(-1.435925868491,-37.13717917295));
#2854 = CARTESIAN_POINT('',(-1.435925868491,-27.53717917295));
#2855 = ( GEOMETRIC_REPRESENTATION_CONTEXT(2) 
PARAMETRIC_REPRESENTATION_CONTEXT() REPRESENTATION_CONTEXT('2D SPACE',''
  ) );
#2856 = PCURVE('',#2806,#2857);
#2857 = DEFINITIONAL_REPRESENTATION('',(#2858),#2862);
#2858 = LINE('',#2859,#2860);
#2859 = CARTESIAN_POINT('',(1.435925868491,50.));
#2860 = VECTOR('',#2861,1.);
#2861 = DIRECTION('',(0.,-1.));
#2862 = ( GEOMETRIC_REPRESENTATION_CONTEXT(2) 
PARAMETRIC_REPRESENTATION_CONTEXT() REPRESENTATION_CONTEXT('2D SPACE',''
  ) );
#2863 = ORIENTED_EDGE('',*,*,#2864,.F.);
#2864 = EDGE_CURVE('',#2792,#2843,#2865,.T.);
#2865 = SURFACE_CURVE('',#2866,(#2871,#2878),.PCURVE_S1.);
#2866 = CIRCLE('',#2867,5.25);
#2867 = AXIS2_PLACEMENT_3D('',#2868,#2869,#2870);
#2868 = CARTESIAN_POINT('',(1.18486170936E+03,105.66628609741,380.5));
#2869 = DIRECTION('',(0.173648177667,-0.984807753012,-0.));
#2870 = DIRECTION('',(0.984807753012,0.173648177667,0.));
#2871 = PCURVE('',#885,#2872);
#2872 = DEFINITIONAL_REPRESENTATION('',(#2873),#2877);
#2873 = LINE('',#2874,#2875);
#2874 = CARTESIAN_POINT('',(-6.28318530718,-28.33717917295));
#2875 = VECTOR('',#2876,1.);
#2876 = DIRECTION('',(1.,-0.));
#2877 = ( GEOMETRIC_REPRESENTATION_CONTEXT(2) 
PARAMETRIC_REPRESENTATION_CONTEXT() REPRESENTATION_CONTEXT('2D SPACE',''
  ) );
#2878 = PCURVE('',#2806,#2879);
#2879 = DEFINITIONAL_REPRESENTATION('',(#2880),#2884);
#2880 = LINE('',#2881,#2882);
#2881 = CARTESIAN_POINT('',(6.28318530718,78.337179172953));
#2882 = VECTOR('',#2883,1.);
#2883 = DIRECTION('',(-1.,0.));
#2884 = ( GEOMETRIC_REPRESENTATION_CONTEXT(2) 
PARAMETRIC_REPRESENTATION_CONTEXT() REPRESENTATION_CONTEXT('2D SPACE',''
  ) );
#2885 = ADVANCED_FACE('',(#2886),#970,.F.);
#2886 = FACE_BOUND('',#2887,.F.);
#2887 = EDGE_LOOP('',(#2888,#2889,#2910,#2911));
#2888 = ORIENTED_EDGE('',*,*,#2030,.T.);
#2889 = ORIENTED_EDGE('',*,*,#2890,.T.);
#2890 = EDGE_CURVE('',#2008,#1040,#2891,.T.);
#2891 = SURFACE_CURVE('',#2892,(#2896,#2903),.PCURVE_S1.);
#2892 = LINE('',#2893,#2894);
#2893 = CARTESIAN_POINT('',(1.20322242107E+03,82.160302342751,399.5));
#2894 = VECTOR('',#2895,1.);
#2895 = DIRECTION('',(-0.173648177667,0.984807753012,0.));
#2896 = PCURVE('',#970,#2897);
#2897 = DEFINITIONAL_REPRESENTATION('',(#2898),#2902);
#2898 = LINE('',#2899,#2900);
#2899 = CARTESIAN_POINT('',(0.,-6.));
#2900 = VECTOR('',#2901,1.);
#2901 = DIRECTION('',(1.,0.));
#2902 = ( GEOMETRIC_REPRESENTATION_CONTEXT(2) 
PARAMETRIC_REPRESENTATION_CONTEXT() REPRESENTATION_CONTEXT('2D SPACE',''
  ) );
#2903 = PCURVE('',#1078,#2904);
#2904 = DEFINITIONAL_REPRESENTATION('',(#2905),#2909);
#2905 = LINE('',#2906,#2907);
#2906 = CARTESIAN_POINT('',(20.559587471181,-35.97642788013));
#2907 = VECTOR('',#2908,1.);
#2908 = DIRECTION('',(-0.173648177667,0.984807753012));
#2909 = ( GEOMETRIC_REPRESENTATION_CONTEXT(2) 
PARAMETRIC_REPRESENTATION_CONTEXT() REPRESENTATION_CONTEXT('2D SPACE',''
  ) );
#2910 = ORIENTED_EDGE('',*,*,#1039,.F.);
#2911 = ORIENTED_EDGE('',*,*,#954,.F.);
#2912 = ADVANCED_FACE('',(#2913),#1106,.F.);
#2913 = FACE_BOUND('',#2914,.F.);
#2914 = EDGE_LOOP('',(#2915,#2916,#2917,#2938,#2939,#2940,#2941,#2960));
#2915 = ORIENTED_EDGE('',*,*,#1143,.F.);
#2916 = ORIENTED_EDGE('',*,*,#1090,.T.);
#2917 = ORIENTED_EDGE('',*,*,#2918,.T.);
#2918 = EDGE_CURVE('',#1063,#1985,#2919,.T.);
#2919 = SURFACE_CURVE('',#2920,(#2924,#2931),.PCURVE_S1.);
#2920 = LINE('',#2921,#2922);
#2921 = CARTESIAN_POINT('',(1.162103246128E+03,154.11315810302,399.5));
#2922 = VECTOR('',#2923,1.);
#2923 = DIRECTION('',(0.173648177667,-0.984807753012,0.));
#2924 = PCURVE('',#1106,#2925);
#2925 = DEFINITIONAL_REPRESENTATION('',(#2926),#2930);
#2926 = LINE('',#2927,#2928);
#2927 = CARTESIAN_POINT('',(0.,-6.));
#2928 = VECTOR('',#2929,1.);
#2929 = DIRECTION('',(1.,0.));
#2930 = ( GEOMETRIC_REPRESENTATION_CONTEXT(2) 
PARAMETRIC_REPRESENTATION_CONTEXT() REPRESENTATION_CONTEXT('2D SPACE',''
  ) );
#2931 = PCURVE('',#1078,#2932);
#2932 = DEFINITIONAL_REPRESENTATION('',(#2933),#2937);
#2933 = LINE('',#2934,#2935);
#2934 = CARTESIAN_POINT('',(-20.55958747118,35.976427880139));
#2935 = VECTOR('',#2936,1.);
#2936 = DIRECTION('',(0.173648177667,-0.984807753012));
#2937 = ( GEOMETRIC_REPRESENTATION_CONTEXT(2) 
PARAMETRIC_REPRESENTATION_CONTEXT() REPRESENTATION_CONTEXT('2D SPACE',''
  ) );
#2938 = ORIENTED_EDGE('',*,*,#1984,.F.);
#2939 = ORIENTED_EDGE('',*,*,#1934,.F.);
#2940 = ORIENTED_EDGE('',*,*,#1629,.T.);
#2941 = ORIENTED_EDGE('',*,*,#2942,.F.);
#2942 = EDGE_CURVE('',#1219,#1632,#2943,.T.);
#2943 = SURFACE_CURVE('',#2944,(#2948,#2954),.PCURVE_S1.);
#2944 = LINE('',#2945,#2946);
#2945 = CARTESIAN_POINT('',(1.165894230762E+03,132.6134158686,
    395.45762193379));
#2946 = VECTOR('',#2947,1.);
#2947 = DIRECTION('',(0.173648177667,-0.984807753012,-2.881660531635E-16
    ));
#2948 = PCURVE('',#1106,#2949);
#2949 = DEFINITIONAL_REPRESENTATION('',(#2950),#2953);
#2950 = B_SPLINE_CURVE_WITH_KNOTS('',1,(#2951,#2952),.UNSPECIFIED.,.F.,
  .F.,(2,2),(21.831410413524,29.831410413524),.PIECEWISE_BEZIER_KNOTS.);
#2951 = CARTESIAN_POINT('',(43.662820827047,-1.957621933797));
#2952 = CARTESIAN_POINT('',(51.662820827047,-1.957621933797));
#2953 = ( GEOMETRIC_REPRESENTATION_CONTEXT(2) 
PARAMETRIC_REPRESENTATION_CONTEXT() REPRESENTATION_CONTEXT('2D SPACE',''
  ) );
#2954 = PCURVE('',#1255,#2955);
#2955 = DEFINITIONAL_REPRESENTATION('',(#2956),#2959);
#2956 = B_SPLINE_CURVE_WITH_KNOTS('',1,(#2957,#2958),.UNSPECIFIED.,.F.,
  .F.,(2,2),(21.831410413524,29.831410413524),.PIECEWISE_BEZIER_KNOTS.);
#2957 = CARTESIAN_POINT('',(11.865317954885,3.552713678801E-15));
#2958 = CARTESIAN_POINT('',(11.865317954885,-8.));
#2959 = ( GEOMETRIC_REPRESENTATION_CONTEXT(2) 
PARAMETRIC_REPRESENTATION_CONTEXT() REPRESENTATION_CONTEXT('2D SPACE',''
  ) );
#2960 = ORIENTED_EDGE('',*,*,#1218,.F.);
#2961 = ADVANCED_FACE('',(#2962,#2968),#1078,.T.);
#2962 = FACE_BOUND('',#2963,.T.);
#2963 = EDGE_LOOP('',(#2964,#2965,#2966,#2967));
#2964 = ORIENTED_EDGE('',*,*,#2007,.T.);
#2965 = ORIENTED_EDGE('',*,*,#2890,.T.);
#2966 = ORIENTED_EDGE('',*,*,#1062,.T.);
#2967 = ORIENTED_EDGE('',*,*,#2918,.T.);
#2968 = FACE_BOUND('',#2969,.T.);
#2969 = EDGE_LOOP('',(#2970));
#2970 = ORIENTED_EDGE('',*,*,#2971,.F.);
#2971 = EDGE_CURVE('',#2972,#2972,#2974,.T.);
#2972 = VERTEX_POINT('',#2973);
#2973 = CARTESIAN_POINT('',(1.1911E+03,127.,399.5));
#2974 = SURFACE_CURVE('',#2975,(#2980,#2987),.PCURVE_S1.);
#2975 = CIRCLE('',#2976,10.);
#2976 = AXIS2_PLACEMENT_3D('',#2977,#2978,#2979);
#2977 = CARTESIAN_POINT('',(1.1811E+03,127.,399.5));
#2978 = DIRECTION('',(0.,0.,1.));
#2979 = DIRECTION('',(1.,0.,-0.));
#2980 = PCURVE('',#1078,#2981);
#2981 = DEFINITIONAL_REPRESENTATION('',(#2982),#2986);
#2982 = CIRCLE('',#2983,10.);
#2983 = AXIS2_PLACEMENT_2D('',#2984,#2985);
#2984 = CARTESIAN_POINT('',(-1.562833599002,8.86326977711));
#2985 = DIRECTION('',(1.,0.));
#2986 = ( GEOMETRIC_REPRESENTATION_CONTEXT(2) 
PARAMETRIC_REPRESENTATION_CONTEXT() REPRESENTATION_CONTEXT('2D SPACE',''
  ) );
#2987 = PCURVE('',#2988,#2993);
#2988 = CYLINDRICAL_SURFACE('',#2989,10.);
#2989 = AXIS2_PLACEMENT_3D('',#2990,#2991,#2992);
#2990 = CARTESIAN_POINT('',(1.1811E+03,127.,380.5));
#2991 = DIRECTION('',(0.,0.,1.));
#2992 = DIRECTION('',(1.,0.,-0.));
#2993 = DEFINITIONAL_REPRESENTATION('',(#2994),#2998);
#2994 = LINE('',#2995,#2996);
#2995 = CARTESIAN_POINT('',(0.,19.));
#2996 = VECTOR('',#2997,1.);
#2997 = DIRECTION('',(1.,0.));
#2998 = ( GEOMETRIC_REPRESENTATION_CONTEXT(2) 
PARAMETRIC_REPRESENTATION_CONTEXT() REPRESENTATION_CONTEXT('2D SPACE',''
  ) );
#2999 = ADVANCED_FACE('',(#3000),#1255,.F.);
#3000 = FACE_BOUND('',#3001,.F.);
#3001 = EDGE_LOOP('',(#3002,#3003,#3004,#3005));
#3002 = ORIENTED_EDGE('',*,*,#1239,.F.);
#3003 = ORIENTED_EDGE('',*,*,#2942,.T.);
#3004 = ORIENTED_EDGE('',*,*,#1652,.T.);
#3005 = ORIENTED_EDGE('',*,*,#3006,.F.);
#3006 = EDGE_CURVE('',#1240,#1653,#3007,.T.);
#3007 = SURFACE_CURVE('',#3008,(#3012,#3019),.PCURVE_S1.);
#3008 = LINE('',#3009,#3010);
#3009 = CARTESIAN_POINT('',(1.025192407454E+03,85.635693075605,
    371.8101132045));
#3010 = VECTOR('',#3011,1.);
#3011 = DIRECTION('',(0.173648177667,-0.984807753012,0.));
#3012 = PCURVE('',#1255,#3013);
#3013 = DEFINITIONAL_REPRESENTATION('',(#3014),#3018);
#3014 = LINE('',#3015,#3016);
#3015 = CARTESIAN_POINT('',(160.48060555852,3.729901843501E-15));
#3016 = VECTOR('',#3017,1.);
#3017 = DIRECTION('',(5.551115123126E-17,-1.));
#3018 = ( GEOMETRIC_REPRESENTATION_CONTEXT(2) 
PARAMETRIC_REPRESENTATION_CONTEXT() REPRESENTATION_CONTEXT('2D SPACE',''
  ) );
#3019 = PCURVE('',#1283,#3020);
#3020 = DEFINITIONAL_REPRESENTATION('',(#3021),#3025);
#3021 = LINE('',#3022,#3023);
#3022 = CARTESIAN_POINT('',(-0.,0.));
#3023 = VECTOR('',#3024,1.);
#3024 = DIRECTION('',(-3.10862446895E-15,-1.));
#3025 = ( GEOMETRIC_REPRESENTATION_CONTEXT(2) 
PARAMETRIC_REPRESENTATION_CONTEXT() REPRESENTATION_CONTEXT('2D SPACE',''
  ) );
#3026 = ADVANCED_FACE('',(#3027),#1283,.F.);
#3027 = FACE_BOUND('',#3028,.F.);
#3028 = EDGE_LOOP('',(#3029,#3030,#3031,#3052));
#3029 = ORIENTED_EDGE('',*,*,#3006,.T.);
#3030 = ORIENTED_EDGE('',*,*,#1675,.T.);
#3031 = ORIENTED_EDGE('',*,*,#3032,.F.);
#3032 = EDGE_CURVE('',#1268,#1676,#3033,.T.);
#3033 = SURFACE_CURVE('',#3034,(#3038,#3045),.PCURVE_S1.);
#3034 = LINE('',#3035,#3036);
#3035 = CARTESIAN_POINT('',(1.020468631799E+03,84.802763976924,
    370.16060094482));
#3036 = VECTOR('',#3037,1.);
#3037 = DIRECTION('',(0.173648177667,-0.984807753012,0.));
#3038 = PCURVE('',#1283,#3039);
#3039 = DEFINITIONAL_REPRESENTATION('',(#3040),#3044);
#3040 = LINE('',#3041,#3042);
#3041 = CARTESIAN_POINT('',(5.072348372419,-1.16773187742E-16));
#3042 = VECTOR('',#3043,1.);
#3043 = DIRECTION('',(-3.10862446895E-15,-1.));
#3044 = ( GEOMETRIC_REPRESENTATION_CONTEXT(2) 
PARAMETRIC_REPRESENTATION_CONTEXT() REPRESENTATION_CONTEXT('2D SPACE',''
  ) );
#3045 = PCURVE('',#1311,#3046);
#3046 = DEFINITIONAL_REPRESENTATION('',(#3047),#3051);
#3047 = LINE('',#3048,#3049);
#3048 = CARTESIAN_POINT('',(-0.,0.));
#3049 = VECTOR('',#3050,1.);
#3050 = DIRECTION('',(3.282044429037E-15,-1.));
#3051 = ( GEOMETRIC_REPRESENTATION_CONTEXT(2) 
PARAMETRIC_REPRESENTATION_CONTEXT() REPRESENTATION_CONTEXT('2D SPACE',''
  ) );
#3052 = ORIENTED_EDGE('',*,*,#1267,.F.);
#3053 = ADVANCED_FACE('',(#3054),#1311,.F.);
#3054 = FACE_BOUND('',#3055,.F.);
#3055 = EDGE_LOOP('',(#3056,#3057,#3058,#3079));
#3056 = ORIENTED_EDGE('',*,*,#3032,.T.);
#3057 = ORIENTED_EDGE('',*,*,#1698,.T.);
#3058 = ORIENTED_EDGE('',*,*,#3059,.F.);
#3059 = EDGE_CURVE('',#1296,#1699,#3060,.T.);
#3060 = SURFACE_CURVE('',#3061,(#3065,#3072),.PCURVE_S1.);
#3061 = LINE('',#3062,#3063);
#3062 = CARTESIAN_POINT('',(1.0167260832E+03,84.142851682242,
    366.80105279725));
#3063 = VECTOR('',#3064,1.);
#3064 = DIRECTION('',(0.173648177667,-0.984807753012,0.));
#3065 = PCURVE('',#1311,#3066);
#3066 = DEFINITIONAL_REPRESENTATION('',(#3067),#3071);
#3067 = LINE('',#3068,#3069);
#3068 = CARTESIAN_POINT('',(5.072348372419,-1.652912387442E-16));
#3069 = VECTOR('',#3070,1.);
#3070 = DIRECTION('',(3.282044429037E-15,-1.));
#3071 = ( GEOMETRIC_REPRESENTATION_CONTEXT(2) 
PARAMETRIC_REPRESENTATION_CONTEXT() REPRESENTATION_CONTEXT('2D SPACE',''
  ) );
#3072 = PCURVE('',#1339,#3073);
#3073 = DEFINITIONAL_REPRESENTATION('',(#3074),#3078);
#3074 = LINE('',#3075,#3076);
#3075 = CARTESIAN_POINT('',(-0.,0.));
#3076 = VECTOR('',#3077,1.);
#3077 = DIRECTION('',(-2.598081557153E-15,-1.));
#3078 = ( GEOMETRIC_REPRESENTATION_CONTEXT(2) 
PARAMETRIC_REPRESENTATION_CONTEXT() REPRESENTATION_CONTEXT('2D SPACE',''
  ) );
#3079 = ORIENTED_EDGE('',*,*,#1295,.F.);
#3080 = ADVANCED_FACE('',(#3081),#1507,.F.);
#3081 = FACE_BOUND('',#3082,.F.);
#3082 = EDGE_LOOP('',(#3083,#3104,#3105,#3106));
#3083 = ORIENTED_EDGE('',*,*,#3084,.T.);
#3084 = EDGE_CURVE('',#1464,#1837,#3085,.T.);
#3085 = SURFACE_CURVE('',#3086,(#3090,#3097),.PCURVE_S1.);
#3086 = LINE('',#3087,#3088);
#3087 = CARTESIAN_POINT('',(1.028635305815E+03,86.242768948493,
    346.04622549787));
#3088 = VECTOR('',#3089,1.);
#3089 = DIRECTION('',(0.173648177667,-0.984807753012,0.));
#3090 = PCURVE('',#1507,#3091);
#3091 = DEFINITIONAL_REPRESENTATION('',(#3092),#3096);
#3092 = LINE('',#3093,#3094);
#3093 = CARTESIAN_POINT('',(0.,0.));
#3094 = VECTOR('',#3095,1.);
#3095 = DIRECTION('',(-8.288835264946E-17,-1.));
#3096 = ( GEOMETRIC_REPRESENTATION_CONTEXT(2) 
PARAMETRIC_REPRESENTATION_CONTEXT() REPRESENTATION_CONTEXT('2D SPACE',''
  ) );
#3097 = PCURVE('',#1479,#3098);
#3098 = DEFINITIONAL_REPRESENTATION('',(#3099),#3103);
#3099 = LINE('',#3100,#3101);
#3100 = CARTESIAN_POINT('',(5.072348372419,1.299440452646E-16));
#3101 = VECTOR('',#3102,1.);
#3102 = DIRECTION('',(9.71445146547E-16,-1.));
#3103 = ( GEOMETRIC_REPRESENTATION_CONTEXT(2) 
PARAMETRIC_REPRESENTATION_CONTEXT() REPRESENTATION_CONTEXT('2D SPACE',''
  ) );
#3104 = ORIENTED_EDGE('',*,*,#1859,.T.);
#3105 = ORIENTED_EDGE('',*,*,#1581,.F.);
#3106 = ORIENTED_EDGE('',*,*,#1491,.F.);
#3107 = ADVANCED_FACE('',(#3108),#1339,.F.);
#3108 = FACE_BOUND('',#3109,.F.);
#3109 = EDGE_LOOP('',(#3110,#3111,#3112,#3133));
#3110 = ORIENTED_EDGE('',*,*,#3059,.T.);
#3111 = ORIENTED_EDGE('',*,*,#1721,.T.);
#3112 = ORIENTED_EDGE('',*,*,#3113,.F.);
#3113 = EDGE_CURVE('',#1324,#1722,#3114,.T.);
#3114 = SURFACE_CURVE('',#3115,(#3119,#3126),.PCURVE_S1.);
#3115 = LINE('',#3116,#3117);
#3116 = CARTESIAN_POINT('',(1.014534530754E+03,83.756421856303,
    362.24292951289));
#3117 = VECTOR('',#3118,1.);
#3118 = DIRECTION('',(0.173648177667,-0.984807753012,0.));
#3119 = PCURVE('',#1339,#3120);
#3120 = DEFINITIONAL_REPRESENTATION('',(#3121),#3125);
#3121 = LINE('',#3122,#3123);
#3122 = CARTESIAN_POINT('',(5.072348372419,-8.774696327509E-17));
#3123 = VECTOR('',#3124,1.);
#3124 = DIRECTION('',(-2.598081557153E-15,-1.));
#3125 = ( GEOMETRIC_REPRESENTATION_CONTEXT(2) 
PARAMETRIC_REPRESENTATION_CONTEXT() REPRESENTATION_CONTEXT('2D SPACE',''
  ) );
#3126 = PCURVE('',#1367,#3127);
#3127 = DEFINITIONAL_REPRESENTATION('',(#3128),#3132);
#3128 = LINE('',#3129,#3130);
#3129 = CARTESIAN_POINT('',(-0.,0.));
#3130 = VECTOR('',#3131,1.);
#3131 = DIRECTION('',(2.452898995031E-15,-1.));
#3132 = ( GEOMETRIC_REPRESENTATION_CONTEXT(2) 
PARAMETRIC_REPRESENTATION_CONTEXT() REPRESENTATION_CONTEXT('2D SPACE',''
  ) );
#3133 = ORIENTED_EDGE('',*,*,#1323,.F.);
#3134 = ADVANCED_FACE('',(#3135),#1479,.F.);
#3135 = FACE_BOUND('',#3136,.F.);
#3136 = EDGE_LOOP('',(#3137,#3158,#3159,#3160));
#3137 = ORIENTED_EDGE('',*,*,#3138,.T.);
#3138 = EDGE_CURVE('',#1436,#1814,#3139,.T.);
#3139 = SURFACE_CURVE('',#3140,(#3144,#3151),.PCURVE_S1.);
#3140 = LINE('',#3141,#3142);
#3141 = CARTESIAN_POINT('',(1.023649455128E+03,85.363628950566,
    346.35787241474));
#3142 = VECTOR('',#3143,1.);
#3143 = DIRECTION('',(0.173648177667,-0.984807753012,0.));
#3144 = PCURVE('',#1479,#3145);
#3145 = DEFINITIONAL_REPRESENTATION('',(#3146),#3150);
#3146 = LINE('',#3147,#3148);
#3147 = CARTESIAN_POINT('',(0.,0.));
#3148 = VECTOR('',#3149,1.);
#3149 = DIRECTION('',(9.71445146547E-16,-1.));
#3150 = ( GEOMETRIC_REPRESENTATION_CONTEXT(2) 
PARAMETRIC_REPRESENTATION_CONTEXT() REPRESENTATION_CONTEXT('2D SPACE',''
  ) );
#3151 = PCURVE('',#1451,#3152);
#3152 = DEFINITIONAL_REPRESENTATION('',(#3153),#3157);
#3153 = LINE('',#3154,#3155);
#3154 = CARTESIAN_POINT('',(5.072348372419,9.029729122068E-17));
#3155 = VECTOR('',#3156,1.);
#3156 = DIRECTION('',(-1.632107685964E-15,-1.));
#3157 = ( GEOMETRIC_REPRESENTATION_CONTEXT(2) 
PARAMETRIC_REPRESENTATION_CONTEXT() REPRESENTATION_CONTEXT('2D SPACE',''
  ) );
#3158 = ORIENTED_EDGE('',*,*,#1836,.T.);
#3159 = ORIENTED_EDGE('',*,*,#3084,.F.);
#3160 = ORIENTED_EDGE('',*,*,#1463,.F.);
#3161 = ADVANCED_FACE('',(#3162),#1367,.F.);
#3162 = FACE_BOUND('',#3163,.F.);
#3163 = EDGE_LOOP('',(#3164,#3165,#3166,#3187));
#3164 = ORIENTED_EDGE('',*,*,#3113,.T.);
#3165 = ORIENTED_EDGE('',*,*,#1744,.T.);
#3166 = ORIENTED_EDGE('',*,*,#3167,.F.);
#3167 = EDGE_CURVE('',#1352,#1745,#3168,.T.);
#3168 = SURFACE_CURVE('',#3169,(#3173,#3180),.PCURVE_S1.);
#3169 = LINE('',#3170,#3171);
#3170 = CARTESIAN_POINT('',(1.014227618454E+03,83.702304937112,
    357.18016404228));
#3171 = VECTOR('',#3172,1.);
#3172 = DIRECTION('',(0.173648177667,-0.984807753012,0.));
#3173 = PCURVE('',#1367,#3174);
#3174 = DEFINITIONAL_REPRESENTATION('',(#3175),#3179);
#3175 = LINE('',#3176,#3177);
#3176 = CARTESIAN_POINT('',(5.072348372419,2.005700992255E-17));
#3177 = VECTOR('',#3178,1.);
#3178 = DIRECTION('',(2.452898995031E-15,-1.));
#3179 = ( GEOMETRIC_REPRESENTATION_CONTEXT(2) 
PARAMETRIC_REPRESENTATION_CONTEXT() REPRESENTATION_CONTEXT('2D SPACE',''
  ) );
#3180 = PCURVE('',#1395,#3181);
#3181 = DEFINITIONAL_REPRESENTATION('',(#3182),#3186);
#3182 = LINE('',#3183,#3184);
#3183 = CARTESIAN_POINT('',(0.,0.));
#3184 = VECTOR('',#3185,1.);
#3185 = DIRECTION('',(8.326672684689E-17,-1.));
#3186 = ( GEOMETRIC_REPRESENTATION_CONTEXT(2) 
PARAMETRIC_REPRESENTATION_CONTEXT() REPRESENTATION_CONTEXT('2D SPACE',''
  ) );
#3187 = ORIENTED_EDGE('',*,*,#1351,.F.);
#3188 = ADVANCED_FACE('',(#3189),#1451,.F.);
#3189 = FACE_BOUND('',#3190,.F.);
#3190 = EDGE_LOOP('',(#3191,#3212,#3213,#3214));
#3191 = ORIENTED_EDGE('',*,*,#3192,.T.);
#3192 = EDGE_CURVE('',#1408,#1791,#3193,.T.);
#3193 = SURFACE_CURVE('',#3194,(#3198,#3205),.PCURVE_S1.);
#3194 = LINE('',#3195,#3196);
#3195 = CARTESIAN_POINT('',(1.019160579978E+03,84.572119148655,
    348.58323309016));
#3196 = VECTOR('',#3197,1.);
#3197 = DIRECTION('',(0.173648177667,-0.984807753012,0.));
#3198 = PCURVE('',#1451,#3199);
#3199 = DEFINITIONAL_REPRESENTATION('',(#3200),#3204);
#3200 = LINE('',#3201,#3202);
#3201 = CARTESIAN_POINT('',(0.,0.));
#3202 = VECTOR('',#3203,1.);
#3203 = DIRECTION('',(-1.632107685964E-15,-1.));
#3204 = ( GEOMETRIC_REPRESENTATION_CONTEXT(2) 
PARAMETRIC_REPRESENTATION_CONTEXT() REPRESENTATION_CONTEXT('2D SPACE',''
  ) );
#3205 = PCURVE('',#1423,#3206);
#3206 = DEFINITIONAL_REPRESENTATION('',(#3207),#3211);
#3207 = LINE('',#3208,#3209);
#3208 = CARTESIAN_POINT('',(5.072348372419,5.812543214322E-17));
#3209 = VECTOR('',#3210,1.);
#3210 = DIRECTION('',(-7.770513422156E-16,-1.));
#3211 = ( GEOMETRIC_REPRESENTATION_CONTEXT(2) 
PARAMETRIC_REPRESENTATION_CONTEXT() REPRESENTATION_CONTEXT('2D SPACE',''
  ) );
#3212 = ORIENTED_EDGE('',*,*,#1813,.T.);
#3213 = ORIENTED_EDGE('',*,*,#3138,.F.);
#3214 = ORIENTED_EDGE('',*,*,#1435,.F.);
#3215 = ADVANCED_FACE('',(#3216),#1395,.F.);
#3216 = FACE_BOUND('',#3217,.F.);
#3217 = EDGE_LOOP('',(#3218,#3219,#3220,#3241));
#3218 = ORIENTED_EDGE('',*,*,#3167,.T.);
#3219 = ORIENTED_EDGE('',*,*,#1767,.T.);
#3220 = ORIENTED_EDGE('',*,*,#3221,.F.);
#3221 = EDGE_CURVE('',#1380,#1768,#3222,.T.);
#3222 = SURFACE_CURVE('',#3223,(#3227,#3234),.PCURVE_S1.);
#3223 = LINE('',#3224,#3225);
#3224 = CARTESIAN_POINT('',(1.015852070916E+03,83.988739735046,
    352.38351653424));
#3225 = VECTOR('',#3226,1.);
#3226 = DIRECTION('',(0.173648177667,-0.984807753012,0.));
#3227 = PCURVE('',#1395,#3228);
#3228 = DEFINITIONAL_REPRESENTATION('',(#3229),#3233);
#3229 = LINE('',#3230,#3231);
#3230 = CARTESIAN_POINT('',(5.072348372419,3.305080229214E-17));
#3231 = VECTOR('',#3232,1.);
#3232 = DIRECTION('',(8.326672684689E-17,-1.));
#3233 = ( GEOMETRIC_REPRESENTATION_CONTEXT(2) 
PARAMETRIC_REPRESENTATION_CONTEXT() REPRESENTATION_CONTEXT('2D SPACE',''
  ) );
#3234 = PCURVE('',#1423,#3235);
#3235 = DEFINITIONAL_REPRESENTATION('',(#3236),#3240);
#3236 = LINE('',#3237,#3238);
#3237 = CARTESIAN_POINT('',(0.,0.));
#3238 = VECTOR('',#3239,1.);
#3239 = DIRECTION('',(-7.770513422156E-16,-1.));
#3240 = ( GEOMETRIC_REPRESENTATION_CONTEXT(2) 
PARAMETRIC_REPRESENTATION_CONTEXT() REPRESENTATION_CONTEXT('2D SPACE',''
  ) );
#3241 = ORIENTED_EDGE('',*,*,#1379,.F.);
#3242 = ADVANCED_FACE('',(#3243),#1423,.F.);
#3243 = FACE_BOUND('',#3244,.F.);
#3244 = EDGE_LOOP('',(#3245,#3246,#3247,#3248));
#3245 = ORIENTED_EDGE('',*,*,#3221,.T.);
#3246 = ORIENTED_EDGE('',*,*,#1790,.T.);
#3247 = ORIENTED_EDGE('',*,*,#3192,.F.);
#3248 = ORIENTED_EDGE('',*,*,#1407,.F.);
#3249 = ADVANCED_FACE('',(#3250),#1565,.F.);
#3250 = FACE_BOUND('',#3251,.F.);
#3251 = EDGE_LOOP('',(#3252,#3253,#3274,#3275));
#3252 = ORIENTED_EDGE('',*,*,#1544,.F.);
#3253 = ORIENTED_EDGE('',*,*,#3254,.F.);
#3254 = EDGE_CURVE('',#1904,#1545,#3255,.T.);
#3255 = SEAM_CURVE('',#3256,(#3260,#3267),.PCURVE_S1.);
#3256 = LINE('',#3257,#3258);
#3257 = CARTESIAN_POINT('',(1.03439860496E+03,67.965888459901,
    358.92816935119));
#3258 = VECTOR('',#3259,1.);
#3259 = DIRECTION('',(-0.173648177667,0.984807753012,0.));
#3260 = PCURVE('',#1565,#3261);
#3261 = DEFINITIONAL_REPRESENTATION('',(#3262),#3266);
#3262 = LINE('',#3263,#3264);
#3263 = CARTESIAN_POINT('',(6.28318530718,-0.));
#3264 = VECTOR('',#3265,1.);
#3265 = DIRECTION('',(0.,1.));
#3266 = ( GEOMETRIC_REPRESENTATION_CONTEXT(2) 
PARAMETRIC_REPRESENTATION_CONTEXT() REPRESENTATION_CONTEXT('2D SPACE',''
  ) );
#3267 = PCURVE('',#1565,#3268);
#3268 = DEFINITIONAL_REPRESENTATION('',(#3269),#3273);
#3269 = LINE('',#3270,#3271);
#3270 = CARTESIAN_POINT('',(0.,-0.));
#3271 = VECTOR('',#3272,1.);
#3272 = DIRECTION('',(0.,1.));
#3273 = ( GEOMETRIC_REPRESENTATION_CONTEXT(2) 
PARAMETRIC_REPRESENTATION_CONTEXT() REPRESENTATION_CONTEXT('2D SPACE',''
  ) );
#3274 = ORIENTED_EDGE('',*,*,#1903,.T.);
#3275 = ORIENTED_EDGE('',*,*,#3254,.T.);
#3276 = ADVANCED_FACE('',(#3277),#2096,.F.);
#3277 = FACE_BOUND('',#3278,.F.);
#3278 = EDGE_LOOP('',(#3279,#3280,#3281,#3282));
#3279 = ORIENTED_EDGE('',*,*,#2080,.T.);
#3280 = ORIENTED_EDGE('',*,*,#2130,.F.);
#3281 = ORIENTED_EDGE('',*,*,#2448,.T.);
#3282 = ORIENTED_EDGE('',*,*,#2470,.T.);
#3283 = ADVANCED_FACE('',(#3284),#2806,.F.);
#3284 = FACE_BOUND('',#3285,.F.);
#3285 = EDGE_LOOP('',(#3286,#3287,#3288,#3289));
#3286 = ORIENTED_EDGE('',*,*,#2789,.F.);
#3287 = ORIENTED_EDGE('',*,*,#2818,.T.);
#3288 = ORIENTED_EDGE('',*,*,#2842,.T.);
#3289 = ORIENTED_EDGE('',*,*,#2864,.F.);
#3290 = ADVANCED_FACE('',(#3291),#2988,.T.);
#3291 = FACE_BOUND('',#3292,.T.);
#3292 = EDGE_LOOP('',(#3293,#3316,#3343,#3344));
#3293 = ORIENTED_EDGE('',*,*,#3294,.T.);
#3294 = EDGE_CURVE('',#2972,#3295,#3297,.T.);
#3295 = VERTEX_POINT('',#3296);
#3296 = CARTESIAN_POINT('',(1.1911E+03,127.,519.9));
#3297 = SEAM_CURVE('',#3298,(#3302,#3309),.PCURVE_S1.);
#3298 = LINE('',#3299,#3300);
#3299 = CARTESIAN_POINT('',(1.1911E+03,127.,380.5));
#3300 = VECTOR('',#3301,1.);
#3301 = DIRECTION('',(0.,0.,1.));
#3302 = PCURVE('',#2988,#3303);
#3303 = DEFINITIONAL_REPRESENTATION('',(#3304),#3308);
#3304 = LINE('',#3305,#3306);
#3305 = CARTESIAN_POINT('',(6.28318530718,-0.));
#3306 = VECTOR('',#3307,1.);
#3307 = DIRECTION('',(0.,1.));
#3308 = ( GEOMETRIC_REPRESENTATION_CONTEXT(2) 
PARAMETRIC_REPRESENTATION_CONTEXT() REPRESENTATION_CONTEXT('2D SPACE',''
  ) );
#3309 = PCURVE('',#2988,#3310);
#3310 = DEFINITIONAL_REPRESENTATION('',(#3311),#3315);
#3311 = LINE('',#3312,#3313);
#3312 = CARTESIAN_POINT('',(0.,-0.));
#3313 = VECTOR('',#3314,1.);
#3314 = DIRECTION('',(0.,1.));
#3315 = ( GEOMETRIC_REPRESENTATION_CONTEXT(2) 
PARAMETRIC_REPRESENTATION_CONTEXT() REPRESENTATION_CONTEXT('2D SPACE',''
  ) );
#3316 = ORIENTED_EDGE('',*,*,#3317,.F.);
#3317 = EDGE_CURVE('',#3295,#3295,#3318,.T.);
#3318 = SURFACE_CURVE('',#3319,(#3324,#3331),.PCURVE_S1.);
#3319 = CIRCLE('',#3320,10.);
#3320 = AXIS2_PLACEMENT_3D('',#3321,#3322,#3323);
#3321 = CARTESIAN_POINT('',(1.1811E+03,127.,519.9));
#3322 = DIRECTION('',(0.,0.,1.));
#3323 = DIRECTION('',(1.,0.,-0.));
#3324 = PCURVE('',#2988,#3325);
#3325 = DEFINITIONAL_REPRESENTATION('',(#3326),#3330);
#3326 = LINE('',#3327,#3328);
#3327 = CARTESIAN_POINT('',(0.,139.4));
#3328 = VECTOR('',#3329,1.);
#3329 = DIRECTION('',(1.,0.));
#3330 = ( GEOMETRIC_REPRESENTATION_CONTEXT(2) 
PARAMETRIC_REPRESENTATION_CONTEXT() REPRESENTATION_CONTEXT('2D SPACE',''
  ) );
#3331 = PCURVE('',#3332,#3337);
#3332 = PLANE('',#3333);
#3333 = AXIS2_PLACEMENT_3D('',#3334,#3335,#3336);
#3334 = CARTESIAN_POINT('',(1.1811E+03,127.,519.9));
#3335 = DIRECTION('',(0.,0.,1.));
#3336 = DIRECTION('',(1.,0.,-0.));
#3337 = DEFINITIONAL_REPRESENTATION('',(#3338),#3342);
#3338 = CIRCLE('',#3339,10.);
#3339 = AXIS2_PLACEMENT_2D('',#3340,#3341);
#3340 = CARTESIAN_POINT('',(0.,0.));
#3341 = DIRECTION('',(1.,0.));
#3342 = ( GEOMETRIC_REPRESENTATION_CONTEXT(2) 
PARAMETRIC_REPRESENTATION_CONTEXT() REPRESENTATION_CONTEXT('2D SPACE',''
  ) );
#3343 = ORIENTED_EDGE('',*,*,#3294,.F.);
#3344 = ORIENTED_EDGE('',*,*,#2971,.T.);
#3345 = ADVANCED_FACE('',(#3346,#3349),#3332,.T.);
#3346 = FACE_BOUND('',#3347,.T.);
#3347 = EDGE_LOOP('',(#3348));
#3348 = ORIENTED_EDGE('',*,*,#3317,.T.);
#3349 = FACE_BOUND('',#3350,.T.);
#3350 = EDGE_LOOP('',(#3351));
#3351 = ORIENTED_EDGE('',*,*,#3352,.F.);
#3352 = EDGE_CURVE('',#3353,#3353,#3355,.T.);
#3353 = VERTEX_POINT('',#3354);
#3354 = CARTESIAN_POINT('',(1.1871E+03,127.,519.9));
#3355 = SURFACE_CURVE('',#3356,(#3361,#3368),.PCURVE_S1.);
#3356 = CIRCLE('',#3357,6.);
#3357 = AXIS2_PLACEMENT_3D('',#3358,#3359,#3360);
#3358 = CARTESIAN_POINT('',(1.1811E+03,127.,519.9));
#3359 = DIRECTION('',(0.,0.,1.));
#3360 = DIRECTION('',(1.,0.,-0.));
#3361 = PCURVE('',#3332,#3362);
#3362 = DEFINITIONAL_REPRESENTATION('',(#3363),#3367);
#3363 = CIRCLE('',#3364,6.);
#3364 = AXIS2_PLACEMENT_2D('',#3365,#3366);
#3365 = CARTESIAN_POINT('',(0.,0.));
#3366 = DIRECTION('',(1.,0.));
#3367 = ( GEOMETRIC_REPRESENTATION_CONTEXT(2) 
PARAMETRIC_REPRESENTATION_CONTEXT() REPRESENTATION_CONTEXT('2D SPACE',''
  ) );
#3368 = PCURVE('',#3369,#3374);
#3369 = CYLINDRICAL_SURFACE('',#3370,6.);
#3370 = AXIS2_PLACEMENT_3D('',#3371,#3372,#3373);
#3371 = CARTESIAN_POINT('',(1.1811E+03,127.,504.9));
#3372 = DIRECTION('',(0.,0.,1.));
#3373 = DIRECTION('',(1.,0.,-0.));
#3374 = DEFINITIONAL_REPRESENTATION('',(#3375),#3379);
#3375 = LINE('',#3376,#3377);
#3376 = CARTESIAN_POINT('',(0.,15.));
#3377 = VECTOR('',#3378,1.);
#3378 = DIRECTION('',(1.,0.));
#3379 = ( GEOMETRIC_REPRESENTATION_CONTEXT(2) 
PARAMETRIC_REPRESENTATION_CONTEXT() REPRESENTATION_CONTEXT('2D SPACE',''
  ) );
#3380 = ADVANCED_FACE('',(#3381),#3369,.T.);
#3381 = FACE_BOUND('',#3382,.T.);
#3382 = EDGE_LOOP('',(#3383,#3406,#3433,#3434));
#3383 = ORIENTED_EDGE('',*,*,#3384,.T.);
#3384 = EDGE_CURVE('',#3353,#3385,#3387,.T.);
#3385 = VERTEX_POINT('',#3386);
#3386 = CARTESIAN_POINT('',(1.1871E+03,127.,534.9));
#3387 = SEAM_CURVE('',#3388,(#3392,#3399),.PCURVE_S1.);
#3388 = LINE('',#3389,#3390);
#3389 = CARTESIAN_POINT('',(1.1871E+03,127.,504.9));
#3390 = VECTOR('',#3391,1.);
#3391 = DIRECTION('',(0.,0.,1.));
#3392 = PCURVE('',#3369,#3393);
#3393 = DEFINITIONAL_REPRESENTATION('',(#3394),#3398);
#3394 = LINE('',#3395,#3396);
#3395 = CARTESIAN_POINT('',(6.28318530718,-0.));
#3396 = VECTOR('',#3397,1.);
#3397 = DIRECTION('',(0.,1.));
#3398 = ( GEOMETRIC_REPRESENTATION_CONTEXT(2) 
PARAMETRIC_REPRESENTATION_CONTEXT() REPRESENTATION_CONTEXT('2D SPACE',''
  ) );
#3399 = PCURVE('',#3369,#3400);
#3400 = DEFINITIONAL_REPRESENTATION('',(#3401),#3405);
#3401 = LINE('',#3402,#3403);
#3402 = CARTESIAN_POINT('',(0.,-0.));
#3403 = VECTOR('',#3404,1.);
#3404 = DIRECTION('',(0.,1.));
#3405 = ( GEOMETRIC_REPRESENTATION_CONTEXT(2) 
PARAMETRIC_REPRESENTATION_CONTEXT() REPRESENTATION_CONTEXT('2D SPACE',''
  ) );
#3406 = ORIENTED_EDGE('',*,*,#3407,.F.);
#3407 = EDGE_CURVE('',#3385,#3385,#3408,.T.);
#3408 = SURFACE_CURVE('',#3409,(#3414,#3421),.PCURVE_S1.);
#3409 = CIRCLE('',#3410,6.);
#3410 = AXIS2_PLACEMENT_3D('',#3411,#3412,#3413);
#3411 = CARTESIAN_POINT('',(1.1811E+03,127.,534.9));
#3412 = DIRECTION('',(0.,0.,1.));
#3413 = DIRECTION('',(1.,0.,-0.));
#3414 = PCURVE('',#3369,#3415);
#3415 = DEFINITIONAL_REPRESENTATION('',(#3416),#3420);
#3416 = LINE('',#3417,#3418);
#3417 = CARTESIAN_POINT('',(0.,30.));
#3418 = VECTOR('',#3419,1.);
#3419 = DIRECTION('',(1.,0.));
#3420 = ( GEOMETRIC_REPRESENTATION_CONTEXT(2) 
PARAMETRIC_REPRESENTATION_CONTEXT() REPRESENTATION_CONTEXT('2D SPACE',''
  ) );
#3421 = PCURVE('',#3422,#3427);
#3422 = PLANE('',#3423);
#3423 = AXIS2_PLACEMENT_3D('',#3424,#3425,#3426);
#3424 = CARTESIAN_POINT('',(1.1811E+03,127.,534.9));
#3425 = DIRECTION('',(0.,0.,1.));
#3426 = DIRECTION('',(1.,0.,-0.));
#3427 = DEFINITIONAL_REPRESENTATION('',(#3428),#3432);
#3428 = CIRCLE('',#3429,6.);
#3429 = AXIS2_PLACEMENT_2D('',#3430,#3431);
#3430 = CARTESIAN_POINT('',(0.,0.));
#3431 = DIRECTION('',(1.,0.));
#3432 = ( GEOMETRIC_REPRESENTATION_CONTEXT(2) 
PARAMETRIC_REPRESENTATION_CONTEXT() REPRESENTATION_CONTEXT('2D SPACE',''
  ) );
#3433 = ORIENTED_EDGE('',*,*,#3384,.F.);
#3434 = ORIENTED_EDGE('',*,*,#3352,.T.);
#3435 = ADVANCED_FACE('',(#3436),#3422,.T.);
#3436 = FACE_BOUND('',#3437,.T.);
#3437 = EDGE_LOOP('',(#3438));
#3438 = ORIENTED_EDGE('',*,*,#3407,.T.);
#3439 = ( GEOMETRIC_REPRESENTATION_CONTEXT(3) 
GLOBAL_UNCERTAINTY_ASSIGNED_CONTEXT((#3443)) 
GLOBAL_UNIT_ASSIGNED_CONTEXT((#3440,#3441,#3442)) REPRESENTATION_CONTEXT
('Context #1','3D Context with UNIT and UNCERTAINTY') );
#3440 = ( LENGTH_UNIT() NAMED_UNIT(*) SI_UNIT(.MILLI.,.METRE.) );
#3441 = ( NAMED_UNIT(*) PLANE_ANGLE_UNIT() SI_UNIT($,.RADIAN.) );
#3442 = ( NAMED_UNIT(*) SI_UNIT($,.STERADIAN.) SOLID_ANGLE_UNIT() );
#3443 = UNCERTAINTY_MEASURE_WITH_UNIT(LENGTH_MEASURE(1.E-07),#3440,
  'distance_accuracy_value','confusion accuracy');
#3444 = PRODUCT_RELATED_PRODUCT_CATEGORY('part',$,(#7));
#3445 = MECHANICAL_DESIGN_GEOMETRIC_PRESENTATION_REPRESENTATION('',(
    #3446),#3439);
#3446 = STYLED_ITEM('color',(#3447),#15);
#3447 = PRESENTATION_STYLE_ASSIGNMENT((#3448));
#3448 = SURFACE_STYLE_USAGE(.BOTH.,#3449);
#3449 = SURFACE_SIDE_STYLE('',(#3450));
#3450 = SURFACE_STYLE_FILL_AREA(#3451);
#3451 = FILL_AREA_STYLE('',(#3452));
#3452 = FILL_AREA_STYLE_COLOUR('',#3453);
#3453 = COLOUR_RGB('',0.809468152636,0.820979840171,0.837860544529);
ENDSEC;
END-ISO-10303-21;
