ISO-10303-21;
HEADER;
FILE_DESCRIPTION(('Open CASCADE Model'),'2;1');
FILE_NAME('Open CASCADE Shape Model','2026-10-02T07:29:36',('Author'),(
    'Open CASCADE'),'Open CASCADE STEP processor 7.9','Open CASCADE 7.9'
  ,'Unknown');
FILE_SCHEMA(('AUTOMOTIVE_DESIGN { 1 0 10303 214 1 1 1 1 }'));
ENDSEC;
DATA;
#1 = APPLICATION_PROTOCOL_DEFINITION('international standard',
  'automotive_design',2000,#2);
#2 = APPLICATION_CONTEXT(
  'core data for automotive mechanical design processes');
#3 = SHAPE_DEFINITION_REPRESENTATION(#4,#10);
#4 = PRODUCT_DEFINITION_SHAPE('','',#5);
#5 = PRODUCT_DEFINITION('design','',#6,#9);
#6 = PRODUCT_DEFINITION_FORMATION('','',#7);
#7 = PRODUCT('S07-BRK-08_Brake_line_3_16in_braided',
  'S07-BRK-08_Brake_line_3_16in_braided','',(#8));
#8 = PRODUCT_CONTEXT('',#2,'mechanical');
#9 = PRODUCT_DEFINITION_CONTEXT('part definition',#2,'design');
#10 = ADVANCED_BREP_SHAPE_REPRESENTATION('',(#11,#15),#2591);
#11 = AXIS2_PLACEMENT_3D('',#12,#13,#14);
#12 = CARTESIAN_POINT('',(0.,0.,0.));
#13 = DIRECTION('',(0.,0.,1.));
#14 = DIRECTION('',(1.,0.,-0.));
#15 = MANIFOLD_SOLID_BREP('',#16);
#16 = CLOSED_SHELL('',(#17,#104,#139,#217,#271,#326,#404,#482,#537,#592,
    #670,#748,#803,#858,#936,#1014,#1069,#1124,#1202,#1280,#1335,#1390,
    #1468,#1546,#1601,#1656,#1734,#1812,#1867,#1922,#2000,#2078,#2133,
    #2188,#2266,#2344,#2399,#2455,#2533,#2563));
#17 = ADVANCED_FACE('',(#18),#32,.T.);
#18 = FACE_BOUND('',#19,.F.);
#19 = EDGE_LOOP('',(#20,#50,#76,#77));
#20 = ORIENTED_EDGE('',*,*,#21,.T.);
#21 = EDGE_CURVE('',#22,#24,#26,.T.);
#22 = VERTEX_POINT('',#23);
#23 = CARTESIAN_POINT('',(1.108194476392E+03,361.77406610312,-13.));
#24 = VERTEX_POINT('',#25);
#25 = CARTESIAN_POINT('',(1.107694476392E+03,361.77406610312,-13.));
#26 = SEAM_CURVE('',#27,(#31,#43),.PCURVE_S1.);
#27 = LINE('',#28,#29);
#28 = CARTESIAN_POINT('',(1.108194476392E+03,361.77406610312,-13.));
#29 = VECTOR('',#30,1.);
#30 = DIRECTION('',(-1.,0.,0.));
#31 = PCURVE('',#32,#37);
#32 = CYLINDRICAL_SURFACE('',#33,3.);
#33 = AXIS2_PLACEMENT_3D('',#34,#35,#36);
#34 = CARTESIAN_POINT('',(1.108194476392E+03,361.77406610312,-10.));
#35 = DIRECTION('',(1.,-0.,-0.));
#36 = DIRECTION('',(0.,0.,-1.));
#37 = DEFINITIONAL_REPRESENTATION('',(#38),#42);
#38 = LINE('',#39,#40);
#39 = CARTESIAN_POINT('',(-0.,0.));
#40 = VECTOR('',#41,1.);
#41 = DIRECTION('',(-0.,-1.));
#42 = ( GEOMETRIC_REPRESENTATION_CONTEXT(2) 
PARAMETRIC_REPRESENTATION_CONTEXT() REPRESENTATION_CONTEXT('2D SPACE',''
  ) );
#43 = PCURVE('',#32,#44);
#44 = DEFINITIONAL_REPRESENTATION('',(#45),#49);
#45 = LINE('',#46,#47);
#46 = CARTESIAN_POINT('',(-6.28318530718,0.));
#47 = VECTOR('',#48,1.);
#48 = DIRECTION('',(-0.,-1.));
#49 = ( GEOMETRIC_REPRESENTATION_CONTEXT(2) 
PARAMETRIC_REPRESENTATION_CONTEXT() REPRESENTATION_CONTEXT('2D SPACE',''
  ) );
#50 = ORIENTED_EDGE('',*,*,#51,.T.);
#51 = EDGE_CURVE('',#24,#24,#52,.T.);
#52 = SURFACE_CURVE('',#53,(#58,#65),.PCURVE_S1.);
#53 = CIRCLE('',#54,3.);
#54 = AXIS2_PLACEMENT_3D('',#55,#56,#57);
#55 = CARTESIAN_POINT('',(1.107694476392E+03,361.77406610312,-10.));
#56 = DIRECTION('',(-1.,0.,0.));
#57 = DIRECTION('',(0.,0.,-1.));
#58 = PCURVE('',#32,#59);
#59 = DEFINITIONAL_REPRESENTATION('',(#60),#64);
#60 = LINE('',#61,#62);
#61 = CARTESIAN_POINT('',(-0.,-0.5));
#62 = VECTOR('',#63,1.);
#63 = DIRECTION('',(-1.,0.));
#64 = ( GEOMETRIC_REPRESENTATION_CONTEXT(2) 
PARAMETRIC_REPRESENTATION_CONTEXT() REPRESENTATION_CONTEXT('2D SPACE',''
  ) );
#65 = PCURVE('',#66,#71);
#66 = TOROIDAL_SURFACE('',#67,22.322325790899,3.);
#67 = AXIS2_PLACEMENT_3D('',#68,#69,#70);
#68 = CARTESIAN_POINT('',(1.107694476392E+03,360.53584625348,
    -32.28795729354));
#69 = DIRECTION('',(-0.,0.998460353205,-5.547001962252E-02));
#70 = DIRECTION('',(0.,5.547001962252E-02,0.998460353205));
#71 = DEFINITIONAL_REPRESENTATION('',(#72),#75);
#72 = B_SPLINE_CURVE_WITH_KNOTS('',1,(#73,#74),.UNSPECIFIED.,.F.,.F.,(2,
    2),(0.,6.28318530718),.PIECEWISE_BEZIER_KNOTS.);
#73 = CARTESIAN_POINT('',(0.,3.086094148344));
#74 = CARTESIAN_POINT('',(0.,9.369279455524));
#75 = ( GEOMETRIC_REPRESENTATION_CONTEXT(2) 
PARAMETRIC_REPRESENTATION_CONTEXT() REPRESENTATION_CONTEXT('2D SPACE',''
  ) );
#76 = ORIENTED_EDGE('',*,*,#21,.F.);
#77 = ORIENTED_EDGE('',*,*,#78,.F.);
#78 = EDGE_CURVE('',#22,#22,#79,.T.);
#79 = SURFACE_CURVE('',#80,(#85,#92),.PCURVE_S1.);
#80 = CIRCLE('',#81,3.);
#81 = AXIS2_PLACEMENT_3D('',#82,#83,#84);
#82 = CARTESIAN_POINT('',(1.108194476392E+03,361.77406610312,-10.));
#83 = DIRECTION('',(-1.,0.,0.));
#84 = DIRECTION('',(0.,0.,-1.));
#85 = PCURVE('',#32,#86);
#86 = DEFINITIONAL_REPRESENTATION('',(#87),#91);
#87 = LINE('',#88,#89);
#88 = CARTESIAN_POINT('',(-0.,0.));
#89 = VECTOR('',#90,1.);
#90 = DIRECTION('',(-1.,0.));
#91 = ( GEOMETRIC_REPRESENTATION_CONTEXT(2) 
PARAMETRIC_REPRESENTATION_CONTEXT() REPRESENTATION_CONTEXT('2D SPACE',''
  ) );
#92 = PCURVE('',#93,#98);
#93 = PLANE('',#94);
#94 = AXIS2_PLACEMENT_3D('',#95,#96,#97);
#95 = CARTESIAN_POINT('',(1.108194476392E+03,361.77406610312,-10.));
#96 = DIRECTION('',(-1.,-0.,-0.));
#97 = DIRECTION('',(0.,0.,-1.));
#98 = DEFINITIONAL_REPRESENTATION('',(#99),#103);
#99 = CIRCLE('',#100,3.);
#100 = AXIS2_PLACEMENT_2D('',#101,#102);
#101 = CARTESIAN_POINT('',(0.,0.));
#102 = DIRECTION('',(1.,0.));
#103 = ( GEOMETRIC_REPRESENTATION_CONTEXT(2) 
PARAMETRIC_REPRESENTATION_CONTEXT() REPRESENTATION_CONTEXT('2D SPACE',''
  ) );
#104 = ADVANCED_FACE('',(#105,#108),#93,.F.);
#105 = FACE_BOUND('',#106,.F.);
#106 = EDGE_LOOP('',(#107));
#107 = ORIENTED_EDGE('',*,*,#78,.T.);
#108 = FACE_BOUND('',#109,.F.);
#109 = EDGE_LOOP('',(#110));
#110 = ORIENTED_EDGE('',*,*,#111,.F.);
#111 = EDGE_CURVE('',#112,#112,#114,.T.);
#112 = VERTEX_POINT('',#113);
#113 = CARTESIAN_POINT('',(1.108194476392E+03,361.77406610312,-11.5));
#114 = SURFACE_CURVE('',#115,(#120,#127),.PCURVE_S1.);
#115 = CIRCLE('',#116,1.5);
#116 = AXIS2_PLACEMENT_3D('',#117,#118,#119);
#117 = CARTESIAN_POINT('',(1.108194476392E+03,361.77406610312,-10.));
#118 = DIRECTION('',(-1.,0.,0.));
#119 = DIRECTION('',(0.,0.,-1.));
#120 = PCURVE('',#93,#121);
#121 = DEFINITIONAL_REPRESENTATION('',(#122),#126);
#122 = CIRCLE('',#123,1.5);
#123 = AXIS2_PLACEMENT_2D('',#124,#125);
#124 = CARTESIAN_POINT('',(0.,0.));
#125 = DIRECTION('',(1.,0.));
#126 = ( GEOMETRIC_REPRESENTATION_CONTEXT(2) 
PARAMETRIC_REPRESENTATION_CONTEXT() REPRESENTATION_CONTEXT('2D SPACE',''
  ) );
#127 = PCURVE('',#128,#133);
#128 = CYLINDRICAL_SURFACE('',#129,1.5);
#129 = AXIS2_PLACEMENT_3D('',#130,#131,#132);
#130 = CARTESIAN_POINT('',(1.108194476392E+03,361.77406610312,-10.));
#131 = DIRECTION('',(1.,-0.,-0.));
#132 = DIRECTION('',(0.,0.,-1.));
#133 = DEFINITIONAL_REPRESENTATION('',(#134),#138);
#134 = LINE('',#135,#136);
#135 = CARTESIAN_POINT('',(-0.,0.));
#136 = VECTOR('',#137,1.);
#137 = DIRECTION('',(-1.,0.));
#138 = ( GEOMETRIC_REPRESENTATION_CONTEXT(2) 
PARAMETRIC_REPRESENTATION_CONTEXT() REPRESENTATION_CONTEXT('2D SPACE',''
  ) );
#139 = ADVANCED_FACE('',(#140),#66,.T.);
#140 = FACE_BOUND('',#141,.F.);
#141 = EDGE_LOOP('',(#142,#143,#167,#195,#216));
#142 = ORIENTED_EDGE('',*,*,#51,.F.);
#143 = ORIENTED_EDGE('',*,*,#144,.T.);
#144 = EDGE_CURVE('',#24,#145,#147,.T.);
#145 = VERTEX_POINT('',#146);
#146 = CARTESIAN_POINT('',(1.088450964041E+03,360.60249323775,
    -34.08831157663));
#147 = SEAM_CURVE('',#148,(#153,#160),.PCURVE_S1.);
#148 = CIRCLE('',#149,19.326944731283);
#149 = AXIS2_PLACEMENT_3D('',#150,#151,#152);
#150 = CARTESIAN_POINT('',(1.107694476392E+03,360.70200009963,
    -32.29718806277));
#151 = DIRECTION('',(0.,-0.998460353205,5.547001962252E-02));
#152 = DIRECTION('',(0.,5.547001962252E-02,0.998460353205));
#153 = PCURVE('',#66,#154);
#154 = DEFINITIONAL_REPRESENTATION('',(#155),#159);
#155 = LINE('',#156,#157);
#156 = CARTESIAN_POINT('',(-0.,9.369279455524));
#157 = VECTOR('',#158,1.);
#158 = DIRECTION('',(-1.,0.));
#159 = ( GEOMETRIC_REPRESENTATION_CONTEXT(2) 
PARAMETRIC_REPRESENTATION_CONTEXT() REPRESENTATION_CONTEXT('2D SPACE',''
  ) );
#160 = PCURVE('',#66,#161);
#161 = DEFINITIONAL_REPRESENTATION('',(#162),#166);
#162 = LINE('',#163,#164);
#163 = CARTESIAN_POINT('',(-0.,3.086094148344));
#164 = VECTOR('',#165,1.);
#165 = DIRECTION('',(-1.,0.));
#166 = ( GEOMETRIC_REPRESENTATION_CONTEXT(2) 
PARAMETRIC_REPRESENTATION_CONTEXT() REPRESENTATION_CONTEXT('2D SPACE',''
  ) );
#167 = ORIENTED_EDGE('',*,*,#168,.T.);
#168 = EDGE_CURVE('',#145,#169,#171,.T.);
#169 = VERTEX_POINT('',#170);
#170 = CARTESIAN_POINT('',(1.082481504121E+03,360.42091734877,
    -34.63555680291));
#171 = SURFACE_CURVE('',#172,(#177,#184),.PCURVE_S1.);
#172 = CIRCLE('',#173,3.);
#173 = AXIS2_PLACEMENT_3D('',#174,#175,#176);
#174 = CARTESIAN_POINT('',(1.085468513725E+03,360.42091734877,
    -34.3566775783));
#175 = DIRECTION('',(9.281785035366E-02,-5.523056140206E-02,
    -0.994150105237));
#176 = DIRECTION('',(0.994150105237,6.052529632728E-02,
    8.945533389103E-02));
#177 = PCURVE('',#66,#178);
#178 = DEFINITIONAL_REPRESENTATION('',(#179),#183);
#179 = LINE('',#180,#181);
#180 = CARTESIAN_POINT('',(-1.663747969826,3.086094148344));
#181 = VECTOR('',#182,1.);
#182 = DIRECTION('',(-0.,1.));
#183 = ( GEOMETRIC_REPRESENTATION_CONTEXT(2) 
PARAMETRIC_REPRESENTATION_CONTEXT() REPRESENTATION_CONTEXT('2D SPACE',''
  ) );
#184 = PCURVE('',#185,#190);
#185 = CYLINDRICAL_SURFACE('',#186,3.);
#186 = AXIS2_PLACEMENT_3D('',#187,#188,#189);
#187 = CARTESIAN_POINT('',(1.085468513725E+03,360.42091734877,
    -34.3566775783));
#188 = DIRECTION('',(-9.281785035366E-02,5.523056140206E-02,
    0.994150105237));
#189 = DIRECTION('',(-0.995669868206,0.,-9.295974153398E-02));
#190 = DEFINITIONAL_REPRESENTATION('',(#191),#194);
#191 = B_SPLINE_CURVE_WITH_KNOTS('',1,(#192,#193),.UNSPECIFIED.,.F.,.F.,
  (2,2),(0.,3.202247660374),.PIECEWISE_BEZIER_KNOTS.);
#192 = CARTESIAN_POINT('',(-3.080937646806,0.));
#193 = CARTESIAN_POINT('',(-6.28318530718,0.));
#194 = ( GEOMETRIC_REPRESENTATION_CONTEXT(2) 
PARAMETRIC_REPRESENTATION_CONTEXT() REPRESENTATION_CONTEXT('2D SPACE',''
  ) );
#195 = ORIENTED_EDGE('',*,*,#196,.T.);
#196 = EDGE_CURVE('',#169,#145,#197,.T.);
#197 = SURFACE_CURVE('',#198,(#203,#210),.PCURVE_S1.);
#198 = CIRCLE('',#199,3.);
#199 = AXIS2_PLACEMENT_3D('',#200,#201,#202);
#200 = CARTESIAN_POINT('',(1.085468513725E+03,360.42091734877,
    -34.3566775783));
#201 = DIRECTION('',(9.281785035366E-02,-5.523056140206E-02,
    -0.994150105237));
#202 = DIRECTION('',(0.994150105237,6.052529632728E-02,
    8.945533389103E-02));
#203 = PCURVE('',#66,#204);
#204 = DEFINITIONAL_REPRESENTATION('',(#205),#209);
#205 = LINE('',#206,#207);
#206 = CARTESIAN_POINT('',(-1.663747969826,3.086094148344));
#207 = VECTOR('',#208,1.);
#208 = DIRECTION('',(-0.,1.));
#209 = ( GEOMETRIC_REPRESENTATION_CONTEXT(2) 
PARAMETRIC_REPRESENTATION_CONTEXT() REPRESENTATION_CONTEXT('2D SPACE',''
  ) );
#210 = PCURVE('',#185,#211);
#211 = DEFINITIONAL_REPRESENTATION('',(#212),#215);
#212 = B_SPLINE_CURVE_WITH_KNOTS('',1,(#213,#214),.UNSPECIFIED.,.F.,.F.,
  (2,2),(3.202247660374,6.28318530718),.PIECEWISE_BEZIER_KNOTS.);
#213 = CARTESIAN_POINT('',(0.,0.));
#214 = CARTESIAN_POINT('',(-3.080937646806,0.));
#215 = ( GEOMETRIC_REPRESENTATION_CONTEXT(2) 
PARAMETRIC_REPRESENTATION_CONTEXT() REPRESENTATION_CONTEXT('2D SPACE',''
  ) );
#216 = ORIENTED_EDGE('',*,*,#144,.F.);
#217 = ADVANCED_FACE('',(#218),#128,.F.);
#218 = FACE_BOUND('',#219,.T.);
#219 = EDGE_LOOP('',(#220,#243,#269,#270));
#220 = ORIENTED_EDGE('',*,*,#221,.T.);
#221 = EDGE_CURVE('',#112,#222,#224,.T.);
#222 = VERTEX_POINT('',#223);
#223 = CARTESIAN_POINT('',(1.107694476392E+03,361.77406610312,-11.5));
#224 = SEAM_CURVE('',#225,(#229,#236),.PCURVE_S1.);
#225 = LINE('',#226,#227);
#226 = CARTESIAN_POINT('',(1.108194476392E+03,361.77406610312,-11.5));
#227 = VECTOR('',#228,1.);
#228 = DIRECTION('',(-1.,0.,0.));
#229 = PCURVE('',#128,#230);
#230 = DEFINITIONAL_REPRESENTATION('',(#231),#235);
#231 = LINE('',#232,#233);
#232 = CARTESIAN_POINT('',(-0.,0.));
#233 = VECTOR('',#234,1.);
#234 = DIRECTION('',(-0.,-1.));
#235 = ( GEOMETRIC_REPRESENTATION_CONTEXT(2) 
PARAMETRIC_REPRESENTATION_CONTEXT() REPRESENTATION_CONTEXT('2D SPACE',''
  ) );
#236 = PCURVE('',#128,#237);
#237 = DEFINITIONAL_REPRESENTATION('',(#238),#242);
#238 = LINE('',#239,#240);
#239 = CARTESIAN_POINT('',(-6.28318530718,0.));
#240 = VECTOR('',#241,1.);
#241 = DIRECTION('',(-0.,-1.));
#242 = ( GEOMETRIC_REPRESENTATION_CONTEXT(2) 
PARAMETRIC_REPRESENTATION_CONTEXT() REPRESENTATION_CONTEXT('2D SPACE',''
  ) );
#243 = ORIENTED_EDGE('',*,*,#244,.T.);
#244 = EDGE_CURVE('',#222,#222,#245,.T.);
#245 = SURFACE_CURVE('',#246,(#251,#258),.PCURVE_S1.);
#246 = CIRCLE('',#247,1.5);
#247 = AXIS2_PLACEMENT_3D('',#248,#249,#250);
#248 = CARTESIAN_POINT('',(1.107694476392E+03,361.77406610312,-10.));
#249 = DIRECTION('',(-1.,0.,0.));
#250 = DIRECTION('',(0.,0.,-1.));
#251 = PCURVE('',#128,#252);
#252 = DEFINITIONAL_REPRESENTATION('',(#253),#257);
#253 = LINE('',#254,#255);
#254 = CARTESIAN_POINT('',(-0.,-0.5));
#255 = VECTOR('',#256,1.);
#256 = DIRECTION('',(-1.,0.));
#257 = ( GEOMETRIC_REPRESENTATION_CONTEXT(2) 
PARAMETRIC_REPRESENTATION_CONTEXT() REPRESENTATION_CONTEXT('2D SPACE',''
  ) );
#258 = PCURVE('',#259,#264);
#259 = TOROIDAL_SURFACE('',#260,22.322325790899,1.5);
#260 = AXIS2_PLACEMENT_3D('',#261,#262,#263);
#261 = CARTESIAN_POINT('',(1.107694476392E+03,360.53584625348,
    -32.28795729354));
#262 = DIRECTION('',(-0.,0.998460353205,-5.547001962252E-02));
#263 = DIRECTION('',(0.,5.547001962252E-02,0.998460353205));
#264 = DEFINITIONAL_REPRESENTATION('',(#265),#268);
#265 = B_SPLINE_CURVE_WITH_KNOTS('',1,(#266,#267),.UNSPECIFIED.,.F.,.F.,
  (2,2),(0.,6.28318530718),.PIECEWISE_BEZIER_KNOTS.);
#266 = CARTESIAN_POINT('',(0.,3.086094148344));
#267 = CARTESIAN_POINT('',(0.,9.369279455524));
#268 = ( GEOMETRIC_REPRESENTATION_CONTEXT(2) 
PARAMETRIC_REPRESENTATION_CONTEXT() REPRESENTATION_CONTEXT('2D SPACE',''
  ) );
#269 = ORIENTED_EDGE('',*,*,#221,.F.);
#270 = ORIENTED_EDGE('',*,*,#111,.F.);
#271 = ADVANCED_FACE('',(#272),#185,.T.);
#272 = FACE_BOUND('',#273,.F.);
#273 = EDGE_LOOP('',(#274,#275,#298,#324,#325));
#274 = ORIENTED_EDGE('',*,*,#196,.F.);
#275 = ORIENTED_EDGE('',*,*,#276,.T.);
#276 = EDGE_CURVE('',#169,#277,#279,.T.);
#277 = VERTEX_POINT('',#278);
#278 = CARTESIAN_POINT('',(1.09541582281E+03,352.72444862179,
    -173.1719938885));
#279 = SEAM_CURVE('',#280,(#284,#291),.PCURVE_S1.);
#280 = LINE('',#281,#282);
#281 = CARTESIAN_POINT('',(1.082481504121E+03,360.42091734877,
    -34.63555680291));
#282 = VECTOR('',#283,1.);
#283 = DIRECTION('',(9.281785035366E-02,-5.523056140206E-02,
    -0.994150105237));
#284 = PCURVE('',#185,#285);
#285 = DEFINITIONAL_REPRESENTATION('',(#286),#290);
#286 = LINE('',#287,#288);
#287 = CARTESIAN_POINT('',(-6.28318530718,0.));
#288 = VECTOR('',#289,1.);
#289 = DIRECTION('',(-0.,-1.));
#290 = ( GEOMETRIC_REPRESENTATION_CONTEXT(2) 
PARAMETRIC_REPRESENTATION_CONTEXT() REPRESENTATION_CONTEXT('2D SPACE',''
  ) );
#291 = PCURVE('',#185,#292);
#292 = DEFINITIONAL_REPRESENTATION('',(#293),#297);
#293 = LINE('',#294,#295);
#294 = CARTESIAN_POINT('',(-0.,0.));
#295 = VECTOR('',#296,1.);
#296 = DIRECTION('',(-0.,-1.));
#297 = ( GEOMETRIC_REPRESENTATION_CONTEXT(2) 
PARAMETRIC_REPRESENTATION_CONTEXT() REPRESENTATION_CONTEXT('2D SPACE',''
  ) );
#298 = ORIENTED_EDGE('',*,*,#299,.T.);
#299 = EDGE_CURVE('',#277,#277,#300,.T.);
#300 = SURFACE_CURVE('',#301,(#306,#313),.PCURVE_S1.);
#301 = CIRCLE('',#302,3.);
#302 = AXIS2_PLACEMENT_3D('',#303,#304,#305);
#303 = CARTESIAN_POINT('',(1.098402832415E+03,352.72444862179,
    -172.8931146639));
#304 = DIRECTION('',(9.281785035366E-02,-5.523056140206E-02,
    -0.994150105237));
#305 = DIRECTION('',(-0.995669868206,0.,-9.295974153398E-02));
#306 = PCURVE('',#185,#307);
#307 = DEFINITIONAL_REPRESENTATION('',(#308),#312);
#308 = LINE('',#309,#310);
#309 = CARTESIAN_POINT('',(-0.,-139.3516294529));
#310 = VECTOR('',#311,1.);
#311 = DIRECTION('',(-1.,0.));
#312 = ( GEOMETRIC_REPRESENTATION_CONTEXT(2) 
PARAMETRIC_REPRESENTATION_CONTEXT() REPRESENTATION_CONTEXT('2D SPACE',''
  ) );
#313 = PCURVE('',#314,#319);
#314 = TOROIDAL_SURFACE('',#315,25.,3.);
#315 = AXIS2_PLACEMENT_3D('',#316,#317,#318);
#316 = CARTESIAN_POINT('',(1.097515785066E+03,327.77420734187,
    -171.5898084548));
#317 = DIRECTION('',(0.995050693109,-3.043552537552E-02,
    9.459279537868E-02));
#318 = DIRECTION('',(3.548189394838E-02,0.998009651197,
    -5.21322483642E-02));
#319 = DEFINITIONAL_REPRESENTATION('',(#320),#323);
#320 = B_SPLINE_CURVE_WITH_KNOTS('',1,(#321,#322),.UNSPECIFIED.,.F.,.F.,
  (2,2),(0.,6.28318530718),.PIECEWISE_BEZIER_KNOTS.);
#321 = CARTESIAN_POINT('',(0.,4.681902205644));
#322 = CARTESIAN_POINT('',(0.,10.965087512824));
#323 = ( GEOMETRIC_REPRESENTATION_CONTEXT(2) 
PARAMETRIC_REPRESENTATION_CONTEXT() REPRESENTATION_CONTEXT('2D SPACE',''
  ) );
#324 = ORIENTED_EDGE('',*,*,#276,.F.);
#325 = ORIENTED_EDGE('',*,*,#168,.F.);
#326 = ADVANCED_FACE('',(#327),#259,.F.);
#327 = FACE_BOUND('',#328,.T.);
#328 = EDGE_LOOP('',(#329,#330,#354,#382,#403));
#329 = ORIENTED_EDGE('',*,*,#244,.F.);
#330 = ORIENTED_EDGE('',*,*,#331,.T.);
#331 = EDGE_CURVE('',#222,#332,#334,.T.);
#332 = VERTEX_POINT('',#333);
#333 = CARTESIAN_POINT('',(1.086959738883E+03,360.51170529326,
    -34.22249457747));
#334 = SEAM_CURVE('',#335,(#340,#347),.PCURVE_S1.);
#335 = CIRCLE('',#336,20.824635261091);
#336 = AXIS2_PLACEMENT_3D('',#337,#338,#339);
#337 = CARTESIAN_POINT('',(1.107694476392E+03,360.61892317656,
    -32.29257267816));
#338 = DIRECTION('',(0.,-0.998460353205,5.547001962252E-02));
#339 = DIRECTION('',(0.,5.547001962252E-02,0.998460353205));
#340 = PCURVE('',#259,#341);
#341 = DEFINITIONAL_REPRESENTATION('',(#342),#346);
#342 = LINE('',#343,#344);
#343 = CARTESIAN_POINT('',(-0.,9.369279455524));
#344 = VECTOR('',#345,1.);
#345 = DIRECTION('',(-1.,0.));
#346 = ( GEOMETRIC_REPRESENTATION_CONTEXT(2) 
PARAMETRIC_REPRESENTATION_CONTEXT() REPRESENTATION_CONTEXT('2D SPACE',''
  ) );
#347 = PCURVE('',#259,#348);
#348 = DEFINITIONAL_REPRESENTATION('',(#349),#353);
#349 = LINE('',#350,#351);
#350 = CARTESIAN_POINT('',(-0.,3.086094148344));
#351 = VECTOR('',#352,1.);
#352 = DIRECTION('',(-1.,0.));
#353 = ( GEOMETRIC_REPRESENTATION_CONTEXT(2) 
PARAMETRIC_REPRESENTATION_CONTEXT() REPRESENTATION_CONTEXT('2D SPACE',''
  ) );
#354 = ORIENTED_EDGE('',*,*,#355,.T.);
#355 = EDGE_CURVE('',#332,#356,#358,.T.);
#356 = VERTEX_POINT('',#357);
#357 = CARTESIAN_POINT('',(1.083975008923E+03,360.42091734877,
    -34.49611719061));
#358 = SURFACE_CURVE('',#359,(#364,#371),.PCURVE_S1.);
#359 = CIRCLE('',#360,1.5);
#360 = AXIS2_PLACEMENT_3D('',#361,#362,#363);
#361 = CARTESIAN_POINT('',(1.085468513725E+03,360.42091734877,
    -34.3566775783));
#362 = DIRECTION('',(9.281785035366E-02,-5.523056140206E-02,
    -0.994150105237));
#363 = DIRECTION('',(0.994150105237,6.052529632728E-02,
    8.945533389103E-02));
#364 = PCURVE('',#259,#365);
#365 = DEFINITIONAL_REPRESENTATION('',(#366),#370);
#366 = LINE('',#367,#368);
#367 = CARTESIAN_POINT('',(-1.663747969826,3.086094148344));
#368 = VECTOR('',#369,1.);
#369 = DIRECTION('',(-0.,1.));
#370 = ( GEOMETRIC_REPRESENTATION_CONTEXT(2) 
PARAMETRIC_REPRESENTATION_CONTEXT() REPRESENTATION_CONTEXT('2D SPACE',''
  ) );
#371 = PCURVE('',#372,#377);
#372 = CYLINDRICAL_SURFACE('',#373,1.5);
#373 = AXIS2_PLACEMENT_3D('',#374,#375,#376);
#374 = CARTESIAN_POINT('',(1.085468513725E+03,360.42091734877,
    -34.3566775783));
#375 = DIRECTION('',(-9.281785035366E-02,5.523056140206E-02,
    0.994150105237));
#376 = DIRECTION('',(-0.995669868206,0.,-9.295974153398E-02));
#377 = DEFINITIONAL_REPRESENTATION('',(#378),#381);
#378 = B_SPLINE_CURVE_WITH_KNOTS('',1,(#379,#380),.UNSPECIFIED.,.F.,.F.,
  (2,2),(0.,3.202247660374),.PIECEWISE_BEZIER_KNOTS.);
#379 = CARTESIAN_POINT('',(-3.080937646806,0.));
#380 = CARTESIAN_POINT('',(-6.28318530718,0.));
#381 = ( GEOMETRIC_REPRESENTATION_CONTEXT(2) 
PARAMETRIC_REPRESENTATION_CONTEXT() REPRESENTATION_CONTEXT('2D SPACE',''
  ) );
#382 = ORIENTED_EDGE('',*,*,#383,.T.);
#383 = EDGE_CURVE('',#356,#332,#384,.T.);
#384 = SURFACE_CURVE('',#385,(#390,#397),.PCURVE_S1.);
#385 = CIRCLE('',#386,1.5);
#386 = AXIS2_PLACEMENT_3D('',#387,#388,#389);
#387 = CARTESIAN_POINT('',(1.085468513725E+03,360.42091734877,
    -34.3566775783));
#388 = DIRECTION('',(9.281785035366E-02,-5.523056140206E-02,
    -0.994150105237));
#389 = DIRECTION('',(0.994150105237,6.052529632728E-02,
    8.945533389103E-02));
#390 = PCURVE('',#259,#391);
#391 = DEFINITIONAL_REPRESENTATION('',(#392),#396);
#392 = LINE('',#393,#394);
#393 = CARTESIAN_POINT('',(-1.663747969826,3.086094148344));
#394 = VECTOR('',#395,1.);
#395 = DIRECTION('',(-0.,1.));
#396 = ( GEOMETRIC_REPRESENTATION_CONTEXT(2) 
PARAMETRIC_REPRESENTATION_CONTEXT() REPRESENTATION_CONTEXT('2D SPACE',''
  ) );
#397 = PCURVE('',#372,#398);
#398 = DEFINITIONAL_REPRESENTATION('',(#399),#402);
#399 = B_SPLINE_CURVE_WITH_KNOTS('',1,(#400,#401),.UNSPECIFIED.,.F.,.F.,
  (2,2),(3.202247660374,6.28318530718),.PIECEWISE_BEZIER_KNOTS.);
#400 = CARTESIAN_POINT('',(0.,0.));
#401 = CARTESIAN_POINT('',(-3.080937646806,0.));
#402 = ( GEOMETRIC_REPRESENTATION_CONTEXT(2) 
PARAMETRIC_REPRESENTATION_CONTEXT() REPRESENTATION_CONTEXT('2D SPACE',''
  ) );
#403 = ORIENTED_EDGE('',*,*,#331,.F.);
#404 = ADVANCED_FACE('',(#405),#314,.T.);
#405 = FACE_BOUND('',#406,.F.);
#406 = EDGE_LOOP('',(#407,#408,#432,#460,#481));
#407 = ORIENTED_EDGE('',*,*,#299,.F.);
#408 = ORIENTED_EDGE('',*,*,#409,.T.);
#409 = EDGE_CURVE('',#277,#410,#412,.T.);
#410 = VERTEX_POINT('',#411);
#411 = CARTESIAN_POINT('',(1.097007148202E+03,335.45693246007,
    -195.4675117666));
#412 = SEAM_CURVE('',#413,(#418,#425),.PCURVE_S1.);
#413 = CIRCLE('',#414,24.908553842987);
#414 = AXIS2_PLACEMENT_3D('',#415,#416,#417);
#415 = CARTESIAN_POINT('',(1.094532020144E+03,327.86547148913,
    -171.8734549731));
#416 = DIRECTION('',(-0.995050693109,3.043552537552E-02,
    -9.459279537868E-02));
#417 = DIRECTION('',(3.548189394838E-02,0.998009651197,
    -5.21322483642E-02));
#418 = PCURVE('',#314,#419);
#419 = DEFINITIONAL_REPRESENTATION('',(#420),#424);
#420 = LINE('',#421,#422);
#421 = CARTESIAN_POINT('',(-0.,10.965087512824));
#422 = VECTOR('',#423,1.);
#423 = DIRECTION('',(-1.,0.));
#424 = ( GEOMETRIC_REPRESENTATION_CONTEXT(2) 
PARAMETRIC_REPRESENTATION_CONTEXT() REPRESENTATION_CONTEXT('2D SPACE',''
  ) );
#425 = PCURVE('',#314,#426);
#426 = DEFINITIONAL_REPRESENTATION('',(#427),#431);
#427 = LINE('',#428,#429);
#428 = CARTESIAN_POINT('',(-0.,4.681902205644));
#429 = VECTOR('',#430,1.);
#430 = DIRECTION('',(-1.,0.));
#431 = ( GEOMETRIC_REPRESENTATION_CONTEXT(2) 
PARAMETRIC_REPRESENTATION_CONTEXT() REPRESENTATION_CONTEXT('2D SPACE',''
  ) );
#432 = ORIENTED_EDGE('',*,*,#433,.T.);
#433 = EDGE_CURVE('',#410,#434,#436,.T.);
#434 = VERTEX_POINT('',#435);
#435 = CARTESIAN_POINT('',(1.1E+03,336.31240617047,-198.1263010808));
#436 = SURFACE_CURVE('',#437,(#442,#449),.PCURVE_S1.);
#437 = CIRCLE('',#438,3.);
#438 = AXIS2_PLACEMENT_3D('',#439,#440,#441);
#439 = CARTESIAN_POINT('',(1.1E+03,335.39353865551,-195.2704855248));
#440 = DIRECTION('',(-2.081668171172E-17,-0.95193851867,-0.306289171653)
  );
#441 = DIRECTION('',(-0.997617266044,2.113126818614E-02,
    -6.567541394343E-02));
#442 = PCURVE('',#314,#443);
#443 = DEFINITIONAL_REPRESENTATION('',(#444),#448);
#444 = LINE('',#445,#446);
#445 = CARTESIAN_POINT('',(-1.205663346859,4.681902205644));
#446 = VECTOR('',#447,1.);
#447 = DIRECTION('',(-0.,1.));
#448 = ( GEOMETRIC_REPRESENTATION_CONTEXT(2) 
PARAMETRIC_REPRESENTATION_CONTEXT() REPRESENTATION_CONTEXT('2D SPACE',''
  ) );
#449 = PCURVE('',#450,#455);
#450 = CYLINDRICAL_SURFACE('',#451,3.);
#451 = AXIS2_PLACEMENT_3D('',#452,#453,#454);
#452 = CARTESIAN_POINT('',(1.1E+03,335.39353865551,-195.2704855248));
#453 = DIRECTION('',(-0.,0.95193851867,0.306289171653));
#454 = DIRECTION('',(0.,0.306289171653,-0.95193851867));
#455 = DEFINITIONAL_REPRESENTATION('',(#456),#459);
#456 = B_SPLINE_CURVE_WITH_KNOTS('',1,(#457,#458),.UNSPECIFIED.,.F.,.F.,
  (2,2),(0.,1.501750243705),.PIECEWISE_BEZIER_KNOTS.);
#457 = CARTESIAN_POINT('',(-4.781435063474,0.));
#458 = CARTESIAN_POINT('',(-6.28318530718,0.));
#459 = ( GEOMETRIC_REPRESENTATION_CONTEXT(2) 
PARAMETRIC_REPRESENTATION_CONTEXT() REPRESENTATION_CONTEXT('2D SPACE',''
  ) );
#460 = ORIENTED_EDGE('',*,*,#461,.T.);
#461 = EDGE_CURVE('',#434,#410,#462,.T.);
#462 = SURFACE_CURVE('',#463,(#468,#475),.PCURVE_S1.);
#463 = CIRCLE('',#464,3.);
#464 = AXIS2_PLACEMENT_3D('',#465,#466,#467);
#465 = CARTESIAN_POINT('',(1.1E+03,335.39353865551,-195.2704855248));
#466 = DIRECTION('',(-2.081668171172E-17,-0.95193851867,-0.306289171653)
  );
#467 = DIRECTION('',(-0.997617266044,2.113126818614E-02,
    -6.567541394343E-02));
#468 = PCURVE('',#314,#469);
#469 = DEFINITIONAL_REPRESENTATION('',(#470),#474);
#470 = LINE('',#471,#472);
#471 = CARTESIAN_POINT('',(-1.205663346859,4.681902205644));
#472 = VECTOR('',#473,1.);
#473 = DIRECTION('',(-0.,1.));
#474 = ( GEOMETRIC_REPRESENTATION_CONTEXT(2) 
PARAMETRIC_REPRESENTATION_CONTEXT() REPRESENTATION_CONTEXT('2D SPACE',''
  ) );
#475 = PCURVE('',#450,#476);
#476 = DEFINITIONAL_REPRESENTATION('',(#477),#480);
#477 = B_SPLINE_CURVE_WITH_KNOTS('',1,(#478,#479),.UNSPECIFIED.,.F.,.F.,
  (2,2),(1.501750243705,6.28318530718),.PIECEWISE_BEZIER_KNOTS.);
#478 = CARTESIAN_POINT('',(0.,0.));
#479 = CARTESIAN_POINT('',(-4.781435063474,0.));
#480 = ( GEOMETRIC_REPRESENTATION_CONTEXT(2) 
PARAMETRIC_REPRESENTATION_CONTEXT() REPRESENTATION_CONTEXT('2D SPACE',''
  ) );
#481 = ORIENTED_EDGE('',*,*,#409,.F.);
#482 = ADVANCED_FACE('',(#483),#372,.F.);
#483 = FACE_BOUND('',#484,.T.);
#484 = EDGE_LOOP('',(#485,#486,#509,#535,#536));
#485 = ORIENTED_EDGE('',*,*,#383,.F.);
#486 = ORIENTED_EDGE('',*,*,#487,.T.);
#487 = EDGE_CURVE('',#356,#488,#490,.T.);
#488 = VERTEX_POINT('',#489);
#489 = CARTESIAN_POINT('',(1.096909327612E+03,352.72444862179,
    -173.0325542762));
#490 = SEAM_CURVE('',#491,(#495,#502),.PCURVE_S1.);
#491 = LINE('',#492,#493);
#492 = CARTESIAN_POINT('',(1.083975008923E+03,360.42091734877,
    -34.49611719061));
#493 = VECTOR('',#494,1.);
#494 = DIRECTION('',(9.281785035366E-02,-5.523056140206E-02,
    -0.994150105237));
#495 = PCURVE('',#372,#496);
#496 = DEFINITIONAL_REPRESENTATION('',(#497),#501);
#497 = LINE('',#498,#499);
#498 = CARTESIAN_POINT('',(-6.28318530718,0.));
#499 = VECTOR('',#500,1.);
#500 = DIRECTION('',(-0.,-1.));
#501 = ( GEOMETRIC_REPRESENTATION_CONTEXT(2) 
PARAMETRIC_REPRESENTATION_CONTEXT() REPRESENTATION_CONTEXT('2D SPACE',''
  ) );
#502 = PCURVE('',#372,#503);
#503 = DEFINITIONAL_REPRESENTATION('',(#504),#508);
#504 = LINE('',#505,#506);
#505 = CARTESIAN_POINT('',(-0.,0.));
#506 = VECTOR('',#507,1.);
#507 = DIRECTION('',(-0.,-1.));
#508 = ( GEOMETRIC_REPRESENTATION_CONTEXT(2) 
PARAMETRIC_REPRESENTATION_CONTEXT() REPRESENTATION_CONTEXT('2D SPACE',''
  ) );
#509 = ORIENTED_EDGE('',*,*,#510,.T.);
#510 = EDGE_CURVE('',#488,#488,#511,.T.);
#511 = SURFACE_CURVE('',#512,(#517,#524),.PCURVE_S1.);
#512 = CIRCLE('',#513,1.5);
#513 = AXIS2_PLACEMENT_3D('',#514,#515,#516);
#514 = CARTESIAN_POINT('',(1.098402832415E+03,352.72444862179,
    -172.8931146639));
#515 = DIRECTION('',(9.281785035366E-02,-5.523056140206E-02,
    -0.994150105237));
#516 = DIRECTION('',(-0.995669868206,0.,-9.295974153398E-02));
#517 = PCURVE('',#372,#518);
#518 = DEFINITIONAL_REPRESENTATION('',(#519),#523);
#519 = LINE('',#520,#521);
#520 = CARTESIAN_POINT('',(-0.,-139.3516294529));
#521 = VECTOR('',#522,1.);
#522 = DIRECTION('',(-1.,0.));
#523 = ( GEOMETRIC_REPRESENTATION_CONTEXT(2) 
PARAMETRIC_REPRESENTATION_CONTEXT() REPRESENTATION_CONTEXT('2D SPACE',''
  ) );
#524 = PCURVE('',#525,#530);
#525 = TOROIDAL_SURFACE('',#526,25.,1.5);
#526 = AXIS2_PLACEMENT_3D('',#527,#528,#529);
#527 = CARTESIAN_POINT('',(1.097515785066E+03,327.77420734187,
    -171.5898084548));
#528 = DIRECTION('',(0.995050693109,-3.043552537552E-02,
    9.459279537868E-02));
#529 = DIRECTION('',(3.548189394838E-02,0.998009651197,
    -5.21322483642E-02));
#530 = DEFINITIONAL_REPRESENTATION('',(#531),#534);
#531 = B_SPLINE_CURVE_WITH_KNOTS('',1,(#532,#533),.UNSPECIFIED.,.F.,.F.,
  (2,2),(0.,6.28318530718),.PIECEWISE_BEZIER_KNOTS.);
#532 = CARTESIAN_POINT('',(0.,4.681902205644));
#533 = CARTESIAN_POINT('',(0.,10.965087512824));
#534 = ( GEOMETRIC_REPRESENTATION_CONTEXT(2) 
PARAMETRIC_REPRESENTATION_CONTEXT() REPRESENTATION_CONTEXT('2D SPACE',''
  ) );
#535 = ORIENTED_EDGE('',*,*,#487,.F.);
#536 = ORIENTED_EDGE('',*,*,#355,.F.);
#537 = ADVANCED_FACE('',(#538),#450,.T.);
#538 = FACE_BOUND('',#539,.F.);
#539 = EDGE_LOOP('',(#540,#541,#564,#590,#591));
#540 = ORIENTED_EDGE('',*,*,#461,.F.);
#541 = ORIENTED_EDGE('',*,*,#542,.T.);
#542 = EDGE_CURVE('',#434,#543,#545,.T.);
#543 = VERTEX_POINT('',#544);
#544 = CARTESIAN_POINT('',(1.1E+03,152.05557236695,-257.4115089911));
#545 = SEAM_CURVE('',#546,(#550,#557),.PCURVE_S1.);
#546 = LINE('',#547,#548);
#547 = CARTESIAN_POINT('',(1.1E+03,336.31240617047,-198.1263010808));
#548 = VECTOR('',#549,1.);
#549 = DIRECTION('',(0.,-0.95193851867,-0.306289171653));
#550 = PCURVE('',#450,#551);
#551 = DEFINITIONAL_REPRESENTATION('',(#552),#556);
#552 = LINE('',#553,#554);
#553 = CARTESIAN_POINT('',(-6.28318530718,0.));
#554 = VECTOR('',#555,1.);
#555 = DIRECTION('',(-0.,-1.));
#556 = ( GEOMETRIC_REPRESENTATION_CONTEXT(2) 
PARAMETRIC_REPRESENTATION_CONTEXT() REPRESENTATION_CONTEXT('2D SPACE',''
  ) );
#557 = PCURVE('',#450,#558);
#558 = DEFINITIONAL_REPRESENTATION('',(#559),#563);
#559 = LINE('',#560,#561);
#560 = CARTESIAN_POINT('',(-0.,0.));
#561 = VECTOR('',#562,1.);
#562 = DIRECTION('',(-0.,-1.));
#563 = ( GEOMETRIC_REPRESENTATION_CONTEXT(2) 
PARAMETRIC_REPRESENTATION_CONTEXT() REPRESENTATION_CONTEXT('2D SPACE',''
  ) );
#564 = ORIENTED_EDGE('',*,*,#565,.T.);
#565 = EDGE_CURVE('',#543,#543,#566,.T.);
#566 = SURFACE_CURVE('',#567,(#572,#579),.PCURVE_S1.);
#567 = CIRCLE('',#568,3.);
#568 = AXIS2_PLACEMENT_3D('',#569,#570,#571);
#569 = CARTESIAN_POINT('',(1.1E+03,151.13670485199,-254.5556934351));
#570 = DIRECTION('',(0.,-0.95193851867,-0.306289171653));
#571 = DIRECTION('',(0.,0.306289171653,-0.95193851867));
#572 = PCURVE('',#450,#573);
#573 = DEFINITIONAL_REPRESENTATION('',(#574),#578);
#574 = LINE('',#575,#576);
#575 = CARTESIAN_POINT('',(-0.,-193.5595946479));
#576 = VECTOR('',#577,1.);
#577 = DIRECTION('',(-1.,0.));
#578 = ( GEOMETRIC_REPRESENTATION_CONTEXT(2) 
PARAMETRIC_REPRESENTATION_CONTEXT() REPRESENTATION_CONTEXT('2D SPACE',''
  ) );
#579 = PCURVE('',#580,#585);
#580 = TOROIDAL_SURFACE('',#581,25.,3.);
#581 = AXIS2_PLACEMENT_3D('',#582,#583,#584);
#582 = CARTESIAN_POINT('',(1.075001029435E+03,151.06721656037,
    -254.3397256911));
#583 = DIRECTION('',(9.074861021096E-03,-0.306276559462,0.951899320318)
  );
#584 = DIRECTION('',(0.999958822601,2.779531665021E-03,
    -8.638709757559E-03));
#585 = DEFINITIONAL_REPRESENTATION('',(#586),#589);
#586 = B_SPLINE_CURVE_WITH_KNOTS('',1,(#587,#588),.UNSPECIFIED.,.F.,.F.,
  (2,2),(0.,6.28318530718),.PIECEWISE_BEZIER_KNOTS.);
#587 = CARTESIAN_POINT('',(0.,4.721463965968));
#588 = CARTESIAN_POINT('',(0.,11.004649273147));
#589 = ( GEOMETRIC_REPRESENTATION_CONTEXT(2) 
PARAMETRIC_REPRESENTATION_CONTEXT() REPRESENTATION_CONTEXT('2D SPACE',''
  ) );
#590 = ORIENTED_EDGE('',*,*,#542,.F.);
#591 = ORIENTED_EDGE('',*,*,#433,.F.);
#592 = ADVANCED_FACE('',(#593),#525,.F.);
#593 = FACE_BOUND('',#594,.T.);
#594 = EDGE_LOOP('',(#595,#596,#620,#648,#669));
#595 = ORIENTED_EDGE('',*,*,#510,.F.);
#596 = ORIENTED_EDGE('',*,*,#597,.T.);
#597 = EDGE_CURVE('',#488,#598,#600,.T.);
#598 = VERTEX_POINT('',#599);
#599 = CARTESIAN_POINT('',(1.098503574101E+03,335.42523555779,
    -195.3689986457));
#600 = SEAM_CURVE('',#601,(#606,#613),.PCURVE_S1.);
#601 = CIRCLE('',#602,24.954276921493);
#602 = AXIS2_PLACEMENT_3D('',#603,#604,#605);
#603 = CARTESIAN_POINT('',(1.096023902605E+03,327.8198394155,
    -171.731631714));
#604 = DIRECTION('',(-0.995050693109,3.043552537552E-02,
    -9.459279537868E-02));
#605 = DIRECTION('',(3.548189394838E-02,0.998009651197,
    -5.21322483642E-02));
#606 = PCURVE('',#525,#607);
#607 = DEFINITIONAL_REPRESENTATION('',(#608),#612);
#608 = LINE('',#609,#610);
#609 = CARTESIAN_POINT('',(-0.,10.965087512824));
#610 = VECTOR('',#611,1.);
#611 = DIRECTION('',(-1.,0.));
#612 = ( GEOMETRIC_REPRESENTATION_CONTEXT(2) 
PARAMETRIC_REPRESENTATION_CONTEXT() REPRESENTATION_CONTEXT('2D SPACE',''
  ) );
#613 = PCURVE('',#525,#614);
#614 = DEFINITIONAL_REPRESENTATION('',(#615),#619);
#615 = LINE('',#616,#617);
#616 = CARTESIAN_POINT('',(-0.,4.681902205644));
#617 = VECTOR('',#618,1.);
#618 = DIRECTION('',(-1.,0.));
#619 = ( GEOMETRIC_REPRESENTATION_CONTEXT(2) 
PARAMETRIC_REPRESENTATION_CONTEXT() REPRESENTATION_CONTEXT('2D SPACE',''
  ) );
#620 = ORIENTED_EDGE('',*,*,#621,.T.);
#621 = EDGE_CURVE('',#598,#622,#624,.T.);
#622 = VERTEX_POINT('',#623);
#623 = CARTESIAN_POINT('',(1.1E+03,335.85297241299,-196.6983933028));
#624 = SURFACE_CURVE('',#625,(#630,#637),.PCURVE_S1.);
#625 = CIRCLE('',#626,1.5);
#626 = AXIS2_PLACEMENT_3D('',#627,#628,#629);
#627 = CARTESIAN_POINT('',(1.1E+03,335.39353865551,-195.2704855248));
#628 = DIRECTION('',(-2.081668171172E-17,-0.95193851867,-0.306289171653)
  );
#629 = DIRECTION('',(-0.997617266044,2.113126818614E-02,
    -6.567541394343E-02));
#630 = PCURVE('',#525,#631);
#631 = DEFINITIONAL_REPRESENTATION('',(#632),#636);
#632 = LINE('',#633,#634);
#633 = CARTESIAN_POINT('',(-1.205663346859,4.681902205644));
#634 = VECTOR('',#635,1.);
#635 = DIRECTION('',(-0.,1.));
#636 = ( GEOMETRIC_REPRESENTATION_CONTEXT(2) 
PARAMETRIC_REPRESENTATION_CONTEXT() REPRESENTATION_CONTEXT('2D SPACE',''
  ) );
#637 = PCURVE('',#638,#643);
#638 = CYLINDRICAL_SURFACE('',#639,1.5);
#639 = AXIS2_PLACEMENT_3D('',#640,#641,#642);
#640 = CARTESIAN_POINT('',(1.1E+03,335.39353865551,-195.2704855248));
#641 = DIRECTION('',(-0.,0.95193851867,0.306289171653));
#642 = DIRECTION('',(0.,0.306289171653,-0.95193851867));
#643 = DEFINITIONAL_REPRESENTATION('',(#644),#647);
#644 = B_SPLINE_CURVE_WITH_KNOTS('',1,(#645,#646),.UNSPECIFIED.,.F.,.F.,
  (2,2),(0.,1.501750243705),.PIECEWISE_BEZIER_KNOTS.);
#645 = CARTESIAN_POINT('',(-4.781435063474,0.));
#646 = CARTESIAN_POINT('',(-6.28318530718,0.));
#647 = ( GEOMETRIC_REPRESENTATION_CONTEXT(2) 
PARAMETRIC_REPRESENTATION_CONTEXT() REPRESENTATION_CONTEXT('2D SPACE',''
  ) );
#648 = ORIENTED_EDGE('',*,*,#649,.T.);
#649 = EDGE_CURVE('',#622,#598,#650,.T.);
#650 = SURFACE_CURVE('',#651,(#656,#663),.PCURVE_S1.);
#651 = CIRCLE('',#652,1.5);
#652 = AXIS2_PLACEMENT_3D('',#653,#654,#655);
#653 = CARTESIAN_POINT('',(1.1E+03,335.39353865551,-195.2704855248));
#654 = DIRECTION('',(-2.081668171172E-17,-0.95193851867,-0.306289171653)
  );
#655 = DIRECTION('',(-0.997617266044,2.113126818614E-02,
    -6.567541394343E-02));
#656 = PCURVE('',#525,#657);
#657 = DEFINITIONAL_REPRESENTATION('',(#658),#662);
#658 = LINE('',#659,#660);
#659 = CARTESIAN_POINT('',(-1.205663346859,4.681902205644));
#660 = VECTOR('',#661,1.);
#661 = DIRECTION('',(-0.,1.));
#662 = ( GEOMETRIC_REPRESENTATION_CONTEXT(2) 
PARAMETRIC_REPRESENTATION_CONTEXT() REPRESENTATION_CONTEXT('2D SPACE',''
  ) );
#663 = PCURVE('',#638,#664);
#664 = DEFINITIONAL_REPRESENTATION('',(#665),#668);
#665 = B_SPLINE_CURVE_WITH_KNOTS('',1,(#666,#667),.UNSPECIFIED.,.F.,.F.,
  (2,2),(1.501750243705,6.28318530718),.PIECEWISE_BEZIER_KNOTS.);
#666 = CARTESIAN_POINT('',(0.,0.));
#667 = CARTESIAN_POINT('',(-4.781435063474,0.));
#668 = ( GEOMETRIC_REPRESENTATION_CONTEXT(2) 
PARAMETRIC_REPRESENTATION_CONTEXT() REPRESENTATION_CONTEXT('2D SPACE',''
  ) );
#669 = ORIENTED_EDGE('',*,*,#597,.F.);
#670 = ADVANCED_FACE('',(#671),#580,.T.);
#671 = FACE_BOUND('',#672,.F.);
#672 = EDGE_LOOP('',(#673,#674,#698,#726,#747));
#673 = ORIENTED_EDGE('',*,*,#565,.F.);
#674 = ORIENTED_EDGE('',*,*,#675,.T.);
#675 = EDGE_CURVE('',#543,#676,#678,.T.);
#676 = VERTEX_POINT('',#677);
#677 = CARTESIAN_POINT('',(1.075679374788E+03,128.17306091183,
    -264.8639222817));
#678 = SEAM_CURVE('',#679,(#684,#691),.PCURVE_S1.);
#679 = CIRCLE('',#680,25.027224583063);
#680 = AXIS2_PLACEMENT_3D('',#681,#682,#683);
#681 = CARTESIAN_POINT('',(1.074973805973E+03,151.98600840374,
    -257.1953060619));
#682 = DIRECTION('',(-9.074861021096E-03,0.306276559462,-0.951899320318)
  );
#683 = DIRECTION('',(0.999958822601,2.779531665021E-03,
    -8.638709757559E-03));
#684 = PCURVE('',#580,#685);
#685 = DEFINITIONAL_REPRESENTATION('',(#686),#690);
#686 = LINE('',#687,#688);
#687 = CARTESIAN_POINT('',(-0.,11.004649273147));
#688 = VECTOR('',#689,1.);
#689 = DIRECTION('',(-1.,0.));
#690 = ( GEOMETRIC_REPRESENTATION_CONTEXT(2) 
PARAMETRIC_REPRESENTATION_CONTEXT() REPRESENTATION_CONTEXT('2D SPACE',''
  ) );
#691 = PCURVE('',#580,#692);
#692 = DEFINITIONAL_REPRESENTATION('',(#693),#697);
#693 = LINE('',#694,#695);
#694 = CARTESIAN_POINT('',(-0.,4.721463965968));
#695 = VECTOR('',#696,1.);
#696 = DIRECTION('',(-1.,0.));
#697 = ( GEOMETRIC_REPRESENTATION_CONTEXT(2) 
PARAMETRIC_REPRESENTATION_CONTEXT() REPRESENTATION_CONTEXT('2D SPACE',''
  ) );
#698 = ORIENTED_EDGE('',*,*,#699,.T.);
#699 = EDGE_CURVE('',#676,#700,#702,.T.);
#700 = VERTEX_POINT('',#701);
#701 = CARTESIAN_POINT('',(1.075794680629E+03,124.28148876843,-262.));
#702 = SURFACE_CURVE('',#703,(#708,#715),.PCURVE_S1.);
#703 = CIRCLE('',#704,3.);
#704 = AXIS2_PLACEMENT_3D('',#705,#706,#707);
#705 = CARTESIAN_POINT('',(1.075705830733E+03,127.28017276245,-262.));
#706 = DIRECTION('',(-0.999561331338,-2.961663203965E-02,
    4.683753385137E-17));
#707 = DIRECTION('',(-8.818648388952E-03,0.297629383127,-0.954640760569)
  );
#708 = PCURVE('',#580,#709);
#709 = DEFINITIONAL_REPRESENTATION('',(#710),#714);
#710 = LINE('',#711,#712);
#711 = CARTESIAN_POINT('',(-1.542599377697,4.721463965968));
#712 = VECTOR('',#713,1.);
#713 = DIRECTION('',(-0.,1.));
#714 = ( GEOMETRIC_REPRESENTATION_CONTEXT(2) 
PARAMETRIC_REPRESENTATION_CONTEXT() REPRESENTATION_CONTEXT('2D SPACE',''
  ) );
#715 = PCURVE('',#716,#721);
#716 = CYLINDRICAL_SURFACE('',#717,3.);
#717 = AXIS2_PLACEMENT_3D('',#718,#719,#720);
#718 = CARTESIAN_POINT('',(1.075705830733E+03,127.28017276245,-262.));
#719 = DIRECTION('',(0.999561331338,2.961663203965E-02,-0.));
#720 = DIRECTION('',(2.961663203965E-02,-0.999561331338,0.));
#721 = DEFINITIONAL_REPRESENTATION('',(#722),#725);
#722 = B_SPLINE_CURVE_WITH_KNOTS('',1,(#723,#724),.UNSPECIFIED.,.F.,.F.,
  (2,2),(0.,1.873141688155),.PIECEWISE_BEZIER_KNOTS.);
#723 = CARTESIAN_POINT('',(-4.410043619024,0.));
#724 = CARTESIAN_POINT('',(-6.28318530718,0.));
#725 = ( GEOMETRIC_REPRESENTATION_CONTEXT(2) 
PARAMETRIC_REPRESENTATION_CONTEXT() REPRESENTATION_CONTEXT('2D SPACE',''
  ) );
#726 = ORIENTED_EDGE('',*,*,#727,.T.);
#727 = EDGE_CURVE('',#700,#676,#728,.T.);
#728 = SURFACE_CURVE('',#729,(#734,#741),.PCURVE_S1.);
#729 = CIRCLE('',#730,3.);
#730 = AXIS2_PLACEMENT_3D('',#731,#732,#733);
#731 = CARTESIAN_POINT('',(1.075705830733E+03,127.28017276245,-262.));
#732 = DIRECTION('',(-0.999561331338,-2.961663203965E-02,
    4.683753385137E-17));
#733 = DIRECTION('',(-8.818648388952E-03,0.297629383127,-0.954640760569)
  );
#734 = PCURVE('',#580,#735);
#735 = DEFINITIONAL_REPRESENTATION('',(#736),#740);
#736 = LINE('',#737,#738);
#737 = CARTESIAN_POINT('',(-1.542599377697,4.721463965968));
#738 = VECTOR('',#739,1.);
#739 = DIRECTION('',(-0.,1.));
#740 = ( GEOMETRIC_REPRESENTATION_CONTEXT(2) 
PARAMETRIC_REPRESENTATION_CONTEXT() REPRESENTATION_CONTEXT('2D SPACE',''
  ) );
#741 = PCURVE('',#716,#742);
#742 = DEFINITIONAL_REPRESENTATION('',(#743),#746);
#743 = B_SPLINE_CURVE_WITH_KNOTS('',1,(#744,#745),.UNSPECIFIED.,.F.,.F.,
  (2,2),(1.873141688155,6.28318530718),.PIECEWISE_BEZIER_KNOTS.);
#744 = CARTESIAN_POINT('',(0.,0.));
#745 = CARTESIAN_POINT('',(-4.410043619024,0.));
#746 = ( GEOMETRIC_REPRESENTATION_CONTEXT(2) 
PARAMETRIC_REPRESENTATION_CONTEXT() REPRESENTATION_CONTEXT('2D SPACE',''
  ) );
#747 = ORIENTED_EDGE('',*,*,#675,.F.);
#748 = ADVANCED_FACE('',(#749),#638,.F.);
#749 = FACE_BOUND('',#750,.T.);
#750 = EDGE_LOOP('',(#751,#752,#775,#801,#802));
#751 = ORIENTED_EDGE('',*,*,#649,.F.);
#752 = ORIENTED_EDGE('',*,*,#753,.T.);
#753 = EDGE_CURVE('',#622,#754,#756,.T.);
#754 = VERTEX_POINT('',#755);
#755 = CARTESIAN_POINT('',(1.1E+03,151.59613860947,-255.9836012131));
#756 = SEAM_CURVE('',#757,(#761,#768),.PCURVE_S1.);
#757 = LINE('',#758,#759);
#758 = CARTESIAN_POINT('',(1.1E+03,335.85297241299,-196.6983933028));
#759 = VECTOR('',#760,1.);
#760 = DIRECTION('',(0.,-0.95193851867,-0.306289171653));
#761 = PCURVE('',#638,#762);
#762 = DEFINITIONAL_REPRESENTATION('',(#763),#767);
#763 = LINE('',#764,#765);
#764 = CARTESIAN_POINT('',(-6.28318530718,0.));
#765 = VECTOR('',#766,1.);
#766 = DIRECTION('',(-0.,-1.));
#767 = ( GEOMETRIC_REPRESENTATION_CONTEXT(2) 
PARAMETRIC_REPRESENTATION_CONTEXT() REPRESENTATION_CONTEXT('2D SPACE',''
  ) );
#768 = PCURVE('',#638,#769);
#769 = DEFINITIONAL_REPRESENTATION('',(#770),#774);
#770 = LINE('',#771,#772);
#771 = CARTESIAN_POINT('',(-0.,0.));
#772 = VECTOR('',#773,1.);
#773 = DIRECTION('',(-0.,-1.));
#774 = ( GEOMETRIC_REPRESENTATION_CONTEXT(2) 
PARAMETRIC_REPRESENTATION_CONTEXT() REPRESENTATION_CONTEXT('2D SPACE',''
  ) );
#775 = ORIENTED_EDGE('',*,*,#776,.T.);
#776 = EDGE_CURVE('',#754,#754,#777,.T.);
#777 = SURFACE_CURVE('',#778,(#783,#790),.PCURVE_S1.);
#778 = CIRCLE('',#779,1.5);
#779 = AXIS2_PLACEMENT_3D('',#780,#781,#782);
#780 = CARTESIAN_POINT('',(1.1E+03,151.13670485199,-254.5556934351));
#781 = DIRECTION('',(0.,-0.95193851867,-0.306289171653));
#782 = DIRECTION('',(0.,0.306289171653,-0.95193851867));
#783 = PCURVE('',#638,#784);
#784 = DEFINITIONAL_REPRESENTATION('',(#785),#789);
#785 = LINE('',#786,#787);
#786 = CARTESIAN_POINT('',(-0.,-193.5595946479));
#787 = VECTOR('',#788,1.);
#788 = DIRECTION('',(-1.,0.));
#789 = ( GEOMETRIC_REPRESENTATION_CONTEXT(2) 
PARAMETRIC_REPRESENTATION_CONTEXT() REPRESENTATION_CONTEXT('2D SPACE',''
  ) );
#790 = PCURVE('',#791,#796);
#791 = TOROIDAL_SURFACE('',#792,25.,1.5);
#792 = AXIS2_PLACEMENT_3D('',#793,#794,#795);
#793 = CARTESIAN_POINT('',(1.075001029435E+03,151.06721656037,
    -254.3397256911));
#794 = DIRECTION('',(9.074861021096E-03,-0.306276559462,0.951899320318)
  );
#795 = DIRECTION('',(0.999958822601,2.779531665021E-03,
    -8.638709757559E-03));
#796 = DEFINITIONAL_REPRESENTATION('',(#797),#800);
#797 = B_SPLINE_CURVE_WITH_KNOTS('',1,(#798,#799),.UNSPECIFIED.,.F.,.F.,
  (2,2),(0.,6.28318530718),.PIECEWISE_BEZIER_KNOTS.);
#798 = CARTESIAN_POINT('',(-5.68124849365E-16,4.721463965968));
#799 = CARTESIAN_POINT('',(-5.68124849365E-16,11.004649273147));
#800 = ( GEOMETRIC_REPRESENTATION_CONTEXT(2) 
PARAMETRIC_REPRESENTATION_CONTEXT() REPRESENTATION_CONTEXT('2D SPACE',''
  ) );
#801 = ORIENTED_EDGE('',*,*,#753,.F.);
#802 = ORIENTED_EDGE('',*,*,#621,.F.);
#803 = ADVANCED_FACE('',(#804),#716,.T.);
#804 = FACE_BOUND('',#805,.F.);
#805 = EDGE_LOOP('',(#806,#807,#830,#856,#857));
#806 = ORIENTED_EDGE('',*,*,#727,.F.);
#807 = ORIENTED_EDGE('',*,*,#808,.T.);
#808 = EDGE_CURVE('',#700,#809,#811,.T.);
#809 = VERTEX_POINT('',#810);
#810 = CARTESIAN_POINT('',(979.77754122841,121.4365364899,-262.));
#811 = SEAM_CURVE('',#812,(#816,#823),.PCURVE_S1.);
#812 = LINE('',#813,#814);
#813 = CARTESIAN_POINT('',(1.075794680629E+03,124.28148876843,-262.));
#814 = VECTOR('',#815,1.);
#815 = DIRECTION('',(-0.999561331338,-2.961663203965E-02,0.));
#816 = PCURVE('',#716,#817);
#817 = DEFINITIONAL_REPRESENTATION('',(#818),#822);
#818 = LINE('',#819,#820);
#819 = CARTESIAN_POINT('',(-6.28318530718,0.));
#820 = VECTOR('',#821,1.);
#821 = DIRECTION('',(-0.,-1.));
#822 = ( GEOMETRIC_REPRESENTATION_CONTEXT(2) 
PARAMETRIC_REPRESENTATION_CONTEXT() REPRESENTATION_CONTEXT('2D SPACE',''
  ) );
#823 = PCURVE('',#716,#824);
#824 = DEFINITIONAL_REPRESENTATION('',(#825),#829);
#825 = LINE('',#826,#827);
#826 = CARTESIAN_POINT('',(-0.,0.));
#827 = VECTOR('',#828,1.);
#828 = DIRECTION('',(-0.,-1.));
#829 = ( GEOMETRIC_REPRESENTATION_CONTEXT(2) 
PARAMETRIC_REPRESENTATION_CONTEXT() REPRESENTATION_CONTEXT('2D SPACE',''
  ) );
#830 = ORIENTED_EDGE('',*,*,#831,.T.);
#831 = EDGE_CURVE('',#809,#809,#832,.T.);
#832 = SURFACE_CURVE('',#833,(#838,#845),.PCURVE_S1.);
#833 = CIRCLE('',#834,3.);
#834 = AXIS2_PLACEMENT_3D('',#835,#836,#837);
#835 = CARTESIAN_POINT('',(979.68869133229,124.43522048392,-262.));
#836 = DIRECTION('',(-0.999561331338,-2.961663203965E-02,0.));
#837 = DIRECTION('',(2.961663203965E-02,-0.999561331338,0.));
#838 = PCURVE('',#716,#839);
#839 = DEFINITIONAL_REPRESENTATION('',(#840),#844);
#840 = LINE('',#841,#842);
#841 = CARTESIAN_POINT('',(-0.,-96.05927759515));
#842 = VECTOR('',#843,1.);
#843 = DIRECTION('',(-1.,0.));
#844 = ( GEOMETRIC_REPRESENTATION_CONTEXT(2) 
PARAMETRIC_REPRESENTATION_CONTEXT() REPRESENTATION_CONTEXT('2D SPACE',''
  ) );
#845 = PCURVE('',#846,#851);
#846 = TOROIDAL_SURFACE('',#847,25.,3.);
#847 = AXIS2_PLACEMENT_3D('',#848,#849,#850);
#848 = CARTESIAN_POINT('',(980.01012650508,113.58678340236,
    -284.5212808764));
#849 = DIRECTION('',(-2.668017955121E-02,0.900456059853,-0.434127921577)
  );
#850 = DIRECTION('',(-1.285740691148E-02,0.433937483262,0.900851235059)
  );
#851 = DEFINITIONAL_REPRESENTATION('',(#852),#855);
#852 = B_SPLINE_CURVE_WITH_KNOTS('',1,(#853,#854),.UNSPECIFIED.,.F.,.F.,
  (2,2),(0.,6.28318530718),.PIECEWISE_BEZIER_KNOTS.);
#853 = CARTESIAN_POINT('',(-4.797395509866E-15,4.263318990097));
#854 = CARTESIAN_POINT('',(-4.797395509866E-15,10.546504297276));
#855 = ( GEOMETRIC_REPRESENTATION_CONTEXT(2) 
PARAMETRIC_REPRESENTATION_CONTEXT() REPRESENTATION_CONTEXT('2D SPACE',''
  ) );
#856 = ORIENTED_EDGE('',*,*,#808,.F.);
#857 = ORIENTED_EDGE('',*,*,#699,.F.);
#858 = ADVANCED_FACE('',(#859),#791,.F.);
#859 = FACE_BOUND('',#860,.T.);
#860 = EDGE_LOOP('',(#861,#862,#886,#914,#935));
#861 = ORIENTED_EDGE('',*,*,#776,.F.);
#862 = ORIENTED_EDGE('',*,*,#863,.T.);
#863 = EDGE_CURVE('',#754,#864,#866,.T.);
#864 = VERTEX_POINT('',#865);
#865 = CARTESIAN_POINT('',(1.07569260276E+03,127.72661683714,
    -263.4319611408));
#866 = SEAM_CURVE('',#867,(#872,#879),.PCURVE_S1.);
#867 = CIRCLE('',#868,25.013612291532);
#868 = AXIS2_PLACEMENT_3D('',#869,#870,#871);
#869 = CARTESIAN_POINT('',(1.074987417704E+03,151.52661248205,
    -255.7675158765));
#870 = DIRECTION('',(-9.074861021096E-03,0.306276559462,-0.951899320318)
  );
#871 = DIRECTION('',(0.999958822601,2.779531665022E-03,
    -8.638709757559E-03));
#872 = PCURVE('',#791,#873);
#873 = DEFINITIONAL_REPRESENTATION('',(#874),#878);
#874 = LINE('',#875,#876);
#875 = CARTESIAN_POINT('',(-5.68124849365E-16,11.004649273147));
#876 = VECTOR('',#877,1.);
#877 = DIRECTION('',(-1.,0.));
#878 = ( GEOMETRIC_REPRESENTATION_CONTEXT(2) 
PARAMETRIC_REPRESENTATION_CONTEXT() REPRESENTATION_CONTEXT('2D SPACE',''
  ) );
#879 = PCURVE('',#791,#880);
#880 = DEFINITIONAL_REPRESENTATION('',(#881),#885);
#881 = LINE('',#882,#883);
#882 = CARTESIAN_POINT('',(-5.68124849365E-16,4.721463965968));
#883 = VECTOR('',#884,1.);
#884 = DIRECTION('',(-1.,0.));
#885 = ( GEOMETRIC_REPRESENTATION_CONTEXT(2) 
PARAMETRIC_REPRESENTATION_CONTEXT() REPRESENTATION_CONTEXT('2D SPACE',''
  ) );
#886 = ORIENTED_EDGE('',*,*,#887,.T.);
#887 = EDGE_CURVE('',#864,#888,#890,.T.);
#888 = VERTEX_POINT('',#889);
#889 = CARTESIAN_POINT('',(1.075750255681E+03,125.78083076544,-262.));
#890 = SURFACE_CURVE('',#891,(#896,#903),.PCURVE_S1.);
#891 = CIRCLE('',#892,1.5);
#892 = AXIS2_PLACEMENT_3D('',#893,#894,#895);
#893 = CARTESIAN_POINT('',(1.075705830733E+03,127.28017276245,-262.));
#894 = DIRECTION('',(-0.999561331338,-2.961663203965E-02,
    4.683753385137E-17));
#895 = DIRECTION('',(-8.818648388952E-03,0.297629383127,-0.954640760569)
  );
#896 = PCURVE('',#791,#897);
#897 = DEFINITIONAL_REPRESENTATION('',(#898),#902);
#898 = LINE('',#899,#900);
#899 = CARTESIAN_POINT('',(-1.542599377697,4.721463965968));
#900 = VECTOR('',#901,1.);
#901 = DIRECTION('',(-0.,1.));
#902 = ( GEOMETRIC_REPRESENTATION_CONTEXT(2) 
PARAMETRIC_REPRESENTATION_CONTEXT() REPRESENTATION_CONTEXT('2D SPACE',''
  ) );
#903 = PCURVE('',#904,#909);
#904 = CYLINDRICAL_SURFACE('',#905,1.5);
#905 = AXIS2_PLACEMENT_3D('',#906,#907,#908);
#906 = CARTESIAN_POINT('',(1.075705830733E+03,127.28017276245,-262.));
#907 = DIRECTION('',(0.999561331338,2.961663203965E-02,-0.));
#908 = DIRECTION('',(2.961663203965E-02,-0.999561331338,0.));
#909 = DEFINITIONAL_REPRESENTATION('',(#910),#913);
#910 = B_SPLINE_CURVE_WITH_KNOTS('',1,(#911,#912),.UNSPECIFIED.,.F.,.F.,
  (2,2),(0.,1.873141688155),.PIECEWISE_BEZIER_KNOTS.);
#911 = CARTESIAN_POINT('',(-4.410043619024,0.));
#912 = CARTESIAN_POINT('',(-6.28318530718,0.));
#913 = ( GEOMETRIC_REPRESENTATION_CONTEXT(2) 
PARAMETRIC_REPRESENTATION_CONTEXT() REPRESENTATION_CONTEXT('2D SPACE',''
  ) );
#914 = ORIENTED_EDGE('',*,*,#915,.T.);
#915 = EDGE_CURVE('',#888,#864,#916,.T.);
#916 = SURFACE_CURVE('',#917,(#922,#929),.PCURVE_S1.);
#917 = CIRCLE('',#918,1.5);
#918 = AXIS2_PLACEMENT_3D('',#919,#920,#921);
#919 = CARTESIAN_POINT('',(1.075705830733E+03,127.28017276245,-262.));
#920 = DIRECTION('',(-0.999561331338,-2.961663203965E-02,
    4.683753385137E-17));
#921 = DIRECTION('',(-8.818648388952E-03,0.297629383127,-0.954640760569)
  );
#922 = PCURVE('',#791,#923);
#923 = DEFINITIONAL_REPRESENTATION('',(#924),#928);
#924 = LINE('',#925,#926);
#925 = CARTESIAN_POINT('',(-1.542599377697,4.721463965968));
#926 = VECTOR('',#927,1.);
#927 = DIRECTION('',(-0.,1.));
#928 = ( GEOMETRIC_REPRESENTATION_CONTEXT(2) 
PARAMETRIC_REPRESENTATION_CONTEXT() REPRESENTATION_CONTEXT('2D SPACE',''
  ) );
#929 = PCURVE('',#904,#930);
#930 = DEFINITIONAL_REPRESENTATION('',(#931),#934);
#931 = B_SPLINE_CURVE_WITH_KNOTS('',1,(#932,#933),.UNSPECIFIED.,.F.,.F.,
  (2,2),(1.873141688155,6.28318530718),.PIECEWISE_BEZIER_KNOTS.);
#932 = CARTESIAN_POINT('',(0.,0.));
#933 = CARTESIAN_POINT('',(-4.410043619024,0.));
#934 = ( GEOMETRIC_REPRESENTATION_CONTEXT(2) 
PARAMETRIC_REPRESENTATION_CONTEXT() REPRESENTATION_CONTEXT('2D SPACE',''
  ) );
#935 = ORIENTED_EDGE('',*,*,#863,.F.);
#936 = ADVANCED_FACE('',(#937),#846,.T.);
#937 = FACE_BOUND('',#938,.F.);
#938 = EDGE_LOOP('',(#939,#940,#964,#992,#1013));
#939 = ORIENTED_EDGE('',*,*,#831,.F.);
#940 = ORIENTED_EDGE('',*,*,#941,.T.);
#941 = EDGE_CURVE('',#809,#942,#944,.T.);
#942 = VERTEX_POINT('',#943);
#943 = CARTESIAN_POINT('',(959.23789569392,115.54202225314,
    -272.963933433));
#944 = SEAM_CURVE('',#945,(#950,#957),.PCURVE_S1.);
#945 = CIRCLE('',#946,23.69761623527);
#946 = AXIS2_PLACEMENT_3D('',#947,#948,#949);
#947 = CARTESIAN_POINT('',(980.08223112318,111.15325254145,
    -283.3480268534));
#948 = DIRECTION('',(2.668017955121E-02,-0.900456059853,0.434127921577)
  );
#949 = DIRECTION('',(-1.285740691148E-02,0.433937483262,0.900851235059)
  );
#950 = PCURVE('',#846,#951);
#951 = DEFINITIONAL_REPRESENTATION('',(#952),#956);
#952 = LINE('',#953,#954);
#953 = CARTESIAN_POINT('',(-4.797395509866E-15,10.546504297276));
#954 = VECTOR('',#955,1.);
#955 = DIRECTION('',(-1.,0.));
#956 = ( GEOMETRIC_REPRESENTATION_CONTEXT(2) 
PARAMETRIC_REPRESENTATION_CONTEXT() REPRESENTATION_CONTEXT('2D SPACE',''
  ) );
#957 = PCURVE('',#846,#958);
#958 = DEFINITIONAL_REPRESENTATION('',(#959),#963);
#959 = LINE('',#960,#961);
#960 = CARTESIAN_POINT('',(-4.797395509866E-15,4.263318990097));
#961 = VECTOR('',#962,1.);
#962 = DIRECTION('',(-1.,0.));
#963 = ( GEOMETRIC_REPRESENTATION_CONTEXT(2) 
PARAMETRIC_REPRESENTATION_CONTEXT() REPRESENTATION_CONTEXT('2D SPACE',''
  ) );
#964 = ORIENTED_EDGE('',*,*,#965,.T.);
#965 = EDGE_CURVE('',#942,#966,#968,.T.);
#966 = VERTEX_POINT('',#967);
#967 = CARTESIAN_POINT('',(955.45165615913,118.21675300364,
    -272.016499089));
#968 = SURFACE_CURVE('',#969,(#974,#981),.PCURVE_S1.);
#969 = CIRCLE('',#970,3.);
#970 = AXIS2_PLACEMENT_3D('',#971,#972,#973);
#971 = CARTESIAN_POINT('',(958.02021914233,118.21675300364,
    -273.5664939927));
#972 = DIRECTION('',(-0.474972132555,-0.393548338402,-0.787096676805));
#973 = DIRECTION('',(0.405892183863,-0.891576916834,0.200853519879));
#974 = PCURVE('',#846,#975);
#975 = DEFINITIONAL_REPRESENTATION('',(#976),#980);
#976 = LINE('',#977,#978);
#977 = CARTESIAN_POINT('',(-1.062809407821,4.263318990097));
#978 = VECTOR('',#979,1.);
#979 = DIRECTION('',(-0.,1.));
#980 = ( GEOMETRIC_REPRESENTATION_CONTEXT(2) 
PARAMETRIC_REPRESENTATION_CONTEXT() REPRESENTATION_CONTEXT('2D SPACE',''
  ) );
#981 = PCURVE('',#982,#987);
#982 = CYLINDRICAL_SURFACE('',#983,3.);
#983 = AXIS2_PLACEMENT_3D('',#984,#985,#986);
#984 = CARTESIAN_POINT('',(958.02021914233,118.21675300364,
    -273.5664939927));
#985 = DIRECTION('',(0.474972132555,0.393548338402,0.787096676805));
#986 = DIRECTION('',(-0.856187661066,-2.775557561563E-17,0.516664967884)
  );
#987 = DEFINITIONAL_REPRESENTATION('',(#988),#991);
#988 = B_SPLINE_CURVE_WITH_KNOTS('',1,(#989,#990),.UNSPECIFIED.,.F.,.F.,
  (2,2),(0.,1.817022709938),.PIECEWISE_BEZIER_KNOTS.);
#989 = CARTESIAN_POINT('',(-4.466162597241,0.));
#990 = CARTESIAN_POINT('',(-6.28318530718,0.));
#991 = ( GEOMETRIC_REPRESENTATION_CONTEXT(2) 
PARAMETRIC_REPRESENTATION_CONTEXT() REPRESENTATION_CONTEXT('2D SPACE',''
  ) );
#992 = ORIENTED_EDGE('',*,*,#993,.T.);
#993 = EDGE_CURVE('',#966,#942,#994,.T.);
#994 = SURFACE_CURVE('',#995,(#1000,#1007),.PCURVE_S1.);
#995 = CIRCLE('',#996,3.);
#996 = AXIS2_PLACEMENT_3D('',#997,#998,#999);
#997 = CARTESIAN_POINT('',(958.02021914233,118.21675300364,
    -273.5664939927));
#998 = DIRECTION('',(-0.474972132555,-0.393548338402,-0.787096676805));
#999 = DIRECTION('',(0.405892183863,-0.891576916834,0.200853519879));
#1000 = PCURVE('',#846,#1001);
#1001 = DEFINITIONAL_REPRESENTATION('',(#1002),#1006);
#1002 = LINE('',#1003,#1004);
#1003 = CARTESIAN_POINT('',(-1.062809407821,4.263318990097));
#1004 = VECTOR('',#1005,1.);
#1005 = DIRECTION('',(-0.,1.));
#1006 = ( GEOMETRIC_REPRESENTATION_CONTEXT(2) 
PARAMETRIC_REPRESENTATION_CONTEXT() REPRESENTATION_CONTEXT('2D SPACE',''
  ) );
#1007 = PCURVE('',#982,#1008);
#1008 = DEFINITIONAL_REPRESENTATION('',(#1009),#1012);
#1009 = B_SPLINE_CURVE_WITH_KNOTS('',1,(#1010,#1011),.UNSPECIFIED.,.F.,
  .F.,(2,2),(1.817022709938,6.28318530718),.PIECEWISE_BEZIER_KNOTS.);
#1010 = CARTESIAN_POINT('',(0.,0.));
#1011 = CARTESIAN_POINT('',(-4.466162597241,0.));
#1012 = ( GEOMETRIC_REPRESENTATION_CONTEXT(2) 
PARAMETRIC_REPRESENTATION_CONTEXT() REPRESENTATION_CONTEXT('2D SPACE',''
  ) );
#1013 = ORIENTED_EDGE('',*,*,#941,.F.);
#1014 = ADVANCED_FACE('',(#1015),#904,.F.);
#1015 = FACE_BOUND('',#1016,.T.);
#1016 = EDGE_LOOP('',(#1017,#1018,#1041,#1067,#1068));
#1017 = ORIENTED_EDGE('',*,*,#915,.F.);
#1018 = ORIENTED_EDGE('',*,*,#1019,.T.);
#1019 = EDGE_CURVE('',#888,#1020,#1022,.T.);
#1020 = VERTEX_POINT('',#1021);
#1021 = CARTESIAN_POINT('',(979.73311628035,122.93587848691,-262.));
#1022 = SEAM_CURVE('',#1023,(#1027,#1034),.PCURVE_S1.);
#1023 = LINE('',#1024,#1025);
#1024 = CARTESIAN_POINT('',(1.075750255681E+03,125.78083076544,-262.));
#1025 = VECTOR('',#1026,1.);
#1026 = DIRECTION('',(-0.999561331338,-2.961663203965E-02,0.));
#1027 = PCURVE('',#904,#1028);
#1028 = DEFINITIONAL_REPRESENTATION('',(#1029),#1033);
#1029 = LINE('',#1030,#1031);
#1030 = CARTESIAN_POINT('',(-6.28318530718,0.));
#1031 = VECTOR('',#1032,1.);
#1032 = DIRECTION('',(-0.,-1.));
#1033 = ( GEOMETRIC_REPRESENTATION_CONTEXT(2) 
PARAMETRIC_REPRESENTATION_CONTEXT() REPRESENTATION_CONTEXT('2D SPACE',''
  ) );
#1034 = PCURVE('',#904,#1035);
#1035 = DEFINITIONAL_REPRESENTATION('',(#1036),#1040);
#1036 = LINE('',#1037,#1038);
#1037 = CARTESIAN_POINT('',(-0.,0.));
#1038 = VECTOR('',#1039,1.);
#1039 = DIRECTION('',(-0.,-1.));
#1040 = ( GEOMETRIC_REPRESENTATION_CONTEXT(2) 
PARAMETRIC_REPRESENTATION_CONTEXT() REPRESENTATION_CONTEXT('2D SPACE',''
  ) );
#1041 = ORIENTED_EDGE('',*,*,#1042,.T.);
#1042 = EDGE_CURVE('',#1020,#1020,#1043,.T.);
#1043 = SURFACE_CURVE('',#1044,(#1049,#1056),.PCURVE_S1.);
#1044 = CIRCLE('',#1045,1.5);
#1045 = AXIS2_PLACEMENT_3D('',#1046,#1047,#1048);
#1046 = CARTESIAN_POINT('',(979.68869133229,124.43522048392,-262.));
#1047 = DIRECTION('',(-0.999561331338,-2.961663203965E-02,0.));
#1048 = DIRECTION('',(2.961663203965E-02,-0.999561331338,0.));
#1049 = PCURVE('',#904,#1050);
#1050 = DEFINITIONAL_REPRESENTATION('',(#1051),#1055);
#1051 = LINE('',#1052,#1053);
#1052 = CARTESIAN_POINT('',(-0.,-96.05927759515));
#1053 = VECTOR('',#1054,1.);
#1054 = DIRECTION('',(-1.,0.));
#1055 = ( GEOMETRIC_REPRESENTATION_CONTEXT(2) 
PARAMETRIC_REPRESENTATION_CONTEXT() REPRESENTATION_CONTEXT('2D SPACE',''
  ) );
#1056 = PCURVE('',#1057,#1062);
#1057 = TOROIDAL_SURFACE('',#1058,25.,1.5);
#1058 = AXIS2_PLACEMENT_3D('',#1059,#1060,#1061);
#1059 = CARTESIAN_POINT('',(980.01012650508,113.58678340236,
    -284.5212808764));
#1060 = DIRECTION('',(-2.668017955121E-02,0.900456059853,-0.434127921577
    ));
#1061 = DIRECTION('',(-1.285740691148E-02,0.433937483262,0.900851235059)
  );
#1062 = DEFINITIONAL_REPRESENTATION('',(#1063),#1066);
#1063 = B_SPLINE_CURVE_WITH_KNOTS('',1,(#1064,#1065),.UNSPECIFIED.,.F.,
  .F.,(2,2),(0.,6.28318530718),.PIECEWISE_BEZIER_KNOTS.);
#1064 = CARTESIAN_POINT('',(-4.669092514606E-15,4.263318990097));
#1065 = CARTESIAN_POINT('',(-4.669092514606E-15,10.546504297276));
#1066 = ( GEOMETRIC_REPRESENTATION_CONTEXT(2) 
PARAMETRIC_REPRESENTATION_CONTEXT() REPRESENTATION_CONTEXT('2D SPACE',''
  ) );
#1067 = ORIENTED_EDGE('',*,*,#1019,.F.);
#1068 = ORIENTED_EDGE('',*,*,#887,.F.);
#1069 = ADVANCED_FACE('',(#1070),#982,.T.);
#1070 = FACE_BOUND('',#1071,.F.);
#1071 = EDGE_LOOP('',(#1072,#1073,#1096,#1122,#1123));
#1072 = ORIENTED_EDGE('',*,*,#993,.F.);
#1073 = ORIENTED_EDGE('',*,*,#1074,.T.);
#1074 = EDGE_CURVE('',#966,#1075,#1077,.T.);
#1075 = VERTEX_POINT('',#1076);
#1076 = CARTESIAN_POINT('',(933.55667402439,100.07519637772,
    -308.2996123409));
#1077 = SEAM_CURVE('',#1078,(#1082,#1089),.PCURVE_S1.);
#1078 = LINE('',#1079,#1080);
#1079 = CARTESIAN_POINT('',(955.45165615913,118.21675300364,
    -272.016499089));
#1080 = VECTOR('',#1081,1.);
#1081 = DIRECTION('',(-0.474972132555,-0.393548338402,-0.787096676805));
#1082 = PCURVE('',#982,#1083);
#1083 = DEFINITIONAL_REPRESENTATION('',(#1084),#1088);
#1084 = LINE('',#1085,#1086);
#1085 = CARTESIAN_POINT('',(-6.28318530718,0.));
#1086 = VECTOR('',#1087,1.);
#1087 = DIRECTION('',(-0.,-1.));
#1088 = ( GEOMETRIC_REPRESENTATION_CONTEXT(2) 
PARAMETRIC_REPRESENTATION_CONTEXT() REPRESENTATION_CONTEXT('2D SPACE',''
  ) );
#1089 = PCURVE('',#982,#1090);
#1090 = DEFINITIONAL_REPRESENTATION('',(#1091),#1095);
#1091 = LINE('',#1092,#1093);
#1092 = CARTESIAN_POINT('',(-0.,0.));
#1093 = VECTOR('',#1094,1.);
#1094 = DIRECTION('',(-0.,-1.));
#1095 = ( GEOMETRIC_REPRESENTATION_CONTEXT(2) 
PARAMETRIC_REPRESENTATION_CONTEXT() REPRESENTATION_CONTEXT('2D SPACE',''
  ) );
#1096 = ORIENTED_EDGE('',*,*,#1097,.T.);
#1097 = EDGE_CURVE('',#1075,#1075,#1098,.T.);
#1098 = SURFACE_CURVE('',#1099,(#1104,#1111),.PCURVE_S1.);
#1099 = CIRCLE('',#1100,3.);
#1100 = AXIS2_PLACEMENT_3D('',#1101,#1102,#1103);
#1101 = CARTESIAN_POINT('',(936.12523700759,100.07519637772,
    -309.8496072445));
#1102 = DIRECTION('',(-0.474972132555,-0.393548338402,-0.787096676805));
#1103 = DIRECTION('',(-0.856187661066,-2.775557561563E-17,0.516664967884
    ));
#1104 = PCURVE('',#982,#1105);
#1105 = DEFINITIONAL_REPRESENTATION('',(#1106),#1110);
#1106 = LINE('',#1107,#1108);
#1107 = CARTESIAN_POINT('',(-0.,-46.09740368761));
#1108 = VECTOR('',#1109,1.);
#1109 = DIRECTION('',(-1.,0.));
#1110 = ( GEOMETRIC_REPRESENTATION_CONTEXT(2) 
PARAMETRIC_REPRESENTATION_CONTEXT() REPRESENTATION_CONTEXT('2D SPACE',''
  ) );
#1111 = PCURVE('',#1112,#1117);
#1112 = TOROIDAL_SURFACE('',#1113,25.,3.);
#1113 = AXIS2_PLACEMENT_3D('',#1114,#1115,#1116);
#1114 = CARTESIAN_POINT('',(915.67934886877,96.755281276083,
    -295.8516137478));
#1115 = DIRECTION('',(0.324879249014,-0.909661897239,0.258783125939));
#1116 = DIRECTION('',(0.817835525553,0.132796604066,-0.559919739866));
#1117 = DEFINITIONAL_REPRESENTATION('',(#1118),#1121);
#1118 = B_SPLINE_CURVE_WITH_KNOTS('',1,(#1119,#1120),.UNSPECIFIED.,.F.,
  .F.,(2,2),(0.,6.28318530718),.PIECEWISE_BEZIER_KNOTS.);
#1119 = CARTESIAN_POINT('',(3.552713678801E-15,3.286553239264));
#1120 = CARTESIAN_POINT('',(3.552713678801E-15,9.569738546443));
#1121 = ( GEOMETRIC_REPRESENTATION_CONTEXT(2) 
PARAMETRIC_REPRESENTATION_CONTEXT() REPRESENTATION_CONTEXT('2D SPACE',''
  ) );
#1122 = ORIENTED_EDGE('',*,*,#1074,.F.);
#1123 = ORIENTED_EDGE('',*,*,#965,.F.);
#1124 = ADVANCED_FACE('',(#1125),#1057,.F.);
#1125 = FACE_BOUND('',#1126,.T.);
#1126 = EDGE_LOOP('',(#1127,#1128,#1152,#1180,#1201));
#1127 = ORIENTED_EDGE('',*,*,#1042,.F.);
#1128 = ORIENTED_EDGE('',*,*,#1129,.T.);
#1129 = EDGE_CURVE('',#1020,#1130,#1132,.T.);
#1130 = VERTEX_POINT('',#1131);
#1131 = CARTESIAN_POINT('',(958.62905741812,116.87938762839,
    -273.2652137128));
#1132 = SEAM_CURVE('',#1133,(#1138,#1145),.PCURVE_S1.);
#1133 = CIRCLE('',#1134,24.348808117635);
#1134 = AXIS2_PLACEMENT_3D('',#1135,#1136,#1137);
#1135 = CARTESIAN_POINT('',(980.04617881413,112.3700179719,
    -283.9346538649));
#1136 = DIRECTION('',(2.668017955121E-02,-0.900456059853,0.434127921577)
  );
#1137 = DIRECTION('',(-1.285740691148E-02,0.433937483262,0.900851235059)
  );
#1138 = PCURVE('',#1057,#1139);
#1139 = DEFINITIONAL_REPRESENTATION('',(#1140),#1144);
#1140 = LINE('',#1141,#1142);
#1141 = CARTESIAN_POINT('',(-4.669092514606E-15,10.546504297276));
#1142 = VECTOR('',#1143,1.);
#1143 = DIRECTION('',(-1.,0.));
#1144 = ( GEOMETRIC_REPRESENTATION_CONTEXT(2) 
PARAMETRIC_REPRESENTATION_CONTEXT() REPRESENTATION_CONTEXT('2D SPACE',''
  ) );
#1145 = PCURVE('',#1057,#1146);
#1146 = DEFINITIONAL_REPRESENTATION('',(#1147),#1151);
#1147 = LINE('',#1148,#1149);
#1148 = CARTESIAN_POINT('',(-4.669092514606E-15,4.263318990097));
#1149 = VECTOR('',#1150,1.);
#1150 = DIRECTION('',(-1.,0.));
#1151 = ( GEOMETRIC_REPRESENTATION_CONTEXT(2) 
PARAMETRIC_REPRESENTATION_CONTEXT() REPRESENTATION_CONTEXT('2D SPACE',''
  ) );
#1152 = ORIENTED_EDGE('',*,*,#1153,.T.);
#1153 = EDGE_CURVE('',#1130,#1154,#1156,.T.);
#1154 = VERTEX_POINT('',#1155);
#1155 = CARTESIAN_POINT('',(956.73593765073,118.21675300364,
    -272.7914965408));
#1156 = SURFACE_CURVE('',#1157,(#1162,#1169),.PCURVE_S1.);
#1157 = CIRCLE('',#1158,1.5);
#1158 = AXIS2_PLACEMENT_3D('',#1159,#1160,#1161);
#1159 = CARTESIAN_POINT('',(958.02021914233,118.21675300364,
    -273.5664939927));
#1160 = DIRECTION('',(-0.474972132555,-0.393548338402,-0.787096676805));
#1161 = DIRECTION('',(0.405892183863,-0.891576916834,0.200853519879));
#1162 = PCURVE('',#1057,#1163);
#1163 = DEFINITIONAL_REPRESENTATION('',(#1164),#1168);
#1164 = LINE('',#1165,#1166);
#1165 = CARTESIAN_POINT('',(-1.062809407821,4.263318990097));
#1166 = VECTOR('',#1167,1.);
#1167 = DIRECTION('',(-0.,1.));
#1168 = ( GEOMETRIC_REPRESENTATION_CONTEXT(2) 
PARAMETRIC_REPRESENTATION_CONTEXT() REPRESENTATION_CONTEXT('2D SPACE',''
  ) );
#1169 = PCURVE('',#1170,#1175);
#1170 = CYLINDRICAL_SURFACE('',#1171,1.5);
#1171 = AXIS2_PLACEMENT_3D('',#1172,#1173,#1174);
#1172 = CARTESIAN_POINT('',(958.02021914233,118.21675300364,
    -273.5664939927));
#1173 = DIRECTION('',(0.474972132555,0.393548338402,0.787096676805));
#1174 = DIRECTION('',(-0.856187661066,-2.775557561563E-17,0.516664967884
    ));
#1175 = DEFINITIONAL_REPRESENTATION('',(#1176),#1179);
#1176 = B_SPLINE_CURVE_WITH_KNOTS('',1,(#1177,#1178),.UNSPECIFIED.,.F.,
  .F.,(2,2),(0.,1.817022709938),.PIECEWISE_BEZIER_KNOTS.);
#1177 = CARTESIAN_POINT('',(-4.466162597241,0.));
#1178 = CARTESIAN_POINT('',(-6.28318530718,0.));
#1179 = ( GEOMETRIC_REPRESENTATION_CONTEXT(2) 
PARAMETRIC_REPRESENTATION_CONTEXT() REPRESENTATION_CONTEXT('2D SPACE',''
  ) );
#1180 = ORIENTED_EDGE('',*,*,#1181,.T.);
#1181 = EDGE_CURVE('',#1154,#1130,#1182,.T.);
#1182 = SURFACE_CURVE('',#1183,(#1188,#1195),.PCURVE_S1.);
#1183 = CIRCLE('',#1184,1.5);
#1184 = AXIS2_PLACEMENT_3D('',#1185,#1186,#1187);
#1185 = CARTESIAN_POINT('',(958.02021914233,118.21675300364,
    -273.5664939927));
#1186 = DIRECTION('',(-0.474972132555,-0.393548338402,-0.787096676805));
#1187 = DIRECTION('',(0.405892183863,-0.891576916834,0.200853519879));
#1188 = PCURVE('',#1057,#1189);
#1189 = DEFINITIONAL_REPRESENTATION('',(#1190),#1194);
#1190 = LINE('',#1191,#1192);
#1191 = CARTESIAN_POINT('',(-1.062809407821,4.263318990097));
#1192 = VECTOR('',#1193,1.);
#1193 = DIRECTION('',(-0.,1.));
#1194 = ( GEOMETRIC_REPRESENTATION_CONTEXT(2) 
PARAMETRIC_REPRESENTATION_CONTEXT() REPRESENTATION_CONTEXT('2D SPACE',''
  ) );
#1195 = PCURVE('',#1170,#1196);
#1196 = DEFINITIONAL_REPRESENTATION('',(#1197),#1200);
#1197 = B_SPLINE_CURVE_WITH_KNOTS('',1,(#1198,#1199),.UNSPECIFIED.,.F.,
  .F.,(2,2),(1.817022709938,6.28318530718),.PIECEWISE_BEZIER_KNOTS.);
#1198 = CARTESIAN_POINT('',(0.,0.));
#1199 = CARTESIAN_POINT('',(-4.466162597241,0.));
#1200 = ( GEOMETRIC_REPRESENTATION_CONTEXT(2) 
PARAMETRIC_REPRESENTATION_CONTEXT() REPRESENTATION_CONTEXT('2D SPACE',''
  ) );
#1201 = ORIENTED_EDGE('',*,*,#1129,.F.);
#1202 = ADVANCED_FACE('',(#1203),#1112,.T.);
#1203 = FACE_BOUND('',#1204,.F.);
#1204 = EDGE_LOOP('',(#1205,#1206,#1230,#1258,#1279));
#1205 = ORIENTED_EDGE('',*,*,#1097,.F.);
#1206 = ORIENTED_EDGE('',*,*,#1207,.T.);
#1207 = EDGE_CURVE('',#1075,#1208,#1210,.T.);
#1208 = VERTEX_POINT('',#1209);
#1209 = CARTESIAN_POINT('',(917.45613783011,91.780272184305,
    -317.244733331));
#1210 = SEAM_CURVE('',#1211,(#1216,#1223),.PCURVE_S1.);
#1211 = CIRCLE('',#1212,22.031465199473);
#1212 = AXIS2_PLACEMENT_3D('',#1213,#1214,#1215);
#1213 = CARTESIAN_POINT('',(915.53855910428,97.149492616643,
    -295.9637600775));
#1214 = DIRECTION('',(-0.324879249014,0.909661897239,-0.258783125939));
#1215 = DIRECTION('',(0.817835525553,0.132796604066,-0.559919739866));
#1216 = PCURVE('',#1112,#1217);
#1217 = DEFINITIONAL_REPRESENTATION('',(#1218),#1222);
#1218 = LINE('',#1219,#1220);
#1219 = CARTESIAN_POINT('',(3.552713678801E-15,9.569738546443));
#1220 = VECTOR('',#1221,1.);
#1221 = DIRECTION('',(-1.,0.));
#1222 = ( GEOMETRIC_REPRESENTATION_CONTEXT(2) 
PARAMETRIC_REPRESENTATION_CONTEXT() REPRESENTATION_CONTEXT('2D SPACE',''
  ) );
#1223 = PCURVE('',#1112,#1224);
#1224 = DEFINITIONAL_REPRESENTATION('',(#1225),#1229);
#1225 = LINE('',#1226,#1227);
#1226 = CARTESIAN_POINT('',(3.552713678801E-15,3.286553239264));
#1227 = VECTOR('',#1228,1.);
#1228 = DIRECTION('',(-1.,0.));
#1229 = ( GEOMETRIC_REPRESENTATION_CONTEXT(2) 
PARAMETRIC_REPRESENTATION_CONTEXT() REPRESENTATION_CONTEXT('2D SPACE',''
  ) );
#1230 = ORIENTED_EDGE('',*,*,#1231,.T.);
#1231 = EDGE_CURVE('',#1208,#1232,#1234,.T.);
#1232 = VERTEX_POINT('',#1233);
#1233 = CARTESIAN_POINT('',(918.86431266431,87.837382648546,-320.));
#1234 = SURFACE_CURVE('',#1235,(#1240,#1247),.PCURVE_S1.);
#1235 = CIRCLE('',#1236,3.);
#1236 = AXIS2_PLACEMENT_3D('',#1237,#1238,#1239);
#1237 = CARTESIAN_POINT('',(917.85530347332,90.66260838333,-320.));
#1238 = DIRECTION('',(-0.941741911595,-0.336336396998,1.387778780781E-17
    ));
#1239 = DIRECTION('',(-0.133055214402,0.372554600325,0.918422222998));
#1240 = PCURVE('',#1112,#1241);
#1241 = DEFINITIONAL_REPRESENTATION('',(#1242),#1246);
#1242 = LINE('',#1243,#1244);
#1243 = CARTESIAN_POINT('',(-0.952477837701,3.286553239264));
#1244 = VECTOR('',#1245,1.);
#1245 = DIRECTION('',(-0.,1.));
#1246 = ( GEOMETRIC_REPRESENTATION_CONTEXT(2) 
PARAMETRIC_REPRESENTATION_CONTEXT() REPRESENTATION_CONTEXT('2D SPACE',''
  ) );
#1247 = PCURVE('',#1248,#1253);
#1248 = CYLINDRICAL_SURFACE('',#1249,3.);
#1249 = AXIS2_PLACEMENT_3D('',#1250,#1251,#1252);
#1250 = CARTESIAN_POINT('',(917.85530347332,90.66260838333,-320.));
#1251 = DIRECTION('',(0.941741911595,0.336336396998,-0.));
#1252 = DIRECTION('',(0.336336396998,-0.941741911595,0.));
#1253 = DEFINITIONAL_REPRESENTATION('',(#1254),#1257);
#1254 = B_SPLINE_CURVE_WITH_KNOTS('',1,(#1255,#1256),.UNSPECIFIED.,.F.,
  .F.,(2,2),(0.,4.305666192981),.PIECEWISE_BEZIER_KNOTS.);
#1255 = CARTESIAN_POINT('',(-1.977519114199,0.));
#1256 = CARTESIAN_POINT('',(-6.28318530718,0.));
#1257 = ( GEOMETRIC_REPRESENTATION_CONTEXT(2) 
PARAMETRIC_REPRESENTATION_CONTEXT() REPRESENTATION_CONTEXT('2D SPACE',''
  ) );
#1258 = ORIENTED_EDGE('',*,*,#1259,.T.);
#1259 = EDGE_CURVE('',#1232,#1208,#1260,.T.);
#1260 = SURFACE_CURVE('',#1261,(#1266,#1273),.PCURVE_S1.);
#1261 = CIRCLE('',#1262,3.);
#1262 = AXIS2_PLACEMENT_3D('',#1263,#1264,#1265);
#1263 = CARTESIAN_POINT('',(917.85530347332,90.66260838333,-320.));
#1264 = DIRECTION('',(-0.941741911595,-0.336336396998,1.387778780781E-17
    ));
#1265 = DIRECTION('',(-0.133055214402,0.372554600325,0.918422222998));
#1266 = PCURVE('',#1112,#1267);
#1267 = DEFINITIONAL_REPRESENTATION('',(#1268),#1272);
#1268 = LINE('',#1269,#1270);
#1269 = CARTESIAN_POINT('',(-0.952477837701,3.286553239264));
#1270 = VECTOR('',#1271,1.);
#1271 = DIRECTION('',(-0.,1.));
#1272 = ( GEOMETRIC_REPRESENTATION_CONTEXT(2) 
PARAMETRIC_REPRESENTATION_CONTEXT() REPRESENTATION_CONTEXT('2D SPACE',''
  ) );
#1273 = PCURVE('',#1248,#1274);
#1274 = DEFINITIONAL_REPRESENTATION('',(#1275),#1278);
#1275 = B_SPLINE_CURVE_WITH_KNOTS('',1,(#1276,#1277),.UNSPECIFIED.,.F.,
  .F.,(2,2),(4.305666192981,6.28318530718),.PIECEWISE_BEZIER_KNOTS.);
#1276 = CARTESIAN_POINT('',(0.,0.));
#1277 = CARTESIAN_POINT('',(-1.977519114199,0.));
#1278 = ( GEOMETRIC_REPRESENTATION_CONTEXT(2) 
PARAMETRIC_REPRESENTATION_CONTEXT() REPRESENTATION_CONTEXT('2D SPACE',''
  ) );
#1279 = ORIENTED_EDGE('',*,*,#1207,.F.);
#1280 = ADVANCED_FACE('',(#1281),#1170,.F.);
#1281 = FACE_BOUND('',#1282,.T.);
#1282 = EDGE_LOOP('',(#1283,#1284,#1307,#1333,#1334));
#1283 = ORIENTED_EDGE('',*,*,#1181,.F.);
#1284 = ORIENTED_EDGE('',*,*,#1285,.T.);
#1285 = EDGE_CURVE('',#1154,#1286,#1288,.T.);
#1286 = VERTEX_POINT('',#1287);
#1287 = CARTESIAN_POINT('',(934.84095551599,100.07519637772,
    -309.0746097927));
#1288 = SEAM_CURVE('',#1289,(#1293,#1300),.PCURVE_S1.);
#1289 = LINE('',#1290,#1291);
#1290 = CARTESIAN_POINT('',(956.73593765073,118.21675300364,
    -272.7914965408));
#1291 = VECTOR('',#1292,1.);
#1292 = DIRECTION('',(-0.474972132555,-0.393548338402,-0.787096676805));
#1293 = PCURVE('',#1170,#1294);
#1294 = DEFINITIONAL_REPRESENTATION('',(#1295),#1299);
#1295 = LINE('',#1296,#1297);
#1296 = CARTESIAN_POINT('',(-6.28318530718,0.));
#1297 = VECTOR('',#1298,1.);
#1298 = DIRECTION('',(-0.,-1.));
#1299 = ( GEOMETRIC_REPRESENTATION_CONTEXT(2) 
PARAMETRIC_REPRESENTATION_CONTEXT() REPRESENTATION_CONTEXT('2D SPACE',''
  ) );
#1300 = PCURVE('',#1170,#1301);
#1301 = DEFINITIONAL_REPRESENTATION('',(#1302),#1306);
#1302 = LINE('',#1303,#1304);
#1303 = CARTESIAN_POINT('',(-0.,0.));
#1304 = VECTOR('',#1305,1.);
#1305 = DIRECTION('',(-0.,-1.));
#1306 = ( GEOMETRIC_REPRESENTATION_CONTEXT(2) 
PARAMETRIC_REPRESENTATION_CONTEXT() REPRESENTATION_CONTEXT('2D SPACE',''
  ) );
#1307 = ORIENTED_EDGE('',*,*,#1308,.T.);
#1308 = EDGE_CURVE('',#1286,#1286,#1309,.T.);
#1309 = SURFACE_CURVE('',#1310,(#1315,#1322),.PCURVE_S1.);
#1310 = CIRCLE('',#1311,1.5);
#1311 = AXIS2_PLACEMENT_3D('',#1312,#1313,#1314);
#1312 = CARTESIAN_POINT('',(936.12523700759,100.07519637772,
    -309.8496072445));
#1313 = DIRECTION('',(-0.474972132555,-0.393548338402,-0.787096676805));
#1314 = DIRECTION('',(-0.856187661066,-2.775557561563E-17,0.516664967884
    ));
#1315 = PCURVE('',#1170,#1316);
#1316 = DEFINITIONAL_REPRESENTATION('',(#1317),#1321);
#1317 = LINE('',#1318,#1319);
#1318 = CARTESIAN_POINT('',(-0.,-46.09740368761));
#1319 = VECTOR('',#1320,1.);
#1320 = DIRECTION('',(-1.,0.));
#1321 = ( GEOMETRIC_REPRESENTATION_CONTEXT(2) 
PARAMETRIC_REPRESENTATION_CONTEXT() REPRESENTATION_CONTEXT('2D SPACE',''
  ) );
#1322 = PCURVE('',#1323,#1328);
#1323 = TOROIDAL_SURFACE('',#1324,25.,1.5);
#1324 = AXIS2_PLACEMENT_3D('',#1325,#1326,#1327);
#1325 = CARTESIAN_POINT('',(915.67934886877,96.755281276083,
    -295.8516137478));
#1326 = DIRECTION('',(0.324879249014,-0.909661897239,0.258783125939));
#1327 = DIRECTION('',(0.817835525553,0.132796604066,-0.559919739866));
#1328 = DEFINITIONAL_REPRESENTATION('',(#1329),#1332);
#1329 = B_SPLINE_CURVE_WITH_KNOTS('',1,(#1330,#1331),.UNSPECIFIED.,.F.,
  .F.,(2,2),(0.,6.28318530718),.PIECEWISE_BEZIER_KNOTS.);
#1330 = CARTESIAN_POINT('',(0.,3.286553239264));
#1331 = CARTESIAN_POINT('',(0.,9.569738546443));
#1332 = ( GEOMETRIC_REPRESENTATION_CONTEXT(2) 
PARAMETRIC_REPRESENTATION_CONTEXT() REPRESENTATION_CONTEXT('2D SPACE',''
  ) );
#1333 = ORIENTED_EDGE('',*,*,#1285,.F.);
#1334 = ORIENTED_EDGE('',*,*,#1153,.F.);
#1335 = ADVANCED_FACE('',(#1336),#1248,.T.);
#1336 = FACE_BOUND('',#1337,.F.);
#1337 = EDGE_LOOP('',(#1338,#1339,#1362,#1388,#1389));
#1338 = ORIENTED_EDGE('',*,*,#1259,.F.);
#1339 = ORIENTED_EDGE('',*,*,#1340,.T.);
#1340 = EDGE_CURVE('',#1232,#1341,#1343,.T.);
#1341 = VERTEX_POINT('',#1342);
#1342 = CARTESIAN_POINT('',(865.08707537935,68.631226475345,-320.));
#1343 = SEAM_CURVE('',#1344,(#1348,#1355),.PCURVE_S1.);
#1344 = LINE('',#1345,#1346);
#1345 = CARTESIAN_POINT('',(918.86431266431,87.837382648546,-320.));
#1346 = VECTOR('',#1347,1.);
#1347 = DIRECTION('',(-0.941741911595,-0.336336396998,0.));
#1348 = PCURVE('',#1248,#1349);
#1349 = DEFINITIONAL_REPRESENTATION('',(#1350),#1354);
#1350 = LINE('',#1351,#1352);
#1351 = CARTESIAN_POINT('',(-6.28318530718,0.));
#1352 = VECTOR('',#1353,1.);
#1353 = DIRECTION('',(-0.,-1.));
#1354 = ( GEOMETRIC_REPRESENTATION_CONTEXT(2) 
PARAMETRIC_REPRESENTATION_CONTEXT() REPRESENTATION_CONTEXT('2D SPACE',''
  ) );
#1355 = PCURVE('',#1248,#1356);
#1356 = DEFINITIONAL_REPRESENTATION('',(#1357),#1361);
#1357 = LINE('',#1358,#1359);
#1358 = CARTESIAN_POINT('',(-0.,0.));
#1359 = VECTOR('',#1360,1.);
#1360 = DIRECTION('',(-0.,-1.));
#1361 = ( GEOMETRIC_REPRESENTATION_CONTEXT(2) 
PARAMETRIC_REPRESENTATION_CONTEXT() REPRESENTATION_CONTEXT('2D SPACE',''
  ) );
#1362 = ORIENTED_EDGE('',*,*,#1363,.T.);
#1363 = EDGE_CURVE('',#1341,#1341,#1364,.T.);
#1364 = SURFACE_CURVE('',#1365,(#1370,#1377),.PCURVE_S1.);
#1365 = CIRCLE('',#1366,3.);
#1366 = AXIS2_PLACEMENT_3D('',#1367,#1368,#1369);
#1367 = CARTESIAN_POINT('',(864.07806618836,71.456452210129,-320.));
#1368 = DIRECTION('',(-0.941741911595,-0.336336396998,0.));
#1369 = DIRECTION('',(0.336336396998,-0.941741911595,0.));
#1370 = PCURVE('',#1248,#1371);
#1371 = DEFINITIONAL_REPRESENTATION('',(#1372),#1376);
#1372 = LINE('',#1373,#1374);
#1373 = CARTESIAN_POINT('',(-0.,-57.1040076085));
#1374 = VECTOR('',#1375,1.);
#1375 = DIRECTION('',(-1.,0.));
#1376 = ( GEOMETRIC_REPRESENTATION_CONTEXT(2) 
PARAMETRIC_REPRESENTATION_CONTEXT() REPRESENTATION_CONTEXT('2D SPACE',''
  ) );
#1377 = PCURVE('',#1378,#1383);
#1378 = TOROIDAL_SURFACE('',#1379,25.,3.);
#1379 = AXIS2_PLACEMENT_3D('',#1380,#1381,#1382);
#1380 = CARTESIAN_POINT('',(855.6696562634,95.,-320.));
#1381 = DIRECTION('',(0.,-0.,1.));
#1382 = DIRECTION('',(0.336336396998,-0.941741911595,-0.));
#1383 = DEFINITIONAL_REPRESENTATION('',(#1384),#1387);
#1384 = B_SPLINE_CURVE_WITH_KNOTS('',1,(#1385,#1386),.UNSPECIFIED.,.F.,
  .F.,(2,2),(0.,6.28318530718),.PIECEWISE_BEZIER_KNOTS.);
#1385 = CARTESIAN_POINT('',(0.,0.));
#1386 = CARTESIAN_POINT('',(0.,6.28318530718));
#1387 = ( GEOMETRIC_REPRESENTATION_CONTEXT(2) 
PARAMETRIC_REPRESENTATION_CONTEXT() REPRESENTATION_CONTEXT('2D SPACE',''
  ) );
#1388 = ORIENTED_EDGE('',*,*,#1340,.F.);
#1389 = ORIENTED_EDGE('',*,*,#1231,.F.);
#1390 = ADVANCED_FACE('',(#1391),#1323,.F.);
#1391 = FACE_BOUND('',#1392,.T.);
#1392 = EDGE_LOOP('',(#1393,#1394,#1418,#1446,#1467));
#1393 = ORIENTED_EDGE('',*,*,#1308,.F.);
#1394 = ORIENTED_EDGE('',*,*,#1395,.T.);
#1395 = EDGE_CURVE('',#1286,#1396,#1398,.T.);
#1396 = VERTEX_POINT('',#1397);
#1397 = CARTESIAN_POINT('',(917.65572065172,91.221440283818,
    -318.6223666655));
#1398 = SEAM_CURVE('',#1399,(#1404,#1411),.PCURVE_S1.);
#1399 = CIRCLE('',#1400,23.515732599737);
#1400 = AXIS2_PLACEMENT_3D('',#1401,#1402,#1403);
#1401 = CARTESIAN_POINT('',(915.60895398652,96.952386946363,
    -295.9076869127));
#1402 = DIRECTION('',(-0.324879249014,0.909661897239,-0.258783125939));
#1403 = DIRECTION('',(0.817835525553,0.132796604066,-0.559919739866));
#1404 = PCURVE('',#1323,#1405);
#1405 = DEFINITIONAL_REPRESENTATION('',(#1406),#1410);
#1406 = LINE('',#1407,#1408);
#1407 = CARTESIAN_POINT('',(-0.,9.569738546443));
#1408 = VECTOR('',#1409,1.);
#1409 = DIRECTION('',(-1.,0.));
#1410 = ( GEOMETRIC_REPRESENTATION_CONTEXT(2) 
PARAMETRIC_REPRESENTATION_CONTEXT() REPRESENTATION_CONTEXT('2D SPACE',''
  ) );
#1411 = PCURVE('',#1323,#1412);
#1412 = DEFINITIONAL_REPRESENTATION('',(#1413),#1417);
#1413 = LINE('',#1414,#1415);
#1414 = CARTESIAN_POINT('',(-0.,3.286553239264));
#1415 = VECTOR('',#1416,1.);
#1416 = DIRECTION('',(-1.,0.));
#1417 = ( GEOMETRIC_REPRESENTATION_CONTEXT(2) 
PARAMETRIC_REPRESENTATION_CONTEXT() REPRESENTATION_CONTEXT('2D SPACE',''
  ) );
#1418 = ORIENTED_EDGE('',*,*,#1419,.T.);
#1419 = EDGE_CURVE('',#1396,#1420,#1422,.T.);
#1420 = VERTEX_POINT('',#1421);
#1421 = CARTESIAN_POINT('',(918.35980806882,89.249995515938,-320.));
#1422 = SURFACE_CURVE('',#1423,(#1428,#1435),.PCURVE_S1.);
#1423 = CIRCLE('',#1424,1.5);
#1424 = AXIS2_PLACEMENT_3D('',#1425,#1426,#1427);
#1425 = CARTESIAN_POINT('',(917.85530347332,90.66260838333,-320.));
#1426 = DIRECTION('',(-0.941741911595,-0.336336396998,1.387778780781E-17
    ));
#1427 = DIRECTION('',(-0.133055214402,0.372554600325,0.918422222998));
#1428 = PCURVE('',#1323,#1429);
#1429 = DEFINITIONAL_REPRESENTATION('',(#1430),#1434);
#1430 = LINE('',#1431,#1432);
#1431 = CARTESIAN_POINT('',(-0.952477837701,3.286553239264));
#1432 = VECTOR('',#1433,1.);
#1433 = DIRECTION('',(-0.,1.));
#1434 = ( GEOMETRIC_REPRESENTATION_CONTEXT(2) 
PARAMETRIC_REPRESENTATION_CONTEXT() REPRESENTATION_CONTEXT('2D SPACE',''
  ) );
#1435 = PCURVE('',#1436,#1441);
#1436 = CYLINDRICAL_SURFACE('',#1437,1.5);
#1437 = AXIS2_PLACEMENT_3D('',#1438,#1439,#1440);
#1438 = CARTESIAN_POINT('',(917.85530347332,90.66260838333,-320.));
#1439 = DIRECTION('',(0.941741911595,0.336336396998,-0.));
#1440 = DIRECTION('',(0.336336396998,-0.941741911595,0.));
#1441 = DEFINITIONAL_REPRESENTATION('',(#1442),#1445);
#1442 = B_SPLINE_CURVE_WITH_KNOTS('',1,(#1443,#1444),.UNSPECIFIED.,.F.,
  .F.,(2,2),(0.,4.305666192981),.PIECEWISE_BEZIER_KNOTS.);
#1443 = CARTESIAN_POINT('',(-1.977519114199,0.));
#1444 = CARTESIAN_POINT('',(-6.28318530718,0.));
#1445 = ( GEOMETRIC_REPRESENTATION_CONTEXT(2) 
PARAMETRIC_REPRESENTATION_CONTEXT() REPRESENTATION_CONTEXT('2D SPACE',''
  ) );
#1446 = ORIENTED_EDGE('',*,*,#1447,.T.);
#1447 = EDGE_CURVE('',#1420,#1396,#1448,.T.);
#1448 = SURFACE_CURVE('',#1449,(#1454,#1461),.PCURVE_S1.);
#1449 = CIRCLE('',#1450,1.5);
#1450 = AXIS2_PLACEMENT_3D('',#1451,#1452,#1453);
#1451 = CARTESIAN_POINT('',(917.85530347332,90.66260838333,-320.));
#1452 = DIRECTION('',(-0.941741911595,-0.336336396998,1.387778780781E-17
    ));
#1453 = DIRECTION('',(-0.133055214402,0.372554600325,0.918422222998));
#1454 = PCURVE('',#1323,#1455);
#1455 = DEFINITIONAL_REPRESENTATION('',(#1456),#1460);
#1456 = LINE('',#1457,#1458);
#1457 = CARTESIAN_POINT('',(-0.952477837701,3.286553239264));
#1458 = VECTOR('',#1459,1.);
#1459 = DIRECTION('',(-0.,1.));
#1460 = ( GEOMETRIC_REPRESENTATION_CONTEXT(2) 
PARAMETRIC_REPRESENTATION_CONTEXT() REPRESENTATION_CONTEXT('2D SPACE',''
  ) );
#1461 = PCURVE('',#1436,#1462);
#1462 = DEFINITIONAL_REPRESENTATION('',(#1463),#1466);
#1463 = B_SPLINE_CURVE_WITH_KNOTS('',1,(#1464,#1465),.UNSPECIFIED.,.F.,
  .F.,(2,2),(4.305666192981,6.28318530718),.PIECEWISE_BEZIER_KNOTS.);
#1464 = CARTESIAN_POINT('',(0.,0.));
#1465 = CARTESIAN_POINT('',(-1.977519114199,0.));
#1466 = ( GEOMETRIC_REPRESENTATION_CONTEXT(2) 
PARAMETRIC_REPRESENTATION_CONTEXT() REPRESENTATION_CONTEXT('2D SPACE',''
  ) );
#1467 = ORIENTED_EDGE('',*,*,#1395,.F.);
#1468 = ADVANCED_FACE('',(#1469),#1378,.T.);
#1469 = FACE_BOUND('',#1470,.F.);
#1470 = EDGE_LOOP('',(#1471,#1472,#1496,#1524,#1545));
#1471 = ORIENTED_EDGE('',*,*,#1363,.F.);
#1472 = ORIENTED_EDGE('',*,*,#1473,.T.);
#1473 = EDGE_CURVE('',#1341,#1474,#1476,.T.);
#1474 = VERTEX_POINT('',#1475);
#1475 = CARTESIAN_POINT('',(855.6696562634,67.,-320.));
#1476 = SEAM_CURVE('',#1477,(#1482,#1489),.PCURVE_S1.);
#1477 = CIRCLE('',#1478,28.);
#1478 = AXIS2_PLACEMENT_3D('',#1479,#1480,#1481);
#1479 = CARTESIAN_POINT('',(855.6696562634,95.,-320.));
#1480 = DIRECTION('',(-0.,0.,-1.));
#1481 = DIRECTION('',(0.336336396998,-0.941741911595,-0.));
#1482 = PCURVE('',#1378,#1483);
#1483 = DEFINITIONAL_REPRESENTATION('',(#1484),#1488);
#1484 = LINE('',#1485,#1486);
#1485 = CARTESIAN_POINT('',(-0.,6.28318530718));
#1486 = VECTOR('',#1487,1.);
#1487 = DIRECTION('',(-1.,0.));
#1488 = ( GEOMETRIC_REPRESENTATION_CONTEXT(2) 
PARAMETRIC_REPRESENTATION_CONTEXT() REPRESENTATION_CONTEXT('2D SPACE',''
  ) );
#1489 = PCURVE('',#1378,#1490);
#1490 = DEFINITIONAL_REPRESENTATION('',(#1491),#1495);
#1491 = LINE('',#1492,#1493);
#1492 = CARTESIAN_POINT('',(-0.,0.));
#1493 = VECTOR('',#1494,1.);
#1494 = DIRECTION('',(-1.,0.));
#1495 = ( GEOMETRIC_REPRESENTATION_CONTEXT(2) 
PARAMETRIC_REPRESENTATION_CONTEXT() REPRESENTATION_CONTEXT('2D SPACE',''
  ) );
#1496 = ORIENTED_EDGE('',*,*,#1497,.T.);
#1497 = EDGE_CURVE('',#1474,#1498,#1500,.T.);
#1498 = VERTEX_POINT('',#1499);
#1499 = CARTESIAN_POINT('',(855.6696562634,70.,-323.));
#1500 = SURFACE_CURVE('',#1501,(#1506,#1513),.PCURVE_S1.);
#1501 = CIRCLE('',#1502,3.);
#1502 = AXIS2_PLACEMENT_3D('',#1503,#1504,#1505);
#1503 = CARTESIAN_POINT('',(855.6696562634,70.,-320.));
#1504 = DIRECTION('',(-1.,0.,0.));
#1505 = DIRECTION('',(0.,-1.,0.));
#1506 = PCURVE('',#1378,#1507);
#1507 = DEFINITIONAL_REPRESENTATION('',(#1508),#1512);
#1508 = LINE('',#1509,#1510);
#1509 = CARTESIAN_POINT('',(-0.343023940421,2.22044604925E-16));
#1510 = VECTOR('',#1511,1.);
#1511 = DIRECTION('',(-0.,1.));
#1512 = ( GEOMETRIC_REPRESENTATION_CONTEXT(2) 
PARAMETRIC_REPRESENTATION_CONTEXT() REPRESENTATION_CONTEXT('2D SPACE',''
  ) );
#1513 = PCURVE('',#1514,#1519);
#1514 = CYLINDRICAL_SURFACE('',#1515,3.);
#1515 = AXIS2_PLACEMENT_3D('',#1516,#1517,#1518);
#1516 = CARTESIAN_POINT('',(855.6696562634,70.,-320.));
#1517 = DIRECTION('',(1.,-0.,-0.));
#1518 = DIRECTION('',(0.,0.,-1.));
#1519 = DEFINITIONAL_REPRESENTATION('',(#1520),#1523);
#1520 = B_SPLINE_CURVE_WITH_KNOTS('',1,(#1521,#1522),.UNSPECIFIED.,.F.,
  .F.,(2,2),(0.,4.712388980385),.PIECEWISE_BEZIER_KNOTS.);
#1521 = CARTESIAN_POINT('',(-1.570796326795,0.));
#1522 = CARTESIAN_POINT('',(-6.28318530718,0.));
#1523 = ( GEOMETRIC_REPRESENTATION_CONTEXT(2) 
PARAMETRIC_REPRESENTATION_CONTEXT() REPRESENTATION_CONTEXT('2D SPACE',''
  ) );
#1524 = ORIENTED_EDGE('',*,*,#1525,.T.);
#1525 = EDGE_CURVE('',#1498,#1474,#1526,.T.);
#1526 = SURFACE_CURVE('',#1527,(#1532,#1539),.PCURVE_S1.);
#1527 = CIRCLE('',#1528,3.);
#1528 = AXIS2_PLACEMENT_3D('',#1529,#1530,#1531);
#1529 = CARTESIAN_POINT('',(855.6696562634,70.,-320.));
#1530 = DIRECTION('',(-1.,0.,0.));
#1531 = DIRECTION('',(0.,-1.,0.));
#1532 = PCURVE('',#1378,#1533);
#1533 = DEFINITIONAL_REPRESENTATION('',(#1534),#1538);
#1534 = LINE('',#1535,#1536);
#1535 = CARTESIAN_POINT('',(-0.343023940421,2.22044604925E-16));
#1536 = VECTOR('',#1537,1.);
#1537 = DIRECTION('',(-0.,1.));
#1538 = ( GEOMETRIC_REPRESENTATION_CONTEXT(2) 
PARAMETRIC_REPRESENTATION_CONTEXT() REPRESENTATION_CONTEXT('2D SPACE',''
  ) );
#1539 = PCURVE('',#1514,#1540);
#1540 = DEFINITIONAL_REPRESENTATION('',(#1541),#1544);
#1541 = B_SPLINE_CURVE_WITH_KNOTS('',1,(#1542,#1543),.UNSPECIFIED.,.F.,
  .F.,(2,2),(4.712388980385,6.28318530718),.PIECEWISE_BEZIER_KNOTS.);
#1542 = CARTESIAN_POINT('',(0.,0.));
#1543 = CARTESIAN_POINT('',(-1.570796326795,0.));
#1544 = ( GEOMETRIC_REPRESENTATION_CONTEXT(2) 
PARAMETRIC_REPRESENTATION_CONTEXT() REPRESENTATION_CONTEXT('2D SPACE',''
  ) );
#1545 = ORIENTED_EDGE('',*,*,#1473,.F.);
#1546 = ADVANCED_FACE('',(#1547),#1436,.F.);
#1547 = FACE_BOUND('',#1548,.T.);
#1548 = EDGE_LOOP('',(#1549,#1550,#1573,#1599,#1600));
#1549 = ORIENTED_EDGE('',*,*,#1447,.F.);
#1550 = ORIENTED_EDGE('',*,*,#1551,.T.);
#1551 = EDGE_CURVE('',#1420,#1552,#1554,.T.);
#1552 = VERTEX_POINT('',#1553);
#1553 = CARTESIAN_POINT('',(864.58257078385,70.043839342737,-320.));
#1554 = SEAM_CURVE('',#1555,(#1559,#1566),.PCURVE_S1.);
#1555 = LINE('',#1556,#1557);
#1556 = CARTESIAN_POINT('',(918.35980806882,89.249995515938,-320.));
#1557 = VECTOR('',#1558,1.);
#1558 = DIRECTION('',(-0.941741911595,-0.336336396998,0.));
#1559 = PCURVE('',#1436,#1560);
#1560 = DEFINITIONAL_REPRESENTATION('',(#1561),#1565);
#1561 = LINE('',#1562,#1563);
#1562 = CARTESIAN_POINT('',(-6.28318530718,0.));
#1563 = VECTOR('',#1564,1.);
#1564 = DIRECTION('',(-0.,-1.));
#1565 = ( GEOMETRIC_REPRESENTATION_CONTEXT(2) 
PARAMETRIC_REPRESENTATION_CONTEXT() REPRESENTATION_CONTEXT('2D SPACE',''
  ) );
#1566 = PCURVE('',#1436,#1567);
#1567 = DEFINITIONAL_REPRESENTATION('',(#1568),#1572);
#1568 = LINE('',#1569,#1570);
#1569 = CARTESIAN_POINT('',(-0.,0.));
#1570 = VECTOR('',#1571,1.);
#1571 = DIRECTION('',(-0.,-1.));
#1572 = ( GEOMETRIC_REPRESENTATION_CONTEXT(2) 
PARAMETRIC_REPRESENTATION_CONTEXT() REPRESENTATION_CONTEXT('2D SPACE',''
  ) );
#1573 = ORIENTED_EDGE('',*,*,#1574,.T.);
#1574 = EDGE_CURVE('',#1552,#1552,#1575,.T.);
#1575 = SURFACE_CURVE('',#1576,(#1581,#1588),.PCURVE_S1.);
#1576 = CIRCLE('',#1577,1.5);
#1577 = AXIS2_PLACEMENT_3D('',#1578,#1579,#1580);
#1578 = CARTESIAN_POINT('',(864.07806618836,71.456452210129,-320.));
#1579 = DIRECTION('',(-0.941741911595,-0.336336396998,0.));
#1580 = DIRECTION('',(0.336336396998,-0.941741911595,0.));
#1581 = PCURVE('',#1436,#1582);
#1582 = DEFINITIONAL_REPRESENTATION('',(#1583),#1587);
#1583 = LINE('',#1584,#1585);
#1584 = CARTESIAN_POINT('',(-0.,-57.1040076085));
#1585 = VECTOR('',#1586,1.);
#1586 = DIRECTION('',(-1.,0.));
#1587 = ( GEOMETRIC_REPRESENTATION_CONTEXT(2) 
PARAMETRIC_REPRESENTATION_CONTEXT() REPRESENTATION_CONTEXT('2D SPACE',''
  ) );
#1588 = PCURVE('',#1589,#1594);
#1589 = TOROIDAL_SURFACE('',#1590,25.,1.5);
#1590 = AXIS2_PLACEMENT_3D('',#1591,#1592,#1593);
#1591 = CARTESIAN_POINT('',(855.6696562634,95.,-320.));
#1592 = DIRECTION('',(0.,-0.,1.));
#1593 = DIRECTION('',(0.336336396998,-0.941741911595,-0.));
#1594 = DEFINITIONAL_REPRESENTATION('',(#1595),#1598);
#1595 = B_SPLINE_CURVE_WITH_KNOTS('',1,(#1596,#1597),.UNSPECIFIED.,.F.,
  .F.,(2,2),(0.,6.28318530718),.PIECEWISE_BEZIER_KNOTS.);
#1596 = CARTESIAN_POINT('',(0.,0.));
#1597 = CARTESIAN_POINT('',(0.,6.28318530718));
#1598 = ( GEOMETRIC_REPRESENTATION_CONTEXT(2) 
PARAMETRIC_REPRESENTATION_CONTEXT() REPRESENTATION_CONTEXT('2D SPACE',''
  ) );
#1599 = ORIENTED_EDGE('',*,*,#1551,.F.);
#1600 = ORIENTED_EDGE('',*,*,#1419,.F.);
#1601 = ADVANCED_FACE('',(#1602),#1514,.T.);
#1602 = FACE_BOUND('',#1603,.F.);
#1603 = EDGE_LOOP('',(#1604,#1605,#1628,#1654,#1655));
#1604 = ORIENTED_EDGE('',*,*,#1525,.F.);
#1605 = ORIENTED_EDGE('',*,*,#1606,.T.);
#1606 = EDGE_CURVE('',#1498,#1607,#1609,.T.);
#1607 = VERTEX_POINT('',#1608);
#1608 = CARTESIAN_POINT('',(48.094270202883,70.,-323.));
#1609 = SEAM_CURVE('',#1610,(#1614,#1621),.PCURVE_S1.);
#1610 = LINE('',#1611,#1612);
#1611 = CARTESIAN_POINT('',(855.6696562634,70.,-323.));
#1612 = VECTOR('',#1613,1.);
#1613 = DIRECTION('',(-1.,0.,0.));
#1614 = PCURVE('',#1514,#1615);
#1615 = DEFINITIONAL_REPRESENTATION('',(#1616),#1620);
#1616 = LINE('',#1617,#1618);
#1617 = CARTESIAN_POINT('',(-6.28318530718,0.));
#1618 = VECTOR('',#1619,1.);
#1619 = DIRECTION('',(-0.,-1.));
#1620 = ( GEOMETRIC_REPRESENTATION_CONTEXT(2) 
PARAMETRIC_REPRESENTATION_CONTEXT() REPRESENTATION_CONTEXT('2D SPACE',''
  ) );
#1621 = PCURVE('',#1514,#1622);
#1622 = DEFINITIONAL_REPRESENTATION('',(#1623),#1627);
#1623 = LINE('',#1624,#1625);
#1624 = CARTESIAN_POINT('',(-0.,0.));
#1625 = VECTOR('',#1626,1.);
#1626 = DIRECTION('',(-0.,-1.));
#1627 = ( GEOMETRIC_REPRESENTATION_CONTEXT(2) 
PARAMETRIC_REPRESENTATION_CONTEXT() REPRESENTATION_CONTEXT('2D SPACE',''
  ) );
#1628 = ORIENTED_EDGE('',*,*,#1629,.T.);
#1629 = EDGE_CURVE('',#1607,#1607,#1630,.T.);
#1630 = SURFACE_CURVE('',#1631,(#1636,#1643),.PCURVE_S1.);
#1631 = CIRCLE('',#1632,3.);
#1632 = AXIS2_PLACEMENT_3D('',#1633,#1634,#1635);
#1633 = CARTESIAN_POINT('',(48.094270202883,70.,-320.));
#1634 = DIRECTION('',(-1.,0.,0.));
#1635 = DIRECTION('',(0.,0.,-1.));
#1636 = PCURVE('',#1514,#1637);
#1637 = DEFINITIONAL_REPRESENTATION('',(#1638),#1642);
#1638 = LINE('',#1639,#1640);
#1639 = CARTESIAN_POINT('',(-0.,-807.5753860605));
#1640 = VECTOR('',#1641,1.);
#1641 = DIRECTION('',(-1.,0.));
#1642 = ( GEOMETRIC_REPRESENTATION_CONTEXT(2) 
PARAMETRIC_REPRESENTATION_CONTEXT() REPRESENTATION_CONTEXT('2D SPACE',''
  ) );
#1643 = PCURVE('',#1644,#1649);
#1644 = TOROIDAL_SURFACE('',#1645,25.,3.);
#1645 = AXIS2_PLACEMENT_3D('',#1646,#1647,#1648);
#1646 = CARTESIAN_POINT('',(48.094270202883,94.686015797918,
    -316.0502374723));
#1647 = DIRECTION('',(-0.,-0.157990501107,0.987440631917));
#1648 = DIRECTION('',(0.,-0.987440631917,-0.157990501107));
#1649 = DEFINITIONAL_REPRESENTATION('',(#1650),#1653);
#1650 = B_SPLINE_CURVE_WITH_KNOTS('',1,(#1651,#1652),.UNSPECIFIED.,.F.,
  .F.,(2,2),(0.,6.28318530718),.PIECEWISE_BEZIER_KNOTS.);
#1651 = CARTESIAN_POINT('',(0.,4.871044242571));
#1652 = CARTESIAN_POINT('',(0.,11.154229549751));
#1653 = ( GEOMETRIC_REPRESENTATION_CONTEXT(2) 
PARAMETRIC_REPRESENTATION_CONTEXT() REPRESENTATION_CONTEXT('2D SPACE',''
  ) );
#1654 = ORIENTED_EDGE('',*,*,#1606,.F.);
#1655 = ORIENTED_EDGE('',*,*,#1497,.F.);
#1656 = ADVANCED_FACE('',(#1657),#1589,.F.);
#1657 = FACE_BOUND('',#1658,.T.);
#1658 = EDGE_LOOP('',(#1659,#1660,#1684,#1712,#1733));
#1659 = ORIENTED_EDGE('',*,*,#1574,.F.);
#1660 = ORIENTED_EDGE('',*,*,#1661,.T.);
#1661 = EDGE_CURVE('',#1552,#1662,#1664,.T.);
#1662 = VERTEX_POINT('',#1663);
#1663 = CARTESIAN_POINT('',(855.6696562634,68.5,-320.));
#1664 = SEAM_CURVE('',#1665,(#1670,#1677),.PCURVE_S1.);
#1665 = CIRCLE('',#1666,26.5);
#1666 = AXIS2_PLACEMENT_3D('',#1667,#1668,#1669);
#1667 = CARTESIAN_POINT('',(855.6696562634,95.,-320.));
#1668 = DIRECTION('',(-0.,0.,-1.));
#1669 = DIRECTION('',(0.336336396998,-0.941741911595,-0.));
#1670 = PCURVE('',#1589,#1671);
#1671 = DEFINITIONAL_REPRESENTATION('',(#1672),#1676);
#1672 = LINE('',#1673,#1674);
#1673 = CARTESIAN_POINT('',(-0.,6.28318530718));
#1674 = VECTOR('',#1675,1.);
#1675 = DIRECTION('',(-1.,0.));
#1676 = ( GEOMETRIC_REPRESENTATION_CONTEXT(2) 
PARAMETRIC_REPRESENTATION_CONTEXT() REPRESENTATION_CONTEXT('2D SPACE',''
  ) );
#1677 = PCURVE('',#1589,#1678);
#1678 = DEFINITIONAL_REPRESENTATION('',(#1679),#1683);
#1679 = LINE('',#1680,#1681);
#1680 = CARTESIAN_POINT('',(-0.,0.));
#1681 = VECTOR('',#1682,1.);
#1682 = DIRECTION('',(-1.,0.));
#1683 = ( GEOMETRIC_REPRESENTATION_CONTEXT(2) 
PARAMETRIC_REPRESENTATION_CONTEXT() REPRESENTATION_CONTEXT('2D SPACE',''
  ) );
#1684 = ORIENTED_EDGE('',*,*,#1685,.T.);
#1685 = EDGE_CURVE('',#1662,#1686,#1688,.T.);
#1686 = VERTEX_POINT('',#1687);
#1687 = CARTESIAN_POINT('',(855.6696562634,70.,-321.5));
#1688 = SURFACE_CURVE('',#1689,(#1694,#1701),.PCURVE_S1.);
#1689 = CIRCLE('',#1690,1.5);
#1690 = AXIS2_PLACEMENT_3D('',#1691,#1692,#1693);
#1691 = CARTESIAN_POINT('',(855.6696562634,70.,-320.));
#1692 = DIRECTION('',(-1.,0.,0.));
#1693 = DIRECTION('',(0.,-1.,0.));
#1694 = PCURVE('',#1589,#1695);
#1695 = DEFINITIONAL_REPRESENTATION('',(#1696),#1700);
#1696 = LINE('',#1697,#1698);
#1697 = CARTESIAN_POINT('',(-0.343023940421,9.436895709314E-16));
#1698 = VECTOR('',#1699,1.);
#1699 = DIRECTION('',(-0.,1.));
#1700 = ( GEOMETRIC_REPRESENTATION_CONTEXT(2) 
PARAMETRIC_REPRESENTATION_CONTEXT() REPRESENTATION_CONTEXT('2D SPACE',''
  ) );
#1701 = PCURVE('',#1702,#1707);
#1702 = CYLINDRICAL_SURFACE('',#1703,1.5);
#1703 = AXIS2_PLACEMENT_3D('',#1704,#1705,#1706);
#1704 = CARTESIAN_POINT('',(855.6696562634,70.,-320.));
#1705 = DIRECTION('',(1.,-0.,-0.));
#1706 = DIRECTION('',(0.,0.,-1.));
#1707 = DEFINITIONAL_REPRESENTATION('',(#1708),#1711);
#1708 = B_SPLINE_CURVE_WITH_KNOTS('',1,(#1709,#1710),.UNSPECIFIED.,.F.,
  .F.,(2,2),(0.,4.712388980385),.PIECEWISE_BEZIER_KNOTS.);
#1709 = CARTESIAN_POINT('',(-1.570796326795,0.));
#1710 = CARTESIAN_POINT('',(-6.28318530718,0.));
#1711 = ( GEOMETRIC_REPRESENTATION_CONTEXT(2) 
PARAMETRIC_REPRESENTATION_CONTEXT() REPRESENTATION_CONTEXT('2D SPACE',''
  ) );
#1712 = ORIENTED_EDGE('',*,*,#1713,.T.);
#1713 = EDGE_CURVE('',#1686,#1662,#1714,.T.);
#1714 = SURFACE_CURVE('',#1715,(#1720,#1727),.PCURVE_S1.);
#1715 = CIRCLE('',#1716,1.5);
#1716 = AXIS2_PLACEMENT_3D('',#1717,#1718,#1719);
#1717 = CARTESIAN_POINT('',(855.6696562634,70.,-320.));
#1718 = DIRECTION('',(-1.,0.,0.));
#1719 = DIRECTION('',(0.,-1.,0.));
#1720 = PCURVE('',#1589,#1721);
#1721 = DEFINITIONAL_REPRESENTATION('',(#1722),#1726);
#1722 = LINE('',#1723,#1724);
#1723 = CARTESIAN_POINT('',(-0.343023940421,9.436895709314E-16));
#1724 = VECTOR('',#1725,1.);
#1725 = DIRECTION('',(-0.,1.));
#1726 = ( GEOMETRIC_REPRESENTATION_CONTEXT(2) 
PARAMETRIC_REPRESENTATION_CONTEXT() REPRESENTATION_CONTEXT('2D SPACE',''
  ) );
#1727 = PCURVE('',#1702,#1728);
#1728 = DEFINITIONAL_REPRESENTATION('',(#1729),#1732);
#1729 = B_SPLINE_CURVE_WITH_KNOTS('',1,(#1730,#1731),.UNSPECIFIED.,.F.,
  .F.,(2,2),(4.712388980385,6.28318530718),.PIECEWISE_BEZIER_KNOTS.);
#1730 = CARTESIAN_POINT('',(0.,0.));
#1731 = CARTESIAN_POINT('',(-1.570796326795,0.));
#1732 = ( GEOMETRIC_REPRESENTATION_CONTEXT(2) 
PARAMETRIC_REPRESENTATION_CONTEXT() REPRESENTATION_CONTEXT('2D SPACE',''
  ) );
#1733 = ORIENTED_EDGE('',*,*,#1661,.F.);
#1734 = ADVANCED_FACE('',(#1735),#1644,.T.);
#1735 = FACE_BOUND('',#1736,.F.);
#1736 = EDGE_LOOP('',(#1737,#1738,#1762,#1790,#1811));
#1737 = ORIENTED_EDGE('',*,*,#1629,.F.);
#1738 = ORIENTED_EDGE('',*,*,#1739,.T.);
#1739 = EDGE_CURVE('',#1607,#1740,#1742,.T.);
#1740 = VERTEX_POINT('',#1741);
#1741 = CARTESIAN_POINT('',(33.163924842382,74.773297872117,
    -322.2362723404));
#1742 = SEAM_CURVE('',#1743,(#1748,#1755),.PCURVE_S1.);
#1743 = CIRCLE('',#1744,25.47397150332);
#1744 = AXIS2_PLACEMENT_3D('',#1745,#1746,#1747);
#1745 = CARTESIAN_POINT('',(48.094270202883,95.154034518666,
    -318.975354477));
#1746 = DIRECTION('',(0.,0.157990501107,-0.987440631917));
#1747 = DIRECTION('',(0.,-0.987440631917,-0.157990501107));
#1748 = PCURVE('',#1644,#1749);
#1749 = DEFINITIONAL_REPRESENTATION('',(#1750),#1754);
#1750 = LINE('',#1751,#1752);
#1751 = CARTESIAN_POINT('',(-0.,11.154229549751));
#1752 = VECTOR('',#1753,1.);
#1753 = DIRECTION('',(-1.,0.));
#1754 = ( GEOMETRIC_REPRESENTATION_CONTEXT(2) 
PARAMETRIC_REPRESENTATION_CONTEXT() REPRESENTATION_CONTEXT('2D SPACE',''
  ) );
#1755 = PCURVE('',#1644,#1756);
#1756 = DEFINITIONAL_REPRESENTATION('',(#1757),#1761);
#1757 = LINE('',#1758,#1759);
#1758 = CARTESIAN_POINT('',(-0.,4.871044242571));
#1759 = VECTOR('',#1760,1.);
#1760 = DIRECTION('',(-1.,0.));
#1761 = ( GEOMETRIC_REPRESENTATION_CONTEXT(2) 
PARAMETRIC_REPRESENTATION_CONTEXT() REPRESENTATION_CONTEXT('2D SPACE',''
  ) );
#1762 = ORIENTED_EDGE('',*,*,#1763,.T.);
#1763 = EDGE_CURVE('',#1740,#1764,#1766,.T.);
#1764 = VERTEX_POINT('',#1765);
#1765 = CARTESIAN_POINT('',(31.698005901951,72.243284955588,
    -319.2504823409));
#1766 = SURFACE_CURVE('',#1767,(#1772,#1779),.PCURVE_S1.);
#1767 = CIRCLE('',#1768,3.);
#1768 = AXIS2_PLACEMENT_3D('',#1769,#1770,#1771);
#1769 = CARTESIAN_POINT('',(33.441720483108,74.684485369208,
    -319.2504823409));
#1770 = DIRECTION('',(-0.810237285451,0.578740918179,9.25985469087E-02)
  );
#1771 = DIRECTION('',(-9.25985469087E-02,2.960416763632E-02,
    -0.995263333178));
#1772 = PCURVE('',#1644,#1773);
#1773 = DEFINITIONAL_REPRESENTATION('',(#1774),#1778);
#1774 = LINE('',#1775,#1776);
#1775 = CARTESIAN_POINT('',(-0.626239471343,4.871044242571));
#1776 = VECTOR('',#1777,1.);
#1777 = DIRECTION('',(-0.,1.));
#1778 = ( GEOMETRIC_REPRESENTATION_CONTEXT(2) 
PARAMETRIC_REPRESENTATION_CONTEXT() REPRESENTATION_CONTEXT('2D SPACE',''
  ) );
#1779 = PCURVE('',#1780,#1785);
#1780 = CYLINDRICAL_SURFACE('',#1781,3.);
#1781 = AXIS2_PLACEMENT_3D('',#1782,#1783,#1784);
#1782 = CARTESIAN_POINT('',(33.441720483108,74.684485369208,
    -319.2504823409));
#1783 = DIRECTION('',(0.810237285451,-0.578740918179,-9.25985469087E-02)
  );
#1784 = DIRECTION('',(-0.581238193719,-0.813733471207,
    -6.938893903907E-18));
#1785 = DEFINITIONAL_REPRESENTATION('',(#1786),#1789);
#1786 = B_SPLINE_CURVE_WITH_KNOTS('',1,(#1787,#1788),.UNSPECIFIED.,.F.,
  .F.,(2,2),(0.,1.541060034564),.PIECEWISE_BEZIER_KNOTS.);
#1787 = CARTESIAN_POINT('',(-4.742125272616,0.));
#1788 = CARTESIAN_POINT('',(-6.28318530718,0.));
#1789 = ( GEOMETRIC_REPRESENTATION_CONTEXT(2) 
PARAMETRIC_REPRESENTATION_CONTEXT() REPRESENTATION_CONTEXT('2D SPACE',''
  ) );
#1790 = ORIENTED_EDGE('',*,*,#1791,.T.);
#1791 = EDGE_CURVE('',#1764,#1740,#1792,.T.);
#1792 = SURFACE_CURVE('',#1793,(#1798,#1805),.PCURVE_S1.);
#1793 = CIRCLE('',#1794,3.);
#1794 = AXIS2_PLACEMENT_3D('',#1795,#1796,#1797);
#1795 = CARTESIAN_POINT('',(33.441720483108,74.684485369208,
    -319.2504823409));
#1796 = DIRECTION('',(-0.810237285451,0.578740918179,9.25985469087E-02)
  );
#1797 = DIRECTION('',(-9.25985469087E-02,2.960416763632E-02,
    -0.995263333178));
#1798 = PCURVE('',#1644,#1799);
#1799 = DEFINITIONAL_REPRESENTATION('',(#1800),#1804);
#1800 = LINE('',#1801,#1802);
#1801 = CARTESIAN_POINT('',(-0.626239471343,4.871044242571));
#1802 = VECTOR('',#1803,1.);
#1803 = DIRECTION('',(-0.,1.));
#1804 = ( GEOMETRIC_REPRESENTATION_CONTEXT(2) 
PARAMETRIC_REPRESENTATION_CONTEXT() REPRESENTATION_CONTEXT('2D SPACE',''
  ) );
#1805 = PCURVE('',#1780,#1806);
#1806 = DEFINITIONAL_REPRESENTATION('',(#1807),#1810);
#1807 = B_SPLINE_CURVE_WITH_KNOTS('',1,(#1808,#1809),.UNSPECIFIED.,.F.,
  .F.,(2,2),(1.541060034564,6.28318530718),.PIECEWISE_BEZIER_KNOTS.);
#1808 = CARTESIAN_POINT('',(0.,0.));
#1809 = CARTESIAN_POINT('',(-4.742125272616,0.));
#1810 = ( GEOMETRIC_REPRESENTATION_CONTEXT(2) 
PARAMETRIC_REPRESENTATION_CONTEXT() REPRESENTATION_CONTEXT('2D SPACE',''
  ) );
#1811 = ORIENTED_EDGE('',*,*,#1739,.F.);
#1812 = ADVANCED_FACE('',(#1813),#1702,.F.);
#1813 = FACE_BOUND('',#1814,.T.);
#1814 = EDGE_LOOP('',(#1815,#1816,#1839,#1865,#1866));
#1815 = ORIENTED_EDGE('',*,*,#1713,.F.);
#1816 = ORIENTED_EDGE('',*,*,#1817,.T.);
#1817 = EDGE_CURVE('',#1686,#1818,#1820,.T.);
#1818 = VERTEX_POINT('',#1819);
#1819 = CARTESIAN_POINT('',(48.094270202883,70.,-321.5));
#1820 = SEAM_CURVE('',#1821,(#1825,#1832),.PCURVE_S1.);
#1821 = LINE('',#1822,#1823);
#1822 = CARTESIAN_POINT('',(855.6696562634,70.,-321.5));
#1823 = VECTOR('',#1824,1.);
#1824 = DIRECTION('',(-1.,0.,0.));
#1825 = PCURVE('',#1702,#1826);
#1826 = DEFINITIONAL_REPRESENTATION('',(#1827),#1831);
#1827 = LINE('',#1828,#1829);
#1828 = CARTESIAN_POINT('',(-6.28318530718,0.));
#1829 = VECTOR('',#1830,1.);
#1830 = DIRECTION('',(-0.,-1.));
#1831 = ( GEOMETRIC_REPRESENTATION_CONTEXT(2) 
PARAMETRIC_REPRESENTATION_CONTEXT() REPRESENTATION_CONTEXT('2D SPACE',''
  ) );
#1832 = PCURVE('',#1702,#1833);
#1833 = DEFINITIONAL_REPRESENTATION('',(#1834),#1838);
#1834 = LINE('',#1835,#1836);
#1835 = CARTESIAN_POINT('',(-0.,0.));
#1836 = VECTOR('',#1837,1.);
#1837 = DIRECTION('',(-0.,-1.));
#1838 = ( GEOMETRIC_REPRESENTATION_CONTEXT(2) 
PARAMETRIC_REPRESENTATION_CONTEXT() REPRESENTATION_CONTEXT('2D SPACE',''
  ) );
#1839 = ORIENTED_EDGE('',*,*,#1840,.T.);
#1840 = EDGE_CURVE('',#1818,#1818,#1841,.T.);
#1841 = SURFACE_CURVE('',#1842,(#1847,#1854),.PCURVE_S1.);
#1842 = CIRCLE('',#1843,1.5);
#1843 = AXIS2_PLACEMENT_3D('',#1844,#1845,#1846);
#1844 = CARTESIAN_POINT('',(48.094270202883,70.,-320.));
#1845 = DIRECTION('',(-1.,0.,0.));
#1846 = DIRECTION('',(0.,0.,-1.));
#1847 = PCURVE('',#1702,#1848);
#1848 = DEFINITIONAL_REPRESENTATION('',(#1849),#1853);
#1849 = LINE('',#1850,#1851);
#1850 = CARTESIAN_POINT('',(-0.,-807.5753860605));
#1851 = VECTOR('',#1852,1.);
#1852 = DIRECTION('',(-1.,0.));
#1853 = ( GEOMETRIC_REPRESENTATION_CONTEXT(2) 
PARAMETRIC_REPRESENTATION_CONTEXT() REPRESENTATION_CONTEXT('2D SPACE',''
  ) );
#1854 = PCURVE('',#1855,#1860);
#1855 = TOROIDAL_SURFACE('',#1856,25.,1.5);
#1856 = AXIS2_PLACEMENT_3D('',#1857,#1858,#1859);
#1857 = CARTESIAN_POINT('',(48.094270202883,94.686015797918,
    -316.0502374723));
#1858 = DIRECTION('',(-0.,-0.157990501107,0.987440631917));
#1859 = DIRECTION('',(0.,-0.987440631917,-0.157990501107));
#1860 = DEFINITIONAL_REPRESENTATION('',(#1861),#1864);
#1861 = B_SPLINE_CURVE_WITH_KNOTS('',1,(#1862,#1863),.UNSPECIFIED.,.F.,
  .F.,(2,2),(0.,6.28318530718),.PIECEWISE_BEZIER_KNOTS.);
#1862 = CARTESIAN_POINT('',(0.,4.871044242571));
#1863 = CARTESIAN_POINT('',(0.,11.154229549751));
#1864 = ( GEOMETRIC_REPRESENTATION_CONTEXT(2) 
PARAMETRIC_REPRESENTATION_CONTEXT() REPRESENTATION_CONTEXT('2D SPACE',''
  ) );
#1865 = ORIENTED_EDGE('',*,*,#1817,.F.);
#1866 = ORIENTED_EDGE('',*,*,#1685,.F.);
#1867 = ADVANCED_FACE('',(#1868),#1780,.T.);
#1868 = FACE_BOUND('',#1869,.F.);
#1869 = EDGE_LOOP('',(#1870,#1871,#1894,#1920,#1921));
#1870 = ORIENTED_EDGE('',*,*,#1791,.F.);
#1871 = ORIENTED_EDGE('',*,*,#1872,.T.);
#1872 = EDGE_CURVE('',#1764,#1873,#1875,.T.);
#1873 = VERTEX_POINT('',#1874);
#1874 = CARTESIAN_POINT('',(-29.62404263697,116.04474819767,
    -312.2422482221));
#1875 = SEAM_CURVE('',#1876,(#1880,#1887),.PCURVE_S1.);
#1876 = LINE('',#1877,#1878);
#1877 = CARTESIAN_POINT('',(31.698005901951,72.243284955588,
    -319.2504823409));
#1878 = VECTOR('',#1879,1.);
#1879 = DIRECTION('',(-0.810237285451,0.578740918179,9.25985469087E-02)
  );
#1880 = PCURVE('',#1780,#1881);
#1881 = DEFINITIONAL_REPRESENTATION('',(#1882),#1886);
#1882 = LINE('',#1883,#1884);
#1883 = CARTESIAN_POINT('',(-6.28318530718,0.));
#1884 = VECTOR('',#1885,1.);
#1885 = DIRECTION('',(-0.,-1.));
#1886 = ( GEOMETRIC_REPRESENTATION_CONTEXT(2) 
PARAMETRIC_REPRESENTATION_CONTEXT() REPRESENTATION_CONTEXT('2D SPACE',''
  ) );
#1887 = PCURVE('',#1780,#1888);
#1888 = DEFINITIONAL_REPRESENTATION('',(#1889),#1893);
#1889 = LINE('',#1890,#1891);
#1890 = CARTESIAN_POINT('',(-0.,0.));
#1891 = VECTOR('',#1892,1.);
#1892 = DIRECTION('',(-0.,-1.));
#1893 = ( GEOMETRIC_REPRESENTATION_CONTEXT(2) 
PARAMETRIC_REPRESENTATION_CONTEXT() REPRESENTATION_CONTEXT('2D SPACE',''
  ) );
#1894 = ORIENTED_EDGE('',*,*,#1895,.T.);
#1895 = EDGE_CURVE('',#1873,#1873,#1896,.T.);
#1896 = SURFACE_CURVE('',#1897,(#1902,#1909),.PCURVE_S1.);
#1897 = CIRCLE('',#1898,3.);
#1898 = AXIS2_PLACEMENT_3D('',#1899,#1900,#1901);
#1899 = CARTESIAN_POINT('',(-27.88032805581,118.48594861129,
    -312.2422482221));
#1900 = DIRECTION('',(-0.810237285451,0.578740918179,9.25985469087E-02)
  );
#1901 = DIRECTION('',(-0.581238193719,-0.813733471207,
    -6.938893903907E-18));
#1902 = PCURVE('',#1780,#1903);
#1903 = DEFINITIONAL_REPRESENTATION('',(#1904),#1908);
#1904 = LINE('',#1905,#1906);
#1905 = CARTESIAN_POINT('',(-0.,-75.68406149659));
#1906 = VECTOR('',#1907,1.);
#1907 = DIRECTION('',(-1.,0.));
#1908 = ( GEOMETRIC_REPRESENTATION_CONTEXT(2) 
PARAMETRIC_REPRESENTATION_CONTEXT() REPRESENTATION_CONTEXT('2D SPACE',''
  ) );
#1909 = PCURVE('',#1910,#1915);
#1910 = TOROIDAL_SURFACE('',#1911,25.,3.);
#1911 = AXIS2_PLACEMENT_3D('',#1912,#1913,#1914);
#1912 = CARTESIAN_POINT('',(-16.59647759865,131.36935010764,
    -294.0298160742));
#1913 = DIRECTION('',(-0.373891817832,-0.632050389636,0.678761529198));
#1914 = DIRECTION('',(-0.451354018287,-0.515336059854,-0.728497285919));
#1915 = DEFINITIONAL_REPRESENTATION('',(#1916),#1919);
#1916 = B_SPLINE_CURVE_WITH_KNOTS('',1,(#1917,#1918),.UNSPECIFIED.,.F.,
  .F.,(2,2),(0.,6.28318530718),.PIECEWISE_BEZIER_KNOTS.);
#1917 = CARTESIAN_POINT('',(-5.254508157059E-16,0.820725754703));
#1918 = CARTESIAN_POINT('',(-5.254508157059E-16,7.103911061883));
#1919 = ( GEOMETRIC_REPRESENTATION_CONTEXT(2) 
PARAMETRIC_REPRESENTATION_CONTEXT() REPRESENTATION_CONTEXT('2D SPACE',''
  ) );
#1920 = ORIENTED_EDGE('',*,*,#1872,.F.);
#1921 = ORIENTED_EDGE('',*,*,#1763,.F.);
#1922 = ADVANCED_FACE('',(#1923),#1855,.F.);
#1923 = FACE_BOUND('',#1924,.T.);
#1924 = EDGE_LOOP('',(#1925,#1926,#1950,#1978,#1999));
#1925 = ORIENTED_EDGE('',*,*,#1840,.F.);
#1926 = ORIENTED_EDGE('',*,*,#1927,.T.);
#1927 = EDGE_CURVE('',#1818,#1928,#1930,.T.);
#1928 = VERTEX_POINT('',#1929);
#1929 = CARTESIAN_POINT('',(33.302822662745,74.728891620663,
    -320.7433773406));
#1930 = SEAM_CURVE('',#1931,(#1936,#1943),.PCURVE_S1.);
#1931 = CIRCLE('',#1932,25.23698575166);
#1932 = AXIS2_PLACEMENT_3D('',#1933,#1934,#1935);
#1933 = CARTESIAN_POINT('',(48.094270202883,94.920025158292,
    -317.5127959746));
#1934 = DIRECTION('',(0.,0.157990501107,-0.987440631917));
#1935 = DIRECTION('',(0.,-0.987440631917,-0.157990501107));
#1936 = PCURVE('',#1855,#1937);
#1937 = DEFINITIONAL_REPRESENTATION('',(#1938),#1942);
#1938 = LINE('',#1939,#1940);
#1939 = CARTESIAN_POINT('',(-0.,11.154229549751));
#1940 = VECTOR('',#1941,1.);
#1941 = DIRECTION('',(-1.,0.));
#1942 = ( GEOMETRIC_REPRESENTATION_CONTEXT(2) 
PARAMETRIC_REPRESENTATION_CONTEXT() REPRESENTATION_CONTEXT('2D SPACE',''
  ) );
#1943 = PCURVE('',#1855,#1944);
#1944 = DEFINITIONAL_REPRESENTATION('',(#1945),#1949);
#1945 = LINE('',#1946,#1947);
#1946 = CARTESIAN_POINT('',(-0.,4.871044242571));
#1947 = VECTOR('',#1948,1.);
#1948 = DIRECTION('',(-1.,0.));
#1949 = ( GEOMETRIC_REPRESENTATION_CONTEXT(2) 
PARAMETRIC_REPRESENTATION_CONTEXT() REPRESENTATION_CONTEXT('2D SPACE',''
  ) );
#1950 = ORIENTED_EDGE('',*,*,#1951,.T.);
#1951 = EDGE_CURVE('',#1928,#1952,#1954,.T.);
#1952 = VERTEX_POINT('',#1953);
#1953 = CARTESIAN_POINT('',(32.56986319253,73.463885162398,
    -319.2504823409));
#1954 = SURFACE_CURVE('',#1955,(#1960,#1967),.PCURVE_S1.);
#1955 = CIRCLE('',#1956,1.5);
#1956 = AXIS2_PLACEMENT_3D('',#1957,#1958,#1959);
#1957 = CARTESIAN_POINT('',(33.441720483108,74.684485369208,
    -319.2504823409));
#1958 = DIRECTION('',(-0.810237285451,0.578740918179,9.25985469087E-02)
  );
#1959 = DIRECTION('',(-9.25985469087E-02,2.960416763632E-02,
    -0.995263333178));
#1960 = PCURVE('',#1855,#1961);
#1961 = DEFINITIONAL_REPRESENTATION('',(#1962),#1966);
#1962 = LINE('',#1963,#1964);
#1963 = CARTESIAN_POINT('',(-0.626239471343,4.871044242571));
#1964 = VECTOR('',#1965,1.);
#1965 = DIRECTION('',(-0.,1.));
#1966 = ( GEOMETRIC_REPRESENTATION_CONTEXT(2) 
PARAMETRIC_REPRESENTATION_CONTEXT() REPRESENTATION_CONTEXT('2D SPACE',''
  ) );
#1967 = PCURVE('',#1968,#1973);
#1968 = CYLINDRICAL_SURFACE('',#1969,1.5);
#1969 = AXIS2_PLACEMENT_3D('',#1970,#1971,#1972);
#1970 = CARTESIAN_POINT('',(33.441720483108,74.684485369208,
    -319.2504823409));
#1971 = DIRECTION('',(0.810237285451,-0.578740918179,-9.25985469087E-02)
  );
#1972 = DIRECTION('',(-0.581238193719,-0.813733471207,
    -6.938893903907E-18));
#1973 = DEFINITIONAL_REPRESENTATION('',(#1974),#1977);
#1974 = B_SPLINE_CURVE_WITH_KNOTS('',1,(#1975,#1976),.UNSPECIFIED.,.F.,
  .F.,(2,2),(0.,1.541060034564),.PIECEWISE_BEZIER_KNOTS.);
#1975 = CARTESIAN_POINT('',(-4.742125272616,0.));
#1976 = CARTESIAN_POINT('',(-6.28318530718,0.));
#1977 = ( GEOMETRIC_REPRESENTATION_CONTEXT(2) 
PARAMETRIC_REPRESENTATION_CONTEXT() REPRESENTATION_CONTEXT('2D SPACE',''
  ) );
#1978 = ORIENTED_EDGE('',*,*,#1979,.T.);
#1979 = EDGE_CURVE('',#1952,#1928,#1980,.T.);
#1980 = SURFACE_CURVE('',#1981,(#1986,#1993),.PCURVE_S1.);
#1981 = CIRCLE('',#1982,1.5);
#1982 = AXIS2_PLACEMENT_3D('',#1983,#1984,#1985);
#1983 = CARTESIAN_POINT('',(33.441720483108,74.684485369208,
    -319.2504823409));
#1984 = DIRECTION('',(-0.810237285451,0.578740918179,9.25985469087E-02)
  );
#1985 = DIRECTION('',(-9.25985469087E-02,2.960416763632E-02,
    -0.995263333178));
#1986 = PCURVE('',#1855,#1987);
#1987 = DEFINITIONAL_REPRESENTATION('',(#1988),#1992);
#1988 = LINE('',#1989,#1990);
#1989 = CARTESIAN_POINT('',(-0.626239471343,4.871044242571));
#1990 = VECTOR('',#1991,1.);
#1991 = DIRECTION('',(-0.,1.));
#1992 = ( GEOMETRIC_REPRESENTATION_CONTEXT(2) 
PARAMETRIC_REPRESENTATION_CONTEXT() REPRESENTATION_CONTEXT('2D SPACE',''
  ) );
#1993 = PCURVE('',#1968,#1994);
#1994 = DEFINITIONAL_REPRESENTATION('',(#1995),#1998);
#1995 = B_SPLINE_CURVE_WITH_KNOTS('',1,(#1996,#1997),.UNSPECIFIED.,.F.,
  .F.,(2,2),(1.541060034564,6.28318530718),.PIECEWISE_BEZIER_KNOTS.);
#1996 = CARTESIAN_POINT('',(0.,0.));
#1997 = CARTESIAN_POINT('',(-4.742125272616,0.));
#1998 = ( GEOMETRIC_REPRESENTATION_CONTEXT(2) 
PARAMETRIC_REPRESENTATION_CONTEXT() REPRESENTATION_CONTEXT('2D SPACE',''
  ) );
#1999 = ORIENTED_EDGE('',*,*,#1927,.F.);
#2000 = ADVANCED_FACE('',(#2001),#1910,.T.);
#2001 = FACE_BOUND('',#2002,.F.);
#2002 = EDGE_LOOP('',(#2003,#2004,#2028,#2056,#2077));
#2003 = ORIENTED_EDGE('',*,*,#1895,.F.);
#2004 = ORIENTED_EDGE('',*,*,#2005,.T.);
#2005 = EDGE_CURVE('',#1873,#2006,#2008,.T.);
#2006 = VERTEX_POINT('',#2007);
#2007 = CARTESIAN_POINT('',(-33.89605372329,119.5870090112,
    -311.2969717017));
#2008 = SEAM_CURVE('',#2009,(#2014,#2021),.PCURVE_S1.);
#2009 = CIRCLE('',#2010,27.045071185419);
#2010 = AXIS2_PLACEMENT_3D('',#2011,#2012,#2013);
#2011 = CARTESIAN_POINT('',(-17.41714108258,129.98204862084,
    -292.5399872661));
#2012 = DIRECTION('',(0.373891817832,0.632050389636,-0.678761529198));
#2013 = DIRECTION('',(-0.451354018287,-0.515336059854,-0.728497285919));
#2014 = PCURVE('',#1910,#2015);
#2015 = DEFINITIONAL_REPRESENTATION('',(#2016),#2020);
#2016 = LINE('',#2017,#2018);
#2017 = CARTESIAN_POINT('',(-5.254508157059E-16,7.103911061883));
#2018 = VECTOR('',#2019,1.);
#2019 = DIRECTION('',(-1.,0.));
#2020 = ( GEOMETRIC_REPRESENTATION_CONTEXT(2) 
PARAMETRIC_REPRESENTATION_CONTEXT() REPRESENTATION_CONTEXT('2D SPACE',''
  ) );
#2021 = PCURVE('',#1910,#2022);
#2022 = DEFINITIONAL_REPRESENTATION('',(#2023),#2027);
#2023 = LINE('',#2024,#2025);
#2024 = CARTESIAN_POINT('',(-5.254508157059E-16,0.820725754703));
#2025 = VECTOR('',#2026,1.);
#2026 = DIRECTION('',(-1.,0.));
#2027 = ( GEOMETRIC_REPRESENTATION_CONTEXT(2) 
PARAMETRIC_REPRESENTATION_CONTEXT() REPRESENTATION_CONTEXT('2D SPACE',''
  ) );
#2028 = ORIENTED_EDGE('',*,*,#2029,.T.);
#2029 = EDGE_CURVE('',#2006,#2030,#2032,.T.);
#2030 = VERTEX_POINT('',#2031);
#2031 = CARTESIAN_POINT('',(-33.90949337725,119.59868700108,
    -311.3684508175));
#2032 = SURFACE_CURVE('',#2033,(#2038,#2045),.PCURVE_S1.);
#2033 = CIRCLE('',#2034,3.);
#2034 = AXIS2_PLACEMENT_3D('',#2035,#2036,#2037);
#2035 = CARTESIAN_POINT('',(-31.82930184205,121.76035376005,
    -311.3684508175));
#2036 = DIRECTION('',(-0.699244316008,0.672889149614,0.241407495454));
#2037 = DIRECTION('',(-0.688917293749,-0.724448249618,2.382637192217E-02
    ));
#2038 = PCURVE('',#1910,#2039);
#2039 = DEFINITIONAL_REPRESENTATION('',(#2040),#2044);
#2040 = LINE('',#2041,#2042);
#2041 = CARTESIAN_POINT('',(-0.208530047873,0.820725754703));
#2042 = VECTOR('',#2043,1.);
#2043 = DIRECTION('',(-0.,1.));
#2044 = ( GEOMETRIC_REPRESENTATION_CONTEXT(2) 
PARAMETRIC_REPRESENTATION_CONTEXT() REPRESENTATION_CONTEXT('2D SPACE',''
  ) );
#2045 = PCURVE('',#2046,#2051);
#2046 = CYLINDRICAL_SURFACE('',#2047,3.);
#2047 = AXIS2_PLACEMENT_3D('',#2048,#2049,#2050);
#2048 = CARTESIAN_POINT('',(-31.82930184205,121.76035376005,
    -311.3684508175));
#2049 = DIRECTION('',(0.699244316008,-0.672889149614,-0.241407495454));
#2050 = DIRECTION('',(-0.6933971784,-0.720555586326,0.));
#2051 = DEFINITIONAL_REPRESENTATION('',(#2052),#2055);
#2052 = B_SPLINE_CURVE_WITH_KNOTS('',1,(#2053,#2054),.UNSPECIFIED.,.F.,
  .F.,(2,2),(0.,6.258630297753),.PIECEWISE_BEZIER_KNOTS.);
#2053 = CARTESIAN_POINT('',(-2.455500942654E-02,0.));
#2054 = CARTESIAN_POINT('',(-6.28318530718,0.));
#2055 = ( GEOMETRIC_REPRESENTATION_CONTEXT(2) 
PARAMETRIC_REPRESENTATION_CONTEXT() REPRESENTATION_CONTEXT('2D SPACE',''
  ) );
#2056 = ORIENTED_EDGE('',*,*,#2057,.T.);
#2057 = EDGE_CURVE('',#2030,#2006,#2058,.T.);
#2058 = SURFACE_CURVE('',#2059,(#2064,#2071),.PCURVE_S1.);
#2059 = CIRCLE('',#2060,3.);
#2060 = AXIS2_PLACEMENT_3D('',#2061,#2062,#2063);
#2061 = CARTESIAN_POINT('',(-31.82930184205,121.76035376005,
    -311.3684508175));
#2062 = DIRECTION('',(-0.699244316008,0.672889149614,0.241407495454));
#2063 = DIRECTION('',(-0.688917293749,-0.724448249618,2.382637192217E-02
    ));
#2064 = PCURVE('',#1910,#2065);
#2065 = DEFINITIONAL_REPRESENTATION('',(#2066),#2070);
#2066 = LINE('',#2067,#2068);
#2067 = CARTESIAN_POINT('',(-0.208530047873,0.820725754703));
#2068 = VECTOR('',#2069,1.);
#2069 = DIRECTION('',(-0.,1.));
#2070 = ( GEOMETRIC_REPRESENTATION_CONTEXT(2) 
PARAMETRIC_REPRESENTATION_CONTEXT() REPRESENTATION_CONTEXT('2D SPACE',''
  ) );
#2071 = PCURVE('',#2046,#2072);
#2072 = DEFINITIONAL_REPRESENTATION('',(#2073),#2076);
#2073 = B_SPLINE_CURVE_WITH_KNOTS('',1,(#2074,#2075),.UNSPECIFIED.,.F.,
  .F.,(2,2),(6.258630297753,6.28318530718),.PIECEWISE_BEZIER_KNOTS.);
#2074 = CARTESIAN_POINT('',(0.,0.));
#2075 = CARTESIAN_POINT('',(-2.455500942654E-02,0.));
#2076 = ( GEOMETRIC_REPRESENTATION_CONTEXT(2) 
PARAMETRIC_REPRESENTATION_CONTEXT() REPRESENTATION_CONTEXT('2D SPACE',''
  ) );
#2077 = ORIENTED_EDGE('',*,*,#2005,.F.);
#2078 = ADVANCED_FACE('',(#2079),#1968,.F.);
#2079 = FACE_BOUND('',#2080,.T.);
#2080 = EDGE_LOOP('',(#2081,#2082,#2105,#2131,#2132));
#2081 = ORIENTED_EDGE('',*,*,#1979,.F.);
#2082 = ORIENTED_EDGE('',*,*,#2083,.T.);
#2083 = EDGE_CURVE('',#1952,#2084,#2086,.T.);
#2084 = VERTEX_POINT('',#2085);
#2085 = CARTESIAN_POINT('',(-28.75218534639,117.26534840448,
    -312.2422482221));
#2086 = SEAM_CURVE('',#2087,(#2091,#2098),.PCURVE_S1.);
#2087 = LINE('',#2088,#2089);
#2088 = CARTESIAN_POINT('',(32.56986319253,73.463885162398,
    -319.2504823409));
#2089 = VECTOR('',#2090,1.);
#2090 = DIRECTION('',(-0.810237285451,0.578740918179,9.25985469087E-02)
  );
#2091 = PCURVE('',#1968,#2092);
#2092 = DEFINITIONAL_REPRESENTATION('',(#2093),#2097);
#2093 = LINE('',#2094,#2095);
#2094 = CARTESIAN_POINT('',(-6.28318530718,0.));
#2095 = VECTOR('',#2096,1.);
#2096 = DIRECTION('',(-0.,-1.));
#2097 = ( GEOMETRIC_REPRESENTATION_CONTEXT(2) 
PARAMETRIC_REPRESENTATION_CONTEXT() REPRESENTATION_CONTEXT('2D SPACE',''
  ) );
#2098 = PCURVE('',#1968,#2099);
#2099 = DEFINITIONAL_REPRESENTATION('',(#2100),#2104);
#2100 = LINE('',#2101,#2102);
#2101 = CARTESIAN_POINT('',(-0.,0.));
#2102 = VECTOR('',#2103,1.);
#2103 = DIRECTION('',(-0.,-1.));
#2104 = ( GEOMETRIC_REPRESENTATION_CONTEXT(2) 
PARAMETRIC_REPRESENTATION_CONTEXT() REPRESENTATION_CONTEXT('2D SPACE',''
  ) );
#2105 = ORIENTED_EDGE('',*,*,#2106,.T.);
#2106 = EDGE_CURVE('',#2084,#2084,#2107,.T.);
#2107 = SURFACE_CURVE('',#2108,(#2113,#2120),.PCURVE_S1.);
#2108 = CIRCLE('',#2109,1.5);
#2109 = AXIS2_PLACEMENT_3D('',#2110,#2111,#2112);
#2110 = CARTESIAN_POINT('',(-27.88032805581,118.48594861129,
    -312.2422482221));
#2111 = DIRECTION('',(-0.810237285451,0.578740918179,9.25985469087E-02)
  );
#2112 = DIRECTION('',(-0.581238193719,-0.813733471207,
    -6.938893903907E-18));
#2113 = PCURVE('',#1968,#2114);
#2114 = DEFINITIONAL_REPRESENTATION('',(#2115),#2119);
#2115 = LINE('',#2116,#2117);
#2116 = CARTESIAN_POINT('',(-0.,-75.68406149659));
#2117 = VECTOR('',#2118,1.);
#2118 = DIRECTION('',(-1.,0.));
#2119 = ( GEOMETRIC_REPRESENTATION_CONTEXT(2) 
PARAMETRIC_REPRESENTATION_CONTEXT() REPRESENTATION_CONTEXT('2D SPACE',''
  ) );
#2120 = PCURVE('',#2121,#2126);
#2121 = TOROIDAL_SURFACE('',#2122,25.,1.5);
#2122 = AXIS2_PLACEMENT_3D('',#2123,#2124,#2125);
#2123 = CARTESIAN_POINT('',(-16.59647759865,131.36935010764,
    -294.0298160742));
#2124 = DIRECTION('',(-0.373891817832,-0.632050389636,0.678761529198));
#2125 = DIRECTION('',(-0.451354018287,-0.515336059854,-0.728497285919));
#2126 = DEFINITIONAL_REPRESENTATION('',(#2127),#2130);
#2127 = B_SPLINE_CURVE_WITH_KNOTS('',1,(#2128,#2129),.UNSPECIFIED.,.F.,
  .F.,(2,2),(0.,6.28318530718),.PIECEWISE_BEZIER_KNOTS.);
#2128 = CARTESIAN_POINT('',(-5.460980028089E-16,0.820725754703));
#2129 = CARTESIAN_POINT('',(-5.460980028089E-16,7.103911061883));
#2130 = ( GEOMETRIC_REPRESENTATION_CONTEXT(2) 
PARAMETRIC_REPRESENTATION_CONTEXT() REPRESENTATION_CONTEXT('2D SPACE',''
  ) );
#2131 = ORIENTED_EDGE('',*,*,#2083,.F.);
#2132 = ORIENTED_EDGE('',*,*,#1951,.F.);
#2133 = ADVANCED_FACE('',(#2134),#2046,.T.);
#2134 = FACE_BOUND('',#2135,.F.);
#2135 = EDGE_LOOP('',(#2136,#2137,#2160,#2186,#2187));
#2136 = ORIENTED_EDGE('',*,*,#2057,.F.);
#2137 = ORIENTED_EDGE('',*,*,#2138,.T.);
#2138 = EDGE_CURVE('',#2030,#2139,#2141,.T.);
#2139 = VERTEX_POINT('',#2140);
#2140 = CARTESIAN_POINT('',(-82.62235910046,166.47551966361,
    -294.5507940394));
#2141 = SEAM_CURVE('',#2142,(#2146,#2153),.PCURVE_S1.);
#2142 = LINE('',#2143,#2144);
#2143 = CARTESIAN_POINT('',(-33.90949337725,119.59868700108,
    -311.3684508175));
#2144 = VECTOR('',#2145,1.);
#2145 = DIRECTION('',(-0.699244316008,0.672889149614,0.241407495454));
#2146 = PCURVE('',#2046,#2147);
#2147 = DEFINITIONAL_REPRESENTATION('',(#2148),#2152);
#2148 = LINE('',#2149,#2150);
#2149 = CARTESIAN_POINT('',(-6.28318530718,0.));
#2150 = VECTOR('',#2151,1.);
#2151 = DIRECTION('',(-0.,-1.));
#2152 = ( GEOMETRIC_REPRESENTATION_CONTEXT(2) 
PARAMETRIC_REPRESENTATION_CONTEXT() REPRESENTATION_CONTEXT('2D SPACE',''
  ) );
#2153 = PCURVE('',#2046,#2154);
#2154 = DEFINITIONAL_REPRESENTATION('',(#2155),#2159);
#2155 = LINE('',#2156,#2157);
#2156 = CARTESIAN_POINT('',(-0.,0.));
#2157 = VECTOR('',#2158,1.);
#2158 = DIRECTION('',(-0.,-1.));
#2159 = ( GEOMETRIC_REPRESENTATION_CONTEXT(2) 
PARAMETRIC_REPRESENTATION_CONTEXT() REPRESENTATION_CONTEXT('2D SPACE',''
  ) );
#2160 = ORIENTED_EDGE('',*,*,#2161,.T.);
#2161 = EDGE_CURVE('',#2139,#2139,#2162,.T.);
#2162 = SURFACE_CURVE('',#2163,(#2168,#2175),.PCURVE_S1.);
#2163 = CIRCLE('',#2164,3.);
#2164 = AXIS2_PLACEMENT_3D('',#2165,#2166,#2167);
#2165 = CARTESIAN_POINT('',(-80.54216756526,168.63718642259,
    -294.5507940394));
#2166 = DIRECTION('',(-0.699244316008,0.672889149614,0.241407495454));
#2167 = DIRECTION('',(-0.6933971784,-0.720555586326,0.));
#2168 = PCURVE('',#2046,#2169);
#2169 = DEFINITIONAL_REPRESENTATION('',(#2170),#2174);
#2170 = LINE('',#2171,#2172);
#2171 = CARTESIAN_POINT('',(-0.,-69.66501494253));
#2172 = VECTOR('',#2173,1.);
#2173 = DIRECTION('',(-1.,0.));
#2174 = ( GEOMETRIC_REPRESENTATION_CONTEXT(2) 
PARAMETRIC_REPRESENTATION_CONTEXT() REPRESENTATION_CONTEXT('2D SPACE',''
  ) );
#2175 = PCURVE('',#2176,#2181);
#2176 = TOROIDAL_SURFACE('',#2177,25.,3.);
#2177 = AXIS2_PLACEMENT_3D('',#2178,#2179,#2180);
#2178 = CARTESIAN_POINT('',(-62.73455543808,184.31572166336,
    -286.6721848327));
#2179 = DIRECTION('',(-6.066058897453E-02,-0.392318549979,0.917827025255
    ));
#2180 = DIRECTION('',(-0.712304485087,-0.627141409631,-0.315144368268));
#2181 = DEFINITIONAL_REPRESENTATION('',(#2182),#2185);
#2182 = B_SPLINE_CURVE_WITH_KNOTS('',1,(#2183,#2184),.UNSPECIFIED.,.F.,
  .F.,(2,2),(0.,6.28318530718),.PIECEWISE_BEZIER_KNOTS.);
#2183 = CARTESIAN_POINT('',(0.,0.330746547993));
#2184 = CARTESIAN_POINT('',(0.,6.613931855172));
#2185 = ( GEOMETRIC_REPRESENTATION_CONTEXT(2) 
PARAMETRIC_REPRESENTATION_CONTEXT() REPRESENTATION_CONTEXT('2D SPACE',''
  ) );
#2186 = ORIENTED_EDGE('',*,*,#2138,.F.);
#2187 = ORIENTED_EDGE('',*,*,#2029,.F.);
#2188 = ADVANCED_FACE('',(#2189),#2121,.F.);
#2189 = FACE_BOUND('',#2190,.T.);
#2190 = EDGE_LOOP('',(#2191,#2192,#2216,#2244,#2265));
#2191 = ORIENTED_EDGE('',*,*,#2106,.F.);
#2192 = ORIENTED_EDGE('',*,*,#2193,.T.);
#2193 = EDGE_CURVE('',#2084,#2194,#2196,.T.);
#2194 = VERTEX_POINT('',#2195);
#2195 = CARTESIAN_POINT('',(-32.86267778267,120.67368138563,
    -311.3327112596));
#2196 = SEAM_CURVE('',#2197,(#2202,#2209),.PCURVE_S1.);
#2197 = CIRCLE('',#2198,26.02253559271);
#2198 = AXIS2_PLACEMENT_3D('',#2199,#2200,#2201);
#2199 = CARTESIAN_POINT('',(-17.00680934062,130.67569936424,
    -293.2849016701));
#2200 = DIRECTION('',(0.373891817832,0.632050389636,-0.678761529198));
#2201 = DIRECTION('',(-0.451354018287,-0.515336059854,-0.728497285919));
#2202 = PCURVE('',#2121,#2203);
#2203 = DEFINITIONAL_REPRESENTATION('',(#2204),#2208);
#2204 = LINE('',#2205,#2206);
#2205 = CARTESIAN_POINT('',(-5.460980028089E-16,7.103911061883));
#2206 = VECTOR('',#2207,1.);
#2207 = DIRECTION('',(-1.,0.));
#2208 = ( GEOMETRIC_REPRESENTATION_CONTEXT(2) 
PARAMETRIC_REPRESENTATION_CONTEXT() REPRESENTATION_CONTEXT('2D SPACE',''
  ) );
#2209 = PCURVE('',#2121,#2210);
#2210 = DEFINITIONAL_REPRESENTATION('',(#2211),#2215);
#2211 = LINE('',#2212,#2213);
#2212 = CARTESIAN_POINT('',(-5.460980028089E-16,0.820725754703));
#2213 = VECTOR('',#2214,1.);
#2214 = DIRECTION('',(-1.,0.));
#2215 = ( GEOMETRIC_REPRESENTATION_CONTEXT(2) 
PARAMETRIC_REPRESENTATION_CONTEXT() REPRESENTATION_CONTEXT('2D SPACE',''
  ) );
#2216 = ORIENTED_EDGE('',*,*,#2217,.T.);
#2217 = EDGE_CURVE('',#2194,#2218,#2220,.T.);
#2218 = VERTEX_POINT('',#2219);
#2219 = CARTESIAN_POINT('',(-32.86939760965,120.67952038056,
    -311.3684508175));
#2220 = SURFACE_CURVE('',#2221,(#2226,#2233),.PCURVE_S1.);
#2221 = CIRCLE('',#2222,1.5);
#2222 = AXIS2_PLACEMENT_3D('',#2223,#2224,#2225);
#2223 = CARTESIAN_POINT('',(-31.82930184205,121.76035376005,
    -311.3684508175));
#2224 = DIRECTION('',(-0.699244316008,0.672889149614,0.241407495454));
#2225 = DIRECTION('',(-0.688917293749,-0.724448249618,2.382637192217E-02
    ));
#2226 = PCURVE('',#2121,#2227);
#2227 = DEFINITIONAL_REPRESENTATION('',(#2228),#2232);
#2228 = LINE('',#2229,#2230);
#2229 = CARTESIAN_POINT('',(-0.208530047873,0.820725754703));
#2230 = VECTOR('',#2231,1.);
#2231 = DIRECTION('',(-0.,1.));
#2232 = ( GEOMETRIC_REPRESENTATION_CONTEXT(2) 
PARAMETRIC_REPRESENTATION_CONTEXT() REPRESENTATION_CONTEXT('2D SPACE',''
  ) );
#2233 = PCURVE('',#2234,#2239);
#2234 = CYLINDRICAL_SURFACE('',#2235,1.5);
#2235 = AXIS2_PLACEMENT_3D('',#2236,#2237,#2238);
#2236 = CARTESIAN_POINT('',(-31.82930184205,121.76035376005,
    -311.3684508175));
#2237 = DIRECTION('',(0.699244316008,-0.672889149614,-0.241407495454));
#2238 = DIRECTION('',(-0.6933971784,-0.720555586326,0.));
#2239 = DEFINITIONAL_REPRESENTATION('',(#2240),#2243);
#2240 = B_SPLINE_CURVE_WITH_KNOTS('',1,(#2241,#2242),.UNSPECIFIED.,.F.,
  .F.,(2,2),(0.,6.258630297753),.PIECEWISE_BEZIER_KNOTS.);
#2241 = CARTESIAN_POINT('',(-2.455500942652E-02,0.));
#2242 = CARTESIAN_POINT('',(-6.28318530718,0.));
#2243 = ( GEOMETRIC_REPRESENTATION_CONTEXT(2) 
PARAMETRIC_REPRESENTATION_CONTEXT() REPRESENTATION_CONTEXT('2D SPACE',''
  ) );
#2244 = ORIENTED_EDGE('',*,*,#2245,.T.);
#2245 = EDGE_CURVE('',#2218,#2194,#2246,.T.);
#2246 = SURFACE_CURVE('',#2247,(#2252,#2259),.PCURVE_S1.);
#2247 = CIRCLE('',#2248,1.5);
#2248 = AXIS2_PLACEMENT_3D('',#2249,#2250,#2251);
#2249 = CARTESIAN_POINT('',(-31.82930184205,121.76035376005,
    -311.3684508175));
#2250 = DIRECTION('',(-0.699244316008,0.672889149614,0.241407495454));
#2251 = DIRECTION('',(-0.688917293749,-0.724448249618,2.382637192217E-02
    ));
#2252 = PCURVE('',#2121,#2253);
#2253 = DEFINITIONAL_REPRESENTATION('',(#2254),#2258);
#2254 = LINE('',#2255,#2256);
#2255 = CARTESIAN_POINT('',(-0.208530047873,0.820725754703));
#2256 = VECTOR('',#2257,1.);
#2257 = DIRECTION('',(-0.,1.));
#2258 = ( GEOMETRIC_REPRESENTATION_CONTEXT(2) 
PARAMETRIC_REPRESENTATION_CONTEXT() REPRESENTATION_CONTEXT('2D SPACE',''
  ) );
#2259 = PCURVE('',#2234,#2260);
#2260 = DEFINITIONAL_REPRESENTATION('',(#2261),#2264);
#2261 = B_SPLINE_CURVE_WITH_KNOTS('',1,(#2262,#2263),.UNSPECIFIED.,.F.,
  .F.,(2,2),(6.258630297753,6.28318530718),.PIECEWISE_BEZIER_KNOTS.);
#2262 = CARTESIAN_POINT('',(0.,0.));
#2263 = CARTESIAN_POINT('',(-2.455500942654E-02,0.));
#2264 = ( GEOMETRIC_REPRESENTATION_CONTEXT(2) 
PARAMETRIC_REPRESENTATION_CONTEXT() REPRESENTATION_CONTEXT('2D SPACE',''
  ) );
#2265 = ORIENTED_EDGE('',*,*,#2193,.F.);
#2266 = ADVANCED_FACE('',(#2267),#2176,.T.);
#2267 = FACE_BOUND('',#2268,.F.);
#2268 = EDGE_LOOP('',(#2269,#2270,#2294,#2322,#2343));
#2269 = ORIENTED_EDGE('',*,*,#2161,.F.);
#2270 = ORIENTED_EDGE('',*,*,#2271,.T.);
#2271 = EDGE_CURVE('',#2139,#2272,#2274,.T.);
#2272 = VERTEX_POINT('',#2273);
#2273 = CARTESIAN_POINT('',(-86.9617290414,197.140988474,-281.729855891)
  );
#2274 = SEAM_CURVE('',#2275,(#2280,#2287),.PCURVE_S1.);
#2275 = CIRCLE('',#2276,27.837400498743);
#2276 = AXIS2_PLACEMENT_3D('',#2277,#2278,#2279);
#2277 = CARTESIAN_POINT('',(-62.79365387204,183.93350625286,
    -285.777994045));
#2278 = DIRECTION('',(6.066058897453E-02,0.392318549979,-0.917827025255)
  );
#2279 = DIRECTION('',(-0.712304485087,-0.627141409631,-0.315144368268));
#2280 = PCURVE('',#2176,#2281);
#2281 = DEFINITIONAL_REPRESENTATION('',(#2282),#2286);
#2282 = LINE('',#2283,#2284);
#2283 = CARTESIAN_POINT('',(-0.,6.613931855172));
#2284 = VECTOR('',#2285,1.);
#2285 = DIRECTION('',(-1.,0.));
#2286 = ( GEOMETRIC_REPRESENTATION_CONTEXT(2) 
PARAMETRIC_REPRESENTATION_CONTEXT() REPRESENTATION_CONTEXT('2D SPACE',''
  ) );
#2287 = PCURVE('',#2176,#2288);
#2288 = DEFINITIONAL_REPRESENTATION('',(#2289),#2293);
#2289 = LINE('',#2290,#2291);
#2290 = CARTESIAN_POINT('',(-0.,0.330746547993));
#2291 = VECTOR('',#2292,1.);
#2292 = DIRECTION('',(-1.,0.));
#2293 = ( GEOMETRIC_REPRESENTATION_CONTEXT(2) 
PARAMETRIC_REPRESENTATION_CONTEXT() REPRESENTATION_CONTEXT('2D SPACE',''
  ) );
#2294 = ORIENTED_EDGE('',*,*,#2295,.T.);
#2295 = EDGE_CURVE('',#2272,#2296,#2298,.T.);
#2296 = VERTEX_POINT('',#2297);
#2297 = CARTESIAN_POINT('',(-81.89524086291,194.58699958931,
    -283.0366638416));
#2298 = SURFACE_CURVE('',#2299,(#2304,#2311),.PCURVE_S1.);
#2299 = CIRCLE('',#2300,3.);
#2300 = AXIS2_PLACEMENT_3D('',#2301,#2302,#2303);
#2301 = CARTESIAN_POINT('',(-84.43923577492,196.17699640932,
    -283.0366638416));
#2302 = DIRECTION('',(0.492515233578,0.788024373725,0.369386425183));
#2303 = DIRECTION('',(-0.840831088824,0.321330688229,0.43560265021));
#2304 = PCURVE('',#2176,#2305);
#2305 = DEFINITIONAL_REPRESENTATION('',(#2306),#2310);
#2306 = LINE('',#2307,#2308);
#2307 = CARTESIAN_POINT('',(-1.292167906559,0.330746547993));
#2308 = VECTOR('',#2309,1.);
#2309 = DIRECTION('',(-0.,1.));
#2310 = ( GEOMETRIC_REPRESENTATION_CONTEXT(2) 
PARAMETRIC_REPRESENTATION_CONTEXT() REPRESENTATION_CONTEXT('2D SPACE',''
  ) );
#2311 = PCURVE('',#2312,#2317);
#2312 = CYLINDRICAL_SURFACE('',#2313,3.);
#2313 = AXIS2_PLACEMENT_3D('',#2314,#2315,#2316);
#2314 = CARTESIAN_POINT('',(-84.43923577492,196.17699640932,
    -283.0366638416));
#2315 = DIRECTION('',(-0.492515233578,-0.788024373725,-0.369386425183));
#2316 = DIRECTION('',(0.847998304005,-0.529998940003,0.));
#2317 = DEFINITIONAL_REPRESENTATION('',(#2318),#2321);
#2318 = B_SPLINE_CURVE_WITH_KNOTS('',1,(#2319,#2320),.UNSPECIFIED.,.F.,
  .F.,(2,2),(0.,2.653711927113),.PIECEWISE_BEZIER_KNOTS.);
#2319 = CARTESIAN_POINT('',(-3.629473380066,0.));
#2320 = CARTESIAN_POINT('',(-6.28318530718,0.));
#2321 = ( GEOMETRIC_REPRESENTATION_CONTEXT(2) 
PARAMETRIC_REPRESENTATION_CONTEXT() REPRESENTATION_CONTEXT('2D SPACE',''
  ) );
#2322 = ORIENTED_EDGE('',*,*,#2323,.T.);
#2323 = EDGE_CURVE('',#2296,#2272,#2324,.T.);
#2324 = SURFACE_CURVE('',#2325,(#2330,#2337),.PCURVE_S1.);
#2325 = CIRCLE('',#2326,3.);
#2326 = AXIS2_PLACEMENT_3D('',#2327,#2328,#2329);
#2327 = CARTESIAN_POINT('',(-84.43923577492,196.17699640932,
    -283.0366638416));
#2328 = DIRECTION('',(0.492515233578,0.788024373725,0.369386425183));
#2329 = DIRECTION('',(-0.840831088824,0.321330688229,0.43560265021));
#2330 = PCURVE('',#2176,#2331);
#2331 = DEFINITIONAL_REPRESENTATION('',(#2332),#2336);
#2332 = LINE('',#2333,#2334);
#2333 = CARTESIAN_POINT('',(-1.292167906559,0.330746547993));
#2334 = VECTOR('',#2335,1.);
#2335 = DIRECTION('',(-0.,1.));
#2336 = ( GEOMETRIC_REPRESENTATION_CONTEXT(2) 
PARAMETRIC_REPRESENTATION_CONTEXT() REPRESENTATION_CONTEXT('2D SPACE',''
  ) );
#2337 = PCURVE('',#2312,#2338);
#2338 = DEFINITIONAL_REPRESENTATION('',(#2339),#2342);
#2339 = B_SPLINE_CURVE_WITH_KNOTS('',1,(#2340,#2341),.UNSPECIFIED.,.F.,
  .F.,(2,2),(2.653711927113,6.28318530718),.PIECEWISE_BEZIER_KNOTS.);
#2340 = CARTESIAN_POINT('',(0.,0.));
#2341 = CARTESIAN_POINT('',(-3.629473380066,0.));
#2342 = ( GEOMETRIC_REPRESENTATION_CONTEXT(2) 
PARAMETRIC_REPRESENTATION_CONTEXT() REPRESENTATION_CONTEXT('2D SPACE',''
  ) );
#2343 = ORIENTED_EDGE('',*,*,#2271,.F.);
#2344 = ADVANCED_FACE('',(#2345),#2234,.F.);
#2345 = FACE_BOUND('',#2346,.T.);
#2346 = EDGE_LOOP('',(#2347,#2348,#2371,#2397,#2398));
#2347 = ORIENTED_EDGE('',*,*,#2245,.F.);
#2348 = ORIENTED_EDGE('',*,*,#2349,.T.);
#2349 = EDGE_CURVE('',#2218,#2350,#2352,.T.);
#2350 = VERTEX_POINT('',#2351);
#2351 = CARTESIAN_POINT('',(-81.58226333286,167.5563530431,
    -294.5507940394));
#2352 = SEAM_CURVE('',#2353,(#2357,#2364),.PCURVE_S1.);
#2353 = LINE('',#2354,#2355);
#2354 = CARTESIAN_POINT('',(-32.86939760965,120.67952038056,
    -311.3684508175));
#2355 = VECTOR('',#2356,1.);
#2356 = DIRECTION('',(-0.699244316008,0.672889149614,0.241407495454));
#2357 = PCURVE('',#2234,#2358);
#2358 = DEFINITIONAL_REPRESENTATION('',(#2359),#2363);
#2359 = LINE('',#2360,#2361);
#2360 = CARTESIAN_POINT('',(-6.28318530718,0.));
#2361 = VECTOR('',#2362,1.);
#2362 = DIRECTION('',(-0.,-1.));
#2363 = ( GEOMETRIC_REPRESENTATION_CONTEXT(2) 
PARAMETRIC_REPRESENTATION_CONTEXT() REPRESENTATION_CONTEXT('2D SPACE',''
  ) );
#2364 = PCURVE('',#2234,#2365);
#2365 = DEFINITIONAL_REPRESENTATION('',(#2366),#2370);
#2366 = LINE('',#2367,#2368);
#2367 = CARTESIAN_POINT('',(-0.,0.));
#2368 = VECTOR('',#2369,1.);
#2369 = DIRECTION('',(-0.,-1.));
#2370 = ( GEOMETRIC_REPRESENTATION_CONTEXT(2) 
PARAMETRIC_REPRESENTATION_CONTEXT() REPRESENTATION_CONTEXT('2D SPACE',''
  ) );
#2371 = ORIENTED_EDGE('',*,*,#2372,.T.);
#2372 = EDGE_CURVE('',#2350,#2350,#2373,.T.);
#2373 = SURFACE_CURVE('',#2374,(#2379,#2386),.PCURVE_S1.);
#2374 = CIRCLE('',#2375,1.5);
#2375 = AXIS2_PLACEMENT_3D('',#2376,#2377,#2378);
#2376 = CARTESIAN_POINT('',(-80.54216756526,168.63718642259,
    -294.5507940394));
#2377 = DIRECTION('',(-0.699244316008,0.672889149614,0.241407495454));
#2378 = DIRECTION('',(-0.6933971784,-0.720555586326,0.));
#2379 = PCURVE('',#2234,#2380);
#2380 = DEFINITIONAL_REPRESENTATION('',(#2381),#2385);
#2381 = LINE('',#2382,#2383);
#2382 = CARTESIAN_POINT('',(-0.,-69.66501494253));
#2383 = VECTOR('',#2384,1.);
#2384 = DIRECTION('',(-1.,0.));
#2385 = ( GEOMETRIC_REPRESENTATION_CONTEXT(2) 
PARAMETRIC_REPRESENTATION_CONTEXT() REPRESENTATION_CONTEXT('2D SPACE',''
  ) );
#2386 = PCURVE('',#2387,#2392);
#2387 = TOROIDAL_SURFACE('',#2388,25.,1.5);
#2388 = AXIS2_PLACEMENT_3D('',#2389,#2390,#2391);
#2389 = CARTESIAN_POINT('',(-62.73455543808,184.31572166336,
    -286.6721848327));
#2390 = DIRECTION('',(-6.066058897453E-02,-0.392318549979,0.917827025255
    ));
#2391 = DIRECTION('',(-0.712304485087,-0.627141409631,-0.315144368268));
#2392 = DEFINITIONAL_REPRESENTATION('',(#2393),#2396);
#2393 = B_SPLINE_CURVE_WITH_KNOTS('',1,(#2394,#2395),.UNSPECIFIED.,.F.,
  .F.,(2,2),(0.,6.28318530718),.PIECEWISE_BEZIER_KNOTS.);
#2394 = CARTESIAN_POINT('',(-1.075817854858E-15,0.330746547993));
#2395 = CARTESIAN_POINT('',(-1.075817854858E-15,6.613931855172));
#2396 = ( GEOMETRIC_REPRESENTATION_CONTEXT(2) 
PARAMETRIC_REPRESENTATION_CONTEXT() REPRESENTATION_CONTEXT('2D SPACE',''
  ) );
#2397 = ORIENTED_EDGE('',*,*,#2349,.F.);
#2398 = ORIENTED_EDGE('',*,*,#2217,.F.);
#2399 = ADVANCED_FACE('',(#2400),#2312,.T.);
#2400 = FACE_BOUND('',#2401,.F.);
#2401 = EDGE_LOOP('',(#2402,#2403,#2426,#2453,#2454));
#2402 = ORIENTED_EDGE('',*,*,#2323,.F.);
#2403 = ORIENTED_EDGE('',*,*,#2404,.T.);
#2404 = EDGE_CURVE('',#2296,#2405,#2407,.T.);
#2405 = VERTEX_POINT('',#2406);
#2406 = CARTESIAN_POINT('',(-71.17968907399,211.73188245158,-275.));
#2407 = SEAM_CURVE('',#2408,(#2412,#2419),.PCURVE_S1.);
#2408 = LINE('',#2409,#2410);
#2409 = CARTESIAN_POINT('',(-81.89524086291,194.58699958931,
    -283.0366638416));
#2410 = VECTOR('',#2411,1.);
#2411 = DIRECTION('',(0.492515233578,0.788024373725,0.369386425183));
#2412 = PCURVE('',#2312,#2413);
#2413 = DEFINITIONAL_REPRESENTATION('',(#2414),#2418);
#2414 = LINE('',#2415,#2416);
#2415 = CARTESIAN_POINT('',(-6.28318530718,0.));
#2416 = VECTOR('',#2417,1.);
#2417 = DIRECTION('',(-0.,-1.));
#2418 = ( GEOMETRIC_REPRESENTATION_CONTEXT(2) 
PARAMETRIC_REPRESENTATION_CONTEXT() REPRESENTATION_CONTEXT('2D SPACE',''
  ) );
#2419 = PCURVE('',#2312,#2420);
#2420 = DEFINITIONAL_REPRESENTATION('',(#2421),#2425);
#2421 = LINE('',#2422,#2423);
#2422 = CARTESIAN_POINT('',(-0.,0.));
#2423 = VECTOR('',#2424,1.);
#2424 = DIRECTION('',(-0.,-1.));
#2425 = ( GEOMETRIC_REPRESENTATION_CONTEXT(2) 
PARAMETRIC_REPRESENTATION_CONTEXT() REPRESENTATION_CONTEXT('2D SPACE',''
  ) );
#2426 = ORIENTED_EDGE('',*,*,#2427,.T.);
#2427 = EDGE_CURVE('',#2405,#2405,#2428,.T.);
#2428 = SURFACE_CURVE('',#2429,(#2434,#2441),.PCURVE_S1.);
#2429 = CIRCLE('',#2430,3.);
#2430 = AXIS2_PLACEMENT_3D('',#2431,#2432,#2433);
#2431 = CARTESIAN_POINT('',(-73.723683986,213.32187927159,-275.));
#2432 = DIRECTION('',(0.492515233578,0.788024373725,0.369386425183));
#2433 = DIRECTION('',(0.847998304005,-0.529998940003,0.));
#2434 = PCURVE('',#2312,#2435);
#2435 = DEFINITIONAL_REPRESENTATION('',(#2436),#2440);
#2436 = LINE('',#2437,#2438);
#2437 = CARTESIAN_POINT('',(-0.,-21.75679259924));
#2438 = VECTOR('',#2439,1.);
#2439 = DIRECTION('',(-1.,0.));
#2440 = ( GEOMETRIC_REPRESENTATION_CONTEXT(2) 
PARAMETRIC_REPRESENTATION_CONTEXT() REPRESENTATION_CONTEXT('2D SPACE',''
  ) );
#2441 = PCURVE('',#2442,#2447);
#2442 = PLANE('',#2443);
#2443 = AXIS2_PLACEMENT_3D('',#2444,#2445,#2446);
#2444 = CARTESIAN_POINT('',(-73.723683986,213.32187927159,-275.));
#2445 = DIRECTION('',(0.492515233578,0.788024373725,0.369386425183));
#2446 = DIRECTION('',(0.847998304005,-0.529998940003,0.));
#2447 = DEFINITIONAL_REPRESENTATION('',(#2448),#2452);
#2448 = CIRCLE('',#2449,3.);
#2449 = AXIS2_PLACEMENT_2D('',#2450,#2451);
#2450 = CARTESIAN_POINT('',(0.,0.));
#2451 = DIRECTION('',(1.,-8.332147404426E-16));
#2452 = ( GEOMETRIC_REPRESENTATION_CONTEXT(2) 
PARAMETRIC_REPRESENTATION_CONTEXT() REPRESENTATION_CONTEXT('2D SPACE',''
  ) );
#2453 = ORIENTED_EDGE('',*,*,#2404,.F.);
#2454 = ORIENTED_EDGE('',*,*,#2295,.F.);
#2455 = ADVANCED_FACE('',(#2456),#2387,.F.);
#2456 = FACE_BOUND('',#2457,.T.);
#2457 = EDGE_LOOP('',(#2458,#2459,#2483,#2511,#2532));
#2458 = ORIENTED_EDGE('',*,*,#2372,.F.);
#2459 = ORIENTED_EDGE('',*,*,#2460,.T.);
#2460 = EDGE_CURVE('',#2350,#2461,#2463,.T.);
#2461 = VERTEX_POINT('',#2462);
#2462 = CARTESIAN_POINT('',(-85.70048240816,196.65899244166,
    -282.3832598663));
#2463 = SEAM_CURVE('',#2464,(#2469,#2476),.PCURVE_S1.);
#2464 = CIRCLE('',#2465,26.418700249372);
#2465 = AXIS2_PLACEMENT_3D('',#2466,#2467,#2468);
#2466 = CARTESIAN_POINT('',(-62.76410465506,184.12461395811,
    -286.2250894389));
#2467 = DIRECTION('',(6.066058897453E-02,0.392318549979,-0.917827025255)
  );
#2468 = DIRECTION('',(-0.712304485087,-0.627141409631,-0.315144368268));
#2469 = PCURVE('',#2387,#2470);
#2470 = DEFINITIONAL_REPRESENTATION('',(#2471),#2475);
#2471 = LINE('',#2472,#2473);
#2472 = CARTESIAN_POINT('',(-1.075817854858E-15,6.613931855172));
#2473 = VECTOR('',#2474,1.);
#2474 = DIRECTION('',(-1.,0.));
#2475 = ( GEOMETRIC_REPRESENTATION_CONTEXT(2) 
PARAMETRIC_REPRESENTATION_CONTEXT() REPRESENTATION_CONTEXT('2D SPACE',''
  ) );
#2476 = PCURVE('',#2387,#2477);
#2477 = DEFINITIONAL_REPRESENTATION('',(#2478),#2482);
#2478 = LINE('',#2479,#2480);
#2479 = CARTESIAN_POINT('',(-1.075817854858E-15,0.330746547993));
#2480 = VECTOR('',#2481,1.);
#2481 = DIRECTION('',(-1.,0.));
#2482 = ( GEOMETRIC_REPRESENTATION_CONTEXT(2) 
PARAMETRIC_REPRESENTATION_CONTEXT() REPRESENTATION_CONTEXT('2D SPACE',''
  ) );
#2483 = ORIENTED_EDGE('',*,*,#2484,.T.);
#2484 = EDGE_CURVE('',#2461,#2485,#2487,.T.);
#2485 = VERTEX_POINT('',#2486);
#2486 = CARTESIAN_POINT('',(-83.16723831892,195.38199799931,
    -283.0366638416));
#2487 = SURFACE_CURVE('',#2488,(#2493,#2500),.PCURVE_S1.);
#2488 = CIRCLE('',#2489,1.5);
#2489 = AXIS2_PLACEMENT_3D('',#2490,#2491,#2492);
#2490 = CARTESIAN_POINT('',(-84.43923577492,196.17699640932,
    -283.0366638416));
#2491 = DIRECTION('',(0.492515233578,0.788024373725,0.369386425183));
#2492 = DIRECTION('',(-0.840831088824,0.321330688229,0.43560265021));
#2493 = PCURVE('',#2387,#2494);
#2494 = DEFINITIONAL_REPRESENTATION('',(#2495),#2499);
#2495 = LINE('',#2496,#2497);
#2496 = CARTESIAN_POINT('',(-1.292167906559,0.330746547993));
#2497 = VECTOR('',#2498,1.);
#2498 = DIRECTION('',(-0.,1.));
#2499 = ( GEOMETRIC_REPRESENTATION_CONTEXT(2) 
PARAMETRIC_REPRESENTATION_CONTEXT() REPRESENTATION_CONTEXT('2D SPACE',''
  ) );
#2500 = PCURVE('',#2501,#2506);
#2501 = CYLINDRICAL_SURFACE('',#2502,1.5);
#2502 = AXIS2_PLACEMENT_3D('',#2503,#2504,#2505);
#2503 = CARTESIAN_POINT('',(-84.43923577492,196.17699640932,
    -283.0366638416));
#2504 = DIRECTION('',(-0.492515233578,-0.788024373725,-0.369386425183));
#2505 = DIRECTION('',(0.847998304005,-0.529998940003,0.));
#2506 = DEFINITIONAL_REPRESENTATION('',(#2507),#2510);
#2507 = B_SPLINE_CURVE_WITH_KNOTS('',1,(#2508,#2509),.UNSPECIFIED.,.F.,
  .F.,(2,2),(0.,2.653711927113),.PIECEWISE_BEZIER_KNOTS.);
#2508 = CARTESIAN_POINT('',(-3.629473380066,0.));
#2509 = CARTESIAN_POINT('',(-6.28318530718,0.));
#2510 = ( GEOMETRIC_REPRESENTATION_CONTEXT(2) 
PARAMETRIC_REPRESENTATION_CONTEXT() REPRESENTATION_CONTEXT('2D SPACE',''
  ) );
#2511 = ORIENTED_EDGE('',*,*,#2512,.T.);
#2512 = EDGE_CURVE('',#2485,#2461,#2513,.T.);
#2513 = SURFACE_CURVE('',#2514,(#2519,#2526),.PCURVE_S1.);
#2514 = CIRCLE('',#2515,1.5);
#2515 = AXIS2_PLACEMENT_3D('',#2516,#2517,#2518);
#2516 = CARTESIAN_POINT('',(-84.43923577492,196.17699640932,
    -283.0366638416));
#2517 = DIRECTION('',(0.492515233578,0.788024373725,0.369386425183));
#2518 = DIRECTION('',(-0.840831088824,0.321330688229,0.43560265021));
#2519 = PCURVE('',#2387,#2520);
#2520 = DEFINITIONAL_REPRESENTATION('',(#2521),#2525);
#2521 = LINE('',#2522,#2523);
#2522 = CARTESIAN_POINT('',(-1.292167906559,0.330746547993));
#2523 = VECTOR('',#2524,1.);
#2524 = DIRECTION('',(-0.,1.));
#2525 = ( GEOMETRIC_REPRESENTATION_CONTEXT(2) 
PARAMETRIC_REPRESENTATION_CONTEXT() REPRESENTATION_CONTEXT('2D SPACE',''
  ) );
#2526 = PCURVE('',#2501,#2527);
#2527 = DEFINITIONAL_REPRESENTATION('',(#2528),#2531);
#2528 = B_SPLINE_CURVE_WITH_KNOTS('',1,(#2529,#2530),.UNSPECIFIED.,.F.,
  .F.,(2,2),(2.653711927113,6.28318530718),.PIECEWISE_BEZIER_KNOTS.);
#2529 = CARTESIAN_POINT('',(0.,0.));
#2530 = CARTESIAN_POINT('',(-3.629473380066,0.));
#2531 = ( GEOMETRIC_REPRESENTATION_CONTEXT(2) 
PARAMETRIC_REPRESENTATION_CONTEXT() REPRESENTATION_CONTEXT('2D SPACE',''
  ) );
#2532 = ORIENTED_EDGE('',*,*,#2460,.F.);
#2533 = ADVANCED_FACE('',(#2534,#2537),#2442,.T.);
#2534 = FACE_BOUND('',#2535,.T.);
#2535 = EDGE_LOOP('',(#2536));
#2536 = ORIENTED_EDGE('',*,*,#2427,.T.);
#2537 = FACE_BOUND('',#2538,.T.);
#2538 = EDGE_LOOP('',(#2539));
#2539 = ORIENTED_EDGE('',*,*,#2540,.F.);
#2540 = EDGE_CURVE('',#2541,#2541,#2543,.T.);
#2541 = VERTEX_POINT('',#2542);
#2542 = CARTESIAN_POINT('',(-72.45168653,212.52688086158,-275.));
#2543 = SURFACE_CURVE('',#2544,(#2549,#2556),.PCURVE_S1.);
#2544 = CIRCLE('',#2545,1.5);
#2545 = AXIS2_PLACEMENT_3D('',#2546,#2547,#2548);
#2546 = CARTESIAN_POINT('',(-73.723683986,213.32187927159,-275.));
#2547 = DIRECTION('',(0.492515233578,0.788024373725,0.369386425183));
#2548 = DIRECTION('',(0.847998304005,-0.529998940003,0.));
#2549 = PCURVE('',#2442,#2550);
#2550 = DEFINITIONAL_REPRESENTATION('',(#2551),#2555);
#2551 = CIRCLE('',#2552,1.5);
#2552 = AXIS2_PLACEMENT_2D('',#2553,#2554);
#2553 = CARTESIAN_POINT('',(0.,0.));
#2554 = DIRECTION('',(1.,-8.332147404426E-16));
#2555 = ( GEOMETRIC_REPRESENTATION_CONTEXT(2) 
PARAMETRIC_REPRESENTATION_CONTEXT() REPRESENTATION_CONTEXT('2D SPACE',''
  ) );
#2556 = PCURVE('',#2501,#2557);
#2557 = DEFINITIONAL_REPRESENTATION('',(#2558),#2562);
#2558 = LINE('',#2559,#2560);
#2559 = CARTESIAN_POINT('',(-0.,-21.75679259924));
#2560 = VECTOR('',#2561,1.);
#2561 = DIRECTION('',(-1.,0.));
#2562 = ( GEOMETRIC_REPRESENTATION_CONTEXT(2) 
PARAMETRIC_REPRESENTATION_CONTEXT() REPRESENTATION_CONTEXT('2D SPACE',''
  ) );
#2563 = ADVANCED_FACE('',(#2564),#2501,.F.);
#2564 = FACE_BOUND('',#2565,.T.);
#2565 = EDGE_LOOP('',(#2566,#2567,#2588,#2589,#2590));
#2566 = ORIENTED_EDGE('',*,*,#2512,.F.);
#2567 = ORIENTED_EDGE('',*,*,#2568,.T.);
#2568 = EDGE_CURVE('',#2485,#2541,#2569,.T.);
#2569 = SEAM_CURVE('',#2570,(#2574,#2581),.PCURVE_S1.);
#2570 = LINE('',#2571,#2572);
#2571 = CARTESIAN_POINT('',(-83.16723831892,195.38199799931,
    -283.0366638416));
#2572 = VECTOR('',#2573,1.);
#2573 = DIRECTION('',(0.492515233578,0.788024373725,0.369386425183));
#2574 = PCURVE('',#2501,#2575);
#2575 = DEFINITIONAL_REPRESENTATION('',(#2576),#2580);
#2576 = LINE('',#2577,#2578);
#2577 = CARTESIAN_POINT('',(-6.28318530718,0.));
#2578 = VECTOR('',#2579,1.);
#2579 = DIRECTION('',(-0.,-1.));
#2580 = ( GEOMETRIC_REPRESENTATION_CONTEXT(2) 
PARAMETRIC_REPRESENTATION_CONTEXT() REPRESENTATION_CONTEXT('2D SPACE',''
  ) );
#2581 = PCURVE('',#2501,#2582);
#2582 = DEFINITIONAL_REPRESENTATION('',(#2583),#2587);
#2583 = LINE('',#2584,#2585);
#2584 = CARTESIAN_POINT('',(-0.,0.));
#2585 = VECTOR('',#2586,1.);
#2586 = DIRECTION('',(-0.,-1.));
#2587 = ( GEOMETRIC_REPRESENTATION_CONTEXT(2) 
PARAMETRIC_REPRESENTATION_CONTEXT() REPRESENTATION_CONTEXT('2D SPACE',''
  ) );
#2588 = ORIENTED_EDGE('',*,*,#2540,.T.);
#2589 = ORIENTED_EDGE('',*,*,#2568,.F.);
#2590 = ORIENTED_EDGE('',*,*,#2484,.F.);
#2591 = ( GEOMETRIC_REPRESENTATION_CONTEXT(3) 
GLOBAL_UNCERTAINTY_ASSIGNED_CONTEXT((#2595)) 
GLOBAL_UNIT_ASSIGNED_CONTEXT((#2592,#2593,#2594)) REPRESENTATION_CONTEXT
('Context #1','3D Context with UNIT and UNCERTAINTY') );
#2592 = ( LENGTH_UNIT() NAMED_UNIT(*) SI_UNIT(.MILLI.,.METRE.) );
#2593 = ( NAMED_UNIT(*) PLANE_ANGLE_UNIT() SI_UNIT($,.RADIAN.) );
#2594 = ( NAMED_UNIT(*) SI_UNIT($,.STERADIAN.) SOLID_ANGLE_UNIT() );
#2595 = UNCERTAINTY_MEASURE_WITH_UNIT(LENGTH_MEASURE(5.E-02),#2592,
  'distance_accuracy_value','confusion accuracy');
#2596 = PRODUCT_RELATED_PRODUCT_CATEGORY('part',$,(#7));
#2597 = MECHANICAL_DESIGN_GEOMETRIC_PRESENTATION_REPRESENTATION('',(
    #2598),#2591);
#2598 = STYLED_ITEM('color',(#2599),#15);
#2599 = PRESENTATION_STYLE_ASSIGNMENT((#2600));
#2600 = SURFACE_STYLE_USAGE(.BOTH.,#2601);
#2601 = SURFACE_SIDE_STYLE('',(#2602));
#2602 = SURFACE_STYLE_FILL_AREA(#2603);
#2603 = FILL_AREA_STYLE('',(#2604));
#2604 = FILL_AREA_STYLE_COLOUR('',#2605);
#2605 = COLOUR_RGB('',0.583831500637,0.583831500637,0.583831500637);
ENDSEC;
END-ISO-10303-21;
