ISO-10303-21;
HEADER;
FILE_DESCRIPTION(('Open CASCADE Model'),'2;1');
FILE_NAME('Open CASCADE Shape Model','2026-10-01T11:18:00',('Author'),(
    'Open CASCADE'),'Open CASCADE STEP processor 7.9','Open CASCADE 7.9'
  ,'Unknown');
FILE_SCHEMA(('AUTOMOTIVE_DESIGN { 1 0 10303 214 1 1 1 1 }'));
ENDSEC;
DATA;
#1 = APPLICATION_PROTOCOL_DEFINITION('international standard',
  'automotive_design',2000,#2);
#2 = APPLICATION_CONTEXT(
  'core data for automotive mechanical design processes');
#3 = SHAPE_DEFINITION_REPRESENTATION(#4,#10);
#4 = PRODUCT_DEFINITION_SHAPE('','',#5);
#5 = PRODUCT_DEFINITION('design','',#6,#9);
#6 = PRODUCT_DEFINITION_FORMATION('','',#7);
#7 = PRODUCT('S04-STR-11_Steering_knuckle_left',
  'S04-STR-11_Steering_knuckle_left','',(#8));
#8 = PRODUCT_CONTEXT('',#2,'mechanical');
#9 = PRODUCT_DEFINITION_CONTEXT('part definition',#2,'design');
#10 = ADVANCED_BREP_SHAPE_REPRESENTATION('',(#11,#15),#3435);
#11 = AXIS2_PLACEMENT_3D('',#12,#13,#14);
#12 = CARTESIAN_POINT('',(0.,0.,0.));
#13 = DIRECTION('',(0.,0.,1.));
#14 = DIRECTION('',(1.,0.,-0.));
#15 = MANIFOLD_SOLID_BREP('',#16);
#16 = CLOSED_SHELL('',(#17,#861,#896,#926,#1025,#1030,#1135,#1182,#1544,
    #1593,#1898,#1970,#1975,#2048,#2881,#2908,#2966,#2995,#3022,#3049,
    #3076,#3103,#3130,#3157,#3184,#3211,#3238,#3245,#3272,#3279,#3286,
    #3341,#3376,#3431));
#17 = ADVANCED_FACE('',(#18,#105),#31,.T.);
#18 = FACE_BOUND('',#19,.F.);
#19 = EDGE_LOOP('',(#20,#54,#77,#104));
#20 = ORIENTED_EDGE('',*,*,#21,.F.);
#21 = EDGE_CURVE('',#22,#22,#24,.T.);
#22 = VERTEX_POINT('',#23);
#23 = CARTESIAN_POINT('',(1.192839332932E+03,80.53798319206,-386.85));
#24 = SURFACE_CURVE('',#25,(#30,#42),.PCURVE_S1.);
#25 = CIRCLE('',#26,16.);
#26 = AXIS2_PLACEMENT_3D('',#27,#28,#29);
#27 = CARTESIAN_POINT('',(1.177082408883E+03,77.75961234939,-386.85));
#28 = DIRECTION('',(-0.173648177667,0.984807753012,0.));
#29 = DIRECTION('',(0.984807753012,0.173648177667,0.));
#30 = PCURVE('',#31,#36);
#31 = CYLINDRICAL_SURFACE('',#32,16.);
#32 = AXIS2_PLACEMENT_3D('',#33,#34,#35);
#33 = CARTESIAN_POINT('',(1.177082408883E+03,77.75961234939,-386.85));
#34 = DIRECTION('',(0.173648177667,-0.984807753012,-0.));
#35 = DIRECTION('',(0.984807753012,0.173648177667,0.));
#36 = DEFINITIONAL_REPRESENTATION('',(#37),#41);
#37 = LINE('',#38,#39);
#38 = CARTESIAN_POINT('',(-0.,0.));
#39 = VECTOR('',#40,1.);
#40 = DIRECTION('',(-1.,0.));
#41 = ( GEOMETRIC_REPRESENTATION_CONTEXT(2) 
PARAMETRIC_REPRESENTATION_CONTEXT() REPRESENTATION_CONTEXT('2D SPACE',''
  ) );
#42 = PCURVE('',#43,#48);
#43 = PLANE('',#44);
#44 = AXIS2_PLACEMENT_3D('',#45,#46,#47);
#45 = CARTESIAN_POINT('',(1.177082408883E+03,77.75961234939,-386.85));
#46 = DIRECTION('',(-0.173648177667,0.984807753012,0.));
#47 = DIRECTION('',(0.984807753012,0.173648177667,0.));
#48 = DEFINITIONAL_REPRESENTATION('',(#49),#53);
#49 = CIRCLE('',#50,16.);
#50 = AXIS2_PLACEMENT_2D('',#51,#52);
#51 = CARTESIAN_POINT('',(0.,0.));
#52 = DIRECTION('',(1.,0.));
#53 = ( GEOMETRIC_REPRESENTATION_CONTEXT(2) 
PARAMETRIC_REPRESENTATION_CONTEXT() REPRESENTATION_CONTEXT('2D SPACE',''
  ) );
#54 = ORIENTED_EDGE('',*,*,#55,.T.);
#55 = EDGE_CURVE('',#22,#56,#58,.T.);
#56 = VERTEX_POINT('',#57);
#57 = CARTESIAN_POINT('',(1.175474515165E+03,179.01875849328,-386.85));
#58 = SEAM_CURVE('',#59,(#63,#70),.PCURVE_S1.);
#59 = LINE('',#60,#61);
#60 = CARTESIAN_POINT('',(1.192839332932E+03,80.53798319206,-386.85));
#61 = VECTOR('',#62,1.);
#62 = DIRECTION('',(-0.173648177667,0.984807753012,0.));
#63 = PCURVE('',#31,#64);
#64 = DEFINITIONAL_REPRESENTATION('',(#65),#69);
#65 = LINE('',#66,#67);
#66 = CARTESIAN_POINT('',(-0.,0.));
#67 = VECTOR('',#68,1.);
#68 = DIRECTION('',(-0.,-1.));
#69 = ( GEOMETRIC_REPRESENTATION_CONTEXT(2) 
PARAMETRIC_REPRESENTATION_CONTEXT() REPRESENTATION_CONTEXT('2D SPACE',''
  ) );
#70 = PCURVE('',#31,#71);
#71 = DEFINITIONAL_REPRESENTATION('',(#72),#76);
#72 = LINE('',#73,#74);
#73 = CARTESIAN_POINT('',(-6.28318530718,0.));
#74 = VECTOR('',#75,1.);
#75 = DIRECTION('',(-0.,-1.));
#76 = ( GEOMETRIC_REPRESENTATION_CONTEXT(2) 
PARAMETRIC_REPRESENTATION_CONTEXT() REPRESENTATION_CONTEXT('2D SPACE',''
  ) );
#77 = ORIENTED_EDGE('',*,*,#78,.T.);
#78 = EDGE_CURVE('',#56,#56,#79,.T.);
#79 = SURFACE_CURVE('',#80,(#85,#92),.PCURVE_S1.);
#80 = CIRCLE('',#81,16.);
#81 = AXIS2_PLACEMENT_3D('',#82,#83,#84);
#82 = CARTESIAN_POINT('',(1.159717591117E+03,176.24038765061,-386.85));
#83 = DIRECTION('',(-0.173648177667,0.984807753012,0.));
#84 = DIRECTION('',(0.984807753012,0.173648177667,0.));
#85 = PCURVE('',#31,#86);
#86 = DEFINITIONAL_REPRESENTATION('',(#87),#91);
#87 = LINE('',#88,#89);
#88 = CARTESIAN_POINT('',(-0.,-100.));
#89 = VECTOR('',#90,1.);
#90 = DIRECTION('',(-1.,0.));
#91 = ( GEOMETRIC_REPRESENTATION_CONTEXT(2) 
PARAMETRIC_REPRESENTATION_CONTEXT() REPRESENTATION_CONTEXT('2D SPACE',''
  ) );
#92 = PCURVE('',#93,#98);
#93 = PLANE('',#94);
#94 = AXIS2_PLACEMENT_3D('',#95,#96,#97);
#95 = CARTESIAN_POINT('',(1.159717591117E+03,176.24038765061,-386.85));
#96 = DIRECTION('',(-0.173648177667,0.984807753012,0.));
#97 = DIRECTION('',(0.984807753012,0.173648177667,0.));
#98 = DEFINITIONAL_REPRESENTATION('',(#99),#103);
#99 = CIRCLE('',#100,16.);
#100 = AXIS2_PLACEMENT_2D('',#101,#102);
#101 = CARTESIAN_POINT('',(0.,0.));
#102 = DIRECTION('',(1.,0.));
#103 = ( GEOMETRIC_REPRESENTATION_CONTEXT(2) 
PARAMETRIC_REPRESENTATION_CONTEXT() REPRESENTATION_CONTEXT('2D SPACE',''
  ) );
#104 = ORIENTED_EDGE('',*,*,#55,.F.);
#105 = FACE_BOUND('',#106,.F.);
#106 = EDGE_LOOP('',(#107,#135,#274,#295,#328,#354,#383,#409,#438,#464,
    #813,#834));
#107 = ORIENTED_EDGE('',*,*,#108,.T.);
#108 = EDGE_CURVE('',#109,#111,#113,.T.);
#109 = VERTEX_POINT('',#110);
#110 = CARTESIAN_POINT('',(1.172376229877E+03,158.16391496534,-399.85));
#111 = VERTEX_POINT('',#112);
#112 = CARTESIAN_POINT('',(1.176959577799E+03,132.17045722413,-399.85));
#113 = SURFACE_CURVE('',#114,(#118,#124),.PCURVE_S1.);
#114 = LINE('',#115,#116);
#115 = CARTESIAN_POINT('',(1.18626808409E+03,79.379294724367,-399.85));
#116 = VECTOR('',#117,1.);
#117 = DIRECTION('',(0.173648177667,-0.984807753012,-0.));
#118 = PCURVE('',#31,#119);
#119 = DEFINITIONAL_REPRESENTATION('',(#120),#123);
#120 = B_SPLINE_CURVE_WITH_KNOTS('',1,(#121,#122),.UNSPECIFIED.,.F.,.F.,
  (2,2),(-89.11762468955,6.00000014914E-07),.PIECEWISE_BEZIER_KNOTS.);
#121 = CARTESIAN_POINT('',(-0.94842783824,-89.11762468955));
#122 = CARTESIAN_POINT('',(-0.94842783824,6.000000135817E-07));
#123 = ( GEOMETRIC_REPRESENTATION_CONTEXT(2) 
PARAMETRIC_REPRESENTATION_CONTEXT() REPRESENTATION_CONTEXT('2D SPACE',''
  ) );
#124 = PCURVE('',#125,#130);
#125 = PLANE('',#126);
#126 = AXIS2_PLACEMENT_3D('',#127,#128,#129);
#127 = CARTESIAN_POINT('',(1.169962833599E+03,118.13673022289,-399.85));
#128 = DIRECTION('',(0.,0.,1.));
#129 = DIRECTION('',(1.,0.,-0.));
#130 = DEFINITIONAL_REPRESENTATION('',(#131),#134);
#131 = B_SPLINE_CURVE_WITH_KNOTS('',1,(#132,#133),.UNSPECIFIED.,.F.,.F.,
  (2,2),(-89.11762468955,6.00000014914E-07),.PIECEWISE_BEZIER_KNOTS.);
#132 = CARTESIAN_POINT('',(0.830137365764,49.00629222578));
#133 = CARTESIAN_POINT('',(16.305250595299,-38.7574360894));
#134 = ( GEOMETRIC_REPRESENTATION_CONTEXT(2) 
PARAMETRIC_REPRESENTATION_CONTEXT() REPRESENTATION_CONTEXT('2D SPACE',''
  ) );
#135 = ORIENTED_EDGE('',*,*,#136,.F.);
#136 = EDGE_CURVE('',#137,#111,#139,.T.);
#137 = VERTEX_POINT('',#138);
#138 = CARTESIAN_POINT('',(1.178211772615E+03,125.06890752288,
    -399.8499999998));
#139 = SURFACE_CURVE('',#140,(#167,#218),.PCURVE_S1.);
#140 = B_SPLINE_CURVE_WITH_KNOTS('',7,(#141,#142,#143,#144,#145,#146,
    #147,#148,#149,#150,#151,#152,#153,#154,#155,#156,#157,#158,#159,
    #160,#161,#162,#163,#164,#165,#166),.UNSPECIFIED.,.F.,.F.,(8,6,6,6,8
    ),(0.965373858832,1.,1.030917553561,1.081412866702,1.096602550997),
  .UNSPECIFIED.);
#141 = CARTESIAN_POINT('',(1.178211772615E+03,125.06890752277,
    -399.8499999993));
#142 = CARTESIAN_POINT('',(1.17826544415E+03,125.34160975068,
    -399.7780999853));
#143 = CARTESIAN_POINT('',(1.17831019833E+03,125.61567214236,
    -399.7109662701));
#144 = CARTESIAN_POINT('',(1.178346042131E+03,125.89089571888,
    -399.649006096));
#145 = CARTESIAN_POINT('',(1.178372972165E+03,126.16709896999,
    -399.5926027086));
#146 = CARTESIAN_POINT('',(1.178390970462E+03,126.44411629087,
    -399.5421117946));
#147 = CARTESIAN_POINT('',(1.1784E+03,126.72179629453,-399.497857727));
#148 = CARTESIAN_POINT('',(1.1784E+03,127.24840706109,-399.4264423271));
#149 = CARTESIAN_POINT('',(1.178392800909E+03,127.49696251352,
    -399.3979943519));
#150 = CARTESIAN_POINT('',(1.17837838744E+03,127.74537442948,
    -399.3749982712));
#151 = CARTESIAN_POINT('',(1.178356761957E+03,127.99336087405,
    -399.3576165235));
#152 = CARTESIAN_POINT('',(1.178327942078E+03,128.2406493689,
    -399.3459598464));
#153 = CARTESIAN_POINT('',(1.178291958278E+03,128.48697635619,
    -399.3400857173));
#154 = CARTESIAN_POINT('',(1.178178448434E+03,129.13240687638,
    -399.3398515624));
#155 = CARTESIAN_POINT('',(1.178089119852E+03,129.52905957128,
    -399.3551385458));
#156 = CARTESIAN_POINT('',(1.177981092457E+03,129.92108104196,
    -399.3858149757));
#157 = CARTESIAN_POINT('',(1.17785464508E+03,130.30749535554,
    -399.4314909383));
#158 = CARTESIAN_POINT('',(1.177710121433E+03,130.68728588451,
    -399.491428522));
#159 = CARTESIAN_POINT('',(1.177547977945E+03,131.05937394806,
    -399.5645649939));
#160 = CARTESIAN_POINT('',(1.177314987504E+03,131.53186932298,
    -399.6751276744));
#161 = CARTESIAN_POINT('',(1.177259568898E+03,131.64034086097,
    -399.7017703317));
#162 = CARTESIAN_POINT('',(1.177202617021E+03,131.74801015016,
    -399.7294570626));
#163 = CARTESIAN_POINT('',(1.17714413737E+03,131.85486739892,
    -399.7581561663));
#164 = CARTESIAN_POINT('',(1.17708413482E+03,131.96090203674,
    -399.7878352099));
#165 = CARTESIAN_POINT('',(1.177022613688E+03,132.06610270112,
    -399.8184610751));
#166 = CARTESIAN_POINT('',(1.176959577799E+03,132.17045722403,
    -399.8500000001));
#167 = PCURVE('',#31,#168);
#168 = DEFINITIONAL_REPRESENTATION('',(#169),#217);
#169 = B_SPLINE_CURVE_WITH_KNOTS('',3,(#170,#171,#172,#173,#174,#175,
    #176,#177,#178,#179,#180,#181,#182,#183,#184,#185,#186,#187,#188,
    #189,#190,#191,#192,#193,#194,#195,#196,#197,#198,#199,#200,#201,
    #202,#203,#204,#205,#206,#207,#208,#209,#210,#211,#212,#213,#214,
    #215,#216),.UNSPECIFIED.,.F.,.F.,(4,1,1,1,1,1,1,1,1,1,1,1,1,1,1,1,1,
    1,1,1,1,1,1,1,1,1,1,1,1,1,1,1,1,1,1,1,1,1,1,1,1,1,1,1,4),(
    0.965373858832,0.968356329109,0.971338799385,0.974321269661,
    0.977303739938,0.980286210214,0.983268680491,0.986251150767,
    0.989233621044,0.99221609132,0.995198561597,0.998181031873,
    1.00116350215,1.004145972426,1.007128442703,1.010110912979,
    1.013093383255,1.016075853532,1.019058323808,1.022040794085,
    1.025023264361,1.028005734638,1.030988204914,1.033970675191,
    1.036953145467,1.039935615744,1.04291808602,1.045900556297,
    1.048883026573,1.05186549685,1.054847967126,1.057830437402,
    1.060812907679,1.063795377955,1.066777848232,1.069760318508,
    1.072742788785,1.075725259061,1.078707729338,1.081690199614,
    1.084672669891,1.087655140167,1.090637610444,1.09362008072,
    1.096602550997),.QUASI_UNIFORM_KNOTS.);
#170 = CARTESIAN_POINT('',(-0.948427838261,-46.39444872242));
#171 = CARTESIAN_POINT('',(-0.946878600059,-46.44655022677));
#172 = CARTESIAN_POINT('',(-0.943843234679,-46.55105292315));
#173 = CARTESIAN_POINT('',(-0.939481599322,-46.70868096212));
#174 = CARTESIAN_POINT('',(-0.935313456587,-46.86715758888));
#175 = CARTESIAN_POINT('',(-0.931340885463,-47.02645857989));
#176 = CARTESIAN_POINT('',(-0.927565963253,-47.18656047108));
#177 = CARTESIAN_POINT('',(-0.923990764537,-47.34744067089));
#178 = CARTESIAN_POINT('',(-0.920617360973,-47.50907737048));
#179 = CARTESIAN_POINT('',(-0.917447818188,-47.67144972753));
#180 = CARTESIAN_POINT('',(-0.914484203708,-47.83453715768));
#181 = CARTESIAN_POINT('',(-0.911728553913,-47.99832192066));
#182 = CARTESIAN_POINT('',(-0.90918299418,-48.16277941911));
#183 = CARTESIAN_POINT('',(-0.906849287637,-48.32791435099));
#184 = CARTESIAN_POINT('',(-0.904731183896,-48.49357626044));
#185 = CARTESIAN_POINT('',(-0.902830642984,-48.65970906472));
#186 = CARTESIAN_POINT('',(-0.901149422718,-48.82626075291));
#187 = CARTESIAN_POINT('',(-0.899689078748,-48.99317884646));
#188 = CARTESIAN_POINT('',(-0.898450964608,-49.16041158894));
#189 = CARTESIAN_POINT('',(-0.897436231951,-49.32790771242));
#190 = CARTESIAN_POINT('',(-0.896645830866,-49.49561616807));
#191 = CARTESIAN_POINT('',(-0.896080510485,-49.66348742321));
#192 = CARTESIAN_POINT('',(-0.895740819228,-49.83146852832));
#193 = CARTESIAN_POINT('',(-0.895627107098,-49.9995215379));
#194 = CARTESIAN_POINT('',(-0.895739521099,-50.16755464013));
#195 = CARTESIAN_POINT('',(-0.896077781839,-50.33548846967));
#196 = CARTESIAN_POINT('',(-0.896641450472,-50.50328964053));
#197 = CARTESIAN_POINT('',(-0.897429922291,-50.67091204771));
#198 = CARTESIAN_POINT('',(-0.898442427495,-50.83831252642));
#199 = CARTESIAN_POINT('',(-0.899678030033,-51.00544658756));
#200 = CARTESIAN_POINT('',(-0.901135626935,-51.17226949199));
#201 = CARTESIAN_POINT('',(-0.902813947492,-51.33873589454));
#202 = CARTESIAN_POINT('',(-0.904711552417,-51.50479987132));
#203 = CARTESIAN_POINT('',(-0.906826832978,-51.6704148453));
#204 = CARTESIAN_POINT('',(-0.909158009998,-51.83553353676));
#205 = CARTESIAN_POINT('',(-0.911703133019,-52.00010791706));
#206 = CARTESIAN_POINT('',(-0.914460078491,-52.16408912542));
#207 = CARTESIAN_POINT('',(-0.91742655111,-52.32742753165));
#208 = CARTESIAN_POINT('',(-0.92060007289,-52.49007225312));
#209 = CARTESIAN_POINT('',(-0.923978017325,-52.65197271001));
#210 = CARTESIAN_POINT('',(-0.927557474564,-52.8130725743));
#211 = CARTESIAN_POINT('',(-0.931335755541,-52.97333250978));
#212 = CARTESIAN_POINT('',(-0.935310902835,-53.13274443876));
#213 = CARTESIAN_POINT('',(-0.939480764333,-53.29128901636));
#214 = CARTESIAN_POINT('',(-0.943843277458,-53.44894895075));
#215 = CARTESIAN_POINT('',(-0.946878698369,-53.55345300234));
#216 = CARTESIAN_POINT('',(-0.948427838243,-53.60555127453));
#217 = ( GEOMETRIC_REPRESENTATION_CONTEXT(2) 
PARAMETRIC_REPRESENTATION_CONTEXT() REPRESENTATION_CONTEXT('2D SPACE',''
  ) );
#218 = PCURVE('',#219,#224);
#219 = CYLINDRICAL_SURFACE('',#220,10.);
#220 = AXIS2_PLACEMENT_3D('',#221,#222,#223);
#221 = CARTESIAN_POINT('',(1.1684E+03,127.,-526.25));
#222 = DIRECTION('',(0.,0.,1.));
#223 = DIRECTION('',(1.,0.,-0.));
#224 = DEFINITIONAL_REPRESENTATION('',(#225),#273);
#225 = B_SPLINE_CURVE_WITH_KNOTS('',3,(#226,#227,#228,#229,#230,#231,
    #232,#233,#234,#235,#236,#237,#238,#239,#240,#241,#242,#243,#244,
    #245,#246,#247,#248,#249,#250,#251,#252,#253,#254,#255,#256,#257,
    #258,#259,#260,#261,#262,#263,#264,#265,#266,#267,#268,#269,#270,
    #271,#272),.UNSPECIFIED.,.F.,.F.,(4,1,1,1,1,1,1,1,1,1,1,1,1,1,1,1,1,
    1,1,1,1,1,1,1,1,1,1,1,1,1,1,1,1,1,1,1,1,1,1,1,1,1,1,1,4),(
    0.965373858832,0.968356329109,0.971338799385,0.974321269661,
    0.977303739938,0.980286210214,0.983268680491,0.986251150767,
    0.989233621044,0.99221609132,0.995198561597,0.998181031873,
    1.00116350215,1.004145972426,1.007128442703,1.010110912979,
    1.013093383255,1.016075853532,1.019058323808,1.022040794085,
    1.025023264361,1.028005734638,1.030988204914,1.033970675191,
    1.036953145467,1.039935615744,1.04291808602,1.045900556297,
    1.048883026573,1.05186549685,1.054847967126,1.057830437402,
    1.060812907679,1.063795377955,1.066777848232,1.069760318508,
    1.072742788785,1.075725259061,1.078707729338,1.081690199614,
    1.084672669891,1.087655140167,1.090637610444,1.09362008072,
    1.096602550997),.QUASI_UNIFORM_KNOTS.);
#226 = CARTESIAN_POINT('',(6.088855247922,126.4000000007));
#227 = CARTESIAN_POINT('',(6.094441111849,126.41445042823));
#228 = CARTESIAN_POINT('',(6.105608798938,126.44285586219));
#229 = CARTESIAN_POINT('',(6.122350393275,126.48392493413));
#230 = CARTESIAN_POINT('',(6.139084216433,126.52340164596));
#231 = CARTESIAN_POINT('',(6.155812506613,126.5612343455));
#232 = CARTESIAN_POINT('',(6.172537552426,126.59737250302));
#233 = CARTESIAN_POINT('',(6.18926170332,126.63176690409));
#234 = CARTESIAN_POINT('',(6.205987365454,126.6643696483));
#235 = CARTESIAN_POINT('',(6.222717023945,126.69513422757));
#236 = CARTESIAN_POINT('',(6.239453175462,126.72401548271));
#237 = CARTESIAN_POINT('',(6.25619859438,126.7509699696));
#238 = CARTESIAN_POINT('',(6.272955355725,126.77595481118));
#239 = CARTESIAN_POINT('',(6.289728498783,126.79893219883));
#240 = CARTESIAN_POINT('',(6.306507354143,126.81984625267));
#241 = CARTESIAN_POINT('',(6.323290932558,126.83866012726));
#242 = CARTESIAN_POINT('',(6.340078672766,126.85534070839));
#243 = CARTESIAN_POINT('',(6.356869992092,126.8698585972));
#244 = CARTESIAN_POINT('',(6.373664399647,126.8821881561));
#245 = CARTESIAN_POINT('',(6.390461470247,126.89230753802));
#246 = CARTESIAN_POINT('',(6.407260814253,126.90019872026));
#247 = CARTESIAN_POINT('',(6.424062204516,126.90584753706));
#248 = CARTESIAN_POINT('',(6.440865080597,126.90924371225));
#249 = CARTESIAN_POINT('',(6.457670388401,126.91038089303));
#250 = CARTESIAN_POINT('',(6.474473692081,126.90925667912));
#251 = CARTESIAN_POINT('',(6.491271797529,126.90587478317));
#252 = CARTESIAN_POINT('',(6.508066099542,126.9002424613));
#253 = CARTESIAN_POINT('',(6.524856712606,126.89237051226));
#254 = CARTESIAN_POINT('',(6.541644036131,126.88227326453));
#255 = CARTESIAN_POINT('',(6.558428327419,126.86996856013));
#256 = CARTESIAN_POINT('',(6.575209808179,126.85547773282));
#257 = CARTESIAN_POINT('',(6.591988627736,126.83882558125));
#258 = CARTESIAN_POINT('',(6.608764864215,126.82004033699));
#259 = CARTESIAN_POINT('',(6.625538515142,126.79915362724));
#260 = CARTESIAN_POINT('',(6.642309490078,126.77620043307));
#261 = CARTESIAN_POINT('',(6.659077603125,126.75121904018));
#262 = CARTESIAN_POINT('',(6.675842561036,126.72425099297));
#263 = CARTESIAN_POINT('',(6.692603965916,126.69534101216));
#264 = CARTESIAN_POINT('',(6.709361260576,126.66453702386));
#265 = CARTESIAN_POINT('',(6.726113885074,126.63188974869));
#266 = CARTESIAN_POINT('',(6.742860642051,126.59745390825));
#267 = CARTESIAN_POINT('',(6.75960205362,126.56128328336));
#268 = CARTESIAN_POINT('',(6.776341913805,126.52342586771));
#269 = CARTESIAN_POINT('',(6.79308288122,126.48393280054));
#270 = CARTESIAN_POINT('',(6.809827860816,126.44285545391));
#271 = CARTESIAN_POINT('',(6.820995699651,126.41444951103));
#272 = CARTESIAN_POINT('',(6.826581216517,126.39999999982));
#273 = ( GEOMETRIC_REPRESENTATION_CONTEXT(2) 
PARAMETRIC_REPRESENTATION_CONTEXT() REPRESENTATION_CONTEXT('2D SPACE',''
  ) );
#274 = ORIENTED_EDGE('',*,*,#275,.T.);
#275 = EDGE_CURVE('',#137,#276,#278,.T.);
#276 = VERTEX_POINT('',#277);
#277 = CARTESIAN_POINT('',(1.185920787735E+03,81.348910230387,-399.85));
#278 = SURFACE_CURVE('',#279,(#283,#289),.PCURVE_S1.);
#279 = LINE('',#280,#281);
#280 = CARTESIAN_POINT('',(1.18626808409E+03,79.379294724367,-399.85));
#281 = VECTOR('',#282,1.);
#282 = DIRECTION('',(0.173648177667,-0.984807753012,-0.));
#283 = PCURVE('',#31,#284);
#284 = DEFINITIONAL_REPRESENTATION('',(#285),#288);
#285 = B_SPLINE_CURVE_WITH_KNOTS('',1,(#286,#287),.UNSPECIFIED.,.F.,.F.,
  (2,2),(-89.11762468955,6.00000014914E-07),.PIECEWISE_BEZIER_KNOTS.);
#286 = CARTESIAN_POINT('',(-0.94842783824,-89.11762468955));
#287 = CARTESIAN_POINT('',(-0.94842783824,6.000000135817E-07));
#288 = ( GEOMETRIC_REPRESENTATION_CONTEXT(2) 
PARAMETRIC_REPRESENTATION_CONTEXT() REPRESENTATION_CONTEXT('2D SPACE',''
  ) );
#289 = PCURVE('',#125,#290);
#290 = DEFINITIONAL_REPRESENTATION('',(#291),#294);
#291 = B_SPLINE_CURVE_WITH_KNOTS('',1,(#292,#293),.UNSPECIFIED.,.F.,.F.,
  (2,2),(-89.11762468955,6.00000014914E-07),.PIECEWISE_BEZIER_KNOTS.);
#292 = CARTESIAN_POINT('',(0.830137365764,49.00629222578));
#293 = CARTESIAN_POINT('',(16.305250595299,-38.7574360894));
#294 = ( GEOMETRIC_REPRESENTATION_CONTEXT(2) 
PARAMETRIC_REPRESENTATION_CONTEXT() REPRESENTATION_CONTEXT('2D SPACE',''
  ) );
#295 = ORIENTED_EDGE('',*,*,#296,.F.);
#296 = EDGE_CURVE('',#297,#276,#299,.T.);
#297 = VERTEX_POINT('',#298);
#298 = CARTESIAN_POINT('',(1.167549437321E+03,78.109545480441,-399.85));
#299 = SURFACE_CURVE('',#300,(#305,#312),.PCURVE_S1.);
#300 = CIRCLE('',#301,16.);
#301 = AXIS2_PLACEMENT_3D('',#302,#303,#304);
#302 = CARTESIAN_POINT('',(1.176735112528E+03,79.729227855414,-386.85));
#303 = DIRECTION('',(0.173648177667,-0.984807753012,-0.));
#304 = DIRECTION('',(0.984807753012,0.173648177667,0.));
#305 = PCURVE('',#31,#306);
#306 = DEFINITIONAL_REPRESENTATION('',(#307),#311);
#307 = LINE('',#308,#309);
#308 = CARTESIAN_POINT('',(-6.28318530718,-2.));
#309 = VECTOR('',#310,1.);
#310 = DIRECTION('',(1.,-0.));
#311 = ( GEOMETRIC_REPRESENTATION_CONTEXT(2) 
PARAMETRIC_REPRESENTATION_CONTEXT() REPRESENTATION_CONTEXT('2D SPACE',''
  ) );
#312 = PCURVE('',#313,#318);
#313 = PLANE('',#314);
#314 = AXIS2_PLACEMENT_3D('',#315,#316,#317);
#315 = CARTESIAN_POINT('',(1.162947803986E+03,77.298153368077,-405.85));
#316 = DIRECTION('',(-0.173648177667,0.984807753012,0.));
#317 = DIRECTION('',(0.984807753012,0.173648177667,0.));
#318 = DEFINITIONAL_REPRESENTATION('',(#319),#327);
#319 = ( BOUNDED_CURVE() B_SPLINE_CURVE(2,(#320,#321,#322,#323,#324,#325
,#326),.UNSPECIFIED.,.T.,.F.) B_SPLINE_CURVE_WITH_KNOTS((1,2,2,2,2,1),(
    -2.094395102393,0.,2.094395102393,4.188790204786,6.28318530718,
8.377580409573),.UNSPECIFIED.) CURVE() GEOMETRIC_REPRESENTATION_ITEM() 
RATIONAL_B_SPLINE_CURVE((1.,0.5,1.,0.5,1.,0.5,1.)) REPRESENTATION_ITEM(
  '') );
#320 = CARTESIAN_POINT('',(30.,-19.));
#321 = CARTESIAN_POINT('',(30.,-46.7128129211));
#322 = CARTESIAN_POINT('',(6.,-32.85640646055));
#323 = CARTESIAN_POINT('',(-18.,-19.));
#324 = CARTESIAN_POINT('',(6.,-5.143593539449));
#325 = CARTESIAN_POINT('',(30.,8.712812921102));
#326 = CARTESIAN_POINT('',(30.,-19.));
#327 = ( GEOMETRIC_REPRESENTATION_CONTEXT(2) 
PARAMETRIC_REPRESENTATION_CONTEXT() REPRESENTATION_CONTEXT('2D SPACE',''
  ) );
#328 = ORIENTED_EDGE('',*,*,#329,.F.);
#329 = EDGE_CURVE('',#330,#297,#332,.T.);
#330 = VERTEX_POINT('',#331);
#331 = CARTESIAN_POINT('',(1.162988091343E+03,103.97822400067,-399.85));
#332 = SURFACE_CURVE('',#333,(#337,#343),.PCURVE_S1.);
#333 = LINE('',#334,#335);
#334 = CARTESIAN_POINT('',(1.167896733677E+03,76.139929974412,-399.85));
#335 = VECTOR('',#336,1.);
#336 = DIRECTION('',(0.173648177667,-0.984807753012,-0.));
#337 = PCURVE('',#31,#338);
#338 = DEFINITIONAL_REPRESENTATION('',(#339),#342);
#339 = B_SPLINE_CURVE_WITH_KNOTS('',1,(#340,#341),.UNSPECIFIED.,.F.,.F.,
  (2,2),(-92.40696186225,6.00000014914E-07),.PIECEWISE_BEZIER_KNOTS.);
#340 = CARTESIAN_POINT('',(-2.19316481535,-92.40696186225));
#341 = CARTESIAN_POINT('',(-2.19316481535,6.000000162463E-07));
#342 = ( GEOMETRIC_REPRESENTATION_CONTEXT(2) 
PARAMETRIC_REPRESENTATION_CONTEXT() REPRESENTATION_CONTEXT('2D SPACE',''
  ) );
#343 = PCURVE('',#344,#349);
#344 = PLANE('',#345);
#345 = AXIS2_PLACEMENT_3D('',#346,#347,#348);
#346 = CARTESIAN_POINT('',(1.169962833599E+03,118.13673022289,-399.85));
#347 = DIRECTION('',(0.,0.,1.));
#348 = DIRECTION('',(1.,0.,-0.));
#349 = DEFINITIONAL_REPRESENTATION('',(#350),#353);
#350 = B_SPLINE_CURVE_WITH_KNOTS('',1,(#351,#352),.UNSPECIFIED.,.F.,.F.,
  (2,2),(-92.40696186225,6.00000014914E-07),.PIECEWISE_BEZIER_KNOTS.);
#351 = CARTESIAN_POINT('',(-18.11240045353,49.006292225771));
#352 = CARTESIAN_POINT('',(-2.066099818232,-41.99680083936));
#353 = ( GEOMETRIC_REPRESENTATION_CONTEXT(2) 
PARAMETRIC_REPRESENTATION_CONTEXT() REPRESENTATION_CONTEXT('2D SPACE',''
  ) );
#354 = ORIENTED_EDGE('',*,*,#355,.F.);
#355 = EDGE_CURVE('',#356,#330,#358,.T.);
#356 = VERTEX_POINT('',#357);
#357 = CARTESIAN_POINT('',(1.174555365936E+03,106.01784660464,
    -371.0338173199));
#358 = SURFACE_CURVE('',#359,(#364,#371),.PCURVE_S1.);
#359 = CIRCLE('',#360,16.);
#360 = AXIS2_PLACEMENT_3D('',#361,#362,#363);
#361 = CARTESIAN_POINT('',(1.17217376655E+03,105.59790637565,-386.85));
#362 = DIRECTION('',(0.173648177667,-0.984807753012,-0.));
#363 = DIRECTION('',(0.984807753012,0.173648177667,0.));
#364 = PCURVE('',#31,#365);
#365 = DEFINITIONAL_REPRESENTATION('',(#366),#370);
#366 = LINE('',#367,#368);
#367 = CARTESIAN_POINT('',(-6.28318530718,-28.26774458377));
#368 = VECTOR('',#369,1.);
#369 = DIRECTION('',(1.,-0.));
#370 = ( GEOMETRIC_REPRESENTATION_CONTEXT(2) 
PARAMETRIC_REPRESENTATION_CONTEXT() REPRESENTATION_CONTEXT('2D SPACE',''
  ) );
#371 = PCURVE('',#372,#377);
#372 = PLANE('',#373);
#373 = AXIS2_PLACEMENT_3D('',#374,#375,#376);
#374 = CARTESIAN_POINT('',(1.091973608383E+03,91.456454633878,
    -374.3979933487));
#375 = DIRECTION('',(0.173648177667,-0.984807753012,-0.));
#376 = DIRECTION('',(-0.984807753012,-0.173648177667,0.));
#377 = DEFINITIONAL_REPRESENTATION('',(#378),#382);
#378 = CIRCLE('',#379,16.);
#379 = AXIS2_PLACEMENT_2D('',#380,#381);
#380 = CARTESIAN_POINT('',(-81.43737487934,12.452006651253));
#381 = DIRECTION('',(-1.,0.));
#382 = ( GEOMETRIC_REPRESENTATION_CONTEXT(2) 
PARAMETRIC_REPRESENTATION_CONTEXT() REPRESENTATION_CONTEXT('2D SPACE',''
  ) );
#383 = ORIENTED_EDGE('',*,*,#384,.F.);
#384 = EDGE_CURVE('',#385,#356,#387,.T.);
#385 = VERTEX_POINT('',#386);
#386 = CARTESIAN_POINT('',(1.173166180514E+03,113.89630862874,
    -371.0338173199));
#387 = SURFACE_CURVE('',#388,(#392,#398),.PCURVE_S1.);
#388 = LINE('',#389,#390);
#389 = CARTESIAN_POINT('',(1.179464008269E+03,78.179552578382,
    -371.0338173199));
#390 = VECTOR('',#391,1.);
#391 = DIRECTION('',(0.173648177667,-0.984807753012,-0.));
#392 = PCURVE('',#31,#393);
#393 = DEFINITIONAL_REPRESENTATION('',(#394),#397);
#394 = B_SPLINE_CURVE_WITH_KNOTS('',1,(#395,#396),.UNSPECIFIED.,.F.,.F.,
  (2,2),(-37.06774458377,-27.46774458377),.PIECEWISE_BEZIER_KNOTS.);
#395 = CARTESIAN_POINT('',(-4.86411668426,-37.06774458377));
#396 = CARTESIAN_POINT('',(-4.86411668426,-27.46774458377));
#397 = ( GEOMETRIC_REPRESENTATION_CONTEXT(2) 
PARAMETRIC_REPRESENTATION_CONTEXT() REPRESENTATION_CONTEXT('2D SPACE',''
  ) );
#398 = PCURVE('',#399,#404);
#399 = PLANE('',#400);
#400 = AXIS2_PLACEMENT_3D('',#401,#402,#403);
#401 = CARTESIAN_POINT('',(1.168254131781E+03,113.03018190644,
    -403.6546940975));
#402 = DIRECTION('',(-0.973493707898,-0.171653206252,0.151146212213));
#403 = DIRECTION('',(0.148849961626,2.624626431205E-02,0.988511417503));
#404 = DEFINITIONAL_REPRESENTATION('',(#405),#408);
#405 = B_SPLINE_CURVE_WITH_KNOTS('',1,(#406,#407),.UNSPECIFIED.,.F.,.F.,
  (2,2),(-37.06774458377,-27.46774458377),.PIECEWISE_BEZIER_KNOTS.);
#406 = CARTESIAN_POINT('',(33.,0.8));
#407 = CARTESIAN_POINT('',(33.,-8.8));
#408 = ( GEOMETRIC_REPRESENTATION_CONTEXT(2) 
PARAMETRIC_REPRESENTATION_CONTEXT() REPRESENTATION_CONTEXT('2D SPACE',''
  ) );
#409 = ORIENTED_EDGE('',*,*,#410,.T.);
#410 = EDGE_CURVE('',#385,#411,#413,.T.);
#411 = VERTEX_POINT('',#412);
#412 = CARTESIAN_POINT('',(1.161598905922E+03,111.85668602477,-399.85));
#413 = SURFACE_CURVE('',#414,(#419,#426),.PCURVE_S1.);
#414 = CIRCLE('',#415,16.);
#415 = AXIS2_PLACEMENT_3D('',#416,#417,#418);
#416 = CARTESIAN_POINT('',(1.170784581128E+03,113.47636839975,-386.85));
#417 = DIRECTION('',(0.173648177667,-0.984807753012,-0.));
#418 = DIRECTION('',(0.984807753012,0.173648177667,0.));
#419 = PCURVE('',#31,#420);
#420 = DEFINITIONAL_REPRESENTATION('',(#421),#425);
#421 = LINE('',#422,#423);
#422 = CARTESIAN_POINT('',(-6.28318530718,-36.26774458377));
#423 = VECTOR('',#424,1.);
#424 = DIRECTION('',(1.,-0.));
#425 = ( GEOMETRIC_REPRESENTATION_CONTEXT(2) 
PARAMETRIC_REPRESENTATION_CONTEXT() REPRESENTATION_CONTEXT('2D SPACE',''
  ) );
#426 = PCURVE('',#427,#432);
#427 = PLANE('',#428);
#428 = AXIS2_PLACEMENT_3D('',#429,#430,#431);
#429 = CARTESIAN_POINT('',(1.090584422962E+03,99.334916657975,
    -374.3979933487));
#430 = DIRECTION('',(0.173648177667,-0.984807753012,-0.));
#431 = DIRECTION('',(-0.984807753012,-0.173648177667,0.));
#432 = DEFINITIONAL_REPRESENTATION('',(#433),#437);
#433 = CIRCLE('',#434,16.);
#434 = AXIS2_PLACEMENT_2D('',#435,#436);
#435 = CARTESIAN_POINT('',(-81.43737487934,12.452006651253));
#436 = DIRECTION('',(-1.,0.));
#437 = ( GEOMETRIC_REPRESENTATION_CONTEXT(2) 
PARAMETRIC_REPRESENTATION_CONTEXT() REPRESENTATION_CONTEXT('2D SPACE',''
  ) );
#438 = ORIENTED_EDGE('',*,*,#439,.F.);
#439 = EDGE_CURVE('',#440,#411,#442,.T.);
#440 = VERTEX_POINT('',#441);
#441 = CARTESIAN_POINT('',(1.159840422201E+03,121.82954277587,-399.85));
#442 = SURFACE_CURVE('',#443,(#447,#453),.PCURVE_S1.);
#443 = LINE('',#444,#445);
#444 = CARTESIAN_POINT('',(1.167896733677E+03,76.139929974412,-399.85));
#445 = VECTOR('',#446,1.);
#446 = DIRECTION('',(0.173648177667,-0.984807753012,-0.));
#447 = PCURVE('',#31,#448);
#448 = DEFINITIONAL_REPRESENTATION('',(#449),#452);
#449 = B_SPLINE_CURVE_WITH_KNOTS('',1,(#450,#451),.UNSPECIFIED.,.F.,.F.,
  (2,2),(-92.40696186225,6.00000014914E-07),.PIECEWISE_BEZIER_KNOTS.);
#450 = CARTESIAN_POINT('',(-2.19316481535,-92.40696186225));
#451 = CARTESIAN_POINT('',(-2.19316481535,6.000000162463E-07));
#452 = ( GEOMETRIC_REPRESENTATION_CONTEXT(2) 
PARAMETRIC_REPRESENTATION_CONTEXT() REPRESENTATION_CONTEXT('2D SPACE',''
  ) );
#453 = PCURVE('',#454,#459);
#454 = PLANE('',#455);
#455 = AXIS2_PLACEMENT_3D('',#456,#457,#458);
#456 = CARTESIAN_POINT('',(1.169962833599E+03,118.13673022289,-399.85));
#457 = DIRECTION('',(0.,0.,1.));
#458 = DIRECTION('',(1.,0.,-0.));
#459 = DEFINITIONAL_REPRESENTATION('',(#460),#463);
#460 = B_SPLINE_CURVE_WITH_KNOTS('',1,(#461,#462),.UNSPECIFIED.,.F.,.F.,
  (2,2),(-92.40696186225,6.00000014914E-07),.PIECEWISE_BEZIER_KNOTS.);
#461 = CARTESIAN_POINT('',(-18.11240045353,49.006292225771));
#462 = CARTESIAN_POINT('',(-2.066099818232,-41.99680083936));
#463 = ( GEOMETRIC_REPRESENTATION_CONTEXT(2) 
PARAMETRIC_REPRESENTATION_CONTEXT() REPRESENTATION_CONTEXT('2D SPACE',''
  ) );
#464 = ORIENTED_EDGE('',*,*,#465,.F.);
#465 = EDGE_CURVE('',#466,#440,#468,.T.);
#466 = VERTEX_POINT('',#467);
#467 = CARTESIAN_POINT('',(1.158588227385E+03,128.93109247398,-399.85));
#468 = SURFACE_CURVE('',#469,(#580,#694),.PCURVE_S1.);
#469 = B_SPLINE_CURVE_WITH_KNOTS('',7,(#470,#471,#472,#473,#474,#475,
    #476,#477,#478,#479,#480,#481,#482,#483,#484,#485,#486,#487,#488,
    #489,#490,#491,#492,#493,#494,#495,#496,#497,#498,#499,#500,#501,
    #502,#503,#504,#505,#506,#507,#508,#509,#510,#511,#512,#513,#514,
    #515,#516,#517,#518,#519,#520,#521,#522,#523,#524,#525,#526,#527,
    #528,#529,#530,#531,#532,#533,#534,#535,#536,#537,#538,#539,#540,
    #541,#542,#543,#544,#545,#546,#547,#548,#549,#550,#551,#552,#553,
    #554,#555,#556,#557,#558,#559,#560,#561,#562,#563,#564,#565,#566,
    #567,#568,#569,#570,#571,#572,#573,#574,#575,#576,#577,#578,#579),
  .UNSPECIFIED.,.T.,.F.,(8,6,6,6,6,6,6,6,6,6,6,6,6,6,6,6,6,6,8),(0.,
    3.09045257038E-02,8.137856142512E-02,0.13199312889,0.202196285765,
    0.248720690177,0.30274750816,0.358756394257,0.429774279003,
    0.480668079289,0.53084882657,0.581280821501,0.631932596871,
    0.702188512538,0.748747675283,0.802814856907,0.858865588034,
    0.929936447755,1.),.UNSPECIFIED.);
#470 = CARTESIAN_POINT('',(1.1784E+03,127.,-399.4601296171));
#471 = CARTESIAN_POINT('',(1.1784E+03,127.24840706109,-399.4264423271));
#472 = CARTESIAN_POINT('',(1.178392800909E+03,127.49696251352,
    -399.3979943519));
#473 = CARTESIAN_POINT('',(1.17837838744E+03,127.74537442948,
    -399.3749982712));
#474 = CARTESIAN_POINT('',(1.178356761957E+03,127.99336087405,
    -399.3576165235));
#475 = CARTESIAN_POINT('',(1.178327942078E+03,128.2406493689,
    -399.3459598464));
#476 = CARTESIAN_POINT('',(1.178291958278E+03,128.48697635619,
    -399.3400857173));
#477 = CARTESIAN_POINT('',(1.178178448434E+03,129.13240687638,
    -399.3398515624));
#478 = CARTESIAN_POINT('',(1.178089119852E+03,129.52905957128,
    -399.3551385458));
#479 = CARTESIAN_POINT('',(1.177981092457E+03,129.92108104196,
    -399.3858149757));
#480 = CARTESIAN_POINT('',(1.17785464508E+03,130.30749535554,
    -399.4314909383));
#481 = CARTESIAN_POINT('',(1.177710121433E+03,130.68728588451,
    -399.491428522));
#482 = CARTESIAN_POINT('',(1.177547977945E+03,131.05937394806,
    -399.5645649939));
#483 = CARTESIAN_POINT('',(1.177189256656E+03,131.78684649559,
    -399.7347916651));
#484 = CARTESIAN_POINT('',(1.176992539055E+03,132.14227357416,
    -399.8319693591));
#485 = CARTESIAN_POINT('',(1.176778943291E+03,132.48855145402,
    -399.9399478124));
#486 = CARTESIAN_POINT('',(1.176548612798E+03,132.82525115951,
    -400.0574848268));
#487 = CARTESIAN_POINT('',(1.176301635114E+03,133.15184390246,
    -400.1832628959));
#488 = CARTESIAN_POINT('',(1.17603806437E+03,133.4676952199,
    -400.31590341));
#489 = CARTESIAN_POINT('',(1.175369394187E+03,134.1942147223,
    -400.6454786498));
#490 = CARTESIAN_POINT('',(1.174949153411E+03,134.59410241323,
    -400.847353902));
#491 = CARTESIAN_POINT('',(1.174496139843E+03,134.97107800797,
    -401.0563542904));
#492 = CARTESIAN_POINT('',(1.174008771347E+03,135.3235129472,
    -401.2691823589));
#493 = CARTESIAN_POINT('',(1.173485208106E+03,135.64861471105,
    -401.482116754));
#494 = CARTESIAN_POINT('',(1.172923677488E+03,135.94220104498,
    -401.6906814557));
#495 = CARTESIAN_POINT('',(1.171924713787E+03,136.36823126959,
    -402.0210191373));
#496 = CARTESIAN_POINT('',(1.171508189667E+03,136.52210299939,
    -402.1487083086));
#497 = CARTESIAN_POINT('',(1.171073605974E+03,136.6578099731,
    -402.2704891236));
#498 = CARTESIAN_POINT('',(1.170621428296E+03,136.77302414357,
    -402.3842916641));
#499 = CARTESIAN_POINT('',(1.170152319528E+03,136.86530132265,
    -402.4879287717));
#500 = CARTESIAN_POINT('',(1.1696671799E+03,136.93205541779,
    -402.5791238203));
#501 = CARTESIAN_POINT('',(1.168586573539E+03,137.01520354579,
    -402.7442952306));
#502 = CARTESIAN_POINT('',(1.16798442112E+03,137.02185710935,
    -402.8133547056));
#503 = CARTESIAN_POINT('',(1.167370839933E+03,136.98515552691,
    -402.8575992523));
#504 = CARTESIAN_POINT('',(1.166755811218E+03,136.9028726768,
    -402.8738409277));
#505 = CARTESIAN_POINT('',(1.16614904134E+03,136.77563928361,
    -402.8612000102));
#506 = CARTESIAN_POINT('',(1.165559722661E+03,136.60687199737,
    -402.8211671137));
#507 = CARTESIAN_POINT('',(1.164412012687E+03,136.19140678696,
    -402.6912079316));
#508 = CARTESIAN_POINT('',(1.163859491525E+03,135.94350435946,
    -402.599950961));
#509 = CARTESIAN_POINT('',(1.163340011436E+03,135.66448896657,
    -402.4874135844));
#510 = CARTESIAN_POINT('',(1.162854454827E+03,135.35938610945,
    -402.3575886843));
#511 = CARTESIAN_POINT('',(1.162403256935E+03,135.03303089829,
    -402.2145130305));
#512 = CARTESIAN_POINT('',(1.161986441013E+03,134.69016087209,
    -402.0621494154));
#513 = CARTESIAN_POINT('',(1.161118275608E+03,133.88580455691,
    -401.7040905586));
#514 = CARTESIAN_POINT('',(1.160683858202E+03,133.41368474974,
    -401.4935000785));
#515 = CARTESIAN_POINT('',(1.160297053783E+03,132.92443298018,
    -401.2782474394));
#516 = CARTESIAN_POINT('',(1.159954643261E+03,132.42152005794,
    -401.0629890323));
#517 = CARTESIAN_POINT('',(1.15965384304E+03,131.90703126561,
    -400.8515648383));
#518 = CARTESIAN_POINT('',(1.159392529459E+03,131.38199070261,
    -400.6473897876));
#519 = CARTESIAN_POINT('',(1.159009557567E+03,130.46299542695,
    -400.3150869537));
#520 = CARTESIAN_POINT('',(1.158869353377E+03,130.07416255279,
    -400.1818436202));
#521 = CARTESIAN_POINT('',(1.158748598732E+03,129.68087072127,
    -400.055536109));
#522 = CARTESIAN_POINT('',(1.158647126311E+03,129.28374496395,
    -399.9375634701));
#523 = CARTESIAN_POINT('',(1.158564837081E+03,128.88332078117,
    -399.8292621462));
#524 = CARTESIAN_POINT('',(1.158501720016E+03,128.48005760983,
    -399.7318912692));
#525 = CARTESIAN_POINT('',(1.158414652938E+03,127.67433515121,
    -399.5625243445));
#526 = CARTESIAN_POINT('',(1.158390157123E+03,127.27185503211,
    -399.4901733795));
#527 = CARTESIAN_POINT('',(1.158384603507E+03,126.86819621727,
    -399.430867325));
#528 = CARTESIAN_POINT('',(1.158398050498E+03,126.46450625436,
    -399.385644617));
#529 = CARTESIAN_POINT('',(1.158430473784E+03,126.06183844892,
    -399.3552267689));
#530 = CARTESIAN_POINT('',(1.158481802699E+03,125.66118720437,
    -399.3399959967));
#531 = CARTESIAN_POINT('',(1.15862239332E+03,124.86385817196,
    -399.3399959967));
#532 = CARTESIAN_POINT('',(1.158711728497E+03,124.46786344399,
    -399.3553796642));
#533 = CARTESIAN_POINT('',(1.158819701858E+03,124.07649260968,
    -399.386102033));
#534 = CARTESIAN_POINT('',(1.158946035561E+03,123.69071661813,
    -399.4317732882));
#535 = CARTESIAN_POINT('',(1.159090387279E+03,123.31154697813,
    -399.4916580048));
#536 = CARTESIAN_POINT('',(1.159252302704E+03,122.94005690567,
    -399.5646981727));
#537 = CARTESIAN_POINT('',(1.159610743342E+03,122.21315350836,
    -399.7347916641));
#538 = CARTESIAN_POINT('',(1.159807460947E+03,121.85772642159,
    -399.8319693598));
#539 = CARTESIAN_POINT('',(1.160021056712E+03,121.51144854334,
    -399.9399478136));
#540 = CARTESIAN_POINT('',(1.1602513872E+03,121.17474884376,
    -400.0574848261));
#541 = CARTESIAN_POINT('',(1.160498364883E+03,120.84815610067,
    -400.1832628942));
#542 = CARTESIAN_POINT('',(1.160761935633E+03,120.53230477665,
    -400.3159034116));
#543 = CARTESIAN_POINT('',(1.161430612173E+03,119.80577836694,
    -400.6454817848));
#544 = CARTESIAN_POINT('',(1.161850849934E+03,119.4058958053,
    -400.8473553696));
#545 = CARTESIAN_POINT('',(1.162303856849E+03,119.02892578451,
    -401.0563524887));
#546 = CARTESIAN_POINT('',(1.162791220881E+03,118.67649240794,
    -401.2691789476));
#547 = CARTESIAN_POINT('',(1.163314784794E+03,118.35138879245,
    -401.4821142017));
#548 = CARTESIAN_POINT('',(1.16387631986E+03,118.05780008592,
    -401.6906805788));
#549 = CARTESIAN_POINT('',(1.164875286213E+03,117.6317687304,
    -402.0210191373));
#550 = CARTESIAN_POINT('',(1.165291810333E+03,117.4778970006,
    -402.1487083086));
#551 = CARTESIAN_POINT('',(1.165726394026E+03,117.34219002689,
    -402.2704891236));
#552 = CARTESIAN_POINT('',(1.166178571704E+03,117.22697585642,
    -402.3842916641));
#553 = CARTESIAN_POINT('',(1.166647680472E+03,117.13469867734,
    -402.4879287717));
#554 = CARTESIAN_POINT('',(1.1671328201E+03,117.0679445822,
    -402.5791238203));
#555 = CARTESIAN_POINT('',(1.168213426464E+03,116.98479645398,
    -402.7442952311));
#556 = CARTESIAN_POINT('',(1.168815578874E+03,116.97814289032,
    -402.8133547052));
#557 = CARTESIAN_POINT('',(1.16942916007E+03,117.014844474,
    -402.8575992521));
#558 = CARTESIAN_POINT('',(1.170044188785E+03,117.09712732324,
    -402.8738409281));
#559 = CARTESIAN_POINT('',(1.170650958654E+03,117.22436071502,
    -402.8612000103));
#560 = CARTESIAN_POINT('',(1.171240277342E+03,117.39312800362,
    -402.8211671134));
#561 = CARTESIAN_POINT('',(1.172387987316E+03,117.80859321417,
    -402.6912079312));
#562 = CARTESIAN_POINT('',(1.172940508475E+03,118.05649564121,
    -402.5999509606));
#563 = CARTESIAN_POINT('',(1.173459988562E+03,118.33551103251,
    -402.4874135847));
#564 = CARTESIAN_POINT('',(1.17394554517E+03,118.64061388878,
    -402.3575886851));
#565 = CARTESIAN_POINT('',(1.174396743065E+03,118.96696910128,
    -402.2145130307));
#566 = CARTESIAN_POINT('',(1.174813558989E+03,119.30983912999,
    -402.0621494145));
#567 = CARTESIAN_POINT('',(1.175681723819E+03,120.11419491216,
    -401.704090795));
#568 = CARTESIAN_POINT('',(1.176116139561E+03,120.58631301428,
    -401.4935010745));
#569 = CARTESIAN_POINT('',(1.176502943221E+03,121.07556314247,
    -401.2782491608));
#570 = CARTESIAN_POINT('',(1.176845354377E+03,121.57847590445,
    -401.0629907173));
#571 = CARTESIAN_POINT('',(1.177146155951E+03,122.09296635604,
    -400.8515657049));
#572 = CARTESIAN_POINT('',(1.177407470484E+03,122.61800916105,
    -400.6473898369));
#573 = CARTESIAN_POINT('',(1.17785049806E+03,123.6811165515,
    -400.2629769809));
#574 = CARTESIAN_POINT('',(1.178033510288E+03,124.21942904437,
    -400.0822476949));
#575 = CARTESIAN_POINT('',(1.178179799827E+03,124.76597630619,
    -399.9156327321));
#576 = CARTESIAN_POINT('',(1.178289595515E+03,125.31880723139,
    -399.7669120181));
#577 = CARTESIAN_POINT('',(1.178363030665E+03,125.87629305795,
    -399.6395289617));
#578 = CARTESIAN_POINT('',(1.1784E+03,126.43707444158,-399.5364697841));
#579 = CARTESIAN_POINT('',(1.1784E+03,127.,-399.4601296171));
#580 = PCURVE('',#31,#581);
#581 = DEFINITIONAL_REPRESENTATION('',(#582),#693);
#582 = B_SPLINE_CURVE_WITH_KNOTS('',7,(#583,#584,#585,#586,#587,#588,
    #589,#590,#591,#592,#593,#594,#595,#596,#597,#598,#599,#600,#601,
    #602,#603,#604,#605,#606,#607,#608,#609,#610,#611,#612,#613,#614,
    #615,#616,#617,#618,#619,#620,#621,#622,#623,#624,#625,#626,#627,
    #628,#629,#630,#631,#632,#633,#634,#635,#636,#637,#638,#639,#640,
    #641,#642,#643,#644,#645,#646,#647,#648,#649,#650,#651,#652,#653,
    #654,#655,#656,#657,#658,#659,#660,#661,#662,#663,#664,#665,#666,
    #667,#668,#669,#670,#671,#672,#673,#674,#675,#676,#677,#678,#679,
    #680,#681,#682,#683,#684,#685,#686,#687,#688,#689,#690,#691,#692),
  .UNSPECIFIED.,.T.,.F.,(8,6,6,6,6,6,6,6,6,6,6,6,6,6,6,6,6,6,8),(0.,
    3.09045257038E-02,8.137856142512E-02,0.13199312889,0.202196285765,
    0.248720690177,0.30274750816,0.358756394257,0.429774279003,
    0.480668079289,0.53084882657,0.581280821501,0.631932596871,
    0.702188512538,0.748747675283,0.802814856907,0.858865588034,
    0.929936447755,1.),.UNSPECIFIED.);
#583 = CARTESIAN_POINT('',(-0.907769961541,-48.26351822333));
#584 = CARTESIAN_POINT('',(-0.904349264467,-48.508151423));
#585 = CARTESIAN_POINT('',(-0.901478074669,-48.75418086865));
#586 = CARTESIAN_POINT('',(-0.899167752988,-49.00132172203));
#587 = CARTESIAN_POINT('',(-0.897426863329,-49.24929592099));
#588 = CARTESIAN_POINT('',(-0.896261191813,-49.49783206748));
#589 = CARTESIAN_POINT('',(-0.89567376591,-49.74666531559));
#590 = CARTESIAN_POINT('',(-0.895650350422,-50.40200107344));
#591 = CARTESIAN_POINT('',(-0.897179045142,-50.80813946821));
#592 = CARTESIAN_POINT('',(-0.900246585221,-51.21296401209));
#593 = CARTESIAN_POINT('',(-0.904832553025,-51.61546518063));
#594 = CARTESIAN_POINT('',(-0.910900277105,-52.01458210586));
#595 = CARTESIAN_POINT('',(-0.918396280597,-52.40917323689));
#596 = CARTESIAN_POINT('',(-0.936127142021,-53.18788514));
#597 = CARTESIAN_POINT('',(-0.946371788485,-53.57207213557));
#598 = CARTESIAN_POINT('',(-0.957933126975,-53.95017979152));
#599 = CARTESIAN_POINT('',(-0.970763950794,-54.32176074217));
#600 = CARTESIAN_POINT('',(-0.984820517212,-54.68627903234));
#601 = CARTESIAN_POINT('',(-1.000063139922,-55.04310043797));
#602 = CARTESIAN_POINT('',(-1.039195294538,-55.87469583534));
#603 = CARTESIAN_POINT('',(-1.064139259914,-56.3414823786));
#604 = CARTESIAN_POINT('',(-1.091263269075,-56.79139584761));
#605 = CARTESIAN_POINT('',(-1.120592927106,-57.2231071594));
#606 = CARTESIAN_POINT('',(-1.15218771234,-57.6341856996));
#607 = CARTESIAN_POINT('',(-1.186128843621,-58.0208205659));
#608 = CARTESIAN_POINT('',(-1.246623977218,-58.61384666044));
#609 = CARTESIAN_POINT('',(-1.271875915244,-58.83770938731));
#610 = CARTESIAN_POINT('',(-1.298254873759,-59.04681933339));
#611 = CARTESIAN_POINT('',(-1.325746125823,-59.23880297153));
#612 = CARTESIAN_POINT('',(-1.354333957611,-59.41113813554));
#613 = CARTESIAN_POINT('',(-1.384001862292,-59.5611216983));
#614 = CARTESIAN_POINT('',(-1.450418479465,-59.83065194492));
#615 = CARTESIAN_POINT('',(-1.487630519265,-59.94176709601));
#616 = CARTESIAN_POINT('',(-1.525834717907,-60.01217034804));
#617 = CARTESIAN_POINT('',(-1.564521956137,-60.03793617486));
#618 = CARTESIAN_POINT('',(-1.603193394066,-60.01800022641));
#619 = CARTESIAN_POINT('',(-1.641346267819,-59.95413100921));
#620 = CARTESIAN_POINT('',(-1.716935090107,-59.74427539427));
#621 = CARTESIAN_POINT('',(-1.754033910347,-59.59608345459));
#622 = CARTESIAN_POINT('',(-1.789682494646,-59.41151370332));
#623 = CARTESIAN_POINT('',(-1.823808812726,-59.19536206441));
#624 = CARTESIAN_POINT('',(-1.856340524714,-58.95231461394));
#625 = CARTESIAN_POINT('',(-1.887205944148,-58.68703287918));
#626 = CARTESIAN_POINT('',(-1.953276952838,-58.0456518843));
#627 = CARTESIAN_POINT('',(-1.98771416998,-57.65614042869));
#628 = CARTESIAN_POINT('',(-2.019749977012,-57.24148937548));
#629 = CARTESIAN_POINT('',(-2.049468891451,-56.80567579366));
#630 = CARTESIAN_POINT('',(-2.076933716581,-56.35123665236));
#631 = CARTESIAN_POINT('',(-2.102171153066,-55.87954926242));
#632 = CARTESIAN_POINT('',(-2.141625944098,-55.04101796114));
#633 = CARTESIAN_POINT('',(-2.156934891511,-54.68243853402));
#634 = CARTESIAN_POINT('',(-2.1710462519,-54.31609051323));
#635 = CARTESIAN_POINT('',(-2.183919647462,-53.94261848957));
#636 = CARTESIAN_POINT('',(-2.195510610689,-53.56256702472));
#637 = CARTESIAN_POINT('',(-2.205771190601,-53.17639049036));
#638 = CARTESIAN_POINT('',(-2.223405279878,-52.39802780576));
#639 = CARTESIAN_POINT('',(-2.230819147816,-52.00591591757));
#640 = CARTESIAN_POINT('',(-2.236822480647,-51.60935396243));
#641 = CARTESIAN_POINT('',(-2.241362988481,-51.20946191182));
#642 = CARTESIAN_POINT('',(-2.24440478641,-50.80728129052));
#643 = CARTESIAN_POINT('',(-2.245927859732,-50.40380366607));
#644 = CARTESIAN_POINT('',(-2.245927859732,-49.59417454813));
#645 = CARTESIAN_POINT('',(-2.24438949703,-49.18868297924));
#646 = CARTESIAN_POINT('',(-2.241317246537,-48.78450856993));
#647 = CARTESIAN_POINT('',(-2.236731516277,-48.3826557651));
#648 = CARTESIAN_POINT('',(-2.230668855271,-47.98418015115));
#649 = CARTESIAN_POINT('',(-2.223182501056,-47.59021752915));
#650 = CARTESIAN_POINT('',(-2.205465511665,-46.81211486422));
#651 = CARTESIAN_POINT('',(-2.195220865034,-46.42792785996));
#652 = CARTESIAN_POINT('',(-2.183659526472,-46.04982020546));
#653 = CARTESIAN_POINT('',(-2.170828702877,-45.67823926133));
#654 = CARTESIAN_POINT('',(-2.156772136588,-45.31372097135));
#655 = CARTESIAN_POINT('',(-2.141529513482,-44.95689955808));
#656 = CARTESIAN_POINT('',(-2.102396986821,-44.12529625441));
#657 = CARTESIAN_POINT('',(-2.077453187238,-43.65851528613));
#658 = CARTESIAN_POINT('',(-2.0503295798,-43.20860846164));
#659 = CARTESIAN_POINT('',(-2.021000196672,-42.776899464));
#660 = CARTESIAN_POINT('',(-1.98940537059,-42.36581898352));
#661 = CARTESIAN_POINT('',(-1.955463970555,-41.97918100829));
#662 = CARTESIAN_POINT('',(-1.894968676372,-41.38615333955));
#663 = CARTESIAN_POINT('',(-1.869716738345,-41.16229061268));
#664 = CARTESIAN_POINT('',(-1.843337779831,-40.9531806666));
#665 = CARTESIAN_POINT('',(-1.815846527767,-40.76119702846));
#666 = CARTESIAN_POINT('',(-1.787258695978,-40.58886186445));
#667 = CARTESIAN_POINT('',(-1.757590791298,-40.43887830169));
#668 = CARTESIAN_POINT('',(-1.691174173951,-40.16934805437));
#669 = CARTESIAN_POINT('',(-1.653962134707,-40.05823290472));
#670 = CARTESIAN_POINT('',(-1.615757935459,-39.98782965225));
#671 = CARTESIAN_POINT('',(-1.577070697234,-39.96206382457));
#672 = CARTESIAN_POINT('',(-1.538399259912,-39.98199977328));
#673 = CARTESIAN_POINT('',(-1.500246385589,-40.04586899129));
#674 = CARTESIAN_POINT('',(-1.424657563275,-40.2557246063));
#675 = CARTESIAN_POINT('',(-1.387558743205,-40.40391654599));
#676 = CARTESIAN_POINT('',(-1.35191015909,-40.58848629614));
#677 = CARTESIAN_POINT('',(-1.317783841027,-40.80463793423));
#678 = CARTESIAN_POINT('',(-1.285252128879,-41.04768538563));
#679 = CARTESIAN_POINT('',(-1.25438670927,-41.31296712247));
#680 = CARTESIAN_POINT('',(-1.188315744362,-41.95434769235));
#681 = CARTESIAN_POINT('',(-1.153878657052,-42.34385775774));
#682 = CARTESIAN_POINT('',(-1.121842926597,-42.75850732635));
#683 = CARTESIAN_POINT('',(-1.092123978399,-43.19432064029));
#684 = CARTESIAN_POINT('',(-1.064659040284,-43.64876118057));
#685 = CARTESIAN_POINT('',(-1.039421506377,-44.12045061318));
#686 = CARTESIAN_POINT('',(-0.993779617844,-45.09047608243));
#687 = CARTESIAN_POINT('',(-0.973288809902,-45.58883065909));
#688 = CARTESIAN_POINT('',(-0.955089072358,-46.10167172803));
#689 = CARTESIAN_POINT('',(-0.939308410067,-46.62703808816));
#690 = CARTESIAN_POINT('',(-0.926076402003,-47.16330257234));
#691 = CARTESIAN_POINT('',(-0.915521745253,-47.70914476903));
#692 = CARTESIAN_POINT('',(-0.907769961541,-48.26351822333));
#693 = ( GEOMETRIC_REPRESENTATION_CONTEXT(2) 
PARAMETRIC_REPRESENTATION_CONTEXT() REPRESENTATION_CONTEXT('2D SPACE',''
  ) );
#694 = PCURVE('',#695,#700);
#695 = CYLINDRICAL_SURFACE('',#696,10.);
#696 = AXIS2_PLACEMENT_3D('',#697,#698,#699);
#697 = CARTESIAN_POINT('',(1.1684E+03,127.,-526.25));
#698 = DIRECTION('',(0.,0.,1.));
#699 = DIRECTION('',(1.,0.,-0.));
#700 = DEFINITIONAL_REPRESENTATION('',(#701),#812);
#701 = B_SPLINE_CURVE_WITH_KNOTS('',7,(#702,#703,#704,#705,#706,#707,
    #708,#709,#710,#711,#712,#713,#714,#715,#716,#717,#718,#719,#720,
    #721,#722,#723,#724,#725,#726,#727,#728,#729,#730,#731,#732,#733,
    #734,#735,#736,#737,#738,#739,#740,#741,#742,#743,#744,#745,#746,
    #747,#748,#749,#750,#751,#752,#753,#754,#755,#756,#757,#758,#759,
    #760,#761,#762,#763,#764,#765,#766,#767,#768,#769,#770,#771,#772,
    #773,#774,#775,#776,#777,#778,#779,#780,#781,#782,#783,#784,#785,
    #786,#787,#788,#789,#790,#791,#792,#793,#794,#795,#796,#797,#798,
    #799,#800,#801,#802,#803,#804,#805,#806,#807,#808,#809,#810,#811),
  .UNSPECIFIED.,.F.,.F.,(8,6,6,6,6,6,6,6,6,6,6,6,6,6,6,6,6,6,8),(0.,
    3.09045257038E-02,8.137856142512E-02,0.13199312889,0.202196285765,
    0.248720690177,0.30274750816,0.358756394257,0.429774279003,
    0.480668079289,0.53084882657,0.581280821501,0.631932596871,
    0.702188512538,0.748747675283,0.802814856907,0.858865588034,
    0.929936447755,1.),.UNSPECIFIED.);
#702 = CARTESIAN_POINT('',(0.,126.78987038287));
#703 = CARTESIAN_POINT('',(2.484070610987E-02,126.82355767286));
#704 = CARTESIAN_POINT('',(4.969624670061E-02,126.85200564805));
#705 = CARTESIAN_POINT('',(7.456248327533E-02,126.87500172872));
#706 = CARTESIAN_POINT('',(9.943636959449E-02,126.89238347645));
#707 = CARTESIAN_POINT('',(0.124315799421,126.90404015359));
#708 = CARTESIAN_POINT('',(0.149199454266,126.90991428268));
#709 = CARTESIAN_POINT('',(0.214733036577,126.91014843754));
#710 = CARTESIAN_POINT('',(0.255346002532,126.89486145415));
#711 = CARTESIAN_POINT('',(0.295936486,126.86418502425));
#712 = CARTESIAN_POINT('',(0.336512195969,126.81850906164));
#713 = CARTESIAN_POINT('',(0.37707536238,126.75857147797));
#714 = CARTESIAN_POINT('',(0.417618394444,126.68543500603));
#715 = CARTESIAN_POINT('',(0.498729261217,126.51520833489));
#716 = CARTESIAN_POINT('',(0.539307090329,126.41803064089));
#717 = CARTESIAN_POINT('',(0.57992016702,126.31005218752));
#718 = CARTESIAN_POINT('',(0.620632344309,126.19251517311));
#719 = CARTESIAN_POINT('',(0.661503885702,126.06673710403));
#720 = CARTESIAN_POINT('',(0.702593195708,125.93409658995));
#721 = CARTESIAN_POINT('',(0.801332772403,125.60452135015));
#722 = CARTESIAN_POINT('',(0.859215357494,125.40264609797));
#723 = CARTESIAN_POINT('',(0.917939285429,125.19364570956));
#724 = CARTESIAN_POINT('',(0.977826813586,124.98081764104));
#725 = CARTESIAN_POINT('',(1.039194270127,124.76788324591));
#726 = CARTESIAN_POINT('',(1.102363426832,124.55931854428));
#727 = CARTESIAN_POINT('',(1.210965002752,124.22898086261));
#728 = CARTESIAN_POINT('',(1.255314881797,124.10129169135));
#729 = CARTESIAN_POINT('',(1.300745765563,123.97951087637));
#730 = CARTESIAN_POINT('',(1.347285491379,123.86570833586));
#731 = CARTESIAN_POINT('',(1.394971954081,123.7620712282));
#732 = CARTESIAN_POINT('',(1.443855082877,123.67087617961));
#733 = CARTESIAN_POINT('',(1.552235141948,123.5057047693));
#734 = CARTESIAN_POINT('',(1.612323916778,123.43664529433));
#735 = CARTESIAN_POINT('',(1.673542300843,123.39240074768));
#736 = CARTESIAN_POINT('',(1.735292717548,123.37615907223));
#737 = CARTESIAN_POINT('',(1.797029103509,123.38879998979));
#738 = CARTESIAN_POINT('',(1.858186476937,123.42883288627));
#739 = CARTESIAN_POINT('',(1.980245869208,123.55879206834));
#740 = CARTESIAN_POINT('',(2.040636918923,123.65004903898));
#741 = CARTESIAN_POINT('',(2.09937164222,123.76258641559));
#742 = CARTESIAN_POINT('',(2.156489876314,123.89241131565));
#743 = CARTESIAN_POINT('',(2.211999675899,124.03548696944));
#744 = CARTESIAN_POINT('',(2.265877928182,124.18785058455));
#745 = CARTESIAN_POINT('',(2.3842291112,124.5459094413));
#746 = CARTESIAN_POINT('',(2.448182744426,124.75649992149));
#747 = CARTESIAN_POINT('',(2.510281173017,124.97175256059));
#748 = CARTESIAN_POINT('',(2.570855631606,125.18701096763));
#749 = CARTESIAN_POINT('',(2.630235256158,125.39843516168));
#750 = CARTESIAN_POINT('',(2.688751258996,125.60261021235));
#751 = CARTESIAN_POINT('',(2.788311280435,125.93491304624));
#752 = CARTESIAN_POINT('',(2.829595914832,126.06815637975));
#753 = CARTESIAN_POINT('',(2.870661220237,126.19446389091));
#754 = CARTESIAN_POINT('',(2.911566237615,126.31243652989));
#755 = CARTESIAN_POINT('',(2.952371930682,126.42073785379));
#756 = CARTESIAN_POINT('',(2.993142949566,126.51810873071));
#757 = CARTESIAN_POINT('',(3.074184257328,126.68747565542));
#758 = CARTESIAN_POINT('',(3.114462473333,126.75982662045));
#759 = CARTESIAN_POINT('',(3.154760823829,126.81913267495));
#760 = CARTESIAN_POINT('',(3.195071803352,126.86435538295));
#761 = CARTESIAN_POINT('',(3.235397466379,126.89477323105));
#762 = CARTESIAN_POINT('',(3.275745212182,126.9100040032));
#763 = CARTESIAN_POINT('',(3.356708123976,126.9100040032));
#764 = CARTESIAN_POINT('',(3.397257263686,126.89462033579));
#765 = CARTESIAN_POINT('',(3.437783930798,126.86389796694));
#766 = CARTESIAN_POINT('',(3.478295827006,126.81822671175));
#767 = CARTESIAN_POINT('',(3.518795193137,126.75834199515));
#768 = CARTESIAN_POINT('',(3.559274506026,126.68530182729));
#769 = CARTESIAN_POINT('',(3.640321914366,126.51520833581));
#770 = CARTESIAN_POINT('',(3.680899744364,126.41803064013));
#771 = CARTESIAN_POINT('',(3.721512820969,126.31005218631));
#772 = CARTESIAN_POINT('',(3.762224997533,126.19251517389));
#773 = CARTESIAN_POINT('',(3.803096538833,126.06673710577));
#774 = CARTESIAN_POINT('',(3.844185849766,125.93409658839));
#775 = CARTESIAN_POINT('',(3.942926365217,125.60451821518));
#776 = CARTESIAN_POINT('',(4.000808368333,125.40264463031));
#777 = CARTESIAN_POINT('',(4.059531452041,125.19364751121));
#778 = CARTESIAN_POINT('',(4.11941853566,124.98082105232));
#779 = CARTESIAN_POINT('',(4.180786130899,124.76788579826));
#780 = CARTESIAN_POINT('',(4.243955792136,124.55931942117));
#781 = CARTESIAN_POINT('',(4.352557656341,124.22898086261));
#782 = CARTESIAN_POINT('',(4.396907535387,124.10129169134));
#783 = CARTESIAN_POINT('',(4.442338419153,123.97951087637));
#784 = CARTESIAN_POINT('',(4.488878144969,123.86570833586));
#785 = CARTESIAN_POINT('',(4.536564607671,123.7620712282));
#786 = CARTESIAN_POINT('',(4.585447736467,123.67087617961));
#787 = CARTESIAN_POINT('',(4.693827795822,123.50570476887));
#788 = CARTESIAN_POINT('',(4.753916569747,123.43664529478));
#789 = CARTESIAN_POINT('',(4.815134954794,123.39240074787));
#790 = CARTESIAN_POINT('',(4.876885371493,123.37615907189));
#791 = CARTESIAN_POINT('',(4.938621756471,123.3887999896));
#792 = CARTESIAN_POINT('',(4.999779130819,123.42883288658));
#793 = CARTESIAN_POINT('',(5.121838523134,123.5587920687));
#794 = CARTESIAN_POINT('',(5.18222957258,123.65004903934));
#795 = CARTESIAN_POINT('',(5.240964295578,123.76258641524));
#796 = CARTESIAN_POINT('',(5.298082529624,123.89241131485));
#797 = CARTESIAN_POINT('',(5.353592329467,124.03548696924));
#798 = CARTESIAN_POINT('',(5.407470582079,124.18785058548));
#799 = CARTESIAN_POINT('',(5.525821686672,124.54590920496));
#800 = CARTESIAN_POINT('',(5.58977508195,124.75649892544));
#801 = CARTESIAN_POINT('',(5.651873342121,124.97175083918));
#802 = CARTESIAN_POINT('',(5.712447820326,125.18700928262));
#803 = CARTESIAN_POINT('',(5.77182765181,125.39843429506));
#804 = CARTESIAN_POINT('',(5.830343897817,125.60261016306));
#805 = CARTESIAN_POINT('',(5.945516410001,125.98702301906));
#806 = CARTESIAN_POINT('',(6.002245563757,126.16775230508));
#807 = CARTESIAN_POINT('',(6.058627354885,126.3343672678));
#808 = CARTESIAN_POINT('',(6.114774759755,126.48308798183));
#809 = CARTESIAN_POINT('',(6.170814583394,126.61047103826));
#810 = CARTESIAN_POINT('',(6.226892751338,126.71353021587));
#811 = CARTESIAN_POINT('',(6.28318530718,126.78987038287));
#812 = ( GEOMETRIC_REPRESENTATION_CONTEXT(2) 
PARAMETRIC_REPRESENTATION_CONTEXT() REPRESENTATION_CONTEXT('2D SPACE',''
  ) );
#813 = ORIENTED_EDGE('',*,*,#814,.F.);
#814 = EDGE_CURVE('',#815,#466,#817,.T.);
#815 = VERTEX_POINT('',#816);
#816 = CARTESIAN_POINT('',(1.154004879463E+03,154.92455021538,-399.85));
#817 = SURFACE_CURVE('',#818,(#822,#828),.PCURVE_S1.);
#818 = LINE('',#819,#820);
#819 = CARTESIAN_POINT('',(1.167896733677E+03,76.139929974412,-399.85));
#820 = VECTOR('',#821,1.);
#821 = DIRECTION('',(0.173648177667,-0.984807753012,-0.));
#822 = PCURVE('',#31,#823);
#823 = DEFINITIONAL_REPRESENTATION('',(#824),#827);
#824 = B_SPLINE_CURVE_WITH_KNOTS('',1,(#825,#826),.UNSPECIFIED.,.F.,.F.,
  (2,2),(-92.40696186225,6.00000014914E-07),.PIECEWISE_BEZIER_KNOTS.);
#825 = CARTESIAN_POINT('',(-2.19316481535,-92.40696186225));
#826 = CARTESIAN_POINT('',(-2.19316481535,6.000000162463E-07));
#827 = ( GEOMETRIC_REPRESENTATION_CONTEXT(2) 
PARAMETRIC_REPRESENTATION_CONTEXT() REPRESENTATION_CONTEXT('2D SPACE',''
  ) );
#828 = PCURVE('',#454,#829);
#829 = DEFINITIONAL_REPRESENTATION('',(#830),#833);
#830 = B_SPLINE_CURVE_WITH_KNOTS('',1,(#831,#832),.UNSPECIFIED.,.F.,.F.,
  (2,2),(-92.40696186225,6.00000014914E-07),.PIECEWISE_BEZIER_KNOTS.);
#831 = CARTESIAN_POINT('',(-18.11240045353,49.006292225771));
#832 = CARTESIAN_POINT('',(-2.066099818232,-41.99680083936));
#833 = ( GEOMETRIC_REPRESENTATION_CONTEXT(2) 
PARAMETRIC_REPRESENTATION_CONTEXT() REPRESENTATION_CONTEXT('2D SPACE',''
  ) );
#834 = ORIENTED_EDGE('',*,*,#835,.T.);
#835 = EDGE_CURVE('',#815,#109,#836,.T.);
#836 = SURFACE_CURVE('',#837,(#842,#849),.PCURVE_S1.);
#837 = CIRCLE('',#838,16.);
#838 = AXIS2_PLACEMENT_3D('',#839,#840,#841);
#839 = CARTESIAN_POINT('',(1.16319055467E+03,156.54423259036,-386.85));
#840 = DIRECTION('',(0.173648177667,-0.984807753012,-0.));
#841 = DIRECTION('',(0.984807753012,0.173648177667,0.));
#842 = PCURVE('',#31,#843);
#843 = DEFINITIONAL_REPRESENTATION('',(#844),#848);
#844 = LINE('',#845,#846);
#845 = CARTESIAN_POINT('',(-6.28318530718,-80.));
#846 = VECTOR('',#847,1.);
#847 = DIRECTION('',(1.,-0.));
#848 = ( GEOMETRIC_REPRESENTATION_CONTEXT(2) 
PARAMETRIC_REPRESENTATION_CONTEXT() REPRESENTATION_CONTEXT('2D SPACE',''
  ) );
#849 = PCURVE('',#850,#855);
#850 = PLANE('',#851);
#851 = AXIS2_PLACEMENT_3D('',#852,#853,#854);
#852 = CARTESIAN_POINT('',(1.176977863212E+03,158.9753070777,-405.85));
#853 = DIRECTION('',(0.173648177667,-0.984807753012,-0.));
#854 = DIRECTION('',(-0.984807753012,-0.173648177667,0.));
#855 = DEFINITIONAL_REPRESENTATION('',(#856),#860);
#856 = CIRCLE('',#857,16.);
#857 = AXIS2_PLACEMENT_2D('',#858,#859);
#858 = CARTESIAN_POINT('',(14.,-19.));
#859 = DIRECTION('',(-1.,0.));
#860 = ( GEOMETRIC_REPRESENTATION_CONTEXT(2) 
PARAMETRIC_REPRESENTATION_CONTEXT() REPRESENTATION_CONTEXT('2D SPACE',''
  ) );
#861 = ADVANCED_FACE('',(#862,#865),#43,.F.);
#862 = FACE_BOUND('',#863,.F.);
#863 = EDGE_LOOP('',(#864));
#864 = ORIENTED_EDGE('',*,*,#21,.T.);
#865 = FACE_BOUND('',#866,.F.);
#866 = EDGE_LOOP('',(#867));
#867 = ORIENTED_EDGE('',*,*,#868,.F.);
#868 = EDGE_CURVE('',#869,#869,#871,.T.);
#869 = VERTEX_POINT('',#870);
#870 = CARTESIAN_POINT('',(1.182252649587E+03,78.671265282141,-386.85));
#871 = SURFACE_CURVE('',#872,(#877,#884),.PCURVE_S1.);
#872 = CIRCLE('',#873,5.25);
#873 = AXIS2_PLACEMENT_3D('',#874,#875,#876);
#874 = CARTESIAN_POINT('',(1.177082408883E+03,77.75961234939,-386.85));
#875 = DIRECTION('',(-0.173648177667,0.984807753012,0.));
#876 = DIRECTION('',(0.984807753012,0.173648177667,0.));
#877 = PCURVE('',#43,#878);
#878 = DEFINITIONAL_REPRESENTATION('',(#879),#883);
#879 = CIRCLE('',#880,5.25);
#880 = AXIS2_PLACEMENT_2D('',#881,#882);
#881 = CARTESIAN_POINT('',(0.,0.));
#882 = DIRECTION('',(1.,0.));
#883 = ( GEOMETRIC_REPRESENTATION_CONTEXT(2) 
PARAMETRIC_REPRESENTATION_CONTEXT() REPRESENTATION_CONTEXT('2D SPACE',''
  ) );
#884 = PCURVE('',#885,#890);
#885 = CYLINDRICAL_SURFACE('',#886,5.25);
#886 = AXIS2_PLACEMENT_3D('',#887,#888,#889);
#887 = CARTESIAN_POINT('',(1.177082408883E+03,77.75961234939,-386.85));
#888 = DIRECTION('',(0.173648177667,-0.984807753012,-0.));
#889 = DIRECTION('',(0.984807753012,0.173648177667,0.));
#890 = DEFINITIONAL_REPRESENTATION('',(#891),#895);
#891 = LINE('',#892,#893);
#892 = CARTESIAN_POINT('',(-0.,0.));
#893 = VECTOR('',#894,1.);
#894 = DIRECTION('',(-1.,0.));
#895 = ( GEOMETRIC_REPRESENTATION_CONTEXT(2) 
PARAMETRIC_REPRESENTATION_CONTEXT() REPRESENTATION_CONTEXT('2D SPACE',''
  ) );
#896 = ADVANCED_FACE('',(#897,#900),#93,.T.);
#897 = FACE_BOUND('',#898,.T.);
#898 = EDGE_LOOP('',(#899));
#899 = ORIENTED_EDGE('',*,*,#78,.T.);
#900 = FACE_BOUND('',#901,.T.);
#901 = EDGE_LOOP('',(#902));
#902 = ORIENTED_EDGE('',*,*,#903,.F.);
#903 = EDGE_CURVE('',#904,#904,#906,.T.);
#904 = VERTEX_POINT('',#905);
#905 = CARTESIAN_POINT('',(1.16488783182E+03,177.15204058336,-386.85));
#906 = SURFACE_CURVE('',#907,(#912,#919),.PCURVE_S1.);
#907 = CIRCLE('',#908,5.25);
#908 = AXIS2_PLACEMENT_3D('',#909,#910,#911);
#909 = CARTESIAN_POINT('',(1.159717591117E+03,176.24038765061,-386.85));
#910 = DIRECTION('',(-0.173648177667,0.984807753012,0.));
#911 = DIRECTION('',(0.984807753012,0.173648177667,0.));
#912 = PCURVE('',#93,#913);
#913 = DEFINITIONAL_REPRESENTATION('',(#914),#918);
#914 = CIRCLE('',#915,5.25);
#915 = AXIS2_PLACEMENT_2D('',#916,#917);
#916 = CARTESIAN_POINT('',(0.,0.));
#917 = DIRECTION('',(1.,0.));
#918 = ( GEOMETRIC_REPRESENTATION_CONTEXT(2) 
PARAMETRIC_REPRESENTATION_CONTEXT() REPRESENTATION_CONTEXT('2D SPACE',''
  ) );
#919 = PCURVE('',#885,#920);
#920 = DEFINITIONAL_REPRESENTATION('',(#921),#925);
#921 = LINE('',#922,#923);
#922 = CARTESIAN_POINT('',(-0.,-100.));
#923 = VECTOR('',#924,1.);
#924 = DIRECTION('',(-1.,0.));
#925 = ( GEOMETRIC_REPRESENTATION_CONTEXT(2) 
PARAMETRIC_REPRESENTATION_CONTEXT() REPRESENTATION_CONTEXT('2D SPACE',''
  ) );
#926 = ADVANCED_FACE('',(#927),#125,.T.);
#927 = FACE_BOUND('',#928,.T.);
#928 = EDGE_LOOP('',(#929,#930,#953,#981,#1002,#1003));
#929 = ORIENTED_EDGE('',*,*,#275,.T.);
#930 = ORIENTED_EDGE('',*,*,#931,.T.);
#931 = EDGE_CURVE('',#276,#932,#934,.T.);
#932 = VERTEX_POINT('',#933);
#933 = CARTESIAN_POINT('',(1.19052242107E+03,82.160302342751,-399.85));
#934 = SURFACE_CURVE('',#935,(#939,#946),.PCURVE_S1.);
#935 = LINE('',#936,#937);
#936 = CARTESIAN_POINT('',(1.162947803986E+03,77.298153368077,-399.85));
#937 = VECTOR('',#938,1.);
#938 = DIRECTION('',(0.984807753012,0.173648177667,0.));
#939 = PCURVE('',#125,#940);
#940 = DEFINITIONAL_REPRESENTATION('',(#941),#945);
#941 = LINE('',#942,#943);
#942 = CARTESIAN_POINT('',(-7.015029613161,-40.83857685481));
#943 = VECTOR('',#944,1.);
#944 = DIRECTION('',(0.984807753012,0.173648177667));
#945 = ( GEOMETRIC_REPRESENTATION_CONTEXT(2) 
PARAMETRIC_REPRESENTATION_CONTEXT() REPRESENTATION_CONTEXT('2D SPACE',''
  ) );
#946 = PCURVE('',#313,#947);
#947 = DEFINITIONAL_REPRESENTATION('',(#948),#952);
#948 = LINE('',#949,#950);
#949 = CARTESIAN_POINT('',(0.,-6.));
#950 = VECTOR('',#951,1.);
#951 = DIRECTION('',(1.,0.));
#952 = ( GEOMETRIC_REPRESENTATION_CONTEXT(2) 
PARAMETRIC_REPRESENTATION_CONTEXT() REPRESENTATION_CONTEXT('2D SPACE',''
  ) );
#953 = ORIENTED_EDGE('',*,*,#954,.T.);
#954 = EDGE_CURVE('',#932,#955,#957,.T.);
#955 = VERTEX_POINT('',#956);
#956 = CARTESIAN_POINT('',(1.176977863212E+03,158.9753070777,-399.85));
#957 = SURFACE_CURVE('',#958,(#962,#969),.PCURVE_S1.);
#958 = LINE('',#959,#960);
#959 = CARTESIAN_POINT('',(1.19052242107E+03,82.160302342751,-399.85));
#960 = VECTOR('',#961,1.);
#961 = DIRECTION('',(-0.173648177667,0.984807753012,0.));
#962 = PCURVE('',#125,#963);
#963 = DEFINITIONAL_REPRESENTATION('',(#964),#968);
#964 = LINE('',#965,#966);
#965 = CARTESIAN_POINT('',(20.559587471181,-35.97642788013));
#966 = VECTOR('',#967,1.);
#967 = DIRECTION('',(-0.173648177667,0.984807753012));
#968 = ( GEOMETRIC_REPRESENTATION_CONTEXT(2) 
PARAMETRIC_REPRESENTATION_CONTEXT() REPRESENTATION_CONTEXT('2D SPACE',''
  ) );
#969 = PCURVE('',#970,#975);
#970 = PLANE('',#971);
#971 = AXIS2_PLACEMENT_3D('',#972,#973,#974);
#972 = CARTESIAN_POINT('',(1.19052242107E+03,82.160302342751,-405.85));
#973 = DIRECTION('',(-0.984807753012,-0.173648177667,0.));
#974 = DIRECTION('',(-0.173648177667,0.984807753012,0.));
#975 = DEFINITIONAL_REPRESENTATION('',(#976),#980);
#976 = LINE('',#977,#978);
#977 = CARTESIAN_POINT('',(0.,-6.));
#978 = VECTOR('',#979,1.);
#979 = DIRECTION('',(1.,0.));
#980 = ( GEOMETRIC_REPRESENTATION_CONTEXT(2) 
PARAMETRIC_REPRESENTATION_CONTEXT() REPRESENTATION_CONTEXT('2D SPACE',''
  ) );
#981 = ORIENTED_EDGE('',*,*,#982,.T.);
#982 = EDGE_CURVE('',#955,#109,#983,.T.);
#983 = SURFACE_CURVE('',#984,(#988,#995),.PCURVE_S1.);
#984 = LINE('',#985,#986);
#985 = CARTESIAN_POINT('',(1.176977863212E+03,158.9753070777,-399.85));
#986 = VECTOR('',#987,1.);
#987 = DIRECTION('',(-0.984807753012,-0.173648177667,0.));
#988 = PCURVE('',#125,#989);
#989 = DEFINITIONAL_REPRESENTATION('',(#990),#994);
#990 = LINE('',#991,#992);
#991 = CARTESIAN_POINT('',(7.015029613161,40.838576854813));
#992 = VECTOR('',#993,1.);
#993 = DIRECTION('',(-0.984807753012,-0.173648177667));
#994 = ( GEOMETRIC_REPRESENTATION_CONTEXT(2) 
PARAMETRIC_REPRESENTATION_CONTEXT() REPRESENTATION_CONTEXT('2D SPACE',''
  ) );
#995 = PCURVE('',#850,#996);
#996 = DEFINITIONAL_REPRESENTATION('',(#997),#1001);
#997 = LINE('',#998,#999);
#998 = CARTESIAN_POINT('',(0.,-6.));
#999 = VECTOR('',#1000,1.);
#1000 = DIRECTION('',(1.,0.));
#1001 = ( GEOMETRIC_REPRESENTATION_CONTEXT(2) 
PARAMETRIC_REPRESENTATION_CONTEXT() REPRESENTATION_CONTEXT('2D SPACE',''
  ) );
#1002 = ORIENTED_EDGE('',*,*,#108,.T.);
#1003 = ORIENTED_EDGE('',*,*,#1004,.F.);
#1004 = EDGE_CURVE('',#137,#111,#1005,.T.);
#1005 = SURFACE_CURVE('',#1006,(#1011,#1018),.PCURVE_S1.);
#1006 = CIRCLE('',#1007,10.);
#1007 = AXIS2_PLACEMENT_3D('',#1008,#1009,#1010);
#1008 = CARTESIAN_POINT('',(1.1684E+03,127.,-399.85));
#1009 = DIRECTION('',(1.615587133893E-27,7.629781765172E-11,1.));
#1010 = DIRECTION('',(0.981177261482,-0.19310924771,1.473381416864E-11)
  );
#1011 = PCURVE('',#125,#1012);
#1012 = DEFINITIONAL_REPRESENTATION('',(#1013),#1017);
#1013 = CIRCLE('',#1014,10.);
#1014 = AXIS2_PLACEMENT_2D('',#1015,#1016);
#1015 = CARTESIAN_POINT('',(-1.562833599002,8.86326977711));
#1016 = DIRECTION('',(0.981177261482,-0.19310924771));
#1017 = ( GEOMETRIC_REPRESENTATION_CONTEXT(2) 
PARAMETRIC_REPRESENTATION_CONTEXT() REPRESENTATION_CONTEXT('2D SPACE',''
  ) );
#1018 = PCURVE('',#219,#1019);
#1019 = DEFINITIONAL_REPRESENTATION('',(#1020),#1024);
#1020 = LINE('',#1021,#1022);
#1021 = CARTESIAN_POINT('',(6.088855247937,126.4));
#1022 = VECTOR('',#1023,1.);
#1023 = DIRECTION('',(1.,0.));
#1024 = ( GEOMETRIC_REPRESENTATION_CONTEXT(2) 
PARAMETRIC_REPRESENTATION_CONTEXT() REPRESENTATION_CONTEXT('2D SPACE',''
  ) );
#1025 = ADVANCED_FACE('',(#1026),#219,.T.);
#1026 = FACE_BOUND('',#1027,.T.);
#1027 = EDGE_LOOP('',(#1028,#1029));
#1028 = ORIENTED_EDGE('',*,*,#136,.F.);
#1029 = ORIENTED_EDGE('',*,*,#1004,.T.);
#1030 = ADVANCED_FACE('',(#1031),#313,.F.);
#1031 = FACE_BOUND('',#1032,.F.);
#1032 = EDGE_LOOP('',(#1033,#1063,#1091,#1112,#1113,#1114));
#1033 = ORIENTED_EDGE('',*,*,#1034,.F.);
#1034 = EDGE_CURVE('',#1035,#1037,#1039,.T.);
#1035 = VERTEX_POINT('',#1036);
#1036 = CARTESIAN_POINT('',(1.162947803986E+03,77.298153368077,-405.85)
  );
#1037 = VERTEX_POINT('',#1038);
#1038 = CARTESIAN_POINT('',(1.19052242107E+03,82.160302342751,-405.85));
#1039 = SURFACE_CURVE('',#1040,(#1044,#1051),.PCURVE_S1.);
#1040 = LINE('',#1041,#1042);
#1041 = CARTESIAN_POINT('',(1.162947803986E+03,77.298153368077,-405.85)
  );
#1042 = VECTOR('',#1043,1.);
#1043 = DIRECTION('',(0.984807753012,0.173648177667,0.));
#1044 = PCURVE('',#313,#1045);
#1045 = DEFINITIONAL_REPRESENTATION('',(#1046),#1050);
#1046 = LINE('',#1047,#1048);
#1047 = CARTESIAN_POINT('',(0.,0.));
#1048 = VECTOR('',#1049,1.);
#1049 = DIRECTION('',(1.,0.));
#1050 = ( GEOMETRIC_REPRESENTATION_CONTEXT(2) 
PARAMETRIC_REPRESENTATION_CONTEXT() REPRESENTATION_CONTEXT('2D SPACE',''
  ) );
#1051 = PCURVE('',#1052,#1057);
#1052 = PLANE('',#1053);
#1053 = AXIS2_PLACEMENT_3D('',#1054,#1055,#1056);
#1054 = CARTESIAN_POINT('',(1.169962833599E+03,118.13673022289,-405.85)
  );
#1055 = DIRECTION('',(0.,0.,1.));
#1056 = DIRECTION('',(1.,0.,-0.));
#1057 = DEFINITIONAL_REPRESENTATION('',(#1058),#1062);
#1058 = LINE('',#1059,#1060);
#1059 = CARTESIAN_POINT('',(-7.015029613161,-40.83857685481));
#1060 = VECTOR('',#1061,1.);
#1061 = DIRECTION('',(0.984807753012,0.173648177667));
#1062 = ( GEOMETRIC_REPRESENTATION_CONTEXT(2) 
PARAMETRIC_REPRESENTATION_CONTEXT() REPRESENTATION_CONTEXT('2D SPACE',''
  ) );
#1063 = ORIENTED_EDGE('',*,*,#1064,.T.);
#1064 = EDGE_CURVE('',#1035,#1065,#1067,.T.);
#1065 = VERTEX_POINT('',#1066);
#1066 = CARTESIAN_POINT('',(1.162947803986E+03,77.298153368077,-399.85)
  );
#1067 = SURFACE_CURVE('',#1068,(#1072,#1079),.PCURVE_S1.);
#1068 = LINE('',#1069,#1070);
#1069 = CARTESIAN_POINT('',(1.162947803986E+03,77.298153368077,-405.85)
  );
#1070 = VECTOR('',#1071,1.);
#1071 = DIRECTION('',(0.,-0.,1.));
#1072 = PCURVE('',#313,#1073);
#1073 = DEFINITIONAL_REPRESENTATION('',(#1074),#1078);
#1074 = LINE('',#1075,#1076);
#1075 = CARTESIAN_POINT('',(0.,0.));
#1076 = VECTOR('',#1077,1.);
#1077 = DIRECTION('',(0.,-1.));
#1078 = ( GEOMETRIC_REPRESENTATION_CONTEXT(2) 
PARAMETRIC_REPRESENTATION_CONTEXT() REPRESENTATION_CONTEXT('2D SPACE',''
  ) );
#1079 = PCURVE('',#1080,#1085);
#1080 = PLANE('',#1081);
#1081 = AXIS2_PLACEMENT_3D('',#1082,#1083,#1084);
#1082 = CARTESIAN_POINT('',(1.149403246128E+03,154.11315810302,-405.85)
  );
#1083 = DIRECTION('',(0.984807753012,0.173648177667,0.));
#1084 = DIRECTION('',(0.173648177667,-0.984807753012,0.));
#1085 = DEFINITIONAL_REPRESENTATION('',(#1086),#1090);
#1086 = LINE('',#1087,#1088);
#1087 = CARTESIAN_POINT('',(78.,0.));
#1088 = VECTOR('',#1089,1.);
#1089 = DIRECTION('',(0.,-1.));
#1090 = ( GEOMETRIC_REPRESENTATION_CONTEXT(2) 
PARAMETRIC_REPRESENTATION_CONTEXT() REPRESENTATION_CONTEXT('2D SPACE',''
  ) );
#1091 = ORIENTED_EDGE('',*,*,#1092,.T.);
#1092 = EDGE_CURVE('',#1065,#297,#1093,.T.);
#1093 = SURFACE_CURVE('',#1094,(#1098,#1105),.PCURVE_S1.);
#1094 = LINE('',#1095,#1096);
#1095 = CARTESIAN_POINT('',(1.162947803986E+03,77.298153368077,-399.85)
  );
#1096 = VECTOR('',#1097,1.);
#1097 = DIRECTION('',(0.984807753012,0.173648177667,0.));
#1098 = PCURVE('',#313,#1099);
#1099 = DEFINITIONAL_REPRESENTATION('',(#1100),#1104);
#1100 = LINE('',#1101,#1102);
#1101 = CARTESIAN_POINT('',(0.,-6.));
#1102 = VECTOR('',#1103,1.);
#1103 = DIRECTION('',(1.,0.));
#1104 = ( GEOMETRIC_REPRESENTATION_CONTEXT(2) 
PARAMETRIC_REPRESENTATION_CONTEXT() REPRESENTATION_CONTEXT('2D SPACE',''
  ) );
#1105 = PCURVE('',#344,#1106);
#1106 = DEFINITIONAL_REPRESENTATION('',(#1107),#1111);
#1107 = LINE('',#1108,#1109);
#1108 = CARTESIAN_POINT('',(-7.015029613161,-40.83857685481));
#1109 = VECTOR('',#1110,1.);
#1110 = DIRECTION('',(0.984807753012,0.173648177667));
#1111 = ( GEOMETRIC_REPRESENTATION_CONTEXT(2) 
PARAMETRIC_REPRESENTATION_CONTEXT() REPRESENTATION_CONTEXT('2D SPACE',''
  ) );
#1112 = ORIENTED_EDGE('',*,*,#296,.T.);
#1113 = ORIENTED_EDGE('',*,*,#931,.T.);
#1114 = ORIENTED_EDGE('',*,*,#1115,.F.);
#1115 = EDGE_CURVE('',#1037,#932,#1116,.T.);
#1116 = SURFACE_CURVE('',#1117,(#1121,#1128),.PCURVE_S1.);
#1117 = LINE('',#1118,#1119);
#1118 = CARTESIAN_POINT('',(1.19052242107E+03,82.160302342751,-405.85));
#1119 = VECTOR('',#1120,1.);
#1120 = DIRECTION('',(0.,-0.,1.));
#1121 = PCURVE('',#313,#1122);
#1122 = DEFINITIONAL_REPRESENTATION('',(#1123),#1127);
#1123 = LINE('',#1124,#1125);
#1124 = CARTESIAN_POINT('',(28.,0.));
#1125 = VECTOR('',#1126,1.);
#1126 = DIRECTION('',(0.,-1.));
#1127 = ( GEOMETRIC_REPRESENTATION_CONTEXT(2) 
PARAMETRIC_REPRESENTATION_CONTEXT() REPRESENTATION_CONTEXT('2D SPACE',''
  ) );
#1128 = PCURVE('',#970,#1129);
#1129 = DEFINITIONAL_REPRESENTATION('',(#1130),#1134);
#1130 = LINE('',#1131,#1132);
#1131 = CARTESIAN_POINT('',(0.,0.));
#1132 = VECTOR('',#1133,1.);
#1133 = DIRECTION('',(0.,-1.));
#1134 = ( GEOMETRIC_REPRESENTATION_CONTEXT(2) 
PARAMETRIC_REPRESENTATION_CONTEXT() REPRESENTATION_CONTEXT('2D SPACE',''
  ) );
#1135 = ADVANCED_FACE('',(#1136),#344,.T.);
#1136 = FACE_BOUND('',#1137,.T.);
#1137 = EDGE_LOOP('',(#1138,#1161,#1162,#1163));
#1138 = ORIENTED_EDGE('',*,*,#1139,.T.);
#1139 = EDGE_CURVE('',#1140,#1065,#1142,.T.);
#1140 = VERTEX_POINT('',#1141);
#1141 = CARTESIAN_POINT('',(1.158386458007E+03,103.16683188831,-399.85)
  );
#1142 = SURFACE_CURVE('',#1143,(#1147,#1154),.PCURVE_S1.);
#1143 = LINE('',#1144,#1145);
#1144 = CARTESIAN_POINT('',(1.149403246128E+03,154.11315810302,-399.85)
  );
#1145 = VECTOR('',#1146,1.);
#1146 = DIRECTION('',(0.173648177667,-0.984807753012,0.));
#1147 = PCURVE('',#344,#1148);
#1148 = DEFINITIONAL_REPRESENTATION('',(#1149),#1153);
#1149 = LINE('',#1150,#1151);
#1150 = CARTESIAN_POINT('',(-20.55958747118,35.976427880139));
#1151 = VECTOR('',#1152,1.);
#1152 = DIRECTION('',(0.173648177667,-0.984807753012));
#1153 = ( GEOMETRIC_REPRESENTATION_CONTEXT(2) 
PARAMETRIC_REPRESENTATION_CONTEXT() REPRESENTATION_CONTEXT('2D SPACE',''
  ) );
#1154 = PCURVE('',#1080,#1155);
#1155 = DEFINITIONAL_REPRESENTATION('',(#1156),#1160);
#1156 = LINE('',#1157,#1158);
#1157 = CARTESIAN_POINT('',(0.,-6.));
#1158 = VECTOR('',#1159,1.);
#1159 = DIRECTION('',(1.,0.));
#1160 = ( GEOMETRIC_REPRESENTATION_CONTEXT(2) 
PARAMETRIC_REPRESENTATION_CONTEXT() REPRESENTATION_CONTEXT('2D SPACE',''
  ) );
#1161 = ORIENTED_EDGE('',*,*,#1092,.T.);
#1162 = ORIENTED_EDGE('',*,*,#329,.F.);
#1163 = ORIENTED_EDGE('',*,*,#1164,.T.);
#1164 = EDGE_CURVE('',#330,#1140,#1165,.T.);
#1165 = SURFACE_CURVE('',#1166,(#1170,#1176),.PCURVE_S1.);
#1166 = LINE('',#1167,#1168);
#1167 = CARTESIAN_POINT('',(1.132073687467E+03,98.527180504766,-399.85)
  );
#1168 = VECTOR('',#1169,1.);
#1169 = DIRECTION('',(-0.984807753012,-0.173648177667,0.));
#1170 = PCURVE('',#344,#1171);
#1171 = DEFINITIONAL_REPRESENTATION('',(#1172),#1175);
#1172 = B_SPLINE_CURVE_WITH_KNOTS('',1,(#1173,#1174),.UNSPECIFIED.,.F.,
  .F.,(2,2),(-43.28817304729,-17.59689503689),.PIECEWISE_BEZIER_KNOTS.);
#1173 = CARTESIAN_POINT('',(4.741382298258,-12.09263735393));
#1174 = CARTESIAN_POINT('',(-20.55958747118,-16.55388096237));
#1175 = ( GEOMETRIC_REPRESENTATION_CONTEXT(2) 
PARAMETRIC_REPRESENTATION_CONTEXT() REPRESENTATION_CONTEXT('2D SPACE',''
  ) );
#1176 = PCURVE('',#372,#1177);
#1177 = DEFINITIONAL_REPRESENTATION('',(#1178),#1181);
#1178 = B_SPLINE_CURVE_WITH_KNOTS('',1,(#1179,#1180),.UNSPECIFIED.,.F.,
  .F.,(2,2),(-43.28817304729,-17.59689503689),.PIECEWISE_BEZIER_KNOTS.);
#1179 = CARTESIAN_POINT('',(-84.00686048696,25.452006651253));
#1180 = CARTESIAN_POINT('',(-58.31558247656,25.452006651253));
#1181 = ( GEOMETRIC_REPRESENTATION_CONTEXT(2) 
PARAMETRIC_REPRESENTATION_CONTEXT() REPRESENTATION_CONTEXT('2D SPACE',''
  ) );
#1182 = ADVANCED_FACE('',(#1183,#1509),#372,.T.);
#1183 = FACE_BOUND('',#1184,.T.);
#1184 = EDGE_LOOP('',(#1185,#1208,#1236,#1264,#1292,#1320,#1348,#1376,
    #1404,#1432,#1460,#1488,#1507,#1508));
#1185 = ORIENTED_EDGE('',*,*,#1186,.T.);
#1186 = EDGE_CURVE('',#356,#1187,#1189,.T.);
#1187 = VERTEX_POINT('',#1188);
#1188 = CARTESIAN_POINT('',(1.174704215897E+03,106.04409286896,
    -370.0453059024));
#1189 = SURFACE_CURVE('',#1190,(#1194,#1201),.PCURVE_S1.);
#1190 = LINE('',#1191,#1192);
#1191 = CARTESIAN_POINT('',(1.169643317202E+03,105.15171988235,
    -403.6546940975));
#1192 = VECTOR('',#1193,1.);
#1193 = DIRECTION('',(0.148849961626,2.624626431205E-02,0.988511417503)
  );
#1194 = PCURVE('',#372,#1195);
#1195 = DEFINITIONAL_REPRESENTATION('',(#1196),#1200);
#1196 = LINE('',#1197,#1198);
#1197 = CARTESIAN_POINT('',(-78.86788927172,29.256700748803));
#1198 = VECTOR('',#1199,1.);
#1199 = DIRECTION('',(-0.151146212213,-0.988511417503));
#1200 = ( GEOMETRIC_REPRESENTATION_CONTEXT(2) 
PARAMETRIC_REPRESENTATION_CONTEXT() REPRESENTATION_CONTEXT('2D SPACE',''
  ) );
#1201 = PCURVE('',#399,#1202);
#1202 = DEFINITIONAL_REPRESENTATION('',(#1203),#1207);
#1203 = LINE('',#1204,#1205);
#1204 = CARTESIAN_POINT('',(8.604228440845E-16,-8.));
#1205 = VECTOR('',#1206,1.);
#1206 = DIRECTION('',(1.,1.148282304195E-17));
#1207 = ( GEOMETRIC_REPRESENTATION_CONTEXT(2) 
PARAMETRIC_REPRESENTATION_CONTEXT() REPRESENTATION_CONTEXT('2D SPACE',''
  ) );
#1208 = ORIENTED_EDGE('',*,*,#1209,.T.);
#1209 = EDGE_CURVE('',#1187,#1210,#1212,.T.);
#1210 = VERTEX_POINT('',#1211);
#1211 = CARTESIAN_POINT('',(1.01793794942E+03,78.401970424008,
    -349.7520094912));
#1212 = SURFACE_CURVE('',#1213,(#1217,#1224),.PCURVE_S1.);
#1213 = LINE('',#1214,#1215);
#1214 = CARTESIAN_POINT('',(1.174704215897E+03,106.04409286896,
    -370.0453059024));
#1215 = VECTOR('',#1216,1.);
#1216 = DIRECTION('',(-0.976901516386,-0.172254094834,0.126459298177));
#1217 = PCURVE('',#372,#1218);
#1218 = DEFINITIONAL_REPRESENTATION('',(#1219),#1223);
#1219 = LINE('',#1220,#1221);
#1220 = CARTESIAN_POINT('',(-84.00686048696,-4.352687446297));
#1221 = VECTOR('',#1222,1.);
#1222 = DIRECTION('',(0.99197179693,-0.126459298177));
#1223 = ( GEOMETRIC_REPRESENTATION_CONTEXT(2) 
PARAMETRIC_REPRESENTATION_CONTEXT() REPRESENTATION_CONTEXT('2D SPACE',''
  ) );
#1224 = PCURVE('',#1225,#1230);
#1225 = PLANE('',#1226);
#1226 = AXIS2_PLACEMENT_3D('',#1227,#1228,#1229);
#1227 = CARTESIAN_POINT('',(1.173315030476E+03,113.92255489305,
    -370.0453059024));
#1228 = DIRECTION('',(-0.124538097285,-2.195942667747E-02,-0.99197179693
    ));
#1229 = DIRECTION('',(-0.976901516386,-0.172254094834,0.126459298177));
#1230 = DEFINITIONAL_REPRESENTATION('',(#1231),#1235);
#1231 = LINE('',#1232,#1233);
#1232 = CARTESIAN_POINT('',(-2.642330798608E-14,-8.));
#1233 = VECTOR('',#1234,1.);
#1234 = DIRECTION('',(1.,5.638863888447E-17));
#1235 = ( GEOMETRIC_REPRESENTATION_CONTEXT(2) 
PARAMETRIC_REPRESENTATION_CONTEXT() REPRESENTATION_CONTEXT('2D SPACE',''
  ) );
#1236 = ORIENTED_EDGE('',*,*,#1237,.T.);
#1237 = EDGE_CURVE('',#1210,#1238,#1240,.T.);
#1238 = VERTEX_POINT('',#1239);
#1239 = CARTESIAN_POINT('',(1.012947633671E+03,77.522043115301,
    -349.9782718904));
#1240 = SURFACE_CURVE('',#1241,(#1245,#1252),.PCURVE_S1.);
#1241 = LINE('',#1242,#1243);
#1242 = CARTESIAN_POINT('',(1.01793794942E+03,78.401970424008,
    -349.7520094912));
#1243 = VECTOR('',#1244,1.);
#1244 = DIRECTION('',(-0.983827486217,-0.173475330183,
    -4.460703063002E-02));
#1245 = PCURVE('',#372,#1246);
#1246 = DEFINITIONAL_REPRESENTATION('',(#1247),#1251);
#1247 = LINE('',#1248,#1249);
#1248 = CARTESIAN_POINT('',(75.177778340463,-24.64598385752));
#1249 = VECTOR('',#1250,1.);
#1250 = DIRECTION('',(0.99900461101,4.460703063002E-02));
#1251 = ( GEOMETRIC_REPRESENTATION_CONTEXT(2) 
PARAMETRIC_REPRESENTATION_CONTEXT() REPRESENTATION_CONTEXT('2D SPACE',''
  ) );
#1252 = PCURVE('',#1253,#1258);
#1253 = PLANE('',#1254);
#1254 = AXIS2_PLACEMENT_3D('',#1255,#1256,#1257);
#1255 = CARTESIAN_POINT('',(1.016548763998E+03,86.280432448106,
    -349.7520094912));
#1256 = DIRECTION('',(4.39293496033E-02,7.745929580036E-03,
    -0.99900461101));
#1257 = DIRECTION('',(-0.983827486217,-0.173475330183,
    -4.460703063002E-02));
#1258 = DEFINITIONAL_REPRESENTATION('',(#1259),#1263);
#1259 = LINE('',#1260,#1261);
#1260 = CARTESIAN_POINT('',(-2.242650509743E-14,-8.));
#1261 = VECTOR('',#1262,1.);
#1262 = DIRECTION('',(1.,5.663317374806E-17));
#1263 = ( GEOMETRIC_REPRESENTATION_CONTEXT(2) 
PARAMETRIC_REPRESENTATION_CONTEXT() REPRESENTATION_CONTEXT('2D SPACE',''
  ) );
#1264 = ORIENTED_EDGE('',*,*,#1265,.T.);
#1265 = EDGE_CURVE('',#1238,#1266,#1268,.T.);
#1266 = VERTEX_POINT('',#1267);
#1267 = CARTESIAN_POINT('',(1.008422454513E+03,76.724131937143,
    -352.1264826221));
#1268 = SURFACE_CURVE('',#1269,(#1273,#1280),.PCURVE_S1.);
#1269 = LINE('',#1270,#1271);
#1270 = CARTESIAN_POINT('',(1.012947633671E+03,77.522043115301,
    -349.9782718904));
#1271 = VECTOR('',#1272,1.);
#1272 = DIRECTION('',(-0.89212704375,-0.157306068033,-0.423514036095));
#1273 = PCURVE('',#372,#1274);
#1274 = DEFINITIONAL_REPRESENTATION('',(#1275),#1279);
#1275 = LINE('',#1276,#1277);
#1276 = CARTESIAN_POINT('',(80.245077753157,-24.4197214583));
#1277 = VECTOR('',#1278,1.);
#1278 = DIRECTION('',(0.905889541407,0.423514036095));
#1279 = ( GEOMETRIC_REPRESENTATION_CONTEXT(2) 
PARAMETRIC_REPRESENTATION_CONTEXT() REPRESENTATION_CONTEXT('2D SPACE',''
  ) );
#1280 = PCURVE('',#1281,#1286);
#1281 = PLANE('',#1282);
#1282 = AXIS2_PLACEMENT_3D('',#1283,#1284,#1285);
#1283 = CARTESIAN_POINT('',(1.01155844825E+03,85.400505139399,
    -349.9782718904));
#1284 = DIRECTION('',(0.417079906256,7.354244058424E-02,-0.905889541407)
  );
#1285 = DIRECTION('',(-0.89212704375,-0.157306068033,-0.423514036095));
#1286 = DEFINITIONAL_REPRESENTATION('',(#1287),#1291);
#1287 = LINE('',#1288,#1289);
#1288 = CARTESIAN_POINT('',(-3.685940441756E-14,-8.));
#1289 = VECTOR('',#1290,1.);
#1290 = DIRECTION('',(1.,-5.419497762308E-17));
#1291 = ( GEOMETRIC_REPRESENTATION_CONTEXT(2) 
PARAMETRIC_REPRESENTATION_CONTEXT() REPRESENTATION_CONTEXT('2D SPACE',''
  ) );
#1292 = ORIENTED_EDGE('',*,*,#1293,.T.);
#1293 = EDGE_CURVE('',#1266,#1294,#1296,.T.);
#1294 = VERTEX_POINT('',#1295);
#1295 = CARTESIAN_POINT('',(1.00505132945E+03,76.129711633325,
    -355.8695960759));
#1296 = SURFACE_CURVE('',#1297,(#1301,#1308),.PCURVE_S1.);
#1297 = LINE('',#1298,#1299);
#1298 = CARTESIAN_POINT('',(1.008422454513E+03,76.724131937143,
    -352.1264826221));
#1299 = VECTOR('',#1300,1.);
#1300 = DIRECTION('',(-0.664608346024,-0.117188383008,-0.737944868729));
#1301 = PCURVE('',#372,#1302);
#1302 = DEFINITIONAL_REPRESENTATION('',(#1303),#1307);
#1303 = LINE('',#1304,#1305);
#1304 = CARTESIAN_POINT('',(84.840065094105,-22.27151072662));
#1305 = VECTOR('',#1306,1.);
#1306 = DIRECTION('',(0.674861001034,0.737944868729));
#1307 = ( GEOMETRIC_REPRESENTATION_CONTEXT(2) 
PARAMETRIC_REPRESENTATION_CONTEXT() REPRESENTATION_CONTEXT('2D SPACE',''
  ) );
#1308 = PCURVE('',#1309,#1314);
#1309 = PLANE('',#1310);
#1310 = AXIS2_PLACEMENT_3D('',#1311,#1312,#1313);
#1311 = CARTESIAN_POINT('',(1.007033269091E+03,84.60259396124,
    -352.1264826221));
#1312 = DIRECTION('',(0.726733828019,0.128142781673,-0.674861001034));
#1313 = DIRECTION('',(-0.664608346024,-0.117188383008,-0.737944868729));
#1314 = DEFINITIONAL_REPRESENTATION('',(#1315),#1319);
#1315 = LINE('',#1316,#1317);
#1316 = CARTESIAN_POINT('',(-1.7763568394E-15,-8.));
#1317 = VECTOR('',#1318,1.);
#1318 = DIRECTION('',(1.,2.193595675482E-17));
#1319 = ( GEOMETRIC_REPRESENTATION_CONTEXT(2) 
PARAMETRIC_REPRESENTATION_CONTEXT() REPRESENTATION_CONTEXT('2D SPACE',''
  ) );
#1320 = ORIENTED_EDGE('',*,*,#1321,.T.);
#1321 = EDGE_CURVE('',#1294,#1322,#1324,.T.);
#1322 = VERTEX_POINT('',#1323);
#1323 = CARTESIAN_POINT('',(1.003347481716E+03,75.829277306671,
    -360.6377571599));
#1324 = SURFACE_CURVE('',#1325,(#1329,#1336),.PCURVE_S1.);
#1325 = LINE('',#1326,#1327);
#1326 = CARTESIAN_POINT('',(1.00505132945E+03,76.129711633325,
    -355.8695960759));
#1327 = VECTOR('',#1328,1.);
#1328 = DIRECTION('',(-0.335909052306,-5.92298289857E-02,-0.940030284585
    ));
#1329 = PCURVE('',#372,#1330);
#1330 = DEFINITIONAL_REPRESENTATION('',(#1331),#1335);
#1331 = LINE('',#1332,#1333);
#1332 = CARTESIAN_POINT('',(88.263195194311,-18.52839727279));
#1333 = VECTOR('',#1334,1.);
#1334 = DIRECTION('',(0.341090990885,0.940030284585));
#1335 = ( GEOMETRIC_REPRESENTATION_CONTEXT(2) 
PARAMETRIC_REPRESENTATION_CONTEXT() REPRESENTATION_CONTEXT('2D SPACE',''
  ) );
#1336 = PCURVE('',#1337,#1342);
#1337 = PLANE('',#1338);
#1338 = AXIS2_PLACEMENT_3D('',#1339,#1340,#1341);
#1339 = CARTESIAN_POINT('',(1.003662144029E+03,84.008173657423,
    -355.8695960759));
#1340 = DIRECTION('',(0.925749112326,0.16323454587,-0.341090990885));
#1341 = DIRECTION('',(-0.335909052306,-5.92298289857E-02,-0.940030284585
    ));
#1342 = DEFINITIONAL_REPRESENTATION('',(#1343),#1347);
#1343 = LINE('',#1344,#1345);
#1344 = CARTESIAN_POINT('',(-1.409983241274E-14,-8.));
#1345 = VECTOR('',#1346,1.);
#1346 = DIRECTION('',(1.,-7.095113528472E-18));
#1347 = ( GEOMETRIC_REPRESENTATION_CONTEXT(2) 
PARAMETRIC_REPRESENTATION_CONTEXT() REPRESENTATION_CONTEXT('2D SPACE',''
  ) );
#1348 = ORIENTED_EDGE('',*,*,#1349,.T.);
#1349 = EDGE_CURVE('',#1322,#1350,#1352,.T.);
#1350 = VERTEX_POINT('',#1351);
#1351 = CARTESIAN_POINT('',(1.003570306681E+03,75.868567359969,
    -365.7050565726));
#1352 = SURFACE_CURVE('',#1353,(#1357,#1364),.PCURVE_S1.);
#1353 = LINE('',#1354,#1355);
#1354 = CARTESIAN_POINT('',(1.003347481716E+03,75.829277306671,
    -360.6377571599));
#1355 = VECTOR('',#1356,1.);
#1356 = DIRECTION('',(4.392934960331E-02,7.745929580037E-03,
    -0.99900461101));
#1357 = PCURVE('',#372,#1358);
#1358 = DEFINITIONAL_REPRESENTATION('',(#1359),#1363);
#1359 = LINE('',#1360,#1361);
#1360 = CARTESIAN_POINT('',(89.993327526771,-13.76023618875));
#1361 = VECTOR('',#1362,1.);
#1362 = DIRECTION('',(-4.460703063003E-02,0.99900461101));
#1363 = ( GEOMETRIC_REPRESENTATION_CONTEXT(2) 
PARAMETRIC_REPRESENTATION_CONTEXT() REPRESENTATION_CONTEXT('2D SPACE',''
  ) );
#1364 = PCURVE('',#1365,#1370);
#1365 = PLANE('',#1366);
#1366 = AXIS2_PLACEMENT_3D('',#1367,#1368,#1369);
#1367 = CARTESIAN_POINT('',(1.001958296294E+03,83.707739330768,
    -360.6377571599));
#1368 = DIRECTION('',(0.983827486217,0.173475330183,4.460703063003E-02)
  );
#1369 = DIRECTION('',(4.392934960331E-02,7.745929580037E-03,
    -0.99900461101));
#1370 = DEFINITIONAL_REPRESENTATION('',(#1371),#1375);
#1371 = LINE('',#1372,#1373);
#1372 = CARTESIAN_POINT('',(8.840150833578E-15,-8.));
#1373 = VECTOR('',#1374,1.);
#1374 = DIRECTION('',(1.,-8.233681920176E-20));
#1375 = ( GEOMETRIC_REPRESENTATION_CONTEXT(2) 
PARAMETRIC_REPRESENTATION_CONTEXT() REPRESENTATION_CONTEXT('2D SPACE',''
  ) );
#1376 = ORIENTED_EDGE('',*,*,#1377,.T.);
#1377 = EDGE_CURVE('',#1350,#1378,#1380,.T.);
#1378 = VERTEX_POINT('',#1379);
#1379 = CARTESIAN_POINT('',(1.005685881264E+03,76.24160023877,
    -370.3000439136));
#1380 = SURFACE_CURVE('',#1381,(#1385,#1392),.PCURVE_S1.);
#1381 = LINE('',#1382,#1383);
#1382 = CARTESIAN_POINT('',(1.003570306681E+03,75.868567359969,
    -365.7050565726));
#1383 = VECTOR('',#1384,1.);
#1384 = DIRECTION('',(0.417079906256,7.354244058424E-02,-0.905889541407)
  );
#1385 = PCURVE('',#372,#1386);
#1386 = DEFINITIONAL_REPRESENTATION('',(#1387),#1391);
#1387 = LINE('',#1388,#1389);
#1388 = CARTESIAN_POINT('',(89.767065127556,-8.692936776058));
#1389 = VECTOR('',#1390,1.);
#1390 = DIRECTION('',(-0.423514036095,0.905889541407));
#1391 = ( GEOMETRIC_REPRESENTATION_CONTEXT(2) 
PARAMETRIC_REPRESENTATION_CONTEXT() REPRESENTATION_CONTEXT('2D SPACE',''
  ) );
#1392 = PCURVE('',#1393,#1398);
#1393 = PLANE('',#1394);
#1394 = AXIS2_PLACEMENT_3D('',#1395,#1396,#1397);
#1395 = CARTESIAN_POINT('',(1.002181121259E+03,83.747029384067,
    -365.7050565726));
#1396 = DIRECTION('',(0.89212704375,0.157306068033,0.423514036095));
#1397 = DIRECTION('',(0.417079906256,7.354244058424E-02,-0.905889541407)
  );
#1398 = DEFINITIONAL_REPRESENTATION('',(#1399),#1403);
#1399 = LINE('',#1400,#1401);
#1400 = CARTESIAN_POINT('',(1.088018564133E-14,-8.));
#1401 = VECTOR('',#1402,1.);
#1402 = DIRECTION('',(1.,2.040801268206E-17));
#1403 = ( GEOMETRIC_REPRESENTATION_CONTEXT(2) 
PARAMETRIC_REPRESENTATION_CONTEXT() REPRESENTATION_CONTEXT('2D SPACE',''
  ) );
#1404 = ORIENTED_EDGE('',*,*,#1405,.T.);
#1405 = EDGE_CURVE('',#1378,#1406,#1408,.T.);
#1406 = VERTEX_POINT('',#1407);
#1407 = CARTESIAN_POINT('',(1.009372128414E+03,76.891585068828,
    -373.7231740138));
#1408 = SURFACE_CURVE('',#1409,(#1413,#1420),.PCURVE_S1.);
#1409 = LINE('',#1410,#1411);
#1410 = CARTESIAN_POINT('',(1.005685881264E+03,76.24160023877,
    -370.3000439136));
#1411 = VECTOR('',#1412,1.);
#1412 = DIRECTION('',(0.726733828019,0.128142781673,-0.674861001034));
#1413 = PCURVE('',#372,#1414);
#1414 = DEFINITIONAL_REPRESENTATION('',(#1415),#1419);
#1415 = LINE('',#1416,#1417);
#1416 = CARTESIAN_POINT('',(87.618854395874,-4.097949435111));
#1417 = VECTOR('',#1418,1.);
#1418 = DIRECTION('',(-0.737944868729,0.674861001034));
#1419 = ( GEOMETRIC_REPRESENTATION_CONTEXT(2) 
PARAMETRIC_REPRESENTATION_CONTEXT() REPRESENTATION_CONTEXT('2D SPACE',''
  ) );
#1420 = PCURVE('',#1421,#1426);
#1421 = PLANE('',#1422);
#1422 = AXIS2_PLACEMENT_3D('',#1423,#1424,#1425);
#1423 = CARTESIAN_POINT('',(1.004296695843E+03,84.120062262868,
    -370.3000439136));
#1424 = DIRECTION('',(0.664608346024,0.117188383008,0.737944868729));
#1425 = DIRECTION('',(0.726733828019,0.128142781673,-0.674861001034));
#1426 = DEFINITIONAL_REPRESENTATION('',(#1427),#1431);
#1427 = LINE('',#1428,#1429);
#1428 = CARTESIAN_POINT('',(3.619327060278E-14,-8.));
#1429 = VECTOR('',#1430,1.);
#1430 = DIRECTION('',(1.,1.125820412459E-17));
#1431 = ( GEOMETRIC_REPRESENTATION_CONTEXT(2) 
PARAMETRIC_REPRESENTATION_CONTEXT() REPRESENTATION_CONTEXT('2D SPACE',''
  ) );
#1432 = ORIENTED_EDGE('',*,*,#1433,.T.);
#1433 = EDGE_CURVE('',#1406,#1434,#1436,.T.);
#1434 = VERTEX_POINT('',#1435);
#1435 = CARTESIAN_POINT('',(1.014067850417E+03,77.719567551894,
    -375.4533063463));
#1436 = SURFACE_CURVE('',#1437,(#1441,#1448),.PCURVE_S1.);
#1437 = LINE('',#1438,#1439);
#1438 = CARTESIAN_POINT('',(1.009372128414E+03,76.891585068828,
    -373.7231740138));
#1439 = VECTOR('',#1440,1.);
#1440 = DIRECTION('',(0.925749112326,0.16323454587,-0.341090990885));
#1441 = PCURVE('',#372,#1442);
#1442 = DEFINITIONAL_REPRESENTATION('',(#1443),#1447);
#1443 = LINE('',#1444,#1445);
#1444 = CARTESIAN_POINT('',(83.875740942043,-0.674819334904));
#1445 = VECTOR('',#1446,1.);
#1446 = DIRECTION('',(-0.940030284585,0.341090990885));
#1447 = ( GEOMETRIC_REPRESENTATION_CONTEXT(2) 
PARAMETRIC_REPRESENTATION_CONTEXT() REPRESENTATION_CONTEXT('2D SPACE',''
  ) );
#1448 = PCURVE('',#1449,#1454);
#1449 = PLANE('',#1450);
#1450 = AXIS2_PLACEMENT_3D('',#1451,#1452,#1453);
#1451 = CARTESIAN_POINT('',(1.007982942993E+03,84.770047092926,
    -373.7231740138));
#1452 = DIRECTION('',(0.335909052306,5.92298289857E-02,0.940030284585));
#1453 = DIRECTION('',(0.925749112326,0.16323454587,-0.341090990885));
#1454 = DEFINITIONAL_REPRESENTATION('',(#1455),#1459);
#1455 = LINE('',#1456,#1457);
#1456 = CARTESIAN_POINT('',(5.107025913276E-15,-8.));
#1457 = VECTOR('',#1458,1.);
#1458 = DIRECTION('',(1.,-8.180386967899E-18));
#1459 = ( GEOMETRIC_REPRESENTATION_CONTEXT(2) 
PARAMETRIC_REPRESENTATION_CONTEXT() REPRESENTATION_CONTEXT('2D SPACE',''
  ) );
#1460 = ORIENTED_EDGE('',*,*,#1461,.T.);
#1461 = EDGE_CURVE('',#1434,#1462,#1464,.T.);
#1462 = VERTEX_POINT('',#1463);
#1463 = CARTESIAN_POINT('',(1.158386458007E+03,103.16683188831,
    -401.614147104));
#1464 = SURFACE_CURVE('',#1465,(#1469,#1476),.PCURVE_S1.);
#1465 = LINE('',#1466,#1467);
#1466 = CARTESIAN_POINT('',(1.014067850417E+03,77.719567551894,
    -375.4533063463));
#1467 = VECTOR('',#1468,1.);
#1468 = DIRECTION('',(0.969480952945,0.170945649287,-0.17573920128));
#1469 = PCURVE('',#372,#1470);
#1470 = DEFINITIONAL_REPRESENTATION('',(#1471),#1475);
#1471 = LINE('',#1472,#1473);
#1472 = CARTESIAN_POINT('',(79.107579858002,1.055312997555));
#1473 = VECTOR('',#1474,1.);
#1474 = DIRECTION('',(-0.984436759337,0.17573920128));
#1475 = ( GEOMETRIC_REPRESENTATION_CONTEXT(2) 
PARAMETRIC_REPRESENTATION_CONTEXT() REPRESENTATION_CONTEXT('2D SPACE',''
  ) );
#1476 = PCURVE('',#1477,#1482);
#1477 = PLANE('',#1478);
#1478 = AXIS2_PLACEMENT_3D('',#1479,#1480,#1481);
#1479 = CARTESIAN_POINT('',(1.012678664996E+03,85.598029575992,
    -375.4533063463));
#1480 = DIRECTION('',(0.173069327928,3.051679204686E-02,0.984436759337)
  );
#1481 = DIRECTION('',(0.969480952945,0.170945649287,-0.17573920128));
#1482 = DEFINITIONAL_REPRESENTATION('',(#1483),#1487);
#1483 = LINE('',#1484,#1485);
#1484 = CARTESIAN_POINT('',(2.420286193683E-14,-8.));
#1485 = VECTOR('',#1486,1.);
#1486 = DIRECTION('',(1.,-5.490143339504E-17));
#1487 = ( GEOMETRIC_REPRESENTATION_CONTEXT(2) 
PARAMETRIC_REPRESENTATION_CONTEXT() REPRESENTATION_CONTEXT('2D SPACE',''
  ) );
#1488 = ORIENTED_EDGE('',*,*,#1489,.T.);
#1489 = EDGE_CURVE('',#1462,#1140,#1490,.T.);
#1490 = SURFACE_CURVE('',#1491,(#1495,#1501),.PCURVE_S1.);
#1491 = LINE('',#1492,#1493);
#1492 = CARTESIAN_POINT('',(1.158386458007E+03,103.16683188831,
    -390.1239966743));
#1493 = VECTOR('',#1494,1.);
#1494 = DIRECTION('',(0.,-0.,1.));
#1495 = PCURVE('',#372,#1496);
#1496 = DEFINITIONAL_REPRESENTATION('',(#1497),#1500);
#1497 = B_SPLINE_CURVE_WITH_KNOTS('',1,(#1498,#1499),.UNSPECIFIED.,.F.,
  .F.,(2,2),(-13.53069742317,-9.726003325627),.PIECEWISE_BEZIER_KNOTS.);
#1498 = CARTESIAN_POINT('',(-67.43737487934,29.256700748803));
#1499 = CARTESIAN_POINT('',(-67.43737487934,25.452006651253));
#1500 = ( GEOMETRIC_REPRESENTATION_CONTEXT(2) 
PARAMETRIC_REPRESENTATION_CONTEXT() REPRESENTATION_CONTEXT('2D SPACE',''
  ) );
#1501 = PCURVE('',#1080,#1502);
#1502 = DEFINITIONAL_REPRESENTATION('',(#1503),#1506);
#1503 = B_SPLINE_CURVE_WITH_KNOTS('',1,(#1504,#1505),.UNSPECIFIED.,.F.,
  .F.,(2,2),(-13.53069742317,-9.726003325627),.PIECEWISE_BEZIER_KNOTS.);
#1504 = CARTESIAN_POINT('',(51.73225541623,-2.19530590245));
#1505 = CARTESIAN_POINT('',(51.73225541623,-6.));
#1506 = ( GEOMETRIC_REPRESENTATION_CONTEXT(2) 
PARAMETRIC_REPRESENTATION_CONTEXT() REPRESENTATION_CONTEXT('2D SPACE',''
  ) );
#1507 = ORIENTED_EDGE('',*,*,#1164,.F.);
#1508 = ORIENTED_EDGE('',*,*,#355,.F.);
#1509 = FACE_BOUND('',#1510,.T.);
#1510 = EDGE_LOOP('',(#1511));
#1511 = ORIENTED_EDGE('',*,*,#1512,.T.);
#1512 = EDGE_CURVE('',#1513,#1513,#1515,.T.);
#1513 = VERTEX_POINT('',#1514);
#1514 = CARTESIAN_POINT('',(1.020188332869E+03,78.798773743036,
    -362.6026579187));
#1515 = SURFACE_CURVE('',#1516,(#1521,#1532),.PCURVE_S1.);
#1516 = CIRCLE('',#1517,4.25);
#1517 = AXIS2_PLACEMENT_3D('',#1518,#1519,#1520);
#1518 = CARTESIAN_POINT('',(1.016002899918E+03,78.060768987951,
    -362.6026579187));
#1519 = DIRECTION('',(-0.173648177667,0.984807753012,0.));
#1520 = DIRECTION('',(0.984807753012,0.173648177667,0.));
#1521 = PCURVE('',#372,#1522);
#1522 = DEFINITIONAL_REPRESENTATION('',(#1523),#1531);
#1523 = ( BOUNDED_CURVE() B_SPLINE_CURVE(2,(#1524,#1525,#1526,#1527,
#1528,#1529,#1530),.UNSPECIFIED.,.T.,.F.) B_SPLINE_CURVE_WITH_KNOTS((1,2
    ,2,2,2,1),(-2.094395102393,0.,2.094395102393,4.188790204786,
6.28318530718,8.377580409573),.UNSPECIFIED.) CURVE() 
GEOMETRIC_REPRESENTATION_ITEM() RATIONAL_B_SPLINE_CURVE((1.,0.5,1.,0.5,
1.,0.5,1.)) REPRESENTATION_ITEM('') );
#1524 = CARTESIAN_POINT('',(72.892679099233,-11.79533542998));
#1525 = CARTESIAN_POINT('',(72.892679099233,-4.434119497815));
#1526 = CARTESIAN_POINT('',(79.267679099233,-8.114727463899));
#1527 = CARTESIAN_POINT('',(85.642679099233,-11.79533542998));
#1528 = CARTESIAN_POINT('',(79.267679099233,-15.47594339606));
#1529 = CARTESIAN_POINT('',(72.892679099233,-19.15655136215));
#1530 = CARTESIAN_POINT('',(72.892679099233,-11.79533542998));
#1531 = ( GEOMETRIC_REPRESENTATION_CONTEXT(2) 
PARAMETRIC_REPRESENTATION_CONTEXT() REPRESENTATION_CONTEXT('2D SPACE',''
  ) );
#1532 = PCURVE('',#1533,#1538);
#1533 = CYLINDRICAL_SURFACE('',#1534,4.25);
#1534 = AXIS2_PLACEMENT_3D('',#1535,#1536,#1537);
#1535 = CARTESIAN_POINT('',(1.017913029873E+03,67.227883704817,
    -362.6026579187));
#1536 = DIRECTION('',(-0.173648177667,0.984807753012,0.));
#1537 = DIRECTION('',(0.984807753012,0.173648177667,0.));
#1538 = DEFINITIONAL_REPRESENTATION('',(#1539),#1543);
#1539 = LINE('',#1540,#1541);
#1540 = CARTESIAN_POINT('',(0.,11.));
#1541 = VECTOR('',#1542,1.);
#1542 = DIRECTION('',(1.,0.));
#1543 = ( GEOMETRIC_REPRESENTATION_CONTEXT(2) 
PARAMETRIC_REPRESENTATION_CONTEXT() REPRESENTATION_CONTEXT('2D SPACE',''
  ) );
#1544 = ADVANCED_FACE('',(#1545),#399,.F.);
#1545 = FACE_BOUND('',#1546,.F.);
#1546 = EDGE_LOOP('',(#1547,#1570,#1571,#1572));
#1547 = ORIENTED_EDGE('',*,*,#1548,.F.);
#1548 = EDGE_CURVE('',#385,#1549,#1551,.T.);
#1549 = VERTEX_POINT('',#1550);
#1550 = CARTESIAN_POINT('',(1.173315030476E+03,113.92255489305,
    -370.0453059024));
#1551 = SURFACE_CURVE('',#1552,(#1556,#1563),.PCURVE_S1.);
#1552 = LINE('',#1553,#1554);
#1553 = CARTESIAN_POINT('',(1.168254131781E+03,113.03018190644,
    -403.6546940975));
#1554 = VECTOR('',#1555,1.);
#1555 = DIRECTION('',(0.148849961626,2.624626431205E-02,0.988511417503)
  );
#1556 = PCURVE('',#399,#1557);
#1557 = DEFINITIONAL_REPRESENTATION('',(#1558),#1562);
#1558 = LINE('',#1559,#1560);
#1559 = CARTESIAN_POINT('',(0.,0.));
#1560 = VECTOR('',#1561,1.);
#1561 = DIRECTION('',(1.,1.148282304195E-17));
#1562 = ( GEOMETRIC_REPRESENTATION_CONTEXT(2) 
PARAMETRIC_REPRESENTATION_CONTEXT() REPRESENTATION_CONTEXT('2D SPACE',''
  ) );
#1563 = PCURVE('',#427,#1564);
#1564 = DEFINITIONAL_REPRESENTATION('',(#1565),#1569);
#1565 = LINE('',#1566,#1567);
#1566 = CARTESIAN_POINT('',(-78.86788927172,29.256700748803));
#1567 = VECTOR('',#1568,1.);
#1568 = DIRECTION('',(-0.151146212213,-0.988511417503));
#1569 = ( GEOMETRIC_REPRESENTATION_CONTEXT(2) 
PARAMETRIC_REPRESENTATION_CONTEXT() REPRESENTATION_CONTEXT('2D SPACE',''
  ) );
#1570 = ORIENTED_EDGE('',*,*,#384,.T.);
#1571 = ORIENTED_EDGE('',*,*,#1186,.T.);
#1572 = ORIENTED_EDGE('',*,*,#1573,.F.);
#1573 = EDGE_CURVE('',#1549,#1187,#1574,.T.);
#1574 = SURFACE_CURVE('',#1575,(#1579,#1586),.PCURVE_S1.);
#1575 = LINE('',#1576,#1577);
#1576 = CARTESIAN_POINT('',(1.173315030476E+03,113.92255489305,
    -370.0453059024));
#1577 = VECTOR('',#1578,1.);
#1578 = DIRECTION('',(0.173648177667,-0.984807753012,0.));
#1579 = PCURVE('',#399,#1580);
#1580 = DEFINITIONAL_REPRESENTATION('',(#1581),#1585);
#1581 = LINE('',#1582,#1583);
#1582 = CARTESIAN_POINT('',(34.,2.516381053483E-16));
#1583 = VECTOR('',#1584,1.);
#1584 = DIRECTION('',(-4.024558464266E-16,-1.));
#1585 = ( GEOMETRIC_REPRESENTATION_CONTEXT(2) 
PARAMETRIC_REPRESENTATION_CONTEXT() REPRESENTATION_CONTEXT('2D SPACE',''
  ) );
#1586 = PCURVE('',#1225,#1587);
#1587 = DEFINITIONAL_REPRESENTATION('',(#1588),#1592);
#1588 = LINE('',#1589,#1590);
#1589 = CARTESIAN_POINT('',(0.,0.));
#1590 = VECTOR('',#1591,1.);
#1591 = DIRECTION('',(5.551115123126E-17,-1.));
#1592 = ( GEOMETRIC_REPRESENTATION_CONTEXT(2) 
PARAMETRIC_REPRESENTATION_CONTEXT() REPRESENTATION_CONTEXT('2D SPACE',''
  ) );
#1593 = ADVANCED_FACE('',(#1594,#1868),#427,.F.);
#1594 = FACE_BOUND('',#1595,.F.);
#1595 = EDGE_LOOP('',(#1596,#1597,#1620,#1643,#1666,#1689,#1712,#1735,
    #1758,#1781,#1804,#1827,#1848,#1867));
#1596 = ORIENTED_EDGE('',*,*,#1548,.T.);
#1597 = ORIENTED_EDGE('',*,*,#1598,.T.);
#1598 = EDGE_CURVE('',#1549,#1599,#1601,.T.);
#1599 = VERTEX_POINT('',#1600);
#1600 = CARTESIAN_POINT('',(1.016548763998E+03,86.280432448106,
    -349.7520094912));
#1601 = SURFACE_CURVE('',#1602,(#1606,#1613),.PCURVE_S1.);
#1602 = LINE('',#1603,#1604);
#1603 = CARTESIAN_POINT('',(1.173315030476E+03,113.92255489305,
    -370.0453059024));
#1604 = VECTOR('',#1605,1.);
#1605 = DIRECTION('',(-0.976901516386,-0.172254094834,0.126459298177));
#1606 = PCURVE('',#427,#1607);
#1607 = DEFINITIONAL_REPRESENTATION('',(#1608),#1612);
#1608 = LINE('',#1609,#1610);
#1609 = CARTESIAN_POINT('',(-84.00686048696,-4.352687446297));
#1610 = VECTOR('',#1611,1.);
#1611 = DIRECTION('',(0.99197179693,-0.126459298177));
#1612 = ( GEOMETRIC_REPRESENTATION_CONTEXT(2) 
PARAMETRIC_REPRESENTATION_CONTEXT() REPRESENTATION_CONTEXT('2D SPACE',''
  ) );
#1613 = PCURVE('',#1225,#1614);
#1614 = DEFINITIONAL_REPRESENTATION('',(#1615),#1619);
#1615 = LINE('',#1616,#1617);
#1616 = CARTESIAN_POINT('',(0.,0.));
#1617 = VECTOR('',#1618,1.);
#1618 = DIRECTION('',(1.,5.638863888447E-17));
#1619 = ( GEOMETRIC_REPRESENTATION_CONTEXT(2) 
PARAMETRIC_REPRESENTATION_CONTEXT() REPRESENTATION_CONTEXT('2D SPACE',''
  ) );
#1620 = ORIENTED_EDGE('',*,*,#1621,.T.);
#1621 = EDGE_CURVE('',#1599,#1622,#1624,.T.);
#1622 = VERTEX_POINT('',#1623);
#1623 = CARTESIAN_POINT('',(1.01155844825E+03,85.400505139399,
    -349.9782718904));
#1624 = SURFACE_CURVE('',#1625,(#1629,#1636),.PCURVE_S1.);
#1625 = LINE('',#1626,#1627);
#1626 = CARTESIAN_POINT('',(1.016548763998E+03,86.280432448106,
    -349.7520094912));
#1627 = VECTOR('',#1628,1.);
#1628 = DIRECTION('',(-0.983827486217,-0.173475330183,
    -4.460703063002E-02));
#1629 = PCURVE('',#427,#1630);
#1630 = DEFINITIONAL_REPRESENTATION('',(#1631),#1635);
#1631 = LINE('',#1632,#1633);
#1632 = CARTESIAN_POINT('',(75.177778340463,-24.64598385752));
#1633 = VECTOR('',#1634,1.);
#1634 = DIRECTION('',(0.99900461101,4.460703063002E-02));
#1635 = ( GEOMETRIC_REPRESENTATION_CONTEXT(2) 
PARAMETRIC_REPRESENTATION_CONTEXT() REPRESENTATION_CONTEXT('2D SPACE',''
  ) );
#1636 = PCURVE('',#1253,#1637);
#1637 = DEFINITIONAL_REPRESENTATION('',(#1638),#1642);
#1638 = LINE('',#1639,#1640);
#1639 = CARTESIAN_POINT('',(-0.,0.));
#1640 = VECTOR('',#1641,1.);
#1641 = DIRECTION('',(1.,5.663317374806E-17));
#1642 = ( GEOMETRIC_REPRESENTATION_CONTEXT(2) 
PARAMETRIC_REPRESENTATION_CONTEXT() REPRESENTATION_CONTEXT('2D SPACE',''
  ) );
#1643 = ORIENTED_EDGE('',*,*,#1644,.T.);
#1644 = EDGE_CURVE('',#1622,#1645,#1647,.T.);
#1645 = VERTEX_POINT('',#1646);
#1646 = CARTESIAN_POINT('',(1.007033269091E+03,84.60259396124,
    -352.1264826221));
#1647 = SURFACE_CURVE('',#1648,(#1652,#1659),.PCURVE_S1.);
#1648 = LINE('',#1649,#1650);
#1649 = CARTESIAN_POINT('',(1.01155844825E+03,85.400505139399,
    -349.9782718904));
#1650 = VECTOR('',#1651,1.);
#1651 = DIRECTION('',(-0.89212704375,-0.157306068033,-0.423514036095));
#1652 = PCURVE('',#427,#1653);
#1653 = DEFINITIONAL_REPRESENTATION('',(#1654),#1658);
#1654 = LINE('',#1655,#1656);
#1655 = CARTESIAN_POINT('',(80.245077753157,-24.4197214583));
#1656 = VECTOR('',#1657,1.);
#1657 = DIRECTION('',(0.905889541407,0.423514036095));
#1658 = ( GEOMETRIC_REPRESENTATION_CONTEXT(2) 
PARAMETRIC_REPRESENTATION_CONTEXT() REPRESENTATION_CONTEXT('2D SPACE',''
  ) );
#1659 = PCURVE('',#1281,#1660);
#1660 = DEFINITIONAL_REPRESENTATION('',(#1661),#1665);
#1661 = LINE('',#1662,#1663);
#1662 = CARTESIAN_POINT('',(-0.,0.));
#1663 = VECTOR('',#1664,1.);
#1664 = DIRECTION('',(1.,-5.419497762308E-17));
#1665 = ( GEOMETRIC_REPRESENTATION_CONTEXT(2) 
PARAMETRIC_REPRESENTATION_CONTEXT() REPRESENTATION_CONTEXT('2D SPACE',''
  ) );
#1666 = ORIENTED_EDGE('',*,*,#1667,.T.);
#1667 = EDGE_CURVE('',#1645,#1668,#1670,.T.);
#1668 = VERTEX_POINT('',#1669);
#1669 = CARTESIAN_POINT('',(1.003662144029E+03,84.008173657423,
    -355.8695960759));
#1670 = SURFACE_CURVE('',#1671,(#1675,#1682),.PCURVE_S1.);
#1671 = LINE('',#1672,#1673);
#1672 = CARTESIAN_POINT('',(1.007033269091E+03,84.60259396124,
    -352.1264826221));
#1673 = VECTOR('',#1674,1.);
#1674 = DIRECTION('',(-0.664608346024,-0.117188383008,-0.737944868729));
#1675 = PCURVE('',#427,#1676);
#1676 = DEFINITIONAL_REPRESENTATION('',(#1677),#1681);
#1677 = LINE('',#1678,#1679);
#1678 = CARTESIAN_POINT('',(84.840065094105,-22.27151072662));
#1679 = VECTOR('',#1680,1.);
#1680 = DIRECTION('',(0.674861001034,0.737944868729));
#1681 = ( GEOMETRIC_REPRESENTATION_CONTEXT(2) 
PARAMETRIC_REPRESENTATION_CONTEXT() REPRESENTATION_CONTEXT('2D SPACE',''
  ) );
#1682 = PCURVE('',#1309,#1683);
#1683 = DEFINITIONAL_REPRESENTATION('',(#1684),#1688);
#1684 = LINE('',#1685,#1686);
#1685 = CARTESIAN_POINT('',(-0.,0.));
#1686 = VECTOR('',#1687,1.);
#1687 = DIRECTION('',(1.,2.193595675482E-17));
#1688 = ( GEOMETRIC_REPRESENTATION_CONTEXT(2) 
PARAMETRIC_REPRESENTATION_CONTEXT() REPRESENTATION_CONTEXT('2D SPACE',''
  ) );
#1689 = ORIENTED_EDGE('',*,*,#1690,.T.);
#1690 = EDGE_CURVE('',#1668,#1691,#1693,.T.);
#1691 = VERTEX_POINT('',#1692);
#1692 = CARTESIAN_POINT('',(1.001958296294E+03,83.707739330768,
    -360.6377571599));
#1693 = SURFACE_CURVE('',#1694,(#1698,#1705),.PCURVE_S1.);
#1694 = LINE('',#1695,#1696);
#1695 = CARTESIAN_POINT('',(1.003662144029E+03,84.008173657423,
    -355.8695960759));
#1696 = VECTOR('',#1697,1.);
#1697 = DIRECTION('',(-0.335909052306,-5.92298289857E-02,-0.940030284585
    ));
#1698 = PCURVE('',#427,#1699);
#1699 = DEFINITIONAL_REPRESENTATION('',(#1700),#1704);
#1700 = LINE('',#1701,#1702);
#1701 = CARTESIAN_POINT('',(88.263195194311,-18.52839727279));
#1702 = VECTOR('',#1703,1.);
#1703 = DIRECTION('',(0.341090990885,0.940030284585));
#1704 = ( GEOMETRIC_REPRESENTATION_CONTEXT(2) 
PARAMETRIC_REPRESENTATION_CONTEXT() REPRESENTATION_CONTEXT('2D SPACE',''
  ) );
#1705 = PCURVE('',#1337,#1706);
#1706 = DEFINITIONAL_REPRESENTATION('',(#1707),#1711);
#1707 = LINE('',#1708,#1709);
#1708 = CARTESIAN_POINT('',(-0.,0.));
#1709 = VECTOR('',#1710,1.);
#1710 = DIRECTION('',(1.,-7.095113528472E-18));
#1711 = ( GEOMETRIC_REPRESENTATION_CONTEXT(2) 
PARAMETRIC_REPRESENTATION_CONTEXT() REPRESENTATION_CONTEXT('2D SPACE',''
  ) );
#1712 = ORIENTED_EDGE('',*,*,#1713,.T.);
#1713 = EDGE_CURVE('',#1691,#1714,#1716,.T.);
#1714 = VERTEX_POINT('',#1715);
#1715 = CARTESIAN_POINT('',(1.002181121259E+03,83.747029384067,
    -365.7050565726));
#1716 = SURFACE_CURVE('',#1717,(#1721,#1728),.PCURVE_S1.);
#1717 = LINE('',#1718,#1719);
#1718 = CARTESIAN_POINT('',(1.001958296294E+03,83.707739330768,
    -360.6377571599));
#1719 = VECTOR('',#1720,1.);
#1720 = DIRECTION('',(4.392934960331E-02,7.745929580037E-03,
    -0.99900461101));
#1721 = PCURVE('',#427,#1722);
#1722 = DEFINITIONAL_REPRESENTATION('',(#1723),#1727);
#1723 = LINE('',#1724,#1725);
#1724 = CARTESIAN_POINT('',(89.993327526771,-13.76023618875));
#1725 = VECTOR('',#1726,1.);
#1726 = DIRECTION('',(-4.460703063003E-02,0.99900461101));
#1727 = ( GEOMETRIC_REPRESENTATION_CONTEXT(2) 
PARAMETRIC_REPRESENTATION_CONTEXT() REPRESENTATION_CONTEXT('2D SPACE',''
  ) );
#1728 = PCURVE('',#1365,#1729);
#1729 = DEFINITIONAL_REPRESENTATION('',(#1730),#1734);
#1730 = LINE('',#1731,#1732);
#1731 = CARTESIAN_POINT('',(0.,0.));
#1732 = VECTOR('',#1733,1.);
#1733 = DIRECTION('',(1.,-8.233681920176E-20));
#1734 = ( GEOMETRIC_REPRESENTATION_CONTEXT(2) 
PARAMETRIC_REPRESENTATION_CONTEXT() REPRESENTATION_CONTEXT('2D SPACE',''
  ) );
#1735 = ORIENTED_EDGE('',*,*,#1736,.T.);
#1736 = EDGE_CURVE('',#1714,#1737,#1739,.T.);
#1737 = VERTEX_POINT('',#1738);
#1738 = CARTESIAN_POINT('',(1.004296695843E+03,84.120062262868,
    -370.3000439136));
#1739 = SURFACE_CURVE('',#1740,(#1744,#1751),.PCURVE_S1.);
#1740 = LINE('',#1741,#1742);
#1741 = CARTESIAN_POINT('',(1.002181121259E+03,83.747029384067,
    -365.7050565726));
#1742 = VECTOR('',#1743,1.);
#1743 = DIRECTION('',(0.417079906256,7.354244058424E-02,-0.905889541407)
  );
#1744 = PCURVE('',#427,#1745);
#1745 = DEFINITIONAL_REPRESENTATION('',(#1746),#1750);
#1746 = LINE('',#1747,#1748);
#1747 = CARTESIAN_POINT('',(89.767065127556,-8.692936776058));
#1748 = VECTOR('',#1749,1.);
#1749 = DIRECTION('',(-0.423514036095,0.905889541407));
#1750 = ( GEOMETRIC_REPRESENTATION_CONTEXT(2) 
PARAMETRIC_REPRESENTATION_CONTEXT() REPRESENTATION_CONTEXT('2D SPACE',''
  ) );
#1751 = PCURVE('',#1393,#1752);
#1752 = DEFINITIONAL_REPRESENTATION('',(#1753),#1757);
#1753 = LINE('',#1754,#1755);
#1754 = CARTESIAN_POINT('',(0.,0.));
#1755 = VECTOR('',#1756,1.);
#1756 = DIRECTION('',(1.,2.040801268206E-17));
#1757 = ( GEOMETRIC_REPRESENTATION_CONTEXT(2) 
PARAMETRIC_REPRESENTATION_CONTEXT() REPRESENTATION_CONTEXT('2D SPACE',''
  ) );
#1758 = ORIENTED_EDGE('',*,*,#1759,.T.);
#1759 = EDGE_CURVE('',#1737,#1760,#1762,.T.);
#1760 = VERTEX_POINT('',#1761);
#1761 = CARTESIAN_POINT('',(1.007982942993E+03,84.770047092926,
    -373.7231740138));
#1762 = SURFACE_CURVE('',#1763,(#1767,#1774),.PCURVE_S1.);
#1763 = LINE('',#1764,#1765);
#1764 = CARTESIAN_POINT('',(1.004296695843E+03,84.120062262868,
    -370.3000439136));
#1765 = VECTOR('',#1766,1.);
#1766 = DIRECTION('',(0.726733828019,0.128142781673,-0.674861001034));
#1767 = PCURVE('',#427,#1768);
#1768 = DEFINITIONAL_REPRESENTATION('',(#1769),#1773);
#1769 = LINE('',#1770,#1771);
#1770 = CARTESIAN_POINT('',(87.618854395874,-4.097949435111));
#1771 = VECTOR('',#1772,1.);
#1772 = DIRECTION('',(-0.737944868729,0.674861001034));
#1773 = ( GEOMETRIC_REPRESENTATION_CONTEXT(2) 
PARAMETRIC_REPRESENTATION_CONTEXT() REPRESENTATION_CONTEXT('2D SPACE',''
  ) );
#1774 = PCURVE('',#1421,#1775);
#1775 = DEFINITIONAL_REPRESENTATION('',(#1776),#1780);
#1776 = LINE('',#1777,#1778);
#1777 = CARTESIAN_POINT('',(0.,0.));
#1778 = VECTOR('',#1779,1.);
#1779 = DIRECTION('',(1.,1.125820412459E-17));
#1780 = ( GEOMETRIC_REPRESENTATION_CONTEXT(2) 
PARAMETRIC_REPRESENTATION_CONTEXT() REPRESENTATION_CONTEXT('2D SPACE',''
  ) );
#1781 = ORIENTED_EDGE('',*,*,#1782,.T.);
#1782 = EDGE_CURVE('',#1760,#1783,#1785,.T.);
#1783 = VERTEX_POINT('',#1784);
#1784 = CARTESIAN_POINT('',(1.012678664996E+03,85.598029575992,
    -375.4533063463));
#1785 = SURFACE_CURVE('',#1786,(#1790,#1797),.PCURVE_S1.);
#1786 = LINE('',#1787,#1788);
#1787 = CARTESIAN_POINT('',(1.007982942993E+03,84.770047092926,
    -373.7231740138));
#1788 = VECTOR('',#1789,1.);
#1789 = DIRECTION('',(0.925749112326,0.16323454587,-0.341090990885));
#1790 = PCURVE('',#427,#1791);
#1791 = DEFINITIONAL_REPRESENTATION('',(#1792),#1796);
#1792 = LINE('',#1793,#1794);
#1793 = CARTESIAN_POINT('',(83.875740942043,-0.674819334904));
#1794 = VECTOR('',#1795,1.);
#1795 = DIRECTION('',(-0.940030284585,0.341090990885));
#1796 = ( GEOMETRIC_REPRESENTATION_CONTEXT(2) 
PARAMETRIC_REPRESENTATION_CONTEXT() REPRESENTATION_CONTEXT('2D SPACE',''
  ) );
#1797 = PCURVE('',#1449,#1798);
#1798 = DEFINITIONAL_REPRESENTATION('',(#1799),#1803);
#1799 = LINE('',#1800,#1801);
#1800 = CARTESIAN_POINT('',(0.,0.));
#1801 = VECTOR('',#1802,1.);
#1802 = DIRECTION('',(1.,-8.180386967899E-18));
#1803 = ( GEOMETRIC_REPRESENTATION_CONTEXT(2) 
PARAMETRIC_REPRESENTATION_CONTEXT() REPRESENTATION_CONTEXT('2D SPACE',''
  ) );
#1804 = ORIENTED_EDGE('',*,*,#1805,.T.);
#1805 = EDGE_CURVE('',#1783,#1806,#1808,.T.);
#1806 = VERTEX_POINT('',#1807);
#1807 = CARTESIAN_POINT('',(1.156997272586E+03,111.04529391241,
    -401.614147104));
#1808 = SURFACE_CURVE('',#1809,(#1813,#1820),.PCURVE_S1.);
#1809 = LINE('',#1810,#1811);
#1810 = CARTESIAN_POINT('',(1.012678664996E+03,85.598029575992,
    -375.4533063463));
#1811 = VECTOR('',#1812,1.);
#1812 = DIRECTION('',(0.969480952945,0.170945649287,-0.17573920128));
#1813 = PCURVE('',#427,#1814);
#1814 = DEFINITIONAL_REPRESENTATION('',(#1815),#1819);
#1815 = LINE('',#1816,#1817);
#1816 = CARTESIAN_POINT('',(79.107579858002,1.055312997555));
#1817 = VECTOR('',#1818,1.);
#1818 = DIRECTION('',(-0.984436759337,0.17573920128));
#1819 = ( GEOMETRIC_REPRESENTATION_CONTEXT(2) 
PARAMETRIC_REPRESENTATION_CONTEXT() REPRESENTATION_CONTEXT('2D SPACE',''
  ) );
#1820 = PCURVE('',#1477,#1821);
#1821 = DEFINITIONAL_REPRESENTATION('',(#1822),#1826);
#1822 = LINE('',#1823,#1824);
#1823 = CARTESIAN_POINT('',(0.,0.));
#1824 = VECTOR('',#1825,1.);
#1825 = DIRECTION('',(1.,-5.490143339504E-17));
#1826 = ( GEOMETRIC_REPRESENTATION_CONTEXT(2) 
PARAMETRIC_REPRESENTATION_CONTEXT() REPRESENTATION_CONTEXT('2D SPACE',''
  ) );
#1827 = ORIENTED_EDGE('',*,*,#1828,.T.);
#1828 = EDGE_CURVE('',#1806,#1829,#1831,.T.);
#1829 = VERTEX_POINT('',#1830);
#1830 = CARTESIAN_POINT('',(1.156997272586E+03,111.04529391241,-399.85)
  );
#1831 = SURFACE_CURVE('',#1832,(#1836,#1842),.PCURVE_S1.);
#1832 = LINE('',#1833,#1834);
#1833 = CARTESIAN_POINT('',(1.156997272586E+03,111.04529391241,
    -390.1239966743));
#1834 = VECTOR('',#1835,1.);
#1835 = DIRECTION('',(0.,-0.,1.));
#1836 = PCURVE('',#427,#1837);
#1837 = DEFINITIONAL_REPRESENTATION('',(#1838),#1841);
#1838 = B_SPLINE_CURVE_WITH_KNOTS('',1,(#1839,#1840),.UNSPECIFIED.,.F.,
  .F.,(2,2),(-13.53069742317,-9.726003325627),.PIECEWISE_BEZIER_KNOTS.);
#1839 = CARTESIAN_POINT('',(-67.43737487934,29.256700748803));
#1840 = CARTESIAN_POINT('',(-67.43737487934,25.452006651253));
#1841 = ( GEOMETRIC_REPRESENTATION_CONTEXT(2) 
PARAMETRIC_REPRESENTATION_CONTEXT() REPRESENTATION_CONTEXT('2D SPACE',''
  ) );
#1842 = PCURVE('',#1080,#1843);
#1843 = DEFINITIONAL_REPRESENTATION('',(#1844),#1847);
#1844 = B_SPLINE_CURVE_WITH_KNOTS('',1,(#1845,#1846),.UNSPECIFIED.,.F.,
  .F.,(2,2),(-13.53069742317,-9.726003325627),.PIECEWISE_BEZIER_KNOTS.);
#1845 = CARTESIAN_POINT('',(43.73225541623,-2.19530590245));
#1846 = CARTESIAN_POINT('',(43.73225541623,-6.));
#1847 = ( GEOMETRIC_REPRESENTATION_CONTEXT(2) 
PARAMETRIC_REPRESENTATION_CONTEXT() REPRESENTATION_CONTEXT('2D SPACE',''
  ) );
#1848 = ORIENTED_EDGE('',*,*,#1849,.F.);
#1849 = EDGE_CURVE('',#411,#1829,#1850,.T.);
#1850 = SURFACE_CURVE('',#1851,(#1855,#1861),.PCURVE_S1.);
#1851 = LINE('',#1852,#1853);
#1852 = CARTESIAN_POINT('',(1.130684502045E+03,106.40564252886,-399.85)
  );
#1853 = VECTOR('',#1854,1.);
#1854 = DIRECTION('',(-0.984807753012,-0.173648177667,0.));
#1855 = PCURVE('',#427,#1856);
#1856 = DEFINITIONAL_REPRESENTATION('',(#1857),#1860);
#1857 = B_SPLINE_CURVE_WITH_KNOTS('',1,(#1858,#1859),.UNSPECIFIED.,.F.,
  .F.,(2,2),(-43.28817304729,-19.00751088255),.PIECEWISE_BEZIER_KNOTS.);
#1858 = CARTESIAN_POINT('',(-84.00686048696,25.452006651253));
#1859 = CARTESIAN_POINT('',(-59.72619832223,25.452006651253));
#1860 = ( GEOMETRIC_REPRESENTATION_CONTEXT(2) 
PARAMETRIC_REPRESENTATION_CONTEXT() REPRESENTATION_CONTEXT('2D SPACE',''
  ) );
#1861 = PCURVE('',#454,#1862);
#1862 = DEFINITIONAL_REPRESENTATION('',(#1863),#1866);
#1863 = B_SPLINE_CURVE_WITH_KNOTS('',1,(#1864,#1865),.UNSPECIFIED.,.F.,
  .F.,(2,2),(-43.28817304729,-19.00751088255),.PIECEWISE_BEZIER_KNOTS.);
#1864 = CARTESIAN_POINT('',(3.352196876922,-4.214175329833));
#1865 = CARTESIAN_POINT('',(-20.55958747118,-8.430468067286));
#1866 = ( GEOMETRIC_REPRESENTATION_CONTEXT(2) 
PARAMETRIC_REPRESENTATION_CONTEXT() REPRESENTATION_CONTEXT('2D SPACE',''
  ) );
#1867 = ORIENTED_EDGE('',*,*,#410,.F.);
#1868 = FACE_BOUND('',#1869,.F.);
#1869 = EDGE_LOOP('',(#1870));
#1870 = ORIENTED_EDGE('',*,*,#1871,.T.);
#1871 = EDGE_CURVE('',#1872,#1872,#1874,.T.);
#1872 = VERTEX_POINT('',#1873);
#1873 = CARTESIAN_POINT('',(1.018799147447E+03,86.677235767133,
    -362.6026579187));
#1874 = SURFACE_CURVE('',#1875,(#1880,#1891),.PCURVE_S1.);
#1875 = CIRCLE('',#1876,4.25);
#1876 = AXIS2_PLACEMENT_3D('',#1877,#1878,#1879);
#1877 = CARTESIAN_POINT('',(1.014613714497E+03,85.939231012049,
    -362.6026579187));
#1878 = DIRECTION('',(-0.173648177667,0.984807753012,0.));
#1879 = DIRECTION('',(0.984807753012,0.173648177667,0.));
#1880 = PCURVE('',#427,#1881);
#1881 = DEFINITIONAL_REPRESENTATION('',(#1882),#1890);
#1882 = ( BOUNDED_CURVE() B_SPLINE_CURVE(2,(#1883,#1884,#1885,#1886,
#1887,#1888,#1889),.UNSPECIFIED.,.T.,.F.) B_SPLINE_CURVE_WITH_KNOTS((1,2
    ,2,2,2,1),(-2.094395102393,0.,2.094395102393,4.188790204786,
6.28318530718,8.377580409573),.UNSPECIFIED.) CURVE() 
GEOMETRIC_REPRESENTATION_ITEM() RATIONAL_B_SPLINE_CURVE((1.,0.5,1.,0.5,
1.,0.5,1.)) REPRESENTATION_ITEM('') );
#1883 = CARTESIAN_POINT('',(72.892679099233,-11.79533542998));
#1884 = CARTESIAN_POINT('',(72.892679099233,-4.434119497815));
#1885 = CARTESIAN_POINT('',(79.267679099233,-8.114727463899));
#1886 = CARTESIAN_POINT('',(85.642679099233,-11.79533542998));
#1887 = CARTESIAN_POINT('',(79.267679099233,-15.47594339606));
#1888 = CARTESIAN_POINT('',(72.892679099233,-19.15655136215));
#1889 = CARTESIAN_POINT('',(72.892679099233,-11.79533542998));
#1890 = ( GEOMETRIC_REPRESENTATION_CONTEXT(2) 
PARAMETRIC_REPRESENTATION_CONTEXT() REPRESENTATION_CONTEXT('2D SPACE',''
  ) );
#1891 = PCURVE('',#1533,#1892);
#1892 = DEFINITIONAL_REPRESENTATION('',(#1893),#1897);
#1893 = LINE('',#1894,#1895);
#1894 = CARTESIAN_POINT('',(0.,19.));
#1895 = VECTOR('',#1896,1.);
#1896 = DIRECTION('',(1.,0.));
#1897 = ( GEOMETRIC_REPRESENTATION_CONTEXT(2) 
PARAMETRIC_REPRESENTATION_CONTEXT() REPRESENTATION_CONTEXT('2D SPACE',''
  ) );
#1898 = ADVANCED_FACE('',(#1899),#454,.T.);
#1899 = FACE_BOUND('',#1900,.T.);
#1900 = EDGE_LOOP('',(#1901,#1924,#1925,#1926,#1948,#1949));
#1901 = ORIENTED_EDGE('',*,*,#1902,.T.);
#1902 = EDGE_CURVE('',#1903,#1829,#1905,.T.);
#1903 = VERTEX_POINT('',#1904);
#1904 = CARTESIAN_POINT('',(1.149403246128E+03,154.11315810302,-399.85)
  );
#1905 = SURFACE_CURVE('',#1906,(#1910,#1917),.PCURVE_S1.);
#1906 = LINE('',#1907,#1908);
#1907 = CARTESIAN_POINT('',(1.149403246128E+03,154.11315810302,-399.85)
  );
#1908 = VECTOR('',#1909,1.);
#1909 = DIRECTION('',(0.173648177667,-0.984807753012,0.));
#1910 = PCURVE('',#454,#1911);
#1911 = DEFINITIONAL_REPRESENTATION('',(#1912),#1916);
#1912 = LINE('',#1913,#1914);
#1913 = CARTESIAN_POINT('',(-20.55958747118,35.976427880139));
#1914 = VECTOR('',#1915,1.);
#1915 = DIRECTION('',(0.173648177667,-0.984807753012));
#1916 = ( GEOMETRIC_REPRESENTATION_CONTEXT(2) 
PARAMETRIC_REPRESENTATION_CONTEXT() REPRESENTATION_CONTEXT('2D SPACE',''
  ) );
#1917 = PCURVE('',#1080,#1918);
#1918 = DEFINITIONAL_REPRESENTATION('',(#1919),#1923);
#1919 = LINE('',#1920,#1921);
#1920 = CARTESIAN_POINT('',(0.,-6.));
#1921 = VECTOR('',#1922,1.);
#1922 = DIRECTION('',(1.,0.));
#1923 = ( GEOMETRIC_REPRESENTATION_CONTEXT(2) 
PARAMETRIC_REPRESENTATION_CONTEXT() REPRESENTATION_CONTEXT('2D SPACE',''
  ) );
#1924 = ORIENTED_EDGE('',*,*,#1849,.F.);
#1925 = ORIENTED_EDGE('',*,*,#439,.F.);
#1926 = ORIENTED_EDGE('',*,*,#1927,.F.);
#1927 = EDGE_CURVE('',#466,#440,#1928,.T.);
#1928 = SURFACE_CURVE('',#1929,(#1934,#1941),.PCURVE_S1.);
#1929 = CIRCLE('',#1930,10.);
#1930 = AXIS2_PLACEMENT_3D('',#1931,#1932,#1933);
#1931 = CARTESIAN_POINT('',(1.1684E+03,127.,-399.85));
#1932 = DIRECTION('',(0.,0.,1.));
#1933 = DIRECTION('',(1.,0.,-0.));
#1934 = PCURVE('',#454,#1935);
#1935 = DEFINITIONAL_REPRESENTATION('',(#1936),#1940);
#1936 = CIRCLE('',#1937,10.);
#1937 = AXIS2_PLACEMENT_2D('',#1938,#1939);
#1938 = CARTESIAN_POINT('',(-1.562833599002,8.86326977711));
#1939 = DIRECTION('',(1.,0.));
#1940 = ( GEOMETRIC_REPRESENTATION_CONTEXT(2) 
PARAMETRIC_REPRESENTATION_CONTEXT() REPRESENTATION_CONTEXT('2D SPACE',''
  ) );
#1941 = PCURVE('',#695,#1942);
#1942 = DEFINITIONAL_REPRESENTATION('',(#1943),#1947);
#1943 = LINE('',#1944,#1945);
#1944 = CARTESIAN_POINT('',(0.,126.4));
#1945 = VECTOR('',#1946,1.);
#1946 = DIRECTION('',(1.,0.));
#1947 = ( GEOMETRIC_REPRESENTATION_CONTEXT(2) 
PARAMETRIC_REPRESENTATION_CONTEXT() REPRESENTATION_CONTEXT('2D SPACE',''
  ) );
#1948 = ORIENTED_EDGE('',*,*,#814,.F.);
#1949 = ORIENTED_EDGE('',*,*,#1950,.T.);
#1950 = EDGE_CURVE('',#815,#1903,#1951,.T.);
#1951 = SURFACE_CURVE('',#1952,(#1956,#1963),.PCURVE_S1.);
#1952 = LINE('',#1953,#1954);
#1953 = CARTESIAN_POINT('',(1.176977863212E+03,158.9753070777,-399.85));
#1954 = VECTOR('',#1955,1.);
#1955 = DIRECTION('',(-0.984807753012,-0.173648177667,0.));
#1956 = PCURVE('',#454,#1957);
#1957 = DEFINITIONAL_REPRESENTATION('',(#1958),#1962);
#1958 = LINE('',#1959,#1960);
#1959 = CARTESIAN_POINT('',(7.015029613161,40.838576854813));
#1960 = VECTOR('',#1961,1.);
#1961 = DIRECTION('',(-0.984807753012,-0.173648177667));
#1962 = ( GEOMETRIC_REPRESENTATION_CONTEXT(2) 
PARAMETRIC_REPRESENTATION_CONTEXT() REPRESENTATION_CONTEXT('2D SPACE',''
  ) );
#1963 = PCURVE('',#850,#1964);
#1964 = DEFINITIONAL_REPRESENTATION('',(#1965),#1969);
#1965 = LINE('',#1966,#1967);
#1966 = CARTESIAN_POINT('',(0.,-6.));
#1967 = VECTOR('',#1968,1.);
#1968 = DIRECTION('',(1.,0.));
#1969 = ( GEOMETRIC_REPRESENTATION_CONTEXT(2) 
PARAMETRIC_REPRESENTATION_CONTEXT() REPRESENTATION_CONTEXT('2D SPACE',''
  ) );
#1970 = ADVANCED_FACE('',(#1971),#695,.T.);
#1971 = FACE_BOUND('',#1972,.T.);
#1972 = EDGE_LOOP('',(#1973,#1974));
#1973 = ORIENTED_EDGE('',*,*,#465,.F.);
#1974 = ORIENTED_EDGE('',*,*,#1927,.T.);
#1975 = ADVANCED_FACE('',(#1976),#850,.F.);
#1976 = FACE_BOUND('',#1977,.F.);
#1977 = EDGE_LOOP('',(#1978,#2003,#2024,#2025,#2026,#2027));
#1978 = ORIENTED_EDGE('',*,*,#1979,.F.);
#1979 = EDGE_CURVE('',#1980,#1982,#1984,.T.);
#1980 = VERTEX_POINT('',#1981);
#1981 = CARTESIAN_POINT('',(1.176977863212E+03,158.9753070777,-405.85));
#1982 = VERTEX_POINT('',#1983);
#1983 = CARTESIAN_POINT('',(1.149403246128E+03,154.11315810302,-405.85)
  );
#1984 = SURFACE_CURVE('',#1985,(#1989,#1996),.PCURVE_S1.);
#1985 = LINE('',#1986,#1987);
#1986 = CARTESIAN_POINT('',(1.176977863212E+03,158.9753070777,-405.85));
#1987 = VECTOR('',#1988,1.);
#1988 = DIRECTION('',(-0.984807753012,-0.173648177667,0.));
#1989 = PCURVE('',#850,#1990);
#1990 = DEFINITIONAL_REPRESENTATION('',(#1991),#1995);
#1991 = LINE('',#1992,#1993);
#1992 = CARTESIAN_POINT('',(0.,0.));
#1993 = VECTOR('',#1994,1.);
#1994 = DIRECTION('',(1.,0.));
#1995 = ( GEOMETRIC_REPRESENTATION_CONTEXT(2) 
PARAMETRIC_REPRESENTATION_CONTEXT() REPRESENTATION_CONTEXT('2D SPACE',''
  ) );
#1996 = PCURVE('',#1052,#1997);
#1997 = DEFINITIONAL_REPRESENTATION('',(#1998),#2002);
#1998 = LINE('',#1999,#2000);
#1999 = CARTESIAN_POINT('',(7.015029613161,40.838576854813));
#2000 = VECTOR('',#2001,1.);
#2001 = DIRECTION('',(-0.984807753012,-0.173648177667));
#2002 = ( GEOMETRIC_REPRESENTATION_CONTEXT(2) 
PARAMETRIC_REPRESENTATION_CONTEXT() REPRESENTATION_CONTEXT('2D SPACE',''
  ) );
#2003 = ORIENTED_EDGE('',*,*,#2004,.T.);
#2004 = EDGE_CURVE('',#1980,#955,#2005,.T.);
#2005 = SURFACE_CURVE('',#2006,(#2010,#2017),.PCURVE_S1.);
#2006 = LINE('',#2007,#2008);
#2007 = CARTESIAN_POINT('',(1.176977863212E+03,158.9753070777,-405.85));
#2008 = VECTOR('',#2009,1.);
#2009 = DIRECTION('',(0.,-0.,1.));
#2010 = PCURVE('',#850,#2011);
#2011 = DEFINITIONAL_REPRESENTATION('',(#2012),#2016);
#2012 = LINE('',#2013,#2014);
#2013 = CARTESIAN_POINT('',(0.,0.));
#2014 = VECTOR('',#2015,1.);
#2015 = DIRECTION('',(0.,-1.));
#2016 = ( GEOMETRIC_REPRESENTATION_CONTEXT(2) 
PARAMETRIC_REPRESENTATION_CONTEXT() REPRESENTATION_CONTEXT('2D SPACE',''
  ) );
#2017 = PCURVE('',#970,#2018);
#2018 = DEFINITIONAL_REPRESENTATION('',(#2019),#2023);
#2019 = LINE('',#2020,#2021);
#2020 = CARTESIAN_POINT('',(78.,0.));
#2021 = VECTOR('',#2022,1.);
#2022 = DIRECTION('',(0.,-1.));
#2023 = ( GEOMETRIC_REPRESENTATION_CONTEXT(2) 
PARAMETRIC_REPRESENTATION_CONTEXT() REPRESENTATION_CONTEXT('2D SPACE',''
  ) );
#2024 = ORIENTED_EDGE('',*,*,#982,.T.);
#2025 = ORIENTED_EDGE('',*,*,#835,.F.);
#2026 = ORIENTED_EDGE('',*,*,#1950,.T.);
#2027 = ORIENTED_EDGE('',*,*,#2028,.F.);
#2028 = EDGE_CURVE('',#1982,#1903,#2029,.T.);
#2029 = SURFACE_CURVE('',#2030,(#2034,#2041),.PCURVE_S1.);
#2030 = LINE('',#2031,#2032);
#2031 = CARTESIAN_POINT('',(1.149403246128E+03,154.11315810302,-405.85)
  );
#2032 = VECTOR('',#2033,1.);
#2033 = DIRECTION('',(0.,-0.,1.));
#2034 = PCURVE('',#850,#2035);
#2035 = DEFINITIONAL_REPRESENTATION('',(#2036),#2040);
#2036 = LINE('',#2037,#2038);
#2037 = CARTESIAN_POINT('',(28.,0.));
#2038 = VECTOR('',#2039,1.);
#2039 = DIRECTION('',(0.,-1.));
#2040 = ( GEOMETRIC_REPRESENTATION_CONTEXT(2) 
PARAMETRIC_REPRESENTATION_CONTEXT() REPRESENTATION_CONTEXT('2D SPACE',''
  ) );
#2041 = PCURVE('',#1080,#2042);
#2042 = DEFINITIONAL_REPRESENTATION('',(#2043),#2047);
#2043 = LINE('',#2044,#2045);
#2044 = CARTESIAN_POINT('',(0.,0.));
#2045 = VECTOR('',#2046,1.);
#2046 = DIRECTION('',(0.,-1.));
#2047 = ( GEOMETRIC_REPRESENTATION_CONTEXT(2) 
PARAMETRIC_REPRESENTATION_CONTEXT() REPRESENTATION_CONTEXT('2D SPACE',''
  ) );
#2048 = ADVANCED_FACE('',(#2049,#2782),#885,.F.);
#2049 = FACE_BOUND('',#2050,.T.);
#2050 = EDGE_LOOP('',(#2051,#2052,#2075,#2398,#2420,#2738,#2759,#2760,
    #2761,#2781));
#2051 = ORIENTED_EDGE('',*,*,#868,.F.);
#2052 = ORIENTED_EDGE('',*,*,#2053,.T.);
#2053 = EDGE_CURVE('',#869,#2054,#2056,.T.);
#2054 = VERTEX_POINT('',#2055);
#2055 = CARTESIAN_POINT('',(1.17504816421E+03,119.52993221985,-386.85));
#2056 = SEAM_CURVE('',#2057,(#2061,#2068),.PCURVE_S1.);
#2057 = LINE('',#2058,#2059);
#2058 = CARTESIAN_POINT('',(1.182252649587E+03,78.671265282141,-386.85)
  );
#2059 = VECTOR('',#2060,1.);
#2060 = DIRECTION('',(-0.173648177667,0.984807753012,0.));
#2061 = PCURVE('',#885,#2062);
#2062 = DEFINITIONAL_REPRESENTATION('',(#2063),#2067);
#2063 = LINE('',#2064,#2065);
#2064 = CARTESIAN_POINT('',(-6.28318530718,0.));
#2065 = VECTOR('',#2066,1.);
#2066 = DIRECTION('',(-0.,-1.));
#2067 = ( GEOMETRIC_REPRESENTATION_CONTEXT(2) 
PARAMETRIC_REPRESENTATION_CONTEXT() REPRESENTATION_CONTEXT('2D SPACE',''
  ) );
#2068 = PCURVE('',#885,#2069);
#2069 = DEFINITIONAL_REPRESENTATION('',(#2070),#2074);
#2070 = LINE('',#2071,#2072);
#2071 = CARTESIAN_POINT('',(-0.,0.));
#2072 = VECTOR('',#2073,1.);
#2073 = DIRECTION('',(-0.,-1.));
#2074 = ( GEOMETRIC_REPRESENTATION_CONTEXT(2) 
PARAMETRIC_REPRESENTATION_CONTEXT() REPRESENTATION_CONTEXT('2D SPACE',''
  ) );
#2075 = ORIENTED_EDGE('',*,*,#2076,.T.);
#2076 = EDGE_CURVE('',#2054,#2077,#2079,.T.);
#2077 = VERTEX_POINT('',#2078);
#2078 = CARTESIAN_POINT('',(1.164707682803E+03,117.70662635436,-386.85)
  );
#2079 = SURFACE_CURVE('',#2080,(#2148,#2219),.PCURVE_S1.);
#2080 = B_SPLINE_CURVE_WITH_KNOTS('',6,(#2081,#2082,#2083,#2084,#2085,
    #2086,#2087,#2088,#2089,#2090,#2091,#2092,#2093,#2094,#2095,#2096,
    #2097,#2098,#2099,#2100,#2101,#2102,#2103,#2104,#2105,#2106,#2107,
    #2108,#2109,#2110,#2111,#2112,#2113,#2114,#2115,#2116,#2117,#2118,
    #2119,#2120,#2121,#2122,#2123,#2124,#2125,#2126,#2127,#2128,#2129,
    #2130,#2131,#2132,#2133,#2134,#2135,#2136,#2137,#2138,#2139,#2140,
    #2141,#2142,#2143,#2144,#2145,#2146,#2147),.UNSPECIFIED.,.F.,.F.,(7,
    5,5,5,5,5,5,5,5,5,5,5,5,7),(0.,0.174208424447,0.238199346854,
    0.292732535228,0.333349149214,0.387513675976,0.452719171103,
    0.548854274559,0.612554930551,0.664856782559,0.736616852909,
    0.825362922423,0.981933066609,1.),.UNSPECIFIED.);
#2081 = CARTESIAN_POINT('',(1.17504816421E+03,119.52993221985,-386.85));
#2082 = CARTESIAN_POINT('',(1.17504816421E+03,119.52993221985,
    -387.2754907391));
#2083 = CARTESIAN_POINT('',(1.175011843993E+03,119.49760847938,
    -387.6998212734));
#2084 = CARTESIAN_POINT('',(1.17493957706E+03,119.43329150669,
    -388.1196899942));
#2085 = CARTESIAN_POINT('',(1.174831094881E+03,119.33912114784,
    -388.531752119));
#2086 = CARTESIAN_POINT('',(1.174685718239E+03,119.21907077395,
    -388.9320290153));
#2087 = CARTESIAN_POINT('',(1.174436094711E+03,119.02674927894,
    -389.4568663951));
#2088 = CARTESIAN_POINT('',(1.17436394118E+03,118.9722444211,
    -389.5958037391));
#2089 = CARTESIAN_POINT('',(1.174286603422E+03,118.9151085391,
    -389.732557782));
#2090 = CARTESIAN_POINT('',(1.174203973438E+03,118.85556283202,
    -389.8669732758));
#2091 = CARTESIAN_POINT('',(1.174115925267E+03,118.79384306147,
    -389.9988656493));
#2092 = CARTESIAN_POINT('',(1.173942538967E+03,118.67596447191,
    -390.238087282));
#2093 = CARTESIAN_POINT('',(1.173858722209E+03,118.62033101529,
    -390.3461677914));
#2094 = CARTESIAN_POINT('',(1.173770757935E+03,118.56344488482,
    -390.4521512609));
#2095 = CARTESIAN_POINT('',(1.173678532472E+03,118.50546247658,
    -390.5558979656));
#2096 = CARTESIAN_POINT('',(1.173581924022E+03,118.44655348238,
    -390.6572398316));
#2097 = CARTESIAN_POINT('',(1.173405485871E+03,118.34247393219,
    -390.8295233131));
#2098 = CARTESIAN_POINT('',(1.173327664795E+03,118.29763319328,
    -390.9016242236));
#2099 = CARTESIAN_POINT('',(1.173247281822E+03,118.25245464077,
    -390.9722043945));
#2100 = CARTESIAN_POINT('',(1.173164280609E+03,118.207019717,
    -391.0411723541));
#2101 = CARTESIAN_POINT('',(1.173078605478E+03,118.16141683845,
    -391.108424127));
#2102 = CARTESIAN_POINT('',(1.172872309657E+03,118.05483063798,
    -391.2610832723));
#2103 = CARTESIAN_POINT('',(1.172749535117E+03,117.99377550308,
    -391.3450863955));
#2104 = CARTESIAN_POINT('',(1.172621783129E+03,117.93282312469,
    -391.4255434322));
#2105 = CARTESIAN_POINT('',(1.172488971839E+03,117.87224384129,
    -391.5021144456));
#2106 = CARTESIAN_POINT('',(1.172351033116E+03,117.81232921903,
    -391.5744278128));
#2107 = CARTESIAN_POINT('',(1.172035620097E+03,117.68243669779,
    -391.7235209648));
#2108 = CARTESIAN_POINT('',(1.171855583094E+03,117.61280007793,
    -391.7983173238));
#2109 = CARTESIAN_POINT('',(1.171668191044E+03,117.54524439307,
    -391.865482759));
#2110 = CARTESIAN_POINT('',(1.171473903611E+03,117.48050731019,
    -391.9241352892));
#2111 = CARTESIAN_POINT('',(1.171273254857E+03,117.41927619918,
    -391.9734855584));
#2112 = CARTESIAN_POINT('',(1.170762555191E+03,117.27796202835,
    -392.0708267617));
#2113 = CARTESIAN_POINT('',(1.170445948155E+03,117.20276686705,
    -392.1070330412));
#2114 = CARTESIAN_POINT('',(1.170121883387E+03,117.13931488617,
    -392.1186857514));
#2115 = CARTESIAN_POINT('',(1.169795646017E+03,117.08922653967,
    -392.1049386576));
#2116 = CARTESIAN_POINT('',(1.169472763016E+03,117.05272032095,
    -392.0667284545));
#2117 = CARTESIAN_POINT('',(1.168950631479E+03,117.01299059441,
    -391.967268113));
#2118 = CARTESIAN_POINT('',(1.168746454507E+03,117.00269577346,
    -391.9181463305));
#2119 = CARTESIAN_POINT('',(1.168546907343E+03,116.99758772822,
    -391.8602099986));
#2120 = CARTESIAN_POINT('',(1.168352663424E+03,116.99722966563,
    -391.7941987516));
#2121 = CARTESIAN_POINT('',(1.168164347764E+03,117.00112093654,
    -391.7209330447));
#2122 = CARTESIAN_POINT('',(1.167833251855E+03,117.01495517501,
    -391.5759601488));
#2123 = CARTESIAN_POINT('',(1.167688197096E+03,117.02369719075,
    -391.5062518811));
#2124 = CARTESIAN_POINT('',(1.167547420243E+03,117.03466455942,
    -391.4325631546));
#2125 = CARTESIAN_POINT('',(1.167410955467E+03,117.04758921647,
    -391.3552300505));
#2126 = CARTESIAN_POINT('',(1.167278819219E+03,117.06221616136,
    -391.2745613989));
#2127 = CARTESIAN_POINT('',(1.166975651885E+03,117.10038029296,
    -391.0759701411));
#2128 = CARTESIAN_POINT('',(1.166808395044E+03,117.12521342651,
    -390.9553244069));
#2129 = CARTESIAN_POINT('',(1.166649117865E+03,117.15220374498,
    -390.8295392777));
#2130 = CARTESIAN_POINT('',(1.166497687566E+03,117.18081230765,
    -390.6991447343));
#2131 = CARTESIAN_POINT('',(1.166353961773E+03,117.21055683056,
    -390.5645631858));
#2132 = CARTESIAN_POINT('',(1.166049385013E+03,117.27866329263,
    -390.2548815601));
#2133 = CARTESIAN_POINT('',(1.165892504584E+03,117.31740489475,
    -390.0777008705));
#2134 = CARTESIAN_POINT('',(1.165746979688E+03,117.35639317534,
    -389.8952614557));
#2135 = CARTESIAN_POINT('',(1.165612660275E+03,117.39488523624,
    -389.7080986465));
#2136 = CARTESIAN_POINT('',(1.165489439321E+03,117.43221645719,
    -389.5166223109));
#2137 = CARTESIAN_POINT('',(1.165179395162E+03,117.53053331694,
    -388.9762903198));
#2138 = CARTESIAN_POINT('',(1.165015547722E+03,117.58791536982,
    -388.6183190978));
#2139 = CARTESIAN_POINT('',(1.164886704175E+03,117.63628483483,
    -388.2505336218));
#2140 = CARTESIAN_POINT('',(1.164793382358E+03,117.67271789037,
    -387.8757135849));
#2141 = CARTESIAN_POINT('',(1.164735989448E+03,117.6954023059,
    -387.4962863123));
#2142 = CARTESIAN_POINT('',(1.164712536807E+03,117.70469892829,
    -387.0704638383));
#2143 = CARTESIAN_POINT('',(1.164710595397E+03,117.70546938235,
    -387.026390879));
#2144 = CARTESIAN_POINT('',(1.164709139145E+03,117.70604774038,
    -386.9823029754));
#2145 = CARTESIAN_POINT('',(1.164708168245E+03,117.70643348487,
    -386.9382050829));
#2146 = CARTESIAN_POINT('',(1.164707682798E+03,117.70662635653,
    -386.8941022063));
#2147 = CARTESIAN_POINT('',(1.164707682803E+03,117.70662635434,
    -386.8499994));
#2148 = PCURVE('',#885,#2149);
#2149 = DEFINITIONAL_REPRESENTATION('',(#2150),#2218);
#2150 = B_SPLINE_CURVE_WITH_KNOTS('',6,(#2151,#2152,#2153,#2154,#2155,
    #2156,#2157,#2158,#2159,#2160,#2161,#2162,#2163,#2164,#2165,#2166,
    #2167,#2168,#2169,#2170,#2171,#2172,#2173,#2174,#2175,#2176,#2177,
    #2178,#2179,#2180,#2181,#2182,#2183,#2184,#2185,#2186,#2187,#2188,
    #2189,#2190,#2191,#2192,#2193,#2194,#2195,#2196,#2197,#2198,#2199,
    #2200,#2201,#2202,#2203,#2204,#2205,#2206,#2207,#2208,#2209,#2210,
    #2211,#2212,#2213,#2214,#2215,#2216,#2217),.UNSPECIFIED.,.F.,.F.,(7,
    5,5,5,5,5,5,5,5,5,5,5,5,7),(0.,0.174208424447,0.238199346854,
    0.292732535228,0.333349149214,0.387513675976,0.452719171103,
    0.548854274559,0.612554930551,0.664856782559,0.736616852909,
    0.825362922423,0.981933066609,1.),.UNSPECIFIED.);
#2151 = CARTESIAN_POINT('',(0.,-41.48897773472));
#2152 = CARTESIAN_POINT('',(-8.104585508525E-02,-41.48897773472));
#2153 = CARTESIAN_POINT('',(-0.161870636337,-41.46345200402));
#2154 = CARTESIAN_POINT('',(-0.242804248398,-41.4126611719));
#2155 = CARTESIAN_POINT('',(-0.324139741852,-41.3387592051));
#2156 = CARTESIAN_POINT('',(-0.406123067365,-41.24577705508));
#2157 = CARTESIAN_POINT('',(-0.519359881146,-41.09972402635));
#2158 = CARTESIAN_POINT('',(-0.549927234383,-41.05857654902));
#2159 = CARTESIAN_POINT('',(-0.580675776634,-41.0157382502));
#2160 = CARTESIAN_POINT('',(-0.611638552176,-40.97144572232));
#2161 = CARTESIAN_POINT('',(-0.64284921534,-40.92595301821));
#2162 = CARTESIAN_POINT('',(-0.70118367367,-40.83997348427));
#2163 = CARTESIAN_POINT('',(-0.72823020481,-40.79973985222));
#2164 = CARTESIAN_POINT('',(-0.755511193094,-40.75899278574));
#2165 = CARTESIAN_POINT('',(-0.783053377815,-40.71790604409));
#2166 = CARTESIAN_POINT('',(-0.810883861789,-40.67666789115));
#2167 = CARTESIAN_POINT('',(-0.859995954815,-40.60480770674));
#2168 = CARTESIAN_POINT('',(-0.881136749129,-40.57416168746));
#2169 = CARTESIAN_POINT('',(-0.902466282937,-40.54362785546));
#2170 = CARTESIAN_POINT('',(-0.923996899518,-40.51329619963));
#2171 = CARTESIAN_POINT('',(-0.945740851892,-40.48326346155));
#2172 = CARTESIAN_POINT('',(-0.997007794545,-40.41411943829));
#2173 = CARTESIAN_POINT('',(-1.026713851598,-40.37531144324));
#2174 = CARTESIAN_POINT('',(-1.056848279774,-40.33746896844));
#2175 = CARTESIAN_POINT('',(-1.087431126017,-40.30087245897));
#2176 = CARTESIAN_POINT('',(-1.11848410029,-40.26582088236));
#2177 = CARTESIAN_POINT('',(-1.188010659462,-40.1926726162));
#2178 = CARTESIAN_POINT('',(-1.226758401111,-40.15535703053));
#2179 = CARTESIAN_POINT('',(-1.266207658514,-40.12136795644));
#2180 = CARTESIAN_POINT('',(-1.306307161371,-40.09135203394));
#2181 = CARTESIAN_POINT('',(-1.347017930091,-40.06589345161));
#2182 = CARTESIAN_POINT('',(-1.449186772646,-40.01540822683));
#2183 = CARTESIAN_POINT('',(-1.511287889267,-39.99633368384));
#2184 = CARTESIAN_POINT('',(-1.573940329801,-39.9901189376));
#2185 = CARTESIAN_POINT('',(-1.636574122018,-39.99744207037));
#2186 = CARTESIAN_POINT('',(-1.698617869289,-40.01755850791));
#2187 = CARTESIAN_POINT('',(-1.799666461909,-40.06909955509));
#2188 = CARTESIAN_POINT('',(-1.839376020312,-40.09441609461));
#2189 = CARTESIAN_POINT('',(-1.878496231606,-40.12403665358));
#2190 = CARTESIAN_POINT('',(-1.916992184164,-40.15741413328));
#2191 = CARTESIAN_POINT('',(-1.954817869809,-40.19394695815));
#2192 = CARTESIAN_POINT('',(-2.022369874085,-40.26506522468));
#2193 = CARTESIAN_POINT('',(-2.052366170322,-40.29886292421));
#2194 = CARTESIAN_POINT('',(-2.081923692446,-40.33410931785));
#2195 = CARTESIAN_POINT('',(-2.111061764345,-40.37053447992));
#2196 = CARTESIAN_POINT('',(-2.139798232573,-40.40788442738));
#2197 = CARTESIAN_POINT('',(-2.207051215434,-40.49811321521));
#2198 = CARTESIAN_POINT('',(-2.245238673092,-40.55161292323));
#2199 = CARTESIAN_POINT('',(-2.28278594396,-40.60585139006));
#2200 = CARTESIAN_POINT('',(-2.319758500694,-40.66032091976));
#2201 = CARTESIAN_POINT('',(-2.356220660852,-40.71457127871));
#2202 = CARTESIAN_POINT('',(-2.436789515383,-40.83453224991));
#2203 = CARTESIAN_POINT('',(-2.480670492862,-40.8999272806));
#2204 = CARTESIAN_POINT('',(-2.523987213445,-40.9635933746));
#2205 = CARTESIAN_POINT('',(-2.566836862467,-41.02482497578));
#2206 = CARTESIAN_POINT('',(-2.609314122818,-41.08298614576));
#2207 = CARTESIAN_POINT('',(-2.725964775288,-41.2336479548));
#2208 = CARTESIAN_POINT('',(-2.799697513995,-41.31861005469));
#2209 = CARTESIAN_POINT('',(-2.872872181985,-41.38861812601));
#2210 = CARTESIAN_POINT('',(-2.945692020521,-41.44070284493));
#2211 = CARTESIAN_POINT('',(-3.018376681428,-41.47300880758));
#2212 = CARTESIAN_POINT('',(-3.099588870829,-41.48623670165));
#2213 = CARTESIAN_POINT('',(-3.107990122693,-41.48733257305));
#2214 = CARTESIAN_POINT('',(-3.116391019788,-41.48815502014));
#2215 = CARTESIAN_POINT('',(-3.124791685399,-41.48870349923));
#2216 = CARTESIAN_POINT('',(-3.133192233324,-41.48897773783));
#2217 = CARTESIAN_POINT('',(-3.141592767876,-41.48897773472));
#2218 = ( GEOMETRIC_REPRESENTATION_CONTEXT(2) 
PARAMETRIC_REPRESENTATION_CONTEXT() REPRESENTATION_CONTEXT('2D SPACE',''
  ) );
#2219 = PCURVE('',#2220,#2225);
#2220 = CYLINDRICAL_SURFACE('',#2221,5.25);
#2221 = AXIS2_PLACEMENT_3D('',#2222,#2223,#2224);
#2222 = CARTESIAN_POINT('',(1.185764817767E+03,28.519224698779,-386.85)
  );
#2223 = DIRECTION('',(-0.173648177667,0.984807753012,0.));
#2224 = DIRECTION('',(0.984807753012,0.173648177667,0.));
#2225 = DEFINITIONAL_REPRESENTATION('',(#2226),#2397);
#2226 = B_SPLINE_CURVE_WITH_KNOTS('',9,(#2227,#2228,#2229,#2230,#2231,
    #2232,#2233,#2234,#2235,#2236,#2237,#2238,#2239,#2240,#2241,#2242,
    #2243,#2244,#2245,#2246,#2247,#2248,#2249,#2250,#2251,#2252,#2253,
    #2254,#2255,#2256,#2257,#2258,#2259,#2260,#2261,#2262,#2263,#2264,
    #2265,#2266,#2267,#2268,#2269,#2270,#2271,#2272,#2273,#2274,#2275,
    #2276,#2277,#2278,#2279,#2280,#2281,#2282,#2283,#2284,#2285,#2286,
    #2287,#2288,#2289,#2290,#2291,#2292,#2293,#2294,#2295,#2296,#2297,
    #2298,#2299,#2300,#2301,#2302,#2303,#2304,#2305,#2306,#2307,#2308,
    #2309,#2310,#2311,#2312,#2313,#2314,#2315,#2316,#2317,#2318,#2319,
    #2320,#2321,#2322,#2323,#2324,#2325,#2326,#2327,#2328,#2329,#2330,
    #2331,#2332,#2333,#2334,#2335,#2336,#2337,#2338,#2339,#2340,#2341,
    #2342,#2343,#2344,#2345,#2346,#2347,#2348,#2349,#2350,#2351,#2352,
    #2353,#2354,#2355,#2356,#2357,#2358,#2359,#2360,#2361,#2362,#2363,
    #2364,#2365,#2366,#2367,#2368,#2369,#2370,#2371,#2372,#2373,#2374,
    #2375,#2376,#2377,#2378,#2379,#2380,#2381,#2382,#2383,#2384,#2385,
    #2386,#2387,#2388,#2389,#2390,#2391,#2392,#2393,#2394,#2395,#2396),
  .UNSPECIFIED.,.F.,.F.,(10,8,8,8,8,8,8,8,8,8,8,8,8,8,8,8,8,8,8,8,8,10),
  (0.,0.12499999488,0.15234374376,0.178833000487,0.230155935396,
    0.326386438352,0.368487283394,0.388222054508,0.426458173541,
    0.462304535135,0.529516463122,0.558921681617,0.586489073956,
    0.612333504273,0.660791811118,0.745593848098,0.809195375832,
    0.833045948732,0.916522953883,0.958261456459,0.979130707747,
    0.999999959034),.UNSPECIFIED.);
#2227 = CARTESIAN_POINT('',(0.,91.488977734725));
#2228 = CARTESIAN_POINT('',(3.876862443292E-02,91.488977734725));
#2229 = CARTESIAN_POINT('',(7.748983947925E-02,91.483501921508));
#2230 = CARTESIAN_POINT('',(0.11619262272,91.472573219389));
#2231 = CARTESIAN_POINT('',(0.154904843805,91.456274299139));
#2232 = CARTESIAN_POINT('',(0.193653124154,91.434747429873));
#2233 = CARTESIAN_POINT('',(0.232462713187,91.408193281486));
#2234 = CARTESIAN_POINT('',(0.271357381072,91.376868677629));
#2235 = CARTESIAN_POINT('',(0.310359328006,91.341083299242));
#2236 = CARTESIAN_POINT('',(0.358048749819,91.29246984723));
#2237 = CARTESIAN_POINT('',(0.366614506611,91.283548040932));
#2238 = CARTESIAN_POINT('',(0.375186595432,91.274433668945));
#2239 = CARTESIAN_POINT('',(0.383765227503,91.265130591819));
#2240 = CARTESIAN_POINT('',(0.392350610146,91.255642779024));
#2241 = CARTESIAN_POINT('',(0.40094294672,91.245974306542));
#2242 = CARTESIAN_POINT('',(0.409542436545,91.236129354462));
#2243 = CARTESIAN_POINT('',(0.418149274838,91.226112204573));
#2244 = CARTESIAN_POINT('',(0.435108831139,91.206060551545));
#2245 = CARTESIAN_POINT('',(0.443461159466,91.196036271751));
#2246 = CARTESIAN_POINT('',(0.45181995768,91.185859531397));
#2247 = CARTESIAN_POINT('',(0.460189754429,91.175528584048));
#2248 = CARTESIAN_POINT('',(0.468557674767,91.165064857807));
#2249 = CARTESIAN_POINT('',(0.476949081152,91.154439422302));
#2250 = CARTESIAN_POINT('',(0.485331962735,91.143698689761));
#2251 = CARTESIAN_POINT('',(0.493731747769,91.132814214698));
#2252 = CARTESIAN_POINT('',(0.518436822266,91.100456493875));
#2253 = CARTESIAN_POINT('',(0.534773680983,91.078619140275));
#2254 = CARTESIAN_POINT('',(0.551156743122,91.056314259366));
#2255 = CARTESIAN_POINT('',(0.567590142452,91.033570160702));
#2256 = CARTESIAN_POINT('',(0.584077994352,91.010415982477));
#2257 = CARTESIAN_POINT('',(0.60062442473,90.986881710399));
#2258 = CARTESIAN_POINT('',(0.617233598942,90.962998196569));
#2259 = CARTESIAN_POINT('',(0.633909750708,90.938797178353));
#2260 = CARTESIAN_POINT('',(0.68205869914,90.868400270221));
#2261 = CARTESIAN_POINT('',(0.713711076935,90.821487444083));
#2262 = CARTESIAN_POINT('',(0.745638864509,90.773794282907));
#2263 = CARTESIAN_POINT('',(0.777895621541,90.725511090953));
#2264 = CARTESIAN_POINT('',(0.810502873195,90.676891285144));
#2265 = CARTESIAN_POINT('',(0.843492897224,90.62818931664));
#2266 = CARTESIAN_POINT('',(0.876917737647,90.57965085706));
#2267 = CARTESIAN_POINT('',(0.910810846074,90.531574680098));
#2268 = CARTESIAN_POINT('',(0.960262199265,90.46358352403));
#2269 = CARTESIAN_POINT('',(0.975409847318,90.44303944891));
#2270 = CARTESIAN_POINT('',(0.99065632386,90.422672868939));
#2271 = CARTESIAN_POINT('',(1.006013592729,90.402499854319));
#2272 = CARTESIAN_POINT('',(1.021476009009,90.382560992445));
#2273 = CARTESIAN_POINT('',(1.037044259515,90.362889165917));
#2274 = CARTESIAN_POINT('',(1.0527279464,90.343506200037));
#2275 = CARTESIAN_POINT('',(1.068523731072,90.324452288611));
#2276 = CARTESIAN_POINT('',(1.09189509707,90.296994857582));
#2277 = CARTESIAN_POINT('',(1.099379405919,90.288311135213));
#2278 = CARTESIAN_POINT('',(1.106890316277,90.279709095858));
#2279 = CARTESIAN_POINT('',(1.114426424527,90.271193935897));
#2280 = CARTESIAN_POINT('',(1.121988526909,90.262768596744));
#2281 = CARTESIAN_POINT('',(1.12957828275,90.254435160955));
#2282 = CARTESIAN_POINT('',(1.137195337004,90.246197856458));
#2283 = CARTESIAN_POINT('',(1.144837540911,90.238062825094));
#2284 = CARTESIAN_POINT('',(1.167372186374,90.21446584807));
#2285 = CARTESIAN_POINT('',(1.182345236067,90.199284593597));
#2286 = CARTESIAN_POINT('',(1.197424836158,90.184518877867));
#2287 = CARTESIAN_POINT('',(1.212607995399,90.170200981973));
#2288 = CARTESIAN_POINT('',(1.227891939499,90.156362559212));
#2289 = CARTESIAN_POINT('',(1.24327409683,90.143034555833));
#2290 = CARTESIAN_POINT('',(1.258752084131,90.130247131795));
#2291 = CARTESIAN_POINT('',(1.274323692212,90.118029581517));
#2292 = CARTESIAN_POINT('',(1.304671102393,90.095517135683));
#2293 = CARTESIAN_POINT('',(1.319436299631,90.085149527382));
#2294 = CARTESIAN_POINT('',(1.334276794661,90.075333074667));
#2295 = CARTESIAN_POINT('',(1.349205049155,90.066082058009));
#2296 = CARTESIAN_POINT('',(1.364193320362,90.057435071561));
#2297 = CARTESIAN_POINT('',(1.379264374562,90.0493947512));
#2298 = CARTESIAN_POINT('',(1.394417805788,90.041987868899));
#2299 = CARTESIAN_POINT('',(1.409629728506,90.035241008441));
#2300 = CARTESIAN_POINT('',(1.453526352864,90.017787297316));
#2301 = CARTESIAN_POINT('',(1.482350341541,90.008782249096));
#2302 = CARTESIAN_POINT('',(1.511317624758,90.002276600751));
#2303 = CARTESIAN_POINT('',(1.540378064746,89.99835727329));
#2304 = CARTESIAN_POINT('',(1.569483017533,89.997074943101));
#2305 = CARTESIAN_POINT('',(1.598584506045,89.998443172222));
#2306 = CARTESIAN_POINT('',(1.627634395598,90.002438241523));
#2307 = CARTESIAN_POINT('',(1.65658357179,90.008999686779));
#2308 = CARTESIAN_POINT('',(1.697980048464,90.021982972398));
#2309 = CARTESIAN_POINT('',(1.710549949597,90.026407225405));
#2310 = CARTESIAN_POINT('',(1.723086852289,90.031296628207));
#2311 = CARTESIAN_POINT('',(1.735584564687,90.036640257976));
#2312 = CARTESIAN_POINT('',(1.74804337233,90.042430750651));
#2313 = CARTESIAN_POINT('',(1.760454671678,90.048653949236));
#2314 = CARTESIAN_POINT('',(1.772808710871,90.055293084718));
#2315 = CARTESIAN_POINT('',(1.785115266403,90.062342352702));
#2316 = CARTESIAN_POINT('',(1.808858312826,90.076768128728));
#2317 = CARTESIAN_POINT('',(1.820301580253,90.084096882898));
#2318 = CARTESIAN_POINT('',(1.831698943934,90.091764417652));
#2319 = CARTESIAN_POINT('',(1.843049766615,90.099760685653));
#2320 = CARTESIAN_POINT('',(1.854353371806,90.108075366912));
#2321 = CARTESIAN_POINT('',(1.865609041478,90.116697884101));
#2322 = CARTESIAN_POINT('',(1.876816013756,90.125617417853));
#2323 = CARTESIAN_POINT('',(1.887973480614,90.134822922079));
#2324 = CARTESIAN_POINT('',(1.909493496475,90.153190842888));
#2325 = CARTESIAN_POINT('',(1.919862143926,90.162319993447));
#2326 = CARTESIAN_POINT('',(1.930185821996,90.171681315049));
#2327 = CARTESIAN_POINT('',(1.940463787214,90.181265368476));
#2328 = CARTESIAN_POINT('',(1.950695256602,90.191062562284));
#2329 = CARTESIAN_POINT('',(1.960879405705,90.201063163886));
#2330 = CARTESIAN_POINT('',(1.971015366621,90.211257310636));
#2331 = CARTESIAN_POINT('',(1.981102226039,90.22163502092));
#2332 = CARTESIAN_POINT('',(2.009958018056,90.251969675837));
#2333 = CARTESIAN_POINT('',(2.028610365911,90.272372828874));
#2334 = CARTESIAN_POINT('',(2.047104387399,90.293346201838));
#2335 = CARTESIAN_POINT('',(2.065440888831,90.314833921528));
#2336 = CARTESIAN_POINT('',(2.083622967135,90.3367840281));
#2337 = CARTESIAN_POINT('',(2.101656073659,90.359148556161));
#2338 = CARTESIAN_POINT('',(2.119544286144,90.381879631335));
#2339 = CARTESIAN_POINT('',(2.137288738111,90.404927840673));
#2340 = CARTESIAN_POINT('',(2.185703634273,90.46906140088));
#2341 = CARTESIAN_POINT('',(2.216084277763,90.51070622509));
#2342 = CARTESIAN_POINT('',(2.246073422226,90.552964899223));
#2343 = CARTESIAN_POINT('',(2.275698053687,90.595626369584));
#2344 = CARTESIAN_POINT('',(2.30496322261,90.638457024004));
#2345 = CARTESIAN_POINT('',(2.333938395353,90.681338132592));
#2346 = CARTESIAN_POINT('',(2.362599464384,90.72402136575));
#2347 = CARTESIAN_POINT('',(2.391008205903,90.766398969707));
#2348 = CARTESIAN_POINT('',(2.440306434228,90.839726858908));
#2349 = CARTESIAN_POINT('',(2.461300384079,90.87088567123));
#2350 = CARTESIAN_POINT('',(2.482169312638,90.901709652423));
#2351 = CARTESIAN_POINT('',(2.502921913271,90.932134102392));
#2352 = CARTESIAN_POINT('',(2.523566757255,90.962096839728));
#2353 = CARTESIAN_POINT('',(2.544112319304,90.991538015264));
#2354 = CARTESIAN_POINT('',(2.564567003109,91.02039992563));
#2355 = CARTESIAN_POINT('',(2.584939166869,91.04862682681));
#2356 = CARTESIAN_POINT('',(2.612848892056,91.086491468034));
#2357 = CARTESIAN_POINT('',(2.620450472384,91.096721647668));
#2358 = CARTESIAN_POINT('',(2.628040528437,91.106850115679));
#2359 = CARTESIAN_POINT('',(2.635624243973,91.116880201702));
#2360 = CARTESIAN_POINT('',(2.643196709627,91.126802173644));
#2361 = CARTESIAN_POINT('',(2.650758211351,91.136613146407));
#2362 = CARTESIAN_POINT('',(2.658315200883,91.14631822296));
#2363 = CARTESIAN_POINT('',(2.665865216068,91.155910783896));
#2364 = CARTESIAN_POINT('',(2.699810135186,91.198558240388));
#2365 = CARTESIAN_POINT('',(2.726130467009,91.230316446839));
#2366 = CARTESIAN_POINT('',(2.752375545329,91.260531182591));
#2367 = CARTESIAN_POINT('',(2.778551750371,91.289079050165));
#2368 = CARTESIAN_POINT('',(2.804665802266,91.315845192113));
#2369 = CARTESIAN_POINT('',(2.830724739162,91.340723795323));
#2370 = CARTESIAN_POINT('',(2.856735895341,91.363618595316));
#2371 = CARTESIAN_POINT('',(2.882706879327,91.384443380555));
#2372 = CARTESIAN_POINT('',(2.921614888339,91.412462054833));
#2373 = CARTESIAN_POINT('',(2.9345761488,91.421265187429));
#2374 = CARTESIAN_POINT('',(2.947530318953,91.429522423833));
#2375 = CARTESIAN_POINT('',(2.960478401721,91.437224946262));
#2376 = CARTESIAN_POINT('',(2.973421418035,91.444364599151));
#2377 = CARTESIAN_POINT('',(2.98636040748,91.450933898468));
#2378 = CARTESIAN_POINT('',(2.999296428944,91.456926041024));
#2379 = CARTESIAN_POINT('',(3.012230561267,91.462334913786));
#2380 = CARTESIAN_POINT('',(3.031630575204,91.469565197887));
#2381 = CARTESIAN_POINT('',(3.038097048991,91.471828121619));
#2382 = CARTESIAN_POINT('',(3.044563462797,91.473943197468));
#2383 = CARTESIAN_POINT('',(3.051029955407,91.475909792131));
#2384 = CARTESIAN_POINT('',(3.0574966669,91.477727316101));
#2385 = CARTESIAN_POINT('',(3.063963738714,91.479395223862));
#2386 = CARTESIAN_POINT('',(3.070431313693,91.480913014076));
#2387 = CARTESIAN_POINT('',(3.076899536152,91.482280229775));
#2388 = CARTESIAN_POINT('',(3.089837567712,91.484712687327));
#2389 = CARTESIAN_POINT('',(3.096307697135,91.485777962556));
#2390 = CARTESIAN_POINT('',(3.102777793324,91.486691682049));
#2391 = CARTESIAN_POINT('',(3.109247401595,91.487453452314));
#2392 = CARTESIAN_POINT('',(3.115716537157,91.488063039611));
#2393 = CARTESIAN_POINT('',(3.122185462803,91.488520321005));
#2394 = CARTESIAN_POINT('',(3.128654466609,91.488825235427));
#2395 = CARTESIAN_POINT('',(3.135123639629,91.488977734725));
#2396 = CARTESIAN_POINT('',(3.14159265359,91.488977734725));
#2397 = ( GEOMETRIC_REPRESENTATION_CONTEXT(2) 
PARAMETRIC_REPRESENTATION_CONTEXT() REPRESENTATION_CONTEXT('2D SPACE',''
  ) );
#2398 = ORIENTED_EDGE('',*,*,#2399,.F.);
#2399 = EDGE_CURVE('',#2400,#2077,#2402,.T.);
#2400 = VERTEX_POINT('',#2401);
#2401 = CARTESIAN_POINT('',(1.16175183579E+03,134.47006778011,-386.85));
#2402 = SURFACE_CURVE('',#2403,(#2407,#2413),.PCURVE_S1.);
#2403 = LINE('',#2404,#2405);
#2404 = CARTESIAN_POINT('',(1.17191216818E+03,76.847959416638,-386.85));
#2405 = VECTOR('',#2406,1.);
#2406 = DIRECTION('',(0.173648177667,-0.984807753012,-0.));
#2407 = PCURVE('',#885,#2408);
#2408 = DEFINITIONAL_REPRESENTATION('',(#2409),#2412);
#2409 = B_SPLINE_CURVE_WITH_KNOTS('',1,(#2410,#2411),.UNSPECIFIED.,.F.,
  .F.,(2,2),(-63.11083599135,-38.74059730609),.PIECEWISE_BEZIER_KNOTS.);
#2410 = CARTESIAN_POINT('',(-3.14159265359,-63.11083599135));
#2411 = CARTESIAN_POINT('',(-3.14159265359,-38.74059730609));
#2412 = ( GEOMETRIC_REPRESENTATION_CONTEXT(2) 
PARAMETRIC_REPRESENTATION_CONTEXT() REPRESENTATION_CONTEXT('2D SPACE',''
  ) );
#2413 = PCURVE('',#2220,#2414);
#2414 = DEFINITIONAL_REPRESENTATION('',(#2415),#2419);
#2415 = LINE('',#2416,#2417);
#2416 = CARTESIAN_POINT('',(3.14159265359,50.));
#2417 = VECTOR('',#2418,1.);
#2418 = DIRECTION('',(0.,-1.));
#2419 = ( GEOMETRIC_REPRESENTATION_CONTEXT(2) 
PARAMETRIC_REPRESENTATION_CONTEXT() REPRESENTATION_CONTEXT('2D SPACE',''
  ) );
#2420 = ORIENTED_EDGE('',*,*,#2421,.F.);
#2421 = EDGE_CURVE('',#2422,#2400,#2424,.T.);
#2422 = VERTEX_POINT('',#2423);
#2423 = CARTESIAN_POINT('',(1.172092317197E+03,136.29337364565,-386.85)
  );
#2424 = SURFACE_CURVE('',#2425,(#2493,#2564),.PCURVE_S1.);
#2425 = B_SPLINE_CURVE_WITH_KNOTS('',6,(#2426,#2427,#2428,#2429,#2430,
    #2431,#2432,#2433,#2434,#2435,#2436,#2437,#2438,#2439,#2440,#2441,
    #2442,#2443,#2444,#2445,#2446,#2447,#2448,#2449,#2450,#2451,#2452,
    #2453,#2454,#2455,#2456,#2457,#2458,#2459,#2460,#2461,#2462,#2463,
    #2464,#2465,#2466,#2467,#2468,#2469,#2470,#2471,#2472,#2473,#2474,
    #2475,#2476,#2477,#2478,#2479,#2480,#2481,#2482,#2483,#2484,#2485,
    #2486,#2487,#2488,#2489,#2490,#2491,#2492),.UNSPECIFIED.,.F.,.F.,(7,
    5,5,5,5,5,5,5,5,5,5,5,5,7),(0.,0.174208423843,0.238199346028,
    0.292732534213,0.333349148059,0.387513674627,0.452719169545,
    0.548854272741,0.612554928561,0.664856780427,0.736616850584,
    0.825362922609,0.981933066629,1.),.UNSPECIFIED.);
#2426 = CARTESIAN_POINT('',(1.172092317197E+03,136.29337364565,-386.85)
  );
#2427 = CARTESIAN_POINT('',(1.172092317197E+03,136.29337364565,
    -387.2754907391));
#2428 = CARTESIAN_POINT('',(1.172047131987E+03,136.31132578017,
    -387.6998212735));
#2429 = CARTESIAN_POINT('',(1.171957225583E+03,136.347047218,
    -388.1196899942));
#2430 = CARTESIAN_POINT('',(1.17182307752E+03,136.39843531887,
    -388.531752119));
#2431 = CARTESIAN_POINT('',(1.171645408516E+03,136.46152402945,
    -388.9320290153));
#2432 = CARTESIAN_POINT('',(1.171345061304E+03,136.55687084452,
    -389.4568663951));
#2433 = CARTESIAN_POINT('',(1.171258617404E+03,136.58341069608,
    -389.5958037391));
#2434 = CARTESIAN_POINT('',(1.171166402061E+03,136.61064979168,
    -389.732557782));
#2435 = CARTESIAN_POINT('',(1.171068389443E+03,136.63834333431,
    -389.8669732758));
#2436 = CARTESIAN_POINT('',(1.170964541822E+03,136.66622669919,
    -389.9988656493));
#2437 = CARTESIAN_POINT('',(1.170761295144E+03,136.71769473289,
    -390.238087282));
#2438 = CARTESIAN_POINT('',(1.170663505391E+03,136.7413060618,
    -390.3461677914));
#2439 = CARTESIAN_POINT('',(1.17056138981E+03,136.76467598529,
    -390.4521512609));
#2440 = CARTESIAN_POINT('',(1.170454895072E+03,136.78761866052,
    -390.5558979656));
#2441 = CARTESIAN_POINT('',(1.170343964762E+03,136.80993297177,
    -390.6572398316));
#2442 = CARTESIAN_POINT('',(1.17014256983E+03,136.84739035506,
    -390.8295233131));
#2443 = CARTESIAN_POINT('',(1.170054105503E+03,136.86291049094,
    -390.9016242236));
#2444 = CARTESIAN_POINT('',(1.169963118241E+03,136.87787184738,
    -390.9722043945));
#2445 = CARTESIAN_POINT('',(1.169869582955E+03,136.89217862325,
    -391.0411723541));
#2446 = CARTESIAN_POINT('',(1.169773477564E+03,136.90572869131,
    -391.108424127));
#2447 = CARTESIAN_POINT('',(1.169543168276E+03,136.93532963121,
    -391.2610832722));
#2448 = CARTESIAN_POINT('',(1.16940691586E+03,136.95071132511,
    -391.3450863955));
#2449 = CARTESIAN_POINT('',(1.169266021318E+03,136.96429407188,
    -391.4255434322));
#2450 = CARTESIAN_POINT('',(1.169120500194E+03,136.97579584101,
    -391.5021144456));
#2451 = CARTESIAN_POINT('',(1.168970388186E+03,136.98491934754,
    -391.5744278128));
#2452 = CARTESIAN_POINT('',(1.168629571041E+03,136.99910078558,
    -391.7235209648));
#2453 = CARTESIAN_POINT('',(1.168436574472E+03,137.00296152185,
    -391.7983173237));
#2454 = CARTESIAN_POINT('',(1.168237378139E+03,137.00235124438,
    -391.865482759));
#2455 = CARTESIAN_POINT('',(1.168032666286E+03,136.99673398788,
    -391.9241352892));
#2456 = CARTESIAN_POINT('',(1.167823175859E+03,136.98564649536,
    -391.9734855584));
#2457 = CARTESIAN_POINT('',(1.167294942859E+03,136.9437688061,
    -392.0708267617));
#2458 = CARTESIAN_POINT('',(1.166971711304E+03,136.90614316044,
    -392.1070330412));
#2459 = CARTESIAN_POINT('',(1.166645488177E+03,136.85493184013,
    -392.1186857514));
#2460 = CARTESIAN_POINT('',(1.166321794104E+03,136.79041973777,
    -392.1049386576));
#2461 = CARTESIAN_POINT('',(1.166005897468E+03,136.71429187174,
    -392.0667284545));
#2462 = CARTESIAN_POINT('',(1.165501665949E+03,136.57304609948,
    -391.967268113));
#2463 = CARTESIAN_POINT('',(1.16530628132E+03,136.51288742973,
    -391.9181463305));
#2464 = CARTESIAN_POINT('',(1.165117021267E+03,136.44943827226,
    -391.8602099986));
#2465 = CARTESIAN_POINT('',(1.164934369225E+03,136.38333940809,
    -391.7941987516));
#2466 = CARTESIAN_POINT('',(1.164758741283E+03,136.31527506066,
    -391.7209330447));
#2467 = CARTESIAN_POINT('',(1.164452344489E+03,136.18903365861,
    -391.5759601488));
#2468 = CARTESIAN_POINT('',(1.164319027547E+03,136.13120720128,
    -391.5062518811));
#2469 = CARTESIAN_POINT('',(1.164190491638E+03,136.07275272651,
    -391.4325631546));
#2470 = CARTESIAN_POINT('',(1.164066677189E+03,136.01393381955,
    -391.3552300505));
#2471 = CARTESIAN_POINT('',(1.163947512441E+03,135.95499572876,
    -391.2745613989));
#2472 = CARTESIAN_POINT('',(1.163675681236E+03,135.81544384076,
    -391.0759701411));
#2473 = CARTESIAN_POINT('',(1.163527004649E+03,135.73490311983,
    -390.9553244069));
#2474 = CARTESIAN_POINT('',(1.163386564291E+03,135.655064513,
    -390.8295392777));
#2475 = CARTESIAN_POINT('',(1.163254051062E+03,135.57638904537,
    -390.6991447343));
#2476 = CARTESIAN_POINT('',(1.16312916622E+03,135.4992812201,
    -390.5645631858));
#2477 = CARTESIAN_POINT('',(1.162866251463E+03,135.33111069028,
    -390.2548815548));
#2478 = CARTESIAN_POINT('',(1.162732082501E+03,135.24104923292,
    -390.0777008793));
#2479 = CARTESIAN_POINT('',(1.162608668602E+03,135.15463978383,
    -389.8952614555));
#2480 = CARTESIAN_POINT('',(1.162495614695E+03,135.07252912931,
    -389.7080986376));
#2481 = CARTESIAN_POINT('',(1.162392592912E+03,134.99530521404,
    -389.5166223166));
#2482 = CARTESIAN_POINT('',(1.162134873047E+03,134.79687623642,
    -388.9762903198));
#2483 = CARTESIAN_POINT('',(1.162000532635E+03,134.68691561994,
    -388.6183190978));
#2484 = CARTESIAN_POINT('',(1.161896002636E+03,134.59739610214,
    -388.2505336218));
#2485 = CARTESIAN_POINT('',(1.161820769652E+03,134.53124228766,
    -387.8757135849));
#2486 = CARTESIAN_POINT('',(1.161774596484E+03,134.49029637821,
    -387.4962863123));
#2487 = CARTESIAN_POINT('',(1.161755737844E+03,134.47353913535,
    -387.0704638383));
#2488 = CARTESIAN_POINT('',(1.161754177026E+03,134.4721511441,
    -387.026390879));
#2489 = CARTESIAN_POINT('',(1.161753006406E+03,134.47110959758,
    -386.9823029754));
#2490 = CARTESIAN_POINT('',(1.161752225991E+03,134.47041504915,
    -386.9382050829));
#2491 = CARTESIAN_POINT('',(1.161751835786E+03,134.47006777621,
    -386.8941022063));
#2492 = CARTESIAN_POINT('',(1.16175183579E+03,134.47006778015,
    -386.8499994));
#2493 = PCURVE('',#885,#2494);
#2494 = DEFINITIONAL_REPRESENTATION('',(#2495),#2563);
#2495 = B_SPLINE_CURVE_WITH_KNOTS('',6,(#2496,#2497,#2498,#2499,#2500,
    #2501,#2502,#2503,#2504,#2505,#2506,#2507,#2508,#2509,#2510,#2511,
    #2512,#2513,#2514,#2515,#2516,#2517,#2518,#2519,#2520,#2521,#2522,
    #2523,#2524,#2525,#2526,#2527,#2528,#2529,#2530,#2531,#2532,#2533,
    #2534,#2535,#2536,#2537,#2538,#2539,#2540,#2541,#2542,#2543,#2544,
    #2545,#2546,#2547,#2548,#2549,#2550,#2551,#2552,#2553,#2554,#2555,
    #2556,#2557,#2558,#2559,#2560,#2561,#2562),.UNSPECIFIED.,.F.,.F.,(7,
    5,5,5,5,5,5,5,5,5,5,5,5,7),(0.,0.174208423843,0.238199346028,
    0.292732534213,0.333349148059,0.387513674627,0.452719169545,
    0.548854272741,0.612554928561,0.664856780427,0.736616850584,
    0.825362922609,0.981933066629,1.),.UNSPECIFIED.);
#2496 = CARTESIAN_POINT('',(0.,-58.51102226527));
#2497 = CARTESIAN_POINT('',(-8.104585508449E-02,-58.51102226527));
#2498 = CARTESIAN_POINT('',(-0.161870636339,-58.53654799597));
#2499 = CARTESIAN_POINT('',(-0.242804248395,-58.58733882809));
#2500 = CARTESIAN_POINT('',(-0.324139741853,-58.66124079489));
#2501 = CARTESIAN_POINT('',(-0.406123067364,-58.75422294491));
#2502 = CARTESIAN_POINT('',(-0.519359881146,-58.90027597364));
#2503 = CARTESIAN_POINT('',(-0.549927234383,-58.94142345097));
#2504 = CARTESIAN_POINT('',(-0.580675776634,-58.98426174979));
#2505 = CARTESIAN_POINT('',(-0.611638552176,-59.02855427767));
#2506 = CARTESIAN_POINT('',(-0.642849215341,-59.07404698178));
#2507 = CARTESIAN_POINT('',(-0.70118367367,-59.16002651572));
#2508 = CARTESIAN_POINT('',(-0.72823020481,-59.20026014777));
#2509 = CARTESIAN_POINT('',(-0.755511193094,-59.24100721425));
#2510 = CARTESIAN_POINT('',(-0.783053377815,-59.28209395591));
#2511 = CARTESIAN_POINT('',(-0.810883861788,-59.32333210884));
#2512 = CARTESIAN_POINT('',(-0.859995954815,-59.39519229325));
#2513 = CARTESIAN_POINT('',(-0.881136749129,-59.42583831253));
#2514 = CARTESIAN_POINT('',(-0.902466282937,-59.45637214453));
#2515 = CARTESIAN_POINT('',(-0.923996899518,-59.48670380036));
#2516 = CARTESIAN_POINT('',(-0.945740851892,-59.51673653844));
#2517 = CARTESIAN_POINT('',(-0.997007794542,-59.58588056169));
#2518 = CARTESIAN_POINT('',(-1.026713851599,-59.62468855675));
#2519 = CARTESIAN_POINT('',(-1.056848279778,-59.66253103155));
#2520 = CARTESIAN_POINT('',(-1.087431126018,-59.69912754103));
#2521 = CARTESIAN_POINT('',(-1.118484100286,-59.73417911762));
#2522 = CARTESIAN_POINT('',(-1.188010659481,-59.80732738381));
#2523 = CARTESIAN_POINT('',(-1.226758401107,-59.84464296945));
#2524 = CARTESIAN_POINT('',(-1.266207658493,-59.87863204354));
#2525 = CARTESIAN_POINT('',(-1.306307161365,-59.90864796605));
#2526 = CARTESIAN_POINT('',(-1.347017930112,-59.93410654839));
#2527 = CARTESIAN_POINT('',(-1.449186772646,-59.98459177316));
#2528 = CARTESIAN_POINT('',(-1.511287889267,-60.00366631615));
#2529 = CARTESIAN_POINT('',(-1.573940329801,-60.00988106239));
#2530 = CARTESIAN_POINT('',(-1.636574122018,-60.00255792962));
#2531 = CARTESIAN_POINT('',(-1.698617869289,-59.98244149208));
#2532 = CARTESIAN_POINT('',(-1.799666461909,-59.9309004449));
#2533 = CARTESIAN_POINT('',(-1.839376020312,-59.90558390538));
#2534 = CARTESIAN_POINT('',(-1.878496231606,-59.87596334642));
#2535 = CARTESIAN_POINT('',(-1.916992184164,-59.84258586671));
#2536 = CARTESIAN_POINT('',(-1.954817869809,-59.80605304184));
#2537 = CARTESIAN_POINT('',(-2.022369874085,-59.73493477531));
#2538 = CARTESIAN_POINT('',(-2.052366170322,-59.70113707578));
#2539 = CARTESIAN_POINT('',(-2.081923692446,-59.66589068214));
#2540 = CARTESIAN_POINT('',(-2.111061764345,-59.62946552008));
#2541 = CARTESIAN_POINT('',(-2.139798232573,-59.59211557261));
#2542 = CARTESIAN_POINT('',(-2.207051215434,-59.50188678478));
#2543 = CARTESIAN_POINT('',(-2.245238673092,-59.44838707676));
#2544 = CARTESIAN_POINT('',(-2.28278594396,-59.39414860993));
#2545 = CARTESIAN_POINT('',(-2.319758500694,-59.33967908023));
#2546 = CARTESIAN_POINT('',(-2.356220660852,-59.28542872129));
#2547 = CARTESIAN_POINT('',(-2.436789516764,-59.16546774803));
#2548 = CARTESIAN_POINT('',(-2.48067049075,-59.10007272238));
#2549 = CARTESIAN_POINT('',(-2.523987213377,-59.03640662561));
#2550 = CARTESIAN_POINT('',(-2.566836864545,-58.97517502133));
#2551 = CARTESIAN_POINT('',(-2.609314121579,-58.91701385583));
#2552 = CARTESIAN_POINT('',(-2.725964775288,-58.76635204519));
#2553 = CARTESIAN_POINT('',(-2.799697513995,-58.6813899453));
#2554 = CARTESIAN_POINT('',(-2.872872181985,-58.61138187398));
#2555 = CARTESIAN_POINT('',(-2.945692020521,-58.55929715506));
#2556 = CARTESIAN_POINT('',(-3.018376681428,-58.52699119241));
#2557 = CARTESIAN_POINT('',(-3.099588870829,-58.51376329835));
#2558 = CARTESIAN_POINT('',(-3.107990122693,-58.51266742694));
#2559 = CARTESIAN_POINT('',(-3.116391019788,-58.51184497985));
#2560 = CARTESIAN_POINT('',(-3.124791685399,-58.51129650076));
#2561 = CARTESIAN_POINT('',(-3.133192233324,-58.51102226216));
#2562 = CARTESIAN_POINT('',(-3.141592767876,-58.51102226527));
#2563 = ( GEOMETRIC_REPRESENTATION_CONTEXT(2) 
PARAMETRIC_REPRESENTATION_CONTEXT() REPRESENTATION_CONTEXT('2D SPACE',''
  ) );
#2564 = PCURVE('',#2220,#2565);
#2565 = DEFINITIONAL_REPRESENTATION('',(#2566),#2737);
#2566 = B_SPLINE_CURVE_WITH_KNOTS('',9,(#2567,#2568,#2569,#2570,#2571,
    #2572,#2573,#2574,#2575,#2576,#2577,#2578,#2579,#2580,#2581,#2582,
    #2583,#2584,#2585,#2586,#2587,#2588,#2589,#2590,#2591,#2592,#2593,
    #2594,#2595,#2596,#2597,#2598,#2599,#2600,#2601,#2602,#2603,#2604,
    #2605,#2606,#2607,#2608,#2609,#2610,#2611,#2612,#2613,#2614,#2615,
    #2616,#2617,#2618,#2619,#2620,#2621,#2622,#2623,#2624,#2625,#2626,
    #2627,#2628,#2629,#2630,#2631,#2632,#2633,#2634,#2635,#2636,#2637,
    #2638,#2639,#2640,#2641,#2642,#2643,#2644,#2645,#2646,#2647,#2648,
    #2649,#2650,#2651,#2652,#2653,#2654,#2655,#2656,#2657,#2658,#2659,
    #2660,#2661,#2662,#2663,#2664,#2665,#2666,#2667,#2668,#2669,#2670,
    #2671,#2672,#2673,#2674,#2675,#2676,#2677,#2678,#2679,#2680,#2681,
    #2682,#2683,#2684,#2685,#2686,#2687,#2688,#2689,#2690,#2691,#2692,
    #2693,#2694,#2695,#2696,#2697,#2698,#2699,#2700,#2701,#2702,#2703,
    #2704,#2705,#2706,#2707,#2708,#2709,#2710,#2711,#2712,#2713,#2714,
    #2715,#2716,#2717,#2718,#2719,#2720,#2721,#2722,#2723,#2724,#2725,
    #2726,#2727,#2728,#2729,#2730,#2731,#2732,#2733,#2734,#2735,#2736),
  .UNSPECIFIED.,.F.,.F.,(10,8,8,8,8,8,8,8,8,8,8,8,8,8,8,8,8,8,8,8,8,10),
  (0.,0.124999994879,0.152343743759,0.178833000487,0.230155935396,
    0.326386438351,0.368487283393,0.388222054507,0.42645817354,
    0.462304535134,0.529516463121,0.558921681616,0.586489073955,
    0.612333504272,0.660791811118,0.745593848097,0.809195375831,
    0.833045948732,0.916522953883,0.958261456459,0.979130707747,
    0.999999959034),.UNSPECIFIED.);
#2567 = CARTESIAN_POINT('',(0.,108.51102226527));
#2568 = CARTESIAN_POINT('',(3.876862456703E-02,108.51102226527));
#2569 = CARTESIAN_POINT('',(7.748983974796E-02,108.51649807853));
#2570 = CARTESIAN_POINT('',(0.116192623123,108.52742678072));
#2571 = CARTESIAN_POINT('',(0.154904844342,108.54372570108));
#2572 = CARTESIAN_POINT('',(0.193653124826,108.56525257049));
#2573 = CARTESIAN_POINT('',(0.232462713994,108.59180671906));
#2574 = CARTESIAN_POINT('',(0.271357382017,108.62313132313));
#2575 = CARTESIAN_POINT('',(0.310359329088,108.65891670175));
#2576 = CARTESIAN_POINT('',(0.358048751071,108.70753015407));
#2577 = CARTESIAN_POINT('',(0.366614507894,108.71645196042));
#2578 = CARTESIAN_POINT('',(0.375186596745,108.72556633246));
#2579 = CARTESIAN_POINT('',(0.383765228846,108.73486940965));
#2580 = CARTESIAN_POINT('',(0.392350611521,108.7443572225));
#2581 = CARTESIAN_POINT('',(0.400942948126,108.75402569504));
#2582 = CARTESIAN_POINT('',(0.409542437981,108.76387064718));
#2583 = CARTESIAN_POINT('',(0.418149276305,108.77388779713));
#2584 = CARTESIAN_POINT('',(0.435108832667,108.79393945028));
#2585 = CARTESIAN_POINT('',(0.443461161023,108.80396373133));
#2586 = CARTESIAN_POINT('',(0.451819959276,108.81414046371));
#2587 = CARTESIAN_POINT('',(0.460189756031,108.82447143038));
#2588 = CARTESIAN_POINT('',(0.468557676439,108.83493512915));
#2589 = CARTESIAN_POINT('',(0.476949082819,108.84556058794));
#2590 = CARTESIAN_POINT('',(0.485331964449,108.85630131035));
#2591 = CARTESIAN_POINT('',(0.49373174951,108.86718578756));
#2592 = CARTESIAN_POINT('',(0.518436824099,108.89954350856));
#2593 = CARTESIAN_POINT('',(0.534773682877,108.92138086229));
#2594 = CARTESIAN_POINT('',(0.551156745078,108.94368574332));
#2595 = CARTESIAN_POINT('',(0.56759014447,108.96642984211));
#2596 = CARTESIAN_POINT('',(0.584077996434,108.98958402046));
#2597 = CARTESIAN_POINT('',(0.600624426876,109.01311829266));
#2598 = CARTESIAN_POINT('',(0.617233601153,109.03700180661));
#2599 = CARTESIAN_POINT('',(0.633909752985,109.06120282495));
#2600 = CARTESIAN_POINT('',(0.68205870161,109.13159973343));
#2601 = CARTESIAN_POINT('',(0.71371107953,109.17851255963));
#2602 = CARTESIAN_POINT('',(0.745638867243,109.22620572116));
#2603 = CARTESIAN_POINT('',(0.777895624409,109.27448891277));
#2604 = CARTESIAN_POINT('',(0.810502876205,109.32310871897));
#2605 = CARTESIAN_POINT('',(0.843492900385,109.37181068827));
#2606 = CARTESIAN_POINT('',(0.876917740957,109.42034914753));
#2607 = CARTESIAN_POINT('',(0.910810849546,109.46842532481));
#2608 = CARTESIAN_POINT('',(0.960262202977,109.53641648101));
#2609 = CARTESIAN_POINT('',(0.975409851102,109.55696055616));
#2610 = CARTESIAN_POINT('',(0.990656327726,109.57732713547));
#2611 = CARTESIAN_POINT('',(1.006013596672,109.59750015075));
#2612 = CARTESIAN_POINT('',(1.021476013032,109.61743901291));
#2613 = CARTESIAN_POINT('',(1.037044263623,109.63711083897));
#2614 = CARTESIAN_POINT('',(1.052727950588,109.65649380518));
#2615 = CARTESIAN_POINT('',(1.068523735345,109.67554771653));
#2616 = CARTESIAN_POINT('',(1.091895101467,109.70300514752));
#2617 = CARTESIAN_POINT('',(1.099379410356,109.71168886989));
#2618 = CARTESIAN_POINT('',(1.106890320753,109.72029090921));
#2619 = CARTESIAN_POINT('',(1.114426429044,109.72880606917));
#2620 = CARTESIAN_POINT('',(1.121988531468,109.73723140833));
#2621 = CARTESIAN_POINT('',(1.129578287351,109.74556484409));
#2622 = CARTESIAN_POINT('',(1.137195341646,109.75380214852));
#2623 = CARTESIAN_POINT('',(1.144837545596,109.76193717988));
#2624 = CARTESIAN_POINT('',(1.167372191188,109.78553415683));
#2625 = CARTESIAN_POINT('',(1.18234524096,109.80071541123));
#2626 = CARTESIAN_POINT('',(1.197424841127,109.81548112688));
#2627 = CARTESIAN_POINT('',(1.212608000442,109.82979902268));
#2628 = CARTESIAN_POINT('',(1.227891944617,109.84363744533));
#2629 = CARTESIAN_POINT('',(1.243274102024,109.8569654486));
#2630 = CARTESIAN_POINT('',(1.258752089402,109.86975287251));
#2631 = CARTESIAN_POINT('',(1.274323697561,109.88197042265));
#2632 = CARTESIAN_POINT('',(1.304671107898,109.9044828682));
#2633 = CARTESIAN_POINT('',(1.319436305222,109.91485047538));
#2634 = CARTESIAN_POINT('',(1.334276800291,109.92466693278));
#2635 = CARTESIAN_POINT('',(1.349205054918,109.9339179336));
#2636 = CARTESIAN_POINT('',(1.364193326161,109.94256493868));
#2637 = CARTESIAN_POINT('',(1.379264380474,109.95060525182));
#2638 = CARTESIAN_POINT('',(1.394417811734,109.95801213471));
#2639 = CARTESIAN_POINT('',(1.409629734517,109.96475899419));
#2640 = CARTESIAN_POINT('',(1.45352635905,109.98221270468));
#2641 = CARTESIAN_POINT('',(1.482350347834,109.99121775244));
#2642 = CARTESIAN_POINT('',(1.511317631149,109.99772340031));
#2643 = CARTESIAN_POINT('',(1.540378071229,110.00164272727));
#2644 = CARTESIAN_POINT('',(1.569483024099,110.00292505693));
#2645 = CARTESIAN_POINT('',(1.598584512685,110.00155682727));
#2646 = CARTESIAN_POINT('',(1.627634402304,109.99756175743));
#2647 = CARTESIAN_POINT('',(1.656583578552,109.99100031162));
#2648 = CARTESIAN_POINT('',(1.697980055292,109.97801702522));
#2649 = CARTESIAN_POINT('',(1.710549956443,109.97359277196));
#2650 = CARTESIAN_POINT('',(1.723086859151,109.96870336837));
#2651 = CARTESIAN_POINT('',(1.735584571562,109.96335973879));
#2652 = CARTESIAN_POINT('',(1.748043379217,109.9575692459));
#2653 = CARTESIAN_POINT('',(1.760454678575,109.95134604671));
#2654 = CARTESIAN_POINT('',(1.772808717773,109.94470691156));
#2655 = CARTESIAN_POINT('',(1.785115273316,109.93765764331));
#2656 = CARTESIAN_POINT('',(1.808858319753,109.92323186686));
#2657 = CARTESIAN_POINT('',(1.820301587186,109.91590311249));
#2658 = CARTESIAN_POINT('',(1.831698950872,109.90823557753));
#2659 = CARTESIAN_POINT('',(1.843049773559,109.90023930933));
#2660 = CARTESIAN_POINT('',(1.854353378755,109.89192462788));
#2661 = CARTESIAN_POINT('',(1.865609048431,109.8833021105));
#2662 = CARTESIAN_POINT('',(1.876816020712,109.87438257656));
#2663 = CARTESIAN_POINT('',(1.887973487573,109.86517707215));
#2664 = CARTESIAN_POINT('',(1.909493503438,109.846809151));
#2665 = CARTESIAN_POINT('',(1.91986215089,109.83768000028));
#2666 = CARTESIAN_POINT('',(1.93018582896,109.82831867851));
#2667 = CARTESIAN_POINT('',(1.940463794178,109.81873462493));
#2668 = CARTESIAN_POINT('',(1.950695263566,109.80893743097));
#2669 = CARTESIAN_POINT('',(1.960879412667,109.79893682922));
#2670 = CARTESIAN_POINT('',(1.971015373581,109.78874268232));
#2671 = CARTESIAN_POINT('',(1.981102232996,109.7783649719));
#2672 = CARTESIAN_POINT('',(2.009958025003,109.74803031659));
#2673 = CARTESIAN_POINT('',(2.028610372865,109.72762716329));
#2674 = CARTESIAN_POINT('',(2.047104394341,109.70665379013));
#2675 = CARTESIAN_POINT('',(2.065440895767,109.68516607023));
#2676 = CARTESIAN_POINT('',(2.083622974076,109.66321596343));
#2677 = CARTESIAN_POINT('',(2.1016560806,109.64085143516));
#2678 = CARTESIAN_POINT('',(2.119544293077,109.61812035982));
#2679 = CARTESIAN_POINT('',(2.137288745045,109.5950721503));
#2680 = CARTESIAN_POINT('',(2.185703641204,109.53093858965));
#2681 = CARTESIAN_POINT('',(2.216084284491,109.489293766));
#2682 = CARTESIAN_POINT('',(2.246073430379,109.44703508471));
#2683 = CARTESIAN_POINT('',(2.27569805739,109.40437362715));
#2684 = CARTESIAN_POINT('',(2.304963233706,109.36154295317));
#2685 = CARTESIAN_POINT('',(2.333938399282,109.31866186671));
#2686 = CARTESIAN_POINT('',(2.36259947221,109.27597862144));
#2687 = CARTESIAN_POINT('',(2.39100821333,109.23360101922));
#2688 = CARTESIAN_POINT('',(2.440306439989,109.16027313251));
#2689 = CARTESIAN_POINT('',(2.461300388795,109.12911432176));
#2690 = CARTESIAN_POINT('',(2.482169316516,109.09829034187));
#2691 = CARTESIAN_POINT('',(2.502921916654,109.06786589271));
#2692 = CARTESIAN_POINT('',(2.523566760363,109.03790315585));
#2693 = CARTESIAN_POINT('',(2.54411232212,109.00846198078));
#2694 = CARTESIAN_POINT('',(2.564567005404,108.97960007117));
#2695 = CARTESIAN_POINT('',(2.584939168373,108.95137317109));
#2696 = CARTESIAN_POINT('',(2.612848892479,108.91350853135));
#2697 = CARTESIAN_POINT('',(2.620450472485,108.90327835219));
#2698 = CARTESIAN_POINT('',(2.628040528372,108.89314988361));
#2699 = CARTESIAN_POINT('',(2.635624243503,108.88311979854));
#2700 = CARTESIAN_POINT('',(2.643196708959,108.87319782701));
#2701 = CARTESIAN_POINT('',(2.650758210814,108.8633868538));
#2702 = CARTESIAN_POINT('',(2.658315200376,108.85368177785));
#2703 = CARTESIAN_POINT('',(2.665865215554,108.84408921675));
#2704 = CARTESIAN_POINT('',(2.699810134709,108.80144176018));
#2705 = CARTESIAN_POINT('',(2.726130466561,108.76968355367));
#2706 = CARTESIAN_POINT('',(2.75237554491,108.73946881787));
#2707 = CARTESIAN_POINT('',(2.778551749981,108.71092095024));
#2708 = CARTESIAN_POINT('',(2.804665801905,108.68415480824));
#2709 = CARTESIAN_POINT('',(2.83072473883,108.65927620498));
#2710 = CARTESIAN_POINT('',(2.856735895036,108.63638140494));
#2711 = CARTESIAN_POINT('',(2.88270687905,108.61555661966));
#2712 = CARTESIAN_POINT('',(2.921614888104,108.58753794532));
#2713 = CARTESIAN_POINT('',(2.93457614858,108.57873481271));
#2714 = CARTESIAN_POINT('',(2.947530318746,108.57047757629));
#2715 = CARTESIAN_POINT('',(2.960478401528,108.56277505384));
#2716 = CARTESIAN_POINT('',(2.973421417855,108.55563540094));
#2717 = CARTESIAN_POINT('',(2.986360407314,108.54906610161));
#2718 = CARTESIAN_POINT('',(2.999296428792,108.54307395904));
#2719 = CARTESIAN_POINT('',(3.012230561129,108.53766508627));
#2720 = CARTESIAN_POINT('',(3.031630575087,108.53043480215));
#2721 = CARTESIAN_POINT('',(3.038097048881,108.52817187841));
#2722 = CARTESIAN_POINT('',(3.044563462694,108.52605680256));
#2723 = CARTESIAN_POINT('',(3.05102995531,108.52409020789));
#2724 = CARTESIAN_POINT('',(3.057496666811,108.52227268392));
#2725 = CARTESIAN_POINT('',(3.063963738631,108.52060477615));
#2726 = CARTESIAN_POINT('',(3.070431313617,108.51908698594));
#2727 = CARTESIAN_POINT('',(3.076899536083,108.51771977023));
#2728 = CARTESIAN_POINT('',(3.089837567657,108.51528731268));
#2729 = CARTESIAN_POINT('',(3.096307697087,108.51422203745));
#2730 = CARTESIAN_POINT('',(3.102777793282,108.51330831795));
#2731 = CARTESIAN_POINT('',(3.109247401561,108.51254654768));
#2732 = CARTESIAN_POINT('',(3.11571653713,108.51193696039));
#2733 = CARTESIAN_POINT('',(3.122185462783,108.51147967899));
#2734 = CARTESIAN_POINT('',(3.128654466595,108.51117476457));
#2735 = CARTESIAN_POINT('',(3.135123639622,108.51102226527));
#2736 = CARTESIAN_POINT('',(3.14159265359,108.51102226527));
#2737 = ( GEOMETRIC_REPRESENTATION_CONTEXT(2) 
PARAMETRIC_REPRESENTATION_CONTEXT() REPRESENTATION_CONTEXT('2D SPACE',''
  ) );
#2738 = ORIENTED_EDGE('',*,*,#2739,.T.);
#2739 = EDGE_CURVE('',#2422,#904,#2740,.T.);
#2740 = SEAM_CURVE('',#2741,(#2745,#2752),.PCURVE_S1.);
#2741 = LINE('',#2742,#2743);
#2742 = CARTESIAN_POINT('',(1.182252649587E+03,78.671265282141,-386.85)
  );
#2743 = VECTOR('',#2744,1.);
#2744 = DIRECTION('',(-0.173648177667,0.984807753012,0.));
#2745 = PCURVE('',#885,#2746);
#2746 = DEFINITIONAL_REPRESENTATION('',(#2747),#2751);
#2747 = LINE('',#2748,#2749);
#2748 = CARTESIAN_POINT('',(-6.28318530718,0.));
#2749 = VECTOR('',#2750,1.);
#2750 = DIRECTION('',(-0.,-1.));
#2751 = ( GEOMETRIC_REPRESENTATION_CONTEXT(2) 
PARAMETRIC_REPRESENTATION_CONTEXT() REPRESENTATION_CONTEXT('2D SPACE',''
  ) );
#2752 = PCURVE('',#885,#2753);
#2753 = DEFINITIONAL_REPRESENTATION('',(#2754),#2758);
#2754 = LINE('',#2755,#2756);
#2755 = CARTESIAN_POINT('',(-0.,0.));
#2756 = VECTOR('',#2757,1.);
#2757 = DIRECTION('',(-0.,-1.));
#2758 = ( GEOMETRIC_REPRESENTATION_CONTEXT(2) 
PARAMETRIC_REPRESENTATION_CONTEXT() REPRESENTATION_CONTEXT('2D SPACE',''
  ) );
#2759 = ORIENTED_EDGE('',*,*,#903,.T.);
#2760 = ORIENTED_EDGE('',*,*,#2739,.F.);
#2761 = ORIENTED_EDGE('',*,*,#2762,.F.);
#2762 = EDGE_CURVE('',#2054,#2422,#2763,.T.);
#2763 = SURFACE_CURVE('',#2764,(#2768,#2775),.PCURVE_S1.);
#2764 = LINE('',#2765,#2766);
#2765 = CARTESIAN_POINT('',(1.182252649587E+03,78.671265282141,-386.85)
  );
#2766 = VECTOR('',#2767,1.);
#2767 = DIRECTION('',(-0.173648177667,0.984807753012,0.));
#2768 = PCURVE('',#885,#2769);
#2769 = DEFINITIONAL_REPRESENTATION('',(#2770),#2774);
#2770 = LINE('',#2771,#2772);
#2771 = CARTESIAN_POINT('',(-6.28318530718,0.));
#2772 = VECTOR('',#2773,1.);
#2773 = DIRECTION('',(-0.,-1.));
#2774 = ( GEOMETRIC_REPRESENTATION_CONTEXT(2) 
PARAMETRIC_REPRESENTATION_CONTEXT() REPRESENTATION_CONTEXT('2D SPACE',''
  ) );
#2775 = PCURVE('',#2220,#2776);
#2776 = DEFINITIONAL_REPRESENTATION('',(#2777),#2780);
#2777 = B_SPLINE_CURVE_WITH_KNOTS('',1,(#2778,#2779),.UNSPECIFIED.,.F.,
  .F.,(2,2),(41.488977734726,58.511022265275),.PIECEWISE_BEZIER_KNOTS.);
#2778 = CARTESIAN_POINT('',(0.,91.488977734726));
#2779 = CARTESIAN_POINT('',(0.,108.51102226527));
#2780 = ( GEOMETRIC_REPRESENTATION_CONTEXT(2) 
PARAMETRIC_REPRESENTATION_CONTEXT() REPRESENTATION_CONTEXT('2D SPACE',''
  ) );
#2781 = ORIENTED_EDGE('',*,*,#2053,.F.);
#2782 = FACE_BOUND('',#2783,.T.);
#2783 = EDGE_LOOP('',(#2784,#2813,#2837,#2859));
#2784 = ORIENTED_EDGE('',*,*,#2785,.F.);
#2785 = EDGE_CURVE('',#2786,#2788,#2790,.T.);
#2786 = VERTEX_POINT('',#2787);
#2787 = CARTESIAN_POINT('',(1.171566043427E+03,113.61416128739,
    -381.6603150581));
#2788 = VERTEX_POINT('',#2789);
#2789 = CARTESIAN_POINT('',(1.172955228848E+03,105.73569926329,
    -381.6603150581));
#2790 = SURFACE_CURVE('',#2791,(#2795,#2801),.PCURVE_S1.);
#2791 = LINE('',#2792,#2793);
#2792 = CARTESIAN_POINT('',(1.177863871182E+03,77.897405237028,
    -381.6603150581));
#2793 = VECTOR('',#2794,1.);
#2794 = DIRECTION('',(0.173648177667,-0.984807753012,-0.));
#2795 = PCURVE('',#885,#2796);
#2796 = DEFINITIONAL_REPRESENTATION('',(#2797),#2800);
#2797 = B_SPLINE_CURVE_WITH_KNOTS('',1,(#2798,#2799),.UNSPECIFIED.,.F.,
  .F.,(2,2),(-37.06774458377,-27.46774458377),.PIECEWISE_BEZIER_KNOTS.);
#2798 = CARTESIAN_POINT('',(-4.86411668426,-37.06774458377));
#2799 = CARTESIAN_POINT('',(-4.86411668426,-27.46774458377));
#2800 = ( GEOMETRIC_REPRESENTATION_CONTEXT(2) 
PARAMETRIC_REPRESENTATION_CONTEXT() REPRESENTATION_CONTEXT('2D SPACE',''
  ) );
#2801 = PCURVE('',#2802,#2807);
#2802 = CYLINDRICAL_SURFACE('',#2803,5.25);
#2803 = AXIS2_PLACEMENT_3D('',#2804,#2805,#2806);
#2804 = CARTESIAN_POINT('',(1.185764817767E+03,28.519224698779,-386.85)
  );
#2805 = DIRECTION('',(-0.173648177667,0.984807753012,0.));
#2806 = DIRECTION('',(0.984807753012,0.173648177667,0.));
#2807 = DEFINITIONAL_REPRESENTATION('',(#2808),#2812);
#2808 = LINE('',#2809,#2810);
#2809 = CARTESIAN_POINT('',(4.86411668426,50.));
#2810 = VECTOR('',#2811,1.);
#2811 = DIRECTION('',(0.,-1.));
#2812 = ( GEOMETRIC_REPRESENTATION_CONTEXT(2) 
PARAMETRIC_REPRESENTATION_CONTEXT() REPRESENTATION_CONTEXT('2D SPACE',''
  ) );
#2813 = ORIENTED_EDGE('',*,*,#2814,.T.);
#2814 = EDGE_CURVE('',#2786,#2815,#2817,.T.);
#2815 = VERTEX_POINT('',#2816);
#2816 = CARTESIAN_POINT('',(1.17000311883E+03,113.33857551211,
    -392.0396849418));
#2817 = SURFACE_CURVE('',#2818,(#2823,#2830),.PCURVE_S1.);
#2818 = CIRCLE('',#2819,5.25);
#2819 = AXIS2_PLACEMENT_3D('',#2820,#2821,#2822);
#2820 = CARTESIAN_POINT('',(1.170784581128E+03,113.47636839975,-386.85)
  );
#2821 = DIRECTION('',(0.173648177667,-0.984807753012,-0.));
#2822 = DIRECTION('',(0.984807753012,0.173648177667,0.));
#2823 = PCURVE('',#885,#2824);
#2824 = DEFINITIONAL_REPRESENTATION('',(#2825),#2829);
#2825 = LINE('',#2826,#2827);
#2826 = CARTESIAN_POINT('',(-6.28318530718,-36.26774458377));
#2827 = VECTOR('',#2828,1.);
#2828 = DIRECTION('',(1.,-0.));
#2829 = ( GEOMETRIC_REPRESENTATION_CONTEXT(2) 
PARAMETRIC_REPRESENTATION_CONTEXT() REPRESENTATION_CONTEXT('2D SPACE',''
  ) );
#2830 = PCURVE('',#2802,#2831);
#2831 = DEFINITIONAL_REPRESENTATION('',(#2832),#2836);
#2832 = LINE('',#2833,#2834);
#2833 = CARTESIAN_POINT('',(6.28318530718,86.26774458377));
#2834 = VECTOR('',#2835,1.);
#2835 = DIRECTION('',(-1.,0.));
#2836 = ( GEOMETRIC_REPRESENTATION_CONTEXT(2) 
PARAMETRIC_REPRESENTATION_CONTEXT() REPRESENTATION_CONTEXT('2D SPACE',''
  ) );
#2837 = ORIENTED_EDGE('',*,*,#2838,.T.);
#2838 = EDGE_CURVE('',#2815,#2839,#2841,.T.);
#2839 = VERTEX_POINT('',#2840);
#2840 = CARTESIAN_POINT('',(1.171392304251E+03,105.46011348801,
    -392.0396849418));
#2841 = SURFACE_CURVE('',#2842,(#2846,#2852),.PCURVE_S1.);
#2842 = LINE('',#2843,#2844);
#2843 = CARTESIAN_POINT('',(1.176300946585E+03,77.621819461751,
    -392.0396849418));
#2844 = VECTOR('',#2845,1.);
#2845 = DIRECTION('',(0.173648177667,-0.984807753012,-0.));
#2846 = PCURVE('',#885,#2847);
#2847 = DEFINITIONAL_REPRESENTATION('',(#2848),#2851);
#2848 = B_SPLINE_CURVE_WITH_KNOTS('',1,(#2849,#2850),.UNSPECIFIED.,.F.,
  .F.,(2,2),(-37.06774458377,-27.46774458377),.PIECEWISE_BEZIER_KNOTS.);
#2849 = CARTESIAN_POINT('',(-1.72252403067,-37.06774458377));
#2850 = CARTESIAN_POINT('',(-1.72252403067,-27.46774458377));
#2851 = ( GEOMETRIC_REPRESENTATION_CONTEXT(2) 
PARAMETRIC_REPRESENTATION_CONTEXT() REPRESENTATION_CONTEXT('2D SPACE',''
  ) );
#2852 = PCURVE('',#2802,#2853);
#2853 = DEFINITIONAL_REPRESENTATION('',(#2854),#2858);
#2854 = LINE('',#2855,#2856);
#2855 = CARTESIAN_POINT('',(1.72252403067,50.));
#2856 = VECTOR('',#2857,1.);
#2857 = DIRECTION('',(0.,-1.));
#2858 = ( GEOMETRIC_REPRESENTATION_CONTEXT(2) 
PARAMETRIC_REPRESENTATION_CONTEXT() REPRESENTATION_CONTEXT('2D SPACE',''
  ) );
#2859 = ORIENTED_EDGE('',*,*,#2860,.F.);
#2860 = EDGE_CURVE('',#2788,#2839,#2861,.T.);
#2861 = SURFACE_CURVE('',#2862,(#2867,#2874),.PCURVE_S1.);
#2862 = CIRCLE('',#2863,5.25);
#2863 = AXIS2_PLACEMENT_3D('',#2864,#2865,#2866);
#2864 = CARTESIAN_POINT('',(1.17217376655E+03,105.59790637565,-386.85));
#2865 = DIRECTION('',(0.173648177667,-0.984807753012,-0.));
#2866 = DIRECTION('',(0.984807753012,0.173648177667,0.));
#2867 = PCURVE('',#885,#2868);
#2868 = DEFINITIONAL_REPRESENTATION('',(#2869),#2873);
#2869 = LINE('',#2870,#2871);
#2870 = CARTESIAN_POINT('',(-6.28318530718,-28.26774458377));
#2871 = VECTOR('',#2872,1.);
#2872 = DIRECTION('',(1.,-0.));
#2873 = ( GEOMETRIC_REPRESENTATION_CONTEXT(2) 
PARAMETRIC_REPRESENTATION_CONTEXT() REPRESENTATION_CONTEXT('2D SPACE',''
  ) );
#2874 = PCURVE('',#2802,#2875);
#2875 = DEFINITIONAL_REPRESENTATION('',(#2876),#2880);
#2876 = LINE('',#2877,#2878);
#2877 = CARTESIAN_POINT('',(6.28318530718,78.26774458377));
#2878 = VECTOR('',#2879,1.);
#2879 = DIRECTION('',(-1.,0.));
#2880 = ( GEOMETRIC_REPRESENTATION_CONTEXT(2) 
PARAMETRIC_REPRESENTATION_CONTEXT() REPRESENTATION_CONTEXT('2D SPACE',''
  ) );
#2881 = ADVANCED_FACE('',(#2882),#970,.F.);
#2882 = FACE_BOUND('',#2883,.F.);
#2883 = EDGE_LOOP('',(#2884,#2885,#2886,#2887));
#2884 = ORIENTED_EDGE('',*,*,#1115,.T.);
#2885 = ORIENTED_EDGE('',*,*,#954,.T.);
#2886 = ORIENTED_EDGE('',*,*,#2004,.F.);
#2887 = ORIENTED_EDGE('',*,*,#2888,.F.);
#2888 = EDGE_CURVE('',#1037,#1980,#2889,.T.);
#2889 = SURFACE_CURVE('',#2890,(#2894,#2901),.PCURVE_S1.);
#2890 = LINE('',#2891,#2892);
#2891 = CARTESIAN_POINT('',(1.19052242107E+03,82.160302342751,-405.85));
#2892 = VECTOR('',#2893,1.);
#2893 = DIRECTION('',(-0.173648177667,0.984807753012,0.));
#2894 = PCURVE('',#970,#2895);
#2895 = DEFINITIONAL_REPRESENTATION('',(#2896),#2900);
#2896 = LINE('',#2897,#2898);
#2897 = CARTESIAN_POINT('',(0.,0.));
#2898 = VECTOR('',#2899,1.);
#2899 = DIRECTION('',(1.,0.));
#2900 = ( GEOMETRIC_REPRESENTATION_CONTEXT(2) 
PARAMETRIC_REPRESENTATION_CONTEXT() REPRESENTATION_CONTEXT('2D SPACE',''
  ) );
#2901 = PCURVE('',#1052,#2902);
#2902 = DEFINITIONAL_REPRESENTATION('',(#2903),#2907);
#2903 = LINE('',#2904,#2905);
#2904 = CARTESIAN_POINT('',(20.559587471181,-35.97642788013));
#2905 = VECTOR('',#2906,1.);
#2906 = DIRECTION('',(-0.173648177667,0.984807753012));
#2907 = ( GEOMETRIC_REPRESENTATION_CONTEXT(2) 
PARAMETRIC_REPRESENTATION_CONTEXT() REPRESENTATION_CONTEXT('2D SPACE',''
  ) );
#2908 = ADVANCED_FACE('',(#2909,#2935),#1052,.F.);
#2909 = FACE_BOUND('',#2910,.F.);
#2910 = EDGE_LOOP('',(#2911,#2912,#2913,#2914));
#2911 = ORIENTED_EDGE('',*,*,#1034,.T.);
#2912 = ORIENTED_EDGE('',*,*,#2888,.T.);
#2913 = ORIENTED_EDGE('',*,*,#1979,.T.);
#2914 = ORIENTED_EDGE('',*,*,#2915,.T.);
#2915 = EDGE_CURVE('',#1982,#1035,#2916,.T.);
#2916 = SURFACE_CURVE('',#2917,(#2921,#2928),.PCURVE_S1.);
#2917 = LINE('',#2918,#2919);
#2918 = CARTESIAN_POINT('',(1.149403246128E+03,154.11315810302,-405.85)
  );
#2919 = VECTOR('',#2920,1.);
#2920 = DIRECTION('',(0.173648177667,-0.984807753012,0.));
#2921 = PCURVE('',#1052,#2922);
#2922 = DEFINITIONAL_REPRESENTATION('',(#2923),#2927);
#2923 = LINE('',#2924,#2925);
#2924 = CARTESIAN_POINT('',(-20.55958747118,35.976427880139));
#2925 = VECTOR('',#2926,1.);
#2926 = DIRECTION('',(0.173648177667,-0.984807753012));
#2927 = ( GEOMETRIC_REPRESENTATION_CONTEXT(2) 
PARAMETRIC_REPRESENTATION_CONTEXT() REPRESENTATION_CONTEXT('2D SPACE',''
  ) );
#2928 = PCURVE('',#1080,#2929);
#2929 = DEFINITIONAL_REPRESENTATION('',(#2930),#2934);
#2930 = LINE('',#2931,#2932);
#2931 = CARTESIAN_POINT('',(0.,0.));
#2932 = VECTOR('',#2933,1.);
#2933 = DIRECTION('',(1.,0.));
#2934 = ( GEOMETRIC_REPRESENTATION_CONTEXT(2) 
PARAMETRIC_REPRESENTATION_CONTEXT() REPRESENTATION_CONTEXT('2D SPACE',''
  ) );
#2935 = FACE_BOUND('',#2936,.F.);
#2936 = EDGE_LOOP('',(#2937));
#2937 = ORIENTED_EDGE('',*,*,#2938,.F.);
#2938 = EDGE_CURVE('',#2939,#2939,#2941,.T.);
#2939 = VERTEX_POINT('',#2940);
#2940 = CARTESIAN_POINT('',(1.1784E+03,127.,-405.85));
#2941 = SURFACE_CURVE('',#2942,(#2947,#2954),.PCURVE_S1.);
#2942 = CIRCLE('',#2943,10.);
#2943 = AXIS2_PLACEMENT_3D('',#2944,#2945,#2946);
#2944 = CARTESIAN_POINT('',(1.1684E+03,127.,-405.85));
#2945 = DIRECTION('',(0.,0.,1.));
#2946 = DIRECTION('',(1.,0.,-0.));
#2947 = PCURVE('',#1052,#2948);
#2948 = DEFINITIONAL_REPRESENTATION('',(#2949),#2953);
#2949 = CIRCLE('',#2950,10.);
#2950 = AXIS2_PLACEMENT_2D('',#2951,#2952);
#2951 = CARTESIAN_POINT('',(-1.562833599002,8.86326977711));
#2952 = DIRECTION('',(1.,0.));
#2953 = ( GEOMETRIC_REPRESENTATION_CONTEXT(2) 
PARAMETRIC_REPRESENTATION_CONTEXT() REPRESENTATION_CONTEXT('2D SPACE',''
  ) );
#2954 = PCURVE('',#2955,#2960);
#2955 = CYLINDRICAL_SURFACE('',#2956,10.);
#2956 = AXIS2_PLACEMENT_3D('',#2957,#2958,#2959);
#2957 = CARTESIAN_POINT('',(1.1684E+03,127.,-526.25));
#2958 = DIRECTION('',(0.,0.,1.));
#2959 = DIRECTION('',(1.,0.,-0.));
#2960 = DEFINITIONAL_REPRESENTATION('',(#2961),#2965);
#2961 = LINE('',#2962,#2963);
#2962 = CARTESIAN_POINT('',(0.,120.4));
#2963 = VECTOR('',#2964,1.);
#2964 = DIRECTION('',(1.,0.));
#2965 = ( GEOMETRIC_REPRESENTATION_CONTEXT(2) 
PARAMETRIC_REPRESENTATION_CONTEXT() REPRESENTATION_CONTEXT('2D SPACE',''
  ) );
#2966 = ADVANCED_FACE('',(#2967),#1080,.F.);
#2967 = FACE_BOUND('',#2968,.F.);
#2968 = EDGE_LOOP('',(#2969,#2970,#2971,#2972,#2973,#2992,#2993,#2994));
#2969 = ORIENTED_EDGE('',*,*,#2915,.F.);
#2970 = ORIENTED_EDGE('',*,*,#2028,.T.);
#2971 = ORIENTED_EDGE('',*,*,#1902,.T.);
#2972 = ORIENTED_EDGE('',*,*,#1828,.F.);
#2973 = ORIENTED_EDGE('',*,*,#2974,.F.);
#2974 = EDGE_CURVE('',#1462,#1806,#2975,.T.);
#2975 = SURFACE_CURVE('',#2976,(#2980,#2986),.PCURVE_S1.);
#2976 = LINE('',#2977,#2978);
#2977 = CARTESIAN_POINT('',(1.153200259357E+03,132.57922600772,
    -401.614147104));
#2978 = VECTOR('',#2979,1.);
#2979 = DIRECTION('',(-0.173648177667,0.984807753012,-3.171866782851E-16
    ));
#2980 = PCURVE('',#1080,#2981);
#2981 = DEFINITIONAL_REPRESENTATION('',(#2982),#2985);
#2982 = B_SPLINE_CURVE_WITH_KNOTS('',1,(#2983,#2984),.UNSPECIFIED.,.F.,
  .F.,(2,2),(-29.86612770811,-21.86612770811),.PIECEWISE_BEZIER_KNOTS.);
#2983 = CARTESIAN_POINT('',(51.73225541623,-4.235852895927));
#2984 = CARTESIAN_POINT('',(43.73225541623,-4.235852895927));
#2985 = ( GEOMETRIC_REPRESENTATION_CONTEXT(2) 
PARAMETRIC_REPRESENTATION_CONTEXT() REPRESENTATION_CONTEXT('2D SPACE',''
  ) );
#2986 = PCURVE('',#1477,#2987);
#2987 = DEFINITIONAL_REPRESENTATION('',(#2988),#2991);
#2988 = B_SPLINE_CURVE_WITH_KNOTS('',1,(#2989,#2990),.UNSPECIFIED.,.F.,
  .F.,(2,2),(-29.86612770811,-21.86612770811),.PIECEWISE_BEZIER_KNOTS.);
#2989 = CARTESIAN_POINT('',(148.86172559837,-8.));
#2990 = CARTESIAN_POINT('',(148.86172559837,0.));
#2991 = ( GEOMETRIC_REPRESENTATION_CONTEXT(2) 
PARAMETRIC_REPRESENTATION_CONTEXT() REPRESENTATION_CONTEXT('2D SPACE',''
  ) );
#2992 = ORIENTED_EDGE('',*,*,#1489,.T.);
#2993 = ORIENTED_EDGE('',*,*,#1139,.T.);
#2994 = ORIENTED_EDGE('',*,*,#1064,.F.);
#2995 = ADVANCED_FACE('',(#2996),#1225,.F.);
#2996 = FACE_BOUND('',#2997,.F.);
#2997 = EDGE_LOOP('',(#2998,#2999,#3000,#3021));
#2998 = ORIENTED_EDGE('',*,*,#1573,.T.);
#2999 = ORIENTED_EDGE('',*,*,#1209,.T.);
#3000 = ORIENTED_EDGE('',*,*,#3001,.F.);
#3001 = EDGE_CURVE('',#1599,#1210,#3002,.T.);
#3002 = SURFACE_CURVE('',#3003,(#3007,#3014),.PCURVE_S1.);
#3003 = LINE('',#3004,#3005);
#3004 = CARTESIAN_POINT('',(1.016548763998E+03,86.280432448106,
    -349.7520094912));
#3005 = VECTOR('',#3006,1.);
#3006 = DIRECTION('',(0.173648177667,-0.984807753012,0.));
#3007 = PCURVE('',#1225,#3008);
#3008 = DEFINITIONAL_REPRESENTATION('',(#3009),#3013);
#3009 = LINE('',#3010,#3011);
#3010 = CARTESIAN_POINT('',(160.47294824316,1.079895406716E-14));
#3011 = VECTOR('',#3012,1.);
#3012 = DIRECTION('',(5.551115123126E-17,-1.));
#3013 = ( GEOMETRIC_REPRESENTATION_CONTEXT(2) 
PARAMETRIC_REPRESENTATION_CONTEXT() REPRESENTATION_CONTEXT('2D SPACE',''
  ) );
#3014 = PCURVE('',#1253,#3015);
#3015 = DEFINITIONAL_REPRESENTATION('',(#3016),#3020);
#3016 = LINE('',#3017,#3018);
#3017 = CARTESIAN_POINT('',(-0.,0.));
#3018 = VECTOR('',#3019,1.);
#3019 = DIRECTION('',(5.828670879282E-16,-1.));
#3020 = ( GEOMETRIC_REPRESENTATION_CONTEXT(2) 
PARAMETRIC_REPRESENTATION_CONTEXT() REPRESENTATION_CONTEXT('2D SPACE',''
  ) );
#3021 = ORIENTED_EDGE('',*,*,#1598,.F.);
#3022 = ADVANCED_FACE('',(#3023),#1253,.F.);
#3023 = FACE_BOUND('',#3024,.F.);
#3024 = EDGE_LOOP('',(#3025,#3026,#3027,#3048));
#3025 = ORIENTED_EDGE('',*,*,#3001,.T.);
#3026 = ORIENTED_EDGE('',*,*,#1237,.T.);
#3027 = ORIENTED_EDGE('',*,*,#3028,.F.);
#3028 = EDGE_CURVE('',#1622,#1238,#3029,.T.);
#3029 = SURFACE_CURVE('',#3030,(#3034,#3041),.PCURVE_S1.);
#3030 = LINE('',#3031,#3032);
#3031 = CARTESIAN_POINT('',(1.01155844825E+03,85.400505139399,
    -349.9782718904));
#3032 = VECTOR('',#3033,1.);
#3033 = DIRECTION('',(0.173648177667,-0.984807753012,0.));
#3034 = PCURVE('',#1253,#3035);
#3035 = DEFINITIONAL_REPRESENTATION('',(#3036),#3040);
#3036 = LINE('',#3037,#3038);
#3037 = CARTESIAN_POINT('',(5.072348372419,2.277358940119E-16));
#3038 = VECTOR('',#3039,1.);
#3039 = DIRECTION('',(5.828670879282E-16,-1.));
#3040 = ( GEOMETRIC_REPRESENTATION_CONTEXT(2) 
PARAMETRIC_REPRESENTATION_CONTEXT() REPRESENTATION_CONTEXT('2D SPACE',''
  ) );
#3041 = PCURVE('',#1281,#3042);
#3042 = DEFINITIONAL_REPRESENTATION('',(#3043),#3047);
#3043 = LINE('',#3044,#3045);
#3044 = CARTESIAN_POINT('',(-0.,0.));
#3045 = VECTOR('',#3046,1.);
#3046 = DIRECTION('',(-1.554312234475E-15,-1.));
#3047 = ( GEOMETRIC_REPRESENTATION_CONTEXT(2) 
PARAMETRIC_REPRESENTATION_CONTEXT() REPRESENTATION_CONTEXT('2D SPACE',''
  ) );
#3048 = ORIENTED_EDGE('',*,*,#1621,.F.);
#3049 = ADVANCED_FACE('',(#3050),#1281,.F.);
#3050 = FACE_BOUND('',#3051,.F.);
#3051 = EDGE_LOOP('',(#3052,#3053,#3054,#3075));
#3052 = ORIENTED_EDGE('',*,*,#3028,.T.);
#3053 = ORIENTED_EDGE('',*,*,#1265,.T.);
#3054 = ORIENTED_EDGE('',*,*,#3055,.F.);
#3055 = EDGE_CURVE('',#1645,#1266,#3056,.T.);
#3056 = SURFACE_CURVE('',#3057,(#3061,#3068),.PCURVE_S1.);
#3057 = LINE('',#3058,#3059);
#3058 = CARTESIAN_POINT('',(1.007033269091E+03,84.60259396124,
    -352.1264826221));
#3059 = VECTOR('',#3060,1.);
#3060 = DIRECTION('',(0.173648177667,-0.984807753012,0.));
#3061 = PCURVE('',#1281,#3062);
#3062 = DEFINITIONAL_REPRESENTATION('',(#3063),#3067);
#3063 = LINE('',#3064,#3065);
#3064 = CARTESIAN_POINT('',(5.072348372419,-6.891576738557E-17));
#3065 = VECTOR('',#3066,1.);
#3066 = DIRECTION('',(-1.554312234475E-15,-1.));
#3067 = ( GEOMETRIC_REPRESENTATION_CONTEXT(2) 
PARAMETRIC_REPRESENTATION_CONTEXT() REPRESENTATION_CONTEXT('2D SPACE',''
  ) );
#3068 = PCURVE('',#1309,#3069);
#3069 = DEFINITIONAL_REPRESENTATION('',(#3070),#3074);
#3070 = LINE('',#3071,#3072);
#3071 = CARTESIAN_POINT('',(-0.,0.));
#3072 = VECTOR('',#3073,1.);
#3073 = DIRECTION('',(1.845745778439E-15,-1.));
#3074 = ( GEOMETRIC_REPRESENTATION_CONTEXT(2) 
PARAMETRIC_REPRESENTATION_CONTEXT() REPRESENTATION_CONTEXT('2D SPACE',''
  ) );
#3075 = ORIENTED_EDGE('',*,*,#1644,.F.);
#3076 = ADVANCED_FACE('',(#3077),#1477,.F.);
#3077 = FACE_BOUND('',#3078,.F.);
#3078 = EDGE_LOOP('',(#3079,#3080,#3101,#3102));
#3079 = ORIENTED_EDGE('',*,*,#1805,.F.);
#3080 = ORIENTED_EDGE('',*,*,#3081,.T.);
#3081 = EDGE_CURVE('',#1783,#1434,#3082,.T.);
#3082 = SURFACE_CURVE('',#3083,(#3087,#3094),.PCURVE_S1.);
#3083 = LINE('',#3084,#3085);
#3084 = CARTESIAN_POINT('',(1.012678664996E+03,85.598029575992,
    -375.4533063463));
#3085 = VECTOR('',#3086,1.);
#3086 = DIRECTION('',(0.173648177667,-0.984807753012,0.));
#3087 = PCURVE('',#1477,#3088);
#3088 = DEFINITIONAL_REPRESENTATION('',(#3089),#3093);
#3089 = LINE('',#3090,#3091);
#3090 = CARTESIAN_POINT('',(0.,0.));
#3091 = VECTOR('',#3092,1.);
#3092 = DIRECTION('',(2.835580426643E-17,-1.));
#3093 = ( GEOMETRIC_REPRESENTATION_CONTEXT(2) 
PARAMETRIC_REPRESENTATION_CONTEXT() REPRESENTATION_CONTEXT('2D SPACE',''
  ) );
#3094 = PCURVE('',#1449,#3095);
#3095 = DEFINITIONAL_REPRESENTATION('',(#3096),#3100);
#3096 = LINE('',#3097,#3098);
#3097 = CARTESIAN_POINT('',(5.072348372419,-8.732198463018E-17));
#3098 = VECTOR('',#3099,1.);
#3099 = DIRECTION('',(-2.222670907473E-15,-1.));
#3100 = ( GEOMETRIC_REPRESENTATION_CONTEXT(2) 
PARAMETRIC_REPRESENTATION_CONTEXT() REPRESENTATION_CONTEXT('2D SPACE',''
  ) );
#3101 = ORIENTED_EDGE('',*,*,#1461,.T.);
#3102 = ORIENTED_EDGE('',*,*,#2974,.T.);
#3103 = ADVANCED_FACE('',(#3104),#1309,.F.);
#3104 = FACE_BOUND('',#3105,.F.);
#3105 = EDGE_LOOP('',(#3106,#3107,#3108,#3129));
#3106 = ORIENTED_EDGE('',*,*,#3055,.T.);
#3107 = ORIENTED_EDGE('',*,*,#1293,.T.);
#3108 = ORIENTED_EDGE('',*,*,#3109,.F.);
#3109 = EDGE_CURVE('',#1668,#1294,#3110,.T.);
#3110 = SURFACE_CURVE('',#3111,(#3115,#3122),.PCURVE_S1.);
#3111 = LINE('',#3112,#3113);
#3112 = CARTESIAN_POINT('',(1.003662144029E+03,84.008173657423,
    -355.8695960759));
#3113 = VECTOR('',#3114,1.);
#3114 = DIRECTION('',(0.173648177667,-0.984807753012,0.));
#3115 = PCURVE('',#1309,#3116);
#3116 = DEFINITIONAL_REPRESENTATION('',(#3117),#3121);
#3117 = LINE('',#3118,#3119);
#3118 = CARTESIAN_POINT('',(5.072348372419,1.537937141744E-16));
#3119 = VECTOR('',#3120,1.);
#3120 = DIRECTION('',(1.845745778439E-15,-1.));
#3121 = ( GEOMETRIC_REPRESENTATION_CONTEXT(2) 
PARAMETRIC_REPRESENTATION_CONTEXT() REPRESENTATION_CONTEXT('2D SPACE',''
  ) );
#3122 = PCURVE('',#1337,#3123);
#3123 = DEFINITIONAL_REPRESENTATION('',(#3124),#3128);
#3124 = LINE('',#3125,#3126);
#3125 = CARTESIAN_POINT('',(-0.,0.));
#3126 = VECTOR('',#3127,1.);
#3127 = DIRECTION('',(-6.106226635438E-16,-1.));
#3128 = ( GEOMETRIC_REPRESENTATION_CONTEXT(2) 
PARAMETRIC_REPRESENTATION_CONTEXT() REPRESENTATION_CONTEXT('2D SPACE',''
  ) );
#3129 = ORIENTED_EDGE('',*,*,#1667,.F.);
#3130 = ADVANCED_FACE('',(#3131),#1449,.F.);
#3131 = FACE_BOUND('',#3132,.F.);
#3132 = EDGE_LOOP('',(#3133,#3154,#3155,#3156));
#3133 = ORIENTED_EDGE('',*,*,#3134,.T.);
#3134 = EDGE_CURVE('',#1760,#1406,#3135,.T.);
#3135 = SURFACE_CURVE('',#3136,(#3140,#3147),.PCURVE_S1.);
#3136 = LINE('',#3137,#3138);
#3137 = CARTESIAN_POINT('',(1.007982942993E+03,84.770047092926,
    -373.7231740138));
#3138 = VECTOR('',#3139,1.);
#3139 = DIRECTION('',(0.173648177667,-0.984807753012,0.));
#3140 = PCURVE('',#1449,#3141);
#3141 = DEFINITIONAL_REPRESENTATION('',(#3142),#3146);
#3142 = LINE('',#3143,#3144);
#3143 = CARTESIAN_POINT('',(0.,0.));
#3144 = VECTOR('',#3145,1.);
#3145 = DIRECTION('',(-2.222670907473E-15,-1.));
#3146 = ( GEOMETRIC_REPRESENTATION_CONTEXT(2) 
PARAMETRIC_REPRESENTATION_CONTEXT() REPRESENTATION_CONTEXT('2D SPACE',''
  ) );
#3147 = PCURVE('',#1421,#3148);
#3148 = DEFINITIONAL_REPRESENTATION('',(#3149),#3153);
#3149 = LINE('',#3150,#3151);
#3150 = CARTESIAN_POINT('',(5.072348372419,4.01051403255E-17));
#3151 = VECTOR('',#3152,1.);
#3152 = DIRECTION('',(2.026157019941E-15,-1.));
#3153 = ( GEOMETRIC_REPRESENTATION_CONTEXT(2) 
PARAMETRIC_REPRESENTATION_CONTEXT() REPRESENTATION_CONTEXT('2D SPACE',''
  ) );
#3154 = ORIENTED_EDGE('',*,*,#1433,.T.);
#3155 = ORIENTED_EDGE('',*,*,#3081,.F.);
#3156 = ORIENTED_EDGE('',*,*,#1782,.F.);
#3157 = ADVANCED_FACE('',(#3158),#1337,.F.);
#3158 = FACE_BOUND('',#3159,.F.);
#3159 = EDGE_LOOP('',(#3160,#3161,#3162,#3183));
#3160 = ORIENTED_EDGE('',*,*,#3109,.T.);
#3161 = ORIENTED_EDGE('',*,*,#1321,.T.);
#3162 = ORIENTED_EDGE('',*,*,#3163,.F.);
#3163 = EDGE_CURVE('',#1691,#1322,#3164,.T.);
#3164 = SURFACE_CURVE('',#3165,(#3169,#3176),.PCURVE_S1.);
#3165 = LINE('',#3166,#3167);
#3166 = CARTESIAN_POINT('',(1.001958296294E+03,83.707739330768,
    -360.6377571599));
#3167 = VECTOR('',#3168,1.);
#3168 = DIRECTION('',(0.173648177667,-0.984807753012,0.));
#3169 = PCURVE('',#1337,#3170);
#3170 = DEFINITIONAL_REPRESENTATION('',(#3171),#3175);
#3171 = LINE('',#3172,#3173);
#3172 = CARTESIAN_POINT('',(5.072348372419,-2.607199161696E-17));
#3173 = VECTOR('',#3174,1.);
#3174 = DIRECTION('',(-6.106226635438E-16,-1.));
#3175 = ( GEOMETRIC_REPRESENTATION_CONTEXT(2) 
PARAMETRIC_REPRESENTATION_CONTEXT() REPRESENTATION_CONTEXT('2D SPACE',''
  ) );
#3176 = PCURVE('',#1365,#3177);
#3177 = DEFINITIONAL_REPRESENTATION('',(#3178),#3182);
#3178 = LINE('',#3179,#3180);
#3179 = CARTESIAN_POINT('',(0.,0.));
#3180 = VECTOR('',#3181,1.);
#3181 = DIRECTION('',(9.540979117872E-16,-1.));
#3182 = ( GEOMETRIC_REPRESENTATION_CONTEXT(2) 
PARAMETRIC_REPRESENTATION_CONTEXT() REPRESENTATION_CONTEXT('2D SPACE',''
  ) );
#3183 = ORIENTED_EDGE('',*,*,#1690,.F.);
#3184 = ADVANCED_FACE('',(#3185),#1421,.F.);
#3185 = FACE_BOUND('',#3186,.F.);
#3186 = EDGE_LOOP('',(#3187,#3208,#3209,#3210));
#3187 = ORIENTED_EDGE('',*,*,#3188,.T.);
#3188 = EDGE_CURVE('',#1737,#1378,#3189,.T.);
#3189 = SURFACE_CURVE('',#3190,(#3194,#3201),.PCURVE_S1.);
#3190 = LINE('',#3191,#3192);
#3191 = CARTESIAN_POINT('',(1.004296695843E+03,84.120062262868,
    -370.3000439136));
#3192 = VECTOR('',#3193,1.);
#3193 = DIRECTION('',(0.173648177667,-0.984807753012,0.));
#3194 = PCURVE('',#1421,#3195);
#3195 = DEFINITIONAL_REPRESENTATION('',(#3196),#3200);
#3196 = LINE('',#3197,#3198);
#3197 = CARTESIAN_POINT('',(0.,0.));
#3198 = VECTOR('',#3199,1.);
#3199 = DIRECTION('',(2.026157019941E-15,-1.));
#3200 = ( GEOMETRIC_REPRESENTATION_CONTEXT(2) 
PARAMETRIC_REPRESENTATION_CONTEXT() REPRESENTATION_CONTEXT('2D SPACE',''
  ) );
#3201 = PCURVE('',#1393,#3202);
#3202 = DEFINITIONAL_REPRESENTATION('',(#3203),#3207);
#3203 = LINE('',#3204,#3205);
#3204 = CARTESIAN_POINT('',(5.072348372419,-4.128554033003E-17));
#3205 = VECTOR('',#3206,1.);
#3206 = DIRECTION('',(-8.326672684689E-17,-1.));
#3207 = ( GEOMETRIC_REPRESENTATION_CONTEXT(2) 
PARAMETRIC_REPRESENTATION_CONTEXT() REPRESENTATION_CONTEXT('2D SPACE',''
  ) );
#3208 = ORIENTED_EDGE('',*,*,#1405,.T.);
#3209 = ORIENTED_EDGE('',*,*,#3134,.F.);
#3210 = ORIENTED_EDGE('',*,*,#1759,.F.);
#3211 = ADVANCED_FACE('',(#3212),#1365,.F.);
#3212 = FACE_BOUND('',#3213,.F.);
#3213 = EDGE_LOOP('',(#3214,#3215,#3216,#3237));
#3214 = ORIENTED_EDGE('',*,*,#3163,.T.);
#3215 = ORIENTED_EDGE('',*,*,#1349,.T.);
#3216 = ORIENTED_EDGE('',*,*,#3217,.F.);
#3217 = EDGE_CURVE('',#1714,#1350,#3218,.T.);
#3218 = SURFACE_CURVE('',#3219,(#3223,#3230),.PCURVE_S1.);
#3219 = LINE('',#3220,#3221);
#3220 = CARTESIAN_POINT('',(1.002181121259E+03,83.747029384067,
    -365.7050565726));
#3221 = VECTOR('',#3222,1.);
#3222 = DIRECTION('',(0.173648177667,-0.984807753012,0.));
#3223 = PCURVE('',#1365,#3224);
#3224 = DEFINITIONAL_REPRESENTATION('',(#3225),#3229);
#3225 = LINE('',#3226,#3227);
#3226 = CARTESIAN_POINT('',(5.072348372419,-1.709262971469E-18));
#3227 = VECTOR('',#3228,1.);
#3228 = DIRECTION('',(9.540979117872E-16,-1.));
#3229 = ( GEOMETRIC_REPRESENTATION_CONTEXT(2) 
PARAMETRIC_REPRESENTATION_CONTEXT() REPRESENTATION_CONTEXT('2D SPACE',''
  ) );
#3230 = PCURVE('',#1393,#3231);
#3231 = DEFINITIONAL_REPRESENTATION('',(#3232),#3236);
#3232 = LINE('',#3233,#3234);
#3233 = CARTESIAN_POINT('',(0.,0.));
#3234 = VECTOR('',#3235,1.);
#3235 = DIRECTION('',(-8.326672684689E-17,-1.));
#3236 = ( GEOMETRIC_REPRESENTATION_CONTEXT(2) 
PARAMETRIC_REPRESENTATION_CONTEXT() REPRESENTATION_CONTEXT('2D SPACE',''
  ) );
#3237 = ORIENTED_EDGE('',*,*,#1713,.F.);
#3238 = ADVANCED_FACE('',(#3239),#1393,.F.);
#3239 = FACE_BOUND('',#3240,.F.);
#3240 = EDGE_LOOP('',(#3241,#3242,#3243,#3244));
#3241 = ORIENTED_EDGE('',*,*,#3217,.T.);
#3242 = ORIENTED_EDGE('',*,*,#1377,.T.);
#3243 = ORIENTED_EDGE('',*,*,#3188,.F.);
#3244 = ORIENTED_EDGE('',*,*,#1736,.F.);
#3245 = ADVANCED_FACE('',(#3246),#1533,.F.);
#3246 = FACE_BOUND('',#3247,.F.);
#3247 = EDGE_LOOP('',(#3248,#3249,#3270,#3271));
#3248 = ORIENTED_EDGE('',*,*,#1871,.F.);
#3249 = ORIENTED_EDGE('',*,*,#3250,.F.);
#3250 = EDGE_CURVE('',#1513,#1872,#3251,.T.);
#3251 = SEAM_CURVE('',#3252,(#3256,#3263),.PCURVE_S1.);
#3252 = LINE('',#3253,#3254);
#3253 = CARTESIAN_POINT('',(1.022098462823E+03,67.965888459901,
    -362.6026579187));
#3254 = VECTOR('',#3255,1.);
#3255 = DIRECTION('',(-0.173648177667,0.984807753012,0.));
#3256 = PCURVE('',#1533,#3257);
#3257 = DEFINITIONAL_REPRESENTATION('',(#3258),#3262);
#3258 = LINE('',#3259,#3260);
#3259 = CARTESIAN_POINT('',(6.28318530718,-0.));
#3260 = VECTOR('',#3261,1.);
#3261 = DIRECTION('',(0.,1.));
#3262 = ( GEOMETRIC_REPRESENTATION_CONTEXT(2) 
PARAMETRIC_REPRESENTATION_CONTEXT() REPRESENTATION_CONTEXT('2D SPACE',''
  ) );
#3263 = PCURVE('',#1533,#3264);
#3264 = DEFINITIONAL_REPRESENTATION('',(#3265),#3269);
#3265 = LINE('',#3266,#3267);
#3266 = CARTESIAN_POINT('',(0.,-0.));
#3267 = VECTOR('',#3268,1.);
#3268 = DIRECTION('',(0.,1.));
#3269 = ( GEOMETRIC_REPRESENTATION_CONTEXT(2) 
PARAMETRIC_REPRESENTATION_CONTEXT() REPRESENTATION_CONTEXT('2D SPACE',''
  ) );
#3270 = ORIENTED_EDGE('',*,*,#1512,.T.);
#3271 = ORIENTED_EDGE('',*,*,#3250,.T.);
#3272 = ADVANCED_FACE('',(#3273),#2220,.F.);
#3273 = FACE_BOUND('',#3274,.F.);
#3274 = EDGE_LOOP('',(#3275,#3276,#3277,#3278));
#3275 = ORIENTED_EDGE('',*,*,#2421,.F.);
#3276 = ORIENTED_EDGE('',*,*,#2762,.F.);
#3277 = ORIENTED_EDGE('',*,*,#2076,.T.);
#3278 = ORIENTED_EDGE('',*,*,#2399,.F.);
#3279 = ADVANCED_FACE('',(#3280),#2802,.F.);
#3280 = FACE_BOUND('',#3281,.F.);
#3281 = EDGE_LOOP('',(#3282,#3283,#3284,#3285));
#3282 = ORIENTED_EDGE('',*,*,#2785,.F.);
#3283 = ORIENTED_EDGE('',*,*,#2814,.T.);
#3284 = ORIENTED_EDGE('',*,*,#2838,.T.);
#3285 = ORIENTED_EDGE('',*,*,#2860,.F.);
#3286 = ADVANCED_FACE('',(#3287),#2955,.T.);
#3287 = FACE_BOUND('',#3288,.T.);
#3288 = EDGE_LOOP('',(#3289,#3290,#3313,#3340));
#3289 = ORIENTED_EDGE('',*,*,#2938,.F.);
#3290 = ORIENTED_EDGE('',*,*,#3291,.F.);
#3291 = EDGE_CURVE('',#3292,#2939,#3294,.T.);
#3292 = VERTEX_POINT('',#3293);
#3293 = CARTESIAN_POINT('',(1.1784E+03,127.,-526.25));
#3294 = SEAM_CURVE('',#3295,(#3299,#3306),.PCURVE_S1.);
#3295 = LINE('',#3296,#3297);
#3296 = CARTESIAN_POINT('',(1.1784E+03,127.,-526.25));
#3297 = VECTOR('',#3298,1.);
#3298 = DIRECTION('',(0.,0.,1.));
#3299 = PCURVE('',#2955,#3300);
#3300 = DEFINITIONAL_REPRESENTATION('',(#3301),#3305);
#3301 = LINE('',#3302,#3303);
#3302 = CARTESIAN_POINT('',(6.28318530718,-0.));
#3303 = VECTOR('',#3304,1.);
#3304 = DIRECTION('',(0.,1.));
#3305 = ( GEOMETRIC_REPRESENTATION_CONTEXT(2) 
PARAMETRIC_REPRESENTATION_CONTEXT() REPRESENTATION_CONTEXT('2D SPACE',''
  ) );
#3306 = PCURVE('',#2955,#3307);
#3307 = DEFINITIONAL_REPRESENTATION('',(#3308),#3312);
#3308 = LINE('',#3309,#3310);
#3309 = CARTESIAN_POINT('',(0.,-0.));
#3310 = VECTOR('',#3311,1.);
#3311 = DIRECTION('',(0.,1.));
#3312 = ( GEOMETRIC_REPRESENTATION_CONTEXT(2) 
PARAMETRIC_REPRESENTATION_CONTEXT() REPRESENTATION_CONTEXT('2D SPACE',''
  ) );
#3313 = ORIENTED_EDGE('',*,*,#3314,.T.);
#3314 = EDGE_CURVE('',#3292,#3292,#3315,.T.);
#3315 = SURFACE_CURVE('',#3316,(#3321,#3328),.PCURVE_S1.);
#3316 = CIRCLE('',#3317,10.);
#3317 = AXIS2_PLACEMENT_3D('',#3318,#3319,#3320);
#3318 = CARTESIAN_POINT('',(1.1684E+03,127.,-526.25));
#3319 = DIRECTION('',(0.,0.,1.));
#3320 = DIRECTION('',(1.,0.,-0.));
#3321 = PCURVE('',#2955,#3322);
#3322 = DEFINITIONAL_REPRESENTATION('',(#3323),#3327);
#3323 = LINE('',#3324,#3325);
#3324 = CARTESIAN_POINT('',(0.,0.));
#3325 = VECTOR('',#3326,1.);
#3326 = DIRECTION('',(1.,0.));
#3327 = ( GEOMETRIC_REPRESENTATION_CONTEXT(2) 
PARAMETRIC_REPRESENTATION_CONTEXT() REPRESENTATION_CONTEXT('2D SPACE',''
  ) );
#3328 = PCURVE('',#3329,#3334);
#3329 = PLANE('',#3330);
#3330 = AXIS2_PLACEMENT_3D('',#3331,#3332,#3333);
#3331 = CARTESIAN_POINT('',(1.1684E+03,127.,-526.25));
#3332 = DIRECTION('',(0.,0.,1.));
#3333 = DIRECTION('',(1.,0.,-0.));
#3334 = DEFINITIONAL_REPRESENTATION('',(#3335),#3339);
#3335 = CIRCLE('',#3336,10.);
#3336 = AXIS2_PLACEMENT_2D('',#3337,#3338);
#3337 = CARTESIAN_POINT('',(0.,0.));
#3338 = DIRECTION('',(1.,0.));
#3339 = ( GEOMETRIC_REPRESENTATION_CONTEXT(2) 
PARAMETRIC_REPRESENTATION_CONTEXT() REPRESENTATION_CONTEXT('2D SPACE',''
  ) );
#3340 = ORIENTED_EDGE('',*,*,#3291,.T.);
#3341 = ADVANCED_FACE('',(#3342,#3345),#3329,.F.);
#3342 = FACE_BOUND('',#3343,.F.);
#3343 = EDGE_LOOP('',(#3344));
#3344 = ORIENTED_EDGE('',*,*,#3314,.T.);
#3345 = FACE_BOUND('',#3346,.F.);
#3346 = EDGE_LOOP('',(#3347));
#3347 = ORIENTED_EDGE('',*,*,#3348,.F.);
#3348 = EDGE_CURVE('',#3349,#3349,#3351,.T.);
#3349 = VERTEX_POINT('',#3350);
#3350 = CARTESIAN_POINT('',(1.1744E+03,127.,-526.25));
#3351 = SURFACE_CURVE('',#3352,(#3357,#3364),.PCURVE_S1.);
#3352 = CIRCLE('',#3353,6.);
#3353 = AXIS2_PLACEMENT_3D('',#3354,#3355,#3356);
#3354 = CARTESIAN_POINT('',(1.1684E+03,127.,-526.25));
#3355 = DIRECTION('',(0.,0.,1.));
#3356 = DIRECTION('',(1.,0.,-0.));
#3357 = PCURVE('',#3329,#3358);
#3358 = DEFINITIONAL_REPRESENTATION('',(#3359),#3363);
#3359 = CIRCLE('',#3360,6.);
#3360 = AXIS2_PLACEMENT_2D('',#3361,#3362);
#3361 = CARTESIAN_POINT('',(0.,0.));
#3362 = DIRECTION('',(1.,0.));
#3363 = ( GEOMETRIC_REPRESENTATION_CONTEXT(2) 
PARAMETRIC_REPRESENTATION_CONTEXT() REPRESENTATION_CONTEXT('2D SPACE',''
  ) );
#3364 = PCURVE('',#3365,#3370);
#3365 = CYLINDRICAL_SURFACE('',#3366,6.);
#3366 = AXIS2_PLACEMENT_3D('',#3367,#3368,#3369);
#3367 = CARTESIAN_POINT('',(1.1684E+03,127.,-541.25));
#3368 = DIRECTION('',(0.,0.,1.));
#3369 = DIRECTION('',(1.,0.,-0.));
#3370 = DEFINITIONAL_REPRESENTATION('',(#3371),#3375);
#3371 = LINE('',#3372,#3373);
#3372 = CARTESIAN_POINT('',(0.,15.));
#3373 = VECTOR('',#3374,1.);
#3374 = DIRECTION('',(1.,0.));
#3375 = ( GEOMETRIC_REPRESENTATION_CONTEXT(2) 
PARAMETRIC_REPRESENTATION_CONTEXT() REPRESENTATION_CONTEXT('2D SPACE',''
  ) );
#3376 = ADVANCED_FACE('',(#3377),#3365,.T.);
#3377 = FACE_BOUND('',#3378,.T.);
#3378 = EDGE_LOOP('',(#3379,#3380,#3403,#3430));
#3379 = ORIENTED_EDGE('',*,*,#3348,.F.);
#3380 = ORIENTED_EDGE('',*,*,#3381,.F.);
#3381 = EDGE_CURVE('',#3382,#3349,#3384,.T.);
#3382 = VERTEX_POINT('',#3383);
#3383 = CARTESIAN_POINT('',(1.1744E+03,127.,-541.25));
#3384 = SEAM_CURVE('',#3385,(#3389,#3396),.PCURVE_S1.);
#3385 = LINE('',#3386,#3387);
#3386 = CARTESIAN_POINT('',(1.1744E+03,127.,-541.25));
#3387 = VECTOR('',#3388,1.);
#3388 = DIRECTION('',(0.,0.,1.));
#3389 = PCURVE('',#3365,#3390);
#3390 = DEFINITIONAL_REPRESENTATION('',(#3391),#3395);
#3391 = LINE('',#3392,#3393);
#3392 = CARTESIAN_POINT('',(6.28318530718,-0.));
#3393 = VECTOR('',#3394,1.);
#3394 = DIRECTION('',(0.,1.));
#3395 = ( GEOMETRIC_REPRESENTATION_CONTEXT(2) 
PARAMETRIC_REPRESENTATION_CONTEXT() REPRESENTATION_CONTEXT('2D SPACE',''
  ) );
#3396 = PCURVE('',#3365,#3397);
#3397 = DEFINITIONAL_REPRESENTATION('',(#3398),#3402);
#3398 = LINE('',#3399,#3400);
#3399 = CARTESIAN_POINT('',(0.,-0.));
#3400 = VECTOR('',#3401,1.);
#3401 = DIRECTION('',(0.,1.));
#3402 = ( GEOMETRIC_REPRESENTATION_CONTEXT(2) 
PARAMETRIC_REPRESENTATION_CONTEXT() REPRESENTATION_CONTEXT('2D SPACE',''
  ) );
#3403 = ORIENTED_EDGE('',*,*,#3404,.T.);
#3404 = EDGE_CURVE('',#3382,#3382,#3405,.T.);
#3405 = SURFACE_CURVE('',#3406,(#3411,#3418),.PCURVE_S1.);
#3406 = CIRCLE('',#3407,6.);
#3407 = AXIS2_PLACEMENT_3D('',#3408,#3409,#3410);
#3408 = CARTESIAN_POINT('',(1.1684E+03,127.,-541.25));
#3409 = DIRECTION('',(0.,0.,1.));
#3410 = DIRECTION('',(1.,0.,-0.));
#3411 = PCURVE('',#3365,#3412);
#3412 = DEFINITIONAL_REPRESENTATION('',(#3413),#3417);
#3413 = LINE('',#3414,#3415);
#3414 = CARTESIAN_POINT('',(0.,0.));
#3415 = VECTOR('',#3416,1.);
#3416 = DIRECTION('',(1.,0.));
#3417 = ( GEOMETRIC_REPRESENTATION_CONTEXT(2) 
PARAMETRIC_REPRESENTATION_CONTEXT() REPRESENTATION_CONTEXT('2D SPACE',''
  ) );
#3418 = PCURVE('',#3419,#3424);
#3419 = PLANE('',#3420);
#3420 = AXIS2_PLACEMENT_3D('',#3421,#3422,#3423);
#3421 = CARTESIAN_POINT('',(1.1684E+03,127.,-541.25));
#3422 = DIRECTION('',(0.,0.,1.));
#3423 = DIRECTION('',(1.,0.,-0.));
#3424 = DEFINITIONAL_REPRESENTATION('',(#3425),#3429);
#3425 = CIRCLE('',#3426,6.);
#3426 = AXIS2_PLACEMENT_2D('',#3427,#3428);
#3427 = CARTESIAN_POINT('',(0.,0.));
#3428 = DIRECTION('',(1.,0.));
#3429 = ( GEOMETRIC_REPRESENTATION_CONTEXT(2) 
PARAMETRIC_REPRESENTATION_CONTEXT() REPRESENTATION_CONTEXT('2D SPACE',''
  ) );
#3430 = ORIENTED_EDGE('',*,*,#3381,.T.);
#3431 = ADVANCED_FACE('',(#3432),#3419,.F.);
#3432 = FACE_BOUND('',#3433,.T.);
#3433 = EDGE_LOOP('',(#3434));
#3434 = ORIENTED_EDGE('',*,*,#3404,.F.);
#3435 = ( GEOMETRIC_REPRESENTATION_CONTEXT(3) 
GLOBAL_UNCERTAINTY_ASSIGNED_CONTEXT((#3439)) 
GLOBAL_UNIT_ASSIGNED_CONTEXT((#3436,#3437,#3438)) REPRESENTATION_CONTEXT
('Context #1','3D Context with UNIT and UNCERTAINTY') );
#3436 = ( LENGTH_UNIT() NAMED_UNIT(*) SI_UNIT(.MILLI.,.METRE.) );
#3437 = ( NAMED_UNIT(*) PLANE_ANGLE_UNIT() SI_UNIT($,.RADIAN.) );
#3438 = ( NAMED_UNIT(*) SI_UNIT($,.STERADIAN.) SOLID_ANGLE_UNIT() );
#3439 = UNCERTAINTY_MEASURE_WITH_UNIT(LENGTH_MEASURE(1.E-07),#3436,
  'distance_accuracy_value','confusion accuracy');
#3440 = PRODUCT_RELATED_PRODUCT_CATEGORY('part',$,(#7));
#3441 = MECHANICAL_DESIGN_GEOMETRIC_PRESENTATION_REPRESENTATION('',(
    #3442),#3435);
#3442 = STYLED_ITEM('color',(#3443),#15);
#3443 = PRESENTATION_STYLE_ASSIGNMENT((#3444));
#3444 = SURFACE_STYLE_USAGE(.BOTH.,#3445);
#3445 = SURFACE_SIDE_STYLE('',(#3446));
#3446 = SURFACE_STYLE_FILL_AREA(#3447);
#3447 = FILL_AREA_STYLE('',(#3448));
#3448 = FILL_AREA_STYLE_COLOUR('',#3449);
#3449 = COLOUR_RGB('',0.809468152636,0.820979840171,0.837860544529);
ENDSEC;
END-ISO-10303-21;
