ISO-10303-21;
HEADER;
FILE_DESCRIPTION(('Open CASCADE Model'),'2;1');
FILE_NAME('Open CASCADE Shape Model','2026-10-01T11:23:19',('Author'),(
    'Open CASCADE'),'Open CASCADE STEP processor 7.9','Open CASCADE 7.9'
  ,'Unknown');
FILE_SCHEMA(('AUTOMOTIVE_DESIGN { 1 0 10303 214 1 1 1 1 }'));
ENDSEC;
DATA;
#1 = APPLICATION_PROTOCOL_DEFINITION('international standard',
  'automotive_design',2000,#2);
#2 = APPLICATION_CONTEXT(
  'core data for automotive mechanical design processes');
#3 = SHAPE_DEFINITION_REPRESENTATION(#4,#10);
#4 = PRODUCT_DEFINITION_SHAPE('','',#5);
#5 = PRODUCT_DEFINITION('design','',#6,#9);
#6 = PRODUCT_DEFINITION_FORMATION('','',#7);
#7 = PRODUCT('S06-STR-14_Tie_rod_right_C_C_422',
  'S06-STR-14_Tie_rod_right_C_C_422','',(#8));
#8 = PRODUCT_CONTEXT('',#2,'mechanical');
#9 = PRODUCT_DEFINITION_CONTEXT('part definition',#2,'design');
#10 = ADVANCED_BREP_SHAPE_REPRESENTATION('',(#11,#15),#2061);
#11 = AXIS2_PLACEMENT_3D('',#12,#13,#14);
#12 = CARTESIAN_POINT('',(0.,0.,0.));
#13 = DIRECTION('',(0.,0.,1.));
#14 = DIRECTION('',(1.,0.,-0.));
#15 = MANIFOLD_SOLID_BREP('',#16);
#16 = CLOSED_SHELL('',(#17,#280,#306,#419,#469,#519,#545,#690,#713,#748,
    #803,#838,#893,#928,#983,#1018,#1073,#1108,#1163,#1198,#1253,#1288,
    #1343,#1378,#1795,#1824,#1847,#1906,#1956,#1985,#2017,#2045,#2051));
#17 = ADVANCED_FACE('',(#18),#33,.T.);
#18 = FACE_BOUND('',#19,.F.);
#19 = EDGE_LOOP('',(#20,#56,#93,#125,#157,#186,#218,#250));
#20 = ORIENTED_EDGE('',*,*,#21,.F.);
#21 = EDGE_CURVE('',#22,#24,#26,.T.);
#22 = VERTEX_POINT('',#23);
#23 = CARTESIAN_POINT('',(1.042879347004E+03,68.,-40.33612473046));
#24 = VERTEX_POINT('',#25);
#25 = CARTESIAN_POINT('',(1.037665981853E+03,68.,-40.35544891896));
#26 = SURFACE_CURVE('',#27,(#32,#44),.PCURVE_S1.);
#27 = CIRCLE('',#28,10.);
#28 = AXIS2_PLACEMENT_3D('',#29,#30,#31);
#29 = CARTESIAN_POINT('',(1.040308449345E+03,68.,-50.));
#30 = DIRECTION('',(0.,1.,0.));
#31 = DIRECTION('',(0.,-0.,1.));
#32 = PCURVE('',#33,#38);
#33 = CYLINDRICAL_SURFACE('',#34,10.);
#34 = AXIS2_PLACEMENT_3D('',#35,#36,#37);
#35 = CARTESIAN_POINT('',(1.040308449345E+03,68.,-50.));
#36 = DIRECTION('',(-0.,-1.,-0.));
#37 = DIRECTION('',(0.,-0.,1.));
#38 = DEFINITIONAL_REPRESENTATION('',(#39),#43);
#39 = LINE('',#40,#41);
#40 = CARTESIAN_POINT('',(-0.,0.));
#41 = VECTOR('',#42,1.);
#42 = DIRECTION('',(-1.,0.));
#43 = ( GEOMETRIC_REPRESENTATION_CONTEXT(2) 
PARAMETRIC_REPRESENTATION_CONTEXT() REPRESENTATION_CONTEXT('2D SPACE',''
  ) );
#44 = PCURVE('',#45,#50);
#45 = PLANE('',#46);
#46 = AXIS2_PLACEMENT_3D('',#47,#48,#49);
#47 = CARTESIAN_POINT('',(1.040308449345E+03,68.,-50.));
#48 = DIRECTION('',(0.,1.,0.));
#49 = DIRECTION('',(0.,-0.,1.));
#50 = DEFINITIONAL_REPRESENTATION('',(#51),#55);
#51 = CIRCLE('',#52,10.);
#52 = AXIS2_PLACEMENT_2D('',#53,#54);
#53 = CARTESIAN_POINT('',(1.42108547152E-14,0.));
#54 = DIRECTION('',(1.,0.));
#55 = ( GEOMETRIC_REPRESENTATION_CONTEXT(2) 
PARAMETRIC_REPRESENTATION_CONTEXT() REPRESENTATION_CONTEXT('2D SPACE',''
  ) );
#56 = ORIENTED_EDGE('',*,*,#57,.T.);
#57 = EDGE_CURVE('',#22,#58,#60,.T.);
#58 = VERTEX_POINT('',#59);
#59 = CARTESIAN_POINT('',(1.044233799428E+03,68.876894374357,
    -40.80262935821));
#60 = SURFACE_CURVE('',#61,(#68,#78),.PCURVE_S1.);
#61 = B_SPLINE_CURVE_WITH_KNOTS('',5,(#62,#63,#64,#65,#66,#67),
  .UNSPECIFIED.,.F.,.F.,(6,6),(0.,1.),.PIECEWISE_BEZIER_KNOTS.);
#62 = CARTESIAN_POINT('',(1.04287934573E+03,67.9999994,-40.33612439148)
  );
#63 = CARTESIAN_POINT('',(1.043189559808E+03,68.146071279793,
    -40.41865114205));
#64 = CARTESIAN_POINT('',(1.043479586714E+03,68.309456506673,
    -40.50913654079));
#65 = CARTESIAN_POINT('',(1.043749812935E+03,68.487105883696,
    -40.60477902913));
#66 = CARTESIAN_POINT('',(1.044000965908E+03,68.676787836055,
    -40.70325818626));
#67 = CARTESIAN_POINT('',(1.044233800952E+03,68.876895684075,
    -40.8026300086));
#68 = PCURVE('',#33,#69);
#69 = DEFINITIONAL_REPRESENTATION('',(#70),#77);
#70 = B_SPLINE_CURVE_WITH_KNOTS('',5,(#71,#72,#73,#74,#75,#76),
  .UNSPECIFIED.,.F.,.F.,(6,6),(0.,1.),.PIECEWISE_BEZIER_KNOTS.);
#71 = CARTESIAN_POINT('',(-0.260009402659,6.000000000173E-07));
#72 = CARTESIAN_POINT('',(-0.292109782528,-0.146071279793));
#73 = CARTESIAN_POINT('',(-0.322463945608,-0.309456506673));
#74 = CARTESIAN_POINT('',(-0.35110588884,-0.487105883696));
#75 = CARTESIAN_POINT('',(-0.378070980284,-0.676787836055));
#76 = CARTESIAN_POINT('',(-0.403386374235,-0.876895684075));
#77 = ( GEOMETRIC_REPRESENTATION_CONTEXT(2) 
PARAMETRIC_REPRESENTATION_CONTEXT() REPRESENTATION_CONTEXT('2D SPACE',''
  ) );
#78 = PCURVE('',#79,#84);
#79 = CYLINDRICAL_SURFACE('',#80,6.);
#80 = AXIS2_PLACEMENT_3D('',#81,#82,#83);
#81 = CARTESIAN_POINT('',(1.040275119505E+03,73.380961809961,
    -41.00812826931));
#82 = DIRECTION('',(-3.703315511986E-03,4.232908999563E-02,
    0.999096858965));
#83 = DIRECTION('',(2.710505431214E-20,0.999103710116,
    -4.232938026074E-02));
#84 = DEFINITIONAL_REPRESENTATION('',(#85),#92);
#85 = B_SPLINE_CURVE_WITH_KNOTS('',5,(#86,#87,#88,#89,#90,#91),
  .UNSPECIFIED.,.F.,.F.,(6,6),(0.,1.),.PIECEWISE_BEZIER_KNOTS.);
#86 = CARTESIAN_POINT('',(3.590863155528,0.433981450056));
#87 = CARTESIAN_POINT('',(3.648208816545,0.356563501921));
#88 = CARTESIAN_POINT('',(3.703796505642,0.272001711098));
#89 = CARTESIAN_POINT('',(3.757848302923,0.182964604923));
#90 = CARTESIAN_POINT('',(3.810558935473,9.167335409191E-02));
#91 = CARTESIAN_POINT('',(3.862124954126,-6.E-07));
#92 = ( GEOMETRIC_REPRESENTATION_CONTEXT(2) 
PARAMETRIC_REPRESENTATION_CONTEXT() REPRESENTATION_CONTEXT('2D SPACE',''
  ) );
#93 = ORIENTED_EDGE('',*,*,#94,.T.);
#94 = EDGE_CURVE('',#58,#95,#97,.T.);
#95 = VERTEX_POINT('',#96);
#96 = CARTESIAN_POINT('',(1.044963022148E+03,77.123105625643,
    -41.14929652393));
#97 = SURFACE_CURVE('',#98,(#103,#113),.PCURVE_S1.);
#98 = ELLIPSE('',#99,236.24415268628,10.);
#99 = AXIS2_PLACEMENT_3D('',#100,#101,#102);
#100 = CARTESIAN_POINT('',(1.040308449345E+03,285.61973741766,-50.));
#101 = DIRECTION('',(-3.703315511986E-03,4.232908999563E-02,
    0.999096858965));
#102 = DIRECTION('',(-1.568986002879E-04,-0.999103722413,
    4.23287992115E-02));
#103 = PCURVE('',#33,#104);
#104 = DEFINITIONAL_REPRESENTATION('',(#105),#112);
#105 = B_SPLINE_CURVE_WITH_KNOTS('',5,(#106,#107,#108,#109,#110,#111),
  .UNSPECIFIED.,.F.,.F.,(6,6),(0.397605261111,0.495725506776),
  .PIECEWISE_BEZIER_KNOTS.);
#106 = CARTESIAN_POINT('',(-0.393898614935,6.00000362283E-07));
#107 = CARTESIAN_POINT('',(-0.413522664068,-1.793528986623));
#108 = CARTESIAN_POINT('',(-0.433146713201,-3.691816167716));
#109 = CARTESIAN_POINT('',(-0.452770762334,-5.69342203517));
#110 = CARTESIAN_POINT('',(-0.472394811467,-7.796739416276));
#111 = CARTESIAN_POINT('',(-0.4920188606,-10.0000006));
#112 = ( GEOMETRIC_REPRESENTATION_CONTEXT(2) 
PARAMETRIC_REPRESENTATION_CONTEXT() REPRESENTATION_CONTEXT('2D SPACE',''
  ) );
#113 = PCURVE('',#114,#119);
#114 = PLANE('',#115);
#115 = AXIS2_PLACEMENT_3D('',#116,#117,#118);
#116 = CARTESIAN_POINT('',(1.040275119505E+03,73.380961809961,
    -41.00812826931));
#117 = DIRECTION('',(-3.703315511986E-03,4.232908999563E-02,
    0.999096858965));
#118 = DIRECTION('',(2.710505431214E-20,0.999103710116,
    -4.232938026074E-02));
#119 = DEFINITIONAL_REPRESENTATION('',(#120),#124);
#120 = ELLIPSE('',#121,236.24415268628,10.);
#121 = AXIS2_PLACEMENT_2D('',#122,#123);
#122 = CARTESIAN_POINT('',(212.42916849778,-3.333006816202E-02));
#123 = DIRECTION('',(-0.999999987691,1.568996761955E-04));
#124 = ( GEOMETRIC_REPRESENTATION_CONTEXT(2) 
PARAMETRIC_REPRESENTATION_CONTEXT() REPRESENTATION_CONTEXT('2D SPACE',''
  ) );
#125 = ORIENTED_EDGE('',*,*,#126,.T.);
#126 = EDGE_CURVE('',#95,#127,#129,.T.);
#127 = VERTEX_POINT('',#128);
#128 = CARTESIAN_POINT('',(1.044120747088E+03,78.,-40.75519681545));
#129 = SURFACE_CURVE('',#130,(#137,#147),.PCURVE_S1.);
#130 = B_SPLINE_CURVE_WITH_KNOTS('',5,(#131,#132,#133,#134,#135,#136),
  .UNSPECIFIED.,.F.,.F.,(6,6),(0.,1.),.PIECEWISE_BEZIER_KNOTS.);
#131 = CARTESIAN_POINT('',(1.044963023177E+03,77.123104315925,
    -41.14929706516));
#132 = CARTESIAN_POINT('',(1.04481661159E+03,77.309423525705,
    -41.07229939084));
#133 = CARTESIAN_POINT('',(1.044659644039E+03,77.49072819191,
    -40.99361496453));
#134 = CARTESIAN_POINT('',(1.04449168893E+03,77.666707436086,
    -40.91396445703));
#135 = CARTESIAN_POINT('',(1.044312248912E+03,77.836758758793,
    -40.83416678386));
#136 = CARTESIAN_POINT('',(1.044120746384E+03,78.0000006,-40.75519652518
    ));
#137 = PCURVE('',#33,#138);
#138 = DEFINITIONAL_REPRESENTATION('',(#139),#146);
#139 = B_SPLINE_CURVE_WITH_KNOTS('',5,(#140,#141,#142,#143,#144,#145),
  .UNSPECIFIED.,.F.,.F.,(6,6),(0.,1.),.PIECEWISE_BEZIER_KNOTS.);
#140 = CARTESIAN_POINT('',(-0.484151317189,-9.123104315925));
#141 = CARTESIAN_POINT('',(-0.46760894895,-9.309423525705));
#142 = CARTESIAN_POINT('',(-0.450053806397,-9.49072819191));
#143 = CARTESIAN_POINT('',(-0.431471717396,-9.666707436086));
#144 = CARTESIAN_POINT('',(-0.411840702352,-9.836758758793));
#145 = CARTESIAN_POINT('',(-0.391126089122,-10.0000006));
#146 = ( GEOMETRIC_REPRESENTATION_CONTEXT(2) 
PARAMETRIC_REPRESENTATION_CONTEXT() REPRESENTATION_CONTEXT('2D SPACE',''
  ) );
#147 = PCURVE('',#79,#148);
#148 = DEFINITIONAL_REPRESENTATION('',(#149),#156);
#149 = B_SPLINE_CURVE_WITH_KNOTS('',5,(#150,#151,#152,#153,#154,#155),
  .UNSPECIFIED.,.F.,.F.,(6,6),(0.,1.),.PIECEWISE_BEZIER_KNOTS.);
#150 = CARTESIAN_POINT('',(5.386403115392,-6.E-07));
#151 = CARTESIAN_POINT('',(5.425416650793,8.53564654662E-02));
#152 = CARTESIAN_POINT('',(5.464865913846,0.172225590545));
#153 = CARTESIAN_POINT('',(5.504883512067,0.259875194424));
#154 = CARTESIAN_POINT('',(5.545587388632,0.347463439786));
#155 = CARTESIAN_POINT('',(5.58711116119,0.433981450056));
#156 = ( GEOMETRIC_REPRESENTATION_CONTEXT(2) 
PARAMETRIC_REPRESENTATION_CONTEXT() REPRESENTATION_CONTEXT('2D SPACE',''
  ) );
#157 = ORIENTED_EDGE('',*,*,#158,.T.);
#158 = EDGE_CURVE('',#127,#159,#161,.T.);
#159 = VERTEX_POINT('',#160);
#160 = CARTESIAN_POINT('',(1.036427722557E+03,78.,-40.783712266));
#161 = SURFACE_CURVE('',#162,(#167,#174),.PCURVE_S1.);
#162 = CIRCLE('',#163,10.);
#163 = AXIS2_PLACEMENT_3D('',#164,#165,#166);
#164 = CARTESIAN_POINT('',(1.040308449345E+03,78.,-50.));
#165 = DIRECTION('',(0.,1.,0.));
#166 = DIRECTION('',(0.,-0.,1.));
#167 = PCURVE('',#33,#168);
#168 = DEFINITIONAL_REPRESENTATION('',(#169),#173);
#169 = LINE('',#170,#171);
#170 = CARTESIAN_POINT('',(-0.,-10.));
#171 = VECTOR('',#172,1.);
#172 = DIRECTION('',(-1.,0.));
#173 = ( GEOMETRIC_REPRESENTATION_CONTEXT(2) 
PARAMETRIC_REPRESENTATION_CONTEXT() REPRESENTATION_CONTEXT('2D SPACE',''
  ) );
#174 = PCURVE('',#175,#180);
#175 = PLANE('',#176);
#176 = AXIS2_PLACEMENT_3D('',#177,#178,#179);
#177 = CARTESIAN_POINT('',(1.040308449345E+03,78.,-50.));
#178 = DIRECTION('',(0.,1.,0.));
#179 = DIRECTION('',(0.,-0.,1.));
#180 = DEFINITIONAL_REPRESENTATION('',(#181),#185);
#181 = CIRCLE('',#182,10.);
#182 = AXIS2_PLACEMENT_2D('',#183,#184);
#183 = CARTESIAN_POINT('',(1.42108547152E-14,0.));
#184 = DIRECTION('',(1.,0.));
#185 = ( GEOMETRIC_REPRESENTATION_CONTEXT(2) 
PARAMETRIC_REPRESENTATION_CONTEXT() REPRESENTATION_CONTEXT('2D SPACE',''
  ) );
#186 = ORIENTED_EDGE('',*,*,#187,.T.);
#187 = EDGE_CURVE('',#159,#188,#190,.T.);
#188 = VERTEX_POINT('',#189);
#189 = CARTESIAN_POINT('',(1.035588392191E+03,77.123105625643,
    -41.18404511935));
#190 = SURFACE_CURVE('',#191,(#198,#208),.PCURVE_S1.);
#191 = B_SPLINE_CURVE_WITH_KNOTS('',5,(#192,#193,#194,#195,#196,#197),
  .UNSPECIFIED.,.F.,.F.,(6,6),(0.,1.),.PIECEWISE_BEZIER_KNOTS.);
#192 = CARTESIAN_POINT('',(1.036427723259E+03,78.0000006,-40.78371197052
    ));
#193 = CARTESIAN_POINT('',(1.036236811626E+03,77.836758937962,
    -40.86409962223));
#194 = CARTESIAN_POINT('',(1.036057967966E+03,77.666707543802,
    -40.9452253735));
#195 = CARTESIAN_POINT('',(1.035890607742E+03,77.490728083705,
    -41.02611888226));
#196 = CARTESIAN_POINT('',(1.035734227745E+03,77.309423291196,
    -41.10596482596));
#197 = CARTESIAN_POINT('',(1.035588391165E+03,77.123104315925,
    -41.1840456682));
#198 = PCURVE('',#33,#199);
#199 = DEFINITIONAL_REPRESENTATION('',(#200),#207);
#200 = B_SPLINE_CURVE_WITH_KNOTS('',5,(#201,#202,#203,#204,#205,#206),
  .UNSPECIFIED.,.F.,.F.,(6,6),(0.,1.),.PIECEWISE_BEZIER_KNOTS.);
#201 = CARTESIAN_POINT('',(-5.884645925706,-10.0000006));
#202 = CARTESIAN_POINT('',(-5.863931335211,-9.836758937962));
#203 = CARTESIAN_POINT('',(-5.844300306487,-9.666707543802));
#204 = CARTESIAN_POINT('',(-5.82571819542,-9.490728083705));
#205 = CARTESIAN_POINT('',(-5.808163045056,-9.309423291196));
#206 = CARTESIAN_POINT('',(-5.791620697639,-9.123104315925));
#207 = ( GEOMETRIC_REPRESENTATION_CONTEXT(2) 
PARAMETRIC_REPRESENTATION_CONTEXT() REPRESENTATION_CONTEXT('2D SPACE',''
  ) );
#208 = PCURVE('',#79,#209);
#209 = DEFINITIONAL_REPRESENTATION('',(#210),#217);
#210 = B_SPLINE_CURVE_WITH_KNOTS('',5,(#211,#212,#213,#214,#215,#216),
  .UNSPECIFIED.,.F.,.F.,(6,6),(0.,1.),.PIECEWISE_BEZIER_KNOTS.);
#211 = CARTESIAN_POINT('',(0.695760346636,0.433981450056));
#212 = CARTESIAN_POINT('',(0.737284073619,0.347463534746));
#213 = CARTESIAN_POINT('',(0.777987974386,0.259875245201));
#214 = CARTESIAN_POINT('',(0.818005620038,0.172225531995));
#215 = CARTESIAN_POINT('',(0.857454906136,8.53563580326E-02));
#216 = CARTESIAN_POINT('',(0.896468392434,-6.E-07));
#217 = ( GEOMETRIC_REPRESENTATION_CONTEXT(2) 
PARAMETRIC_REPRESENTATION_CONTEXT() REPRESENTATION_CONTEXT('2D SPACE',''
  ) );
#218 = ORIENTED_EDGE('',*,*,#219,.T.);
#219 = EDGE_CURVE('',#188,#220,#222,.T.);
#220 = VERTEX_POINT('',#221);
#221 = CARTESIAN_POINT('',(1.036315024951E+03,68.876894374357,
    -40.83198158778));
#222 = SURFACE_CURVE('',#223,(#228,#238),.PCURVE_S1.);
#223 = ELLIPSE('',#224,236.24415268628,10.);
#224 = AXIS2_PLACEMENT_3D('',#225,#226,#227);
#225 = CARTESIAN_POINT('',(1.040308449345E+03,285.61973741766,-50.));
#226 = DIRECTION('',(-3.703315511986E-03,4.232908999563E-02,
    0.999096858965));
#227 = DIRECTION('',(-1.568986002879E-04,-0.999103722413,
    4.23287992115E-02));
#228 = PCURVE('',#33,#229);
#229 = DEFINITIONAL_REPRESENTATION('',(#230),#237);
#230 = B_SPLINE_CURVE_WITH_KNOTS('',5,(#231,#232,#233,#234,#235,#236),
  .UNSPECIFIED.,.F.,.F.,(6,6),(5.787459800404,5.885580046069),
  .PIECEWISE_BEZIER_KNOTS.);
#231 = CARTESIAN_POINT('',(-5.783753154228,-10.0000006));
#232 = CARTESIAN_POINT('',(-5.803377203361,-7.796739416275));
#233 = CARTESIAN_POINT('',(-5.823001252494,-5.693422035169));
#234 = CARTESIAN_POINT('',(-5.842625301627,-3.691816167716));
#235 = CARTESIAN_POINT('',(-5.86224935076,-1.793528986623));
#236 = CARTESIAN_POINT('',(-5.881873399893,6.000000496442E-07));
#237 = ( GEOMETRIC_REPRESENTATION_CONTEXT(2) 
PARAMETRIC_REPRESENTATION_CONTEXT() REPRESENTATION_CONTEXT('2D SPACE',''
  ) );
#238 = PCURVE('',#239,#244);
#239 = PLANE('',#240);
#240 = AXIS2_PLACEMENT_3D('',#241,#242,#243);
#241 = CARTESIAN_POINT('',(1.040275119505E+03,73.380961809961,
    -41.00812826931));
#242 = DIRECTION('',(-3.703315511986E-03,4.232908999563E-02,
    0.999096858965));
#243 = DIRECTION('',(2.710505431214E-20,0.999103710116,
    -4.232938026074E-02));
#244 = DEFINITIONAL_REPRESENTATION('',(#245),#249);
#245 = ELLIPSE('',#246,236.24415268628,10.);
#246 = AXIS2_PLACEMENT_2D('',#247,#248);
#247 = CARTESIAN_POINT('',(212.42916849778,-3.333006816202E-02));
#248 = DIRECTION('',(-0.999999987691,1.568996761955E-04));
#249 = ( GEOMETRIC_REPRESENTATION_CONTEXT(2) 
PARAMETRIC_REPRESENTATION_CONTEXT() REPRESENTATION_CONTEXT('2D SPACE',''
  ) );
#250 = ORIENTED_EDGE('',*,*,#251,.T.);
#251 = EDGE_CURVE('',#220,#24,#252,.T.);
#252 = SURFACE_CURVE('',#253,(#260,#270),.PCURVE_S1.);
#253 = B_SPLINE_CURVE_WITH_KNOTS('',5,(#254,#255,#256,#257,#258,#259),
  .UNSPECIFIED.,.F.,.F.,(6,6),(0.,1.),.PIECEWISE_BEZIER_KNOTS.);
#254 = CARTESIAN_POINT('',(1.036315023432E+03,68.876895684075,
    -40.83198224944));
#255 = CARTESIAN_POINT('',(1.036547115902E+03,68.676787414075,
    -40.73088688604));
#256 = CARTESIAN_POINT('',(1.036797531466E+03,68.487105967132,
    -40.63054881976));
#257 = CARTESIAN_POINT('',(1.037067040633E+03,68.309456894304,
    -40.53290590513));
#258 = CARTESIAN_POINT('',(1.037356388694E+03,68.14607159426,
    -40.44027292262));
#259 = CARTESIAN_POINT('',(1.037665983125E+03,67.9999994,-40.35544857055
    ));
#260 = PCURVE('',#33,#261);
#261 = DEFINITIONAL_REPRESENTATION('',(#262),#269);
#262 = B_SPLINE_CURVE_WITH_KNOTS('',5,(#263,#264,#265,#266,#267,#268),
  .UNSPECIFIED.,.F.,.F.,(6,6),(0.,1.),.PIECEWISE_BEZIER_KNOTS.);
#263 = CARTESIAN_POINT('',(-5.872385640593,-0.876895684075));
#264 = CARTESIAN_POINT('',(-5.897701087928,-0.676787414075));
#265 = CARTESIAN_POINT('',(-5.924666127755,-0.487105967132));
#266 = CARTESIAN_POINT('',(-5.953308007581,-0.309456894304));
#267 = CARTESIAN_POINT('',(-5.983662163193,-0.14607159426));
#268 = CARTESIAN_POINT('',(-6.015762612169,6.000000000173E-07));
#269 = ( GEOMETRIC_REPRESENTATION_CONTEXT(2) 
PARAMETRIC_REPRESENTATION_CONTEXT() REPRESENTATION_CONTEXT('2D SPACE',''
  ) );
#270 = PCURVE('',#79,#271);
#271 = DEFINITIONAL_REPRESENTATION('',(#272),#279);
#272 = B_SPLINE_CURVE_WITH_KNOTS('',5,(#273,#274,#275,#276,#277,#278),
  .UNSPECIFIED.,.F.,.F.,(6,6),(0.,1.),.PIECEWISE_BEZIER_KNOTS.);
#273 = CARTESIAN_POINT('',(2.4207465537,-6.E-07));
#274 = CARTESIAN_POINT('',(2.472312681094,9.167354741029E-02));
#275 = CARTESIAN_POINT('',(2.525023199737,0.182964583391));
#276 = CARTESIAN_POINT('',(2.579074886606,0.272001511627));
#277 = CARTESIAN_POINT('',(2.634662567826,0.356563335253));
#278 = CARTESIAN_POINT('',(2.692008352298,0.433981450056));
#279 = ( GEOMETRIC_REPRESENTATION_CONTEXT(2) 
PARAMETRIC_REPRESENTATION_CONTEXT() REPRESENTATION_CONTEXT('2D SPACE',''
  ) );
#280 = ADVANCED_FACE('',(#281),#114,.F.);
#281 = FACE_BOUND('',#282,.F.);
#282 = EDGE_LOOP('',(#283,#305));
#283 = ORIENTED_EDGE('',*,*,#284,.T.);
#284 = EDGE_CURVE('',#58,#95,#285,.T.);
#285 = SURFACE_CURVE('',#286,(#291,#298),.PCURVE_S1.);
#286 = CIRCLE('',#287,6.);
#287 = AXIS2_PLACEMENT_3D('',#288,#289,#290);
#288 = CARTESIAN_POINT('',(1.040275119505E+03,73.380961809961,
    -41.00812826931));
#289 = DIRECTION('',(-3.703315511986E-03,4.232908999563E-02,
    0.999096858965));
#290 = DIRECTION('',(5.421010862428E-20,0.999103710116,
    -4.232938026074E-02));
#291 = PCURVE('',#114,#292);
#292 = DEFINITIONAL_REPRESENTATION('',(#293),#297);
#293 = CIRCLE('',#294,6.);
#294 = AXIS2_PLACEMENT_2D('',#295,#296);
#295 = CARTESIAN_POINT('',(0.,0.));
#296 = DIRECTION('',(1.,0.));
#297 = ( GEOMETRIC_REPRESENTATION_CONTEXT(2) 
PARAMETRIC_REPRESENTATION_CONTEXT() REPRESENTATION_CONTEXT('2D SPACE',''
  ) );
#298 = PCURVE('',#79,#299);
#299 = DEFINITIONAL_REPRESENTATION('',(#300),#304);
#300 = LINE('',#301,#302);
#301 = CARTESIAN_POINT('',(0.,0.));
#302 = VECTOR('',#303,1.);
#303 = DIRECTION('',(1.,0.));
#304 = ( GEOMETRIC_REPRESENTATION_CONTEXT(2) 
PARAMETRIC_REPRESENTATION_CONTEXT() REPRESENTATION_CONTEXT('2D SPACE',''
  ) );
#305 = ORIENTED_EDGE('',*,*,#94,.F.);
#306 = ADVANCED_FACE('',(#307,#388),#175,.T.);
#307 = FACE_BOUND('',#308,.T.);
#308 = EDGE_LOOP('',(#309,#336,#337,#364));
#309 = ORIENTED_EDGE('',*,*,#310,.F.);
#310 = EDGE_CURVE('',#127,#311,#313,.T.);
#311 = VERTEX_POINT('',#312);
#312 = CARTESIAN_POINT('',(1.044100238774E+03,78.,-41.18964626538));
#313 = SURFACE_CURVE('',#314,(#319,#326),.PCURVE_S1.);
#314 = ELLIPSE('',#315,141.74649161177,6.);
#315 = AXIS2_PLACEMENT_3D('',#316,#317,#318);
#316 = CARTESIAN_POINT('',(1.039871006027E+03,78.,68.015395448897));
#317 = DIRECTION('',(0.,1.,0.));
#318 = DIRECTION('',(-3.706637688268E-03,0.,0.999993130395));
#319 = PCURVE('',#175,#320);
#320 = DEFINITIONAL_REPRESENTATION('',(#321),#325);
#321 = ELLIPSE('',#322,141.74649161177,6.);
#322 = AXIS2_PLACEMENT_2D('',#323,#324);
#323 = CARTESIAN_POINT('',(118.01539544889,-0.43744331763));
#324 = DIRECTION('',(0.999993130395,-3.706637688268E-03));
#325 = ( GEOMETRIC_REPRESENTATION_CONTEXT(2) 
PARAMETRIC_REPRESENTATION_CONTEXT() REPRESENTATION_CONTEXT('2D SPACE',''
  ) );
#326 = PCURVE('',#79,#327);
#327 = DEFINITIONAL_REPRESENTATION('',(#328),#335);
#328 = B_SPLINE_CURVE_WITH_KNOTS('',5,(#329,#330,#331,#332,#333,#334),
  .UNSPECIFIED.,.F.,.F.,(6,6),(2.415887769252,2.450469048085),
  .PIECEWISE_BEZIER_KNOTS.);
#329 = CARTESIAN_POINT('',(5.557323523165,3.186225862168));
#330 = CARTESIAN_POINT('',(5.564239778932,2.536183783554));
#331 = CARTESIAN_POINT('',(5.571156034698,1.892475952909));
#332 = CARTESIAN_POINT('',(5.578072290465,1.255167150476));
#333 = CARTESIAN_POINT('',(5.584988546232,0.624320893848));
#334 = CARTESIAN_POINT('',(5.591904801998,-5.999992040984E-07));
#335 = ( GEOMETRIC_REPRESENTATION_CONTEXT(2) 
PARAMETRIC_REPRESENTATION_CONTEXT() REPRESENTATION_CONTEXT('2D SPACE',''
  ) );
#336 = ORIENTED_EDGE('',*,*,#158,.T.);
#337 = ORIENTED_EDGE('',*,*,#338,.F.);
#338 = EDGE_CURVE('',#339,#159,#341,.T.);
#339 = VERTEX_POINT('',#340);
#340 = CARTESIAN_POINT('',(1.036451450979E+03,78.,-41.21799774525));
#341 = SURFACE_CURVE('',#342,(#347,#354),.PCURVE_S1.);
#342 = ELLIPSE('',#343,141.74649161177,6.);
#343 = AXIS2_PLACEMENT_3D('',#344,#345,#346);
#344 = CARTESIAN_POINT('',(1.039871006027E+03,78.,68.015395448897));
#345 = DIRECTION('',(0.,1.,0.));
#346 = DIRECTION('',(-3.706637688268E-03,0.,0.999993130395));
#347 = PCURVE('',#175,#348);
#348 = DEFINITIONAL_REPRESENTATION('',(#349),#353);
#349 = ELLIPSE('',#350,141.74649161177,6.);
#350 = AXIS2_PLACEMENT_2D('',#351,#352);
#351 = CARTESIAN_POINT('',(118.01539544889,-0.43744331763));
#352 = DIRECTION('',(0.999993130395,-3.706637688268E-03));
#353 = ( GEOMETRIC_REPRESENTATION_CONTEXT(2) 
PARAMETRIC_REPRESENTATION_CONTEXT() REPRESENTATION_CONTEXT('2D SPACE',''
  ) );
#354 = PCURVE('',#79,#355);
#355 = DEFINITIONAL_REPRESENTATION('',(#356),#363);
#356 = B_SPLINE_CURVE_WITH_KNOTS('',5,(#357,#358,#359,#360,#361,#362),
  .UNSPECIFIED.,.F.,.F.,(6,6),(3.832716259094,3.867611337281),
  .PIECEWISE_BEZIER_KNOTS.);
#357 = CARTESIAN_POINT('',(0.690966705828,-5.999999572737E-07));
#358 = CARTESIAN_POINT('',(0.697945721465,0.629986146488));
#359 = CARTESIAN_POINT('',(0.704924737102,1.266616607745));
#360 = CARTESIAN_POINT('',(0.71190375274,1.909826857665));
#361 = CARTESIAN_POINT('',(0.718882768377,2.559551621662));
#362 = CARTESIAN_POINT('',(0.725861784014,3.215724316406));
#363 = ( GEOMETRIC_REPRESENTATION_CONTEXT(2) 
PARAMETRIC_REPRESENTATION_CONTEXT() REPRESENTATION_CONTEXT('2D SPACE',''
  ) );
#364 = ORIENTED_EDGE('',*,*,#365,.T.);
#365 = EDGE_CURVE('',#339,#311,#366,.T.);
#366 = SURFACE_CURVE('',#367,(#371,#377),.PCURVE_S1.);
#367 = LINE('',#368,#369);
#368 = CARTESIAN_POINT('',(1.040275844876E+03,78.,-41.20382200531));
#369 = VECTOR('',#370,1.);
#370 = DIRECTION('',(0.999993130395,-0.,3.706637688268E-03));
#371 = PCURVE('',#175,#372);
#372 = DEFINITIONAL_REPRESENTATION('',(#373),#376);
#373 = B_SPLINE_CURVE_WITH_KNOTS('',1,(#374,#375),.UNSPECIFIED.,.F.,.F.,
  (2,2),(-6.000725449596,5.999274698109),.PIECEWISE_BEZIER_KNOTS.);
#374 = CARTESIAN_POINT('',(8.773935479574,-6.033288695829));
#375 = CARTESIAN_POINT('',(8.81841513238,5.966629016614));
#376 = ( GEOMETRIC_REPRESENTATION_CONTEXT(2) 
PARAMETRIC_REPRESENTATION_CONTEXT() REPRESENTATION_CONTEXT('2D SPACE',''
  ) );
#377 = PCURVE('',#378,#383);
#378 = PLANE('',#379);
#379 = AXIS2_PLACEMENT_3D('',#380,#381,#382);
#380 = CARTESIAN_POINT('',(1.040275119505E+03,73.380961809961,
    -41.00812826931));
#381 = DIRECTION('',(-3.703315511986E-03,4.232908999563E-02,
    0.999096858965));
#382 = DIRECTION('',(2.710505431214E-20,0.999103710116,
    -4.232938026074E-02));
#383 = DEFINITIONAL_REPRESENTATION('',(#384),#387);
#384 = B_SPLINE_CURVE_WITH_KNOTS('',1,(#385,#386),.UNSPECIFIED.,.F.,.F.,
  (2,2),(-6.000725449596,5.999274698109),.PIECEWISE_BEZIER_KNOTS.);
#385 = CARTESIAN_POINT('',(4.62412329928,6.));
#386 = CARTESIAN_POINT('',(4.622240503142,-6.));
#387 = ( GEOMETRIC_REPRESENTATION_CONTEXT(2) 
PARAMETRIC_REPRESENTATION_CONTEXT() REPRESENTATION_CONTEXT('2D SPACE',''
  ) );
#388 = FACE_BOUND('',#389,.T.);
#389 = EDGE_LOOP('',(#390));
#390 = ORIENTED_EDGE('',*,*,#391,.F.);
#391 = EDGE_CURVE('',#392,#392,#394,.T.);
#392 = VERTEX_POINT('',#393);
#393 = CARTESIAN_POINT('',(1.040308449345E+03,78.,-45.9));
#394 = SURFACE_CURVE('',#395,(#400,#407),.PCURVE_S1.);
#395 = CIRCLE('',#396,4.1);
#396 = AXIS2_PLACEMENT_3D('',#397,#398,#399);
#397 = CARTESIAN_POINT('',(1.040308449345E+03,78.,-50.));
#398 = DIRECTION('',(0.,1.,0.));
#399 = DIRECTION('',(0.,-0.,1.));
#400 = PCURVE('',#175,#401);
#401 = DEFINITIONAL_REPRESENTATION('',(#402),#406);
#402 = CIRCLE('',#403,4.1);
#403 = AXIS2_PLACEMENT_2D('',#404,#405);
#404 = CARTESIAN_POINT('',(1.42108547152E-14,0.));
#405 = DIRECTION('',(1.,0.));
#406 = ( GEOMETRIC_REPRESENTATION_CONTEXT(2) 
PARAMETRIC_REPRESENTATION_CONTEXT() REPRESENTATION_CONTEXT('2D SPACE',''
  ) );
#407 = PCURVE('',#408,#413);
#408 = CYLINDRICAL_SURFACE('',#409,4.1);
#409 = AXIS2_PLACEMENT_3D('',#410,#411,#412);
#410 = CARTESIAN_POINT('',(1.040308449345E+03,68.,-50.));
#411 = DIRECTION('',(-0.,-1.,-0.));
#412 = DIRECTION('',(0.,-0.,1.));
#413 = DEFINITIONAL_REPRESENTATION('',(#414),#418);
#414 = LINE('',#415,#416);
#415 = CARTESIAN_POINT('',(-0.,-10.));
#416 = VECTOR('',#417,1.);
#417 = DIRECTION('',(-1.,0.));
#418 = ( GEOMETRIC_REPRESENTATION_CONTEXT(2) 
PARAMETRIC_REPRESENTATION_CONTEXT() REPRESENTATION_CONTEXT('2D SPACE',''
  ) );
#419 = ADVANCED_FACE('',(#420),#408,.F.);
#420 = FACE_BOUND('',#421,.T.);
#421 = EDGE_LOOP('',(#422,#445,#446,#447));
#422 = ORIENTED_EDGE('',*,*,#423,.T.);
#423 = EDGE_CURVE('',#424,#392,#426,.T.);
#424 = VERTEX_POINT('',#425);
#425 = CARTESIAN_POINT('',(1.040308449345E+03,68.,-45.9));
#426 = SEAM_CURVE('',#427,(#431,#438),.PCURVE_S1.);
#427 = LINE('',#428,#429);
#428 = CARTESIAN_POINT('',(1.040308449345E+03,68.,-45.9));
#429 = VECTOR('',#430,1.);
#430 = DIRECTION('',(0.,1.,0.));
#431 = PCURVE('',#408,#432);
#432 = DEFINITIONAL_REPRESENTATION('',(#433),#437);
#433 = LINE('',#434,#435);
#434 = CARTESIAN_POINT('',(-0.,0.));
#435 = VECTOR('',#436,1.);
#436 = DIRECTION('',(-0.,-1.));
#437 = ( GEOMETRIC_REPRESENTATION_CONTEXT(2) 
PARAMETRIC_REPRESENTATION_CONTEXT() REPRESENTATION_CONTEXT('2D SPACE',''
  ) );
#438 = PCURVE('',#408,#439);
#439 = DEFINITIONAL_REPRESENTATION('',(#440),#444);
#440 = LINE('',#441,#442);
#441 = CARTESIAN_POINT('',(-6.28318530718,0.));
#442 = VECTOR('',#443,1.);
#443 = DIRECTION('',(-0.,-1.));
#444 = ( GEOMETRIC_REPRESENTATION_CONTEXT(2) 
PARAMETRIC_REPRESENTATION_CONTEXT() REPRESENTATION_CONTEXT('2D SPACE',''
  ) );
#445 = ORIENTED_EDGE('',*,*,#391,.T.);
#446 = ORIENTED_EDGE('',*,*,#423,.F.);
#447 = ORIENTED_EDGE('',*,*,#448,.F.);
#448 = EDGE_CURVE('',#424,#424,#449,.T.);
#449 = SURFACE_CURVE('',#450,(#455,#462),.PCURVE_S1.);
#450 = CIRCLE('',#451,4.1);
#451 = AXIS2_PLACEMENT_3D('',#452,#453,#454);
#452 = CARTESIAN_POINT('',(1.040308449345E+03,68.,-50.));
#453 = DIRECTION('',(0.,1.,0.));
#454 = DIRECTION('',(0.,-0.,1.));
#455 = PCURVE('',#408,#456);
#456 = DEFINITIONAL_REPRESENTATION('',(#457),#461);
#457 = LINE('',#458,#459);
#458 = CARTESIAN_POINT('',(-0.,0.));
#459 = VECTOR('',#460,1.);
#460 = DIRECTION('',(-1.,0.));
#461 = ( GEOMETRIC_REPRESENTATION_CONTEXT(2) 
PARAMETRIC_REPRESENTATION_CONTEXT() REPRESENTATION_CONTEXT('2D SPACE',''
  ) );
#462 = PCURVE('',#45,#463);
#463 = DEFINITIONAL_REPRESENTATION('',(#464),#468);
#464 = CIRCLE('',#465,4.1);
#465 = AXIS2_PLACEMENT_2D('',#466,#467);
#466 = CARTESIAN_POINT('',(1.42108547152E-14,0.));
#467 = DIRECTION('',(1.,0.));
#468 = ( GEOMETRIC_REPRESENTATION_CONTEXT(2) 
PARAMETRIC_REPRESENTATION_CONTEXT() REPRESENTATION_CONTEXT('2D SPACE',''
  ) );
#469 = ADVANCED_FACE('',(#470),#378,.F.);
#470 = FACE_BOUND('',#471,.F.);
#471 = EDGE_LOOP('',(#472,#496,#518));
#472 = ORIENTED_EDGE('',*,*,#473,.T.);
#473 = EDGE_CURVE('',#311,#474,#476,.T.);
#474 = VERTEX_POINT('',#475);
#475 = CARTESIAN_POINT('',(1.040275119505E+03,79.375584070654,
    -41.26210455087));
#476 = SURFACE_CURVE('',#477,(#482,#489),.PCURVE_S1.);
#477 = CIRCLE('',#478,6.);
#478 = AXIS2_PLACEMENT_3D('',#479,#480,#481);
#479 = CARTESIAN_POINT('',(1.040275119505E+03,73.380961809961,
    -41.00812826931));
#480 = DIRECTION('',(-3.703315511986E-03,4.232908999563E-02,
    0.999096858965));
#481 = DIRECTION('',(5.421010862428E-20,0.999103710116,
    -4.232938026074E-02));
#482 = PCURVE('',#378,#483);
#483 = DEFINITIONAL_REPRESENTATION('',(#484),#488);
#484 = CIRCLE('',#485,6.);
#485 = AXIS2_PLACEMENT_2D('',#486,#487);
#486 = CARTESIAN_POINT('',(0.,0.));
#487 = DIRECTION('',(1.,0.));
#488 = ( GEOMETRIC_REPRESENTATION_CONTEXT(2) 
PARAMETRIC_REPRESENTATION_CONTEXT() REPRESENTATION_CONTEXT('2D SPACE',''
  ) );
#489 = PCURVE('',#79,#490);
#490 = DEFINITIONAL_REPRESENTATION('',(#491),#495);
#491 = LINE('',#492,#493);
#492 = CARTESIAN_POINT('',(0.,0.));
#493 = VECTOR('',#494,1.);
#494 = DIRECTION('',(1.,0.));
#495 = ( GEOMETRIC_REPRESENTATION_CONTEXT(2) 
PARAMETRIC_REPRESENTATION_CONTEXT() REPRESENTATION_CONTEXT('2D SPACE',''
  ) );
#496 = ORIENTED_EDGE('',*,*,#497,.T.);
#497 = EDGE_CURVE('',#474,#339,#498,.T.);
#498 = SURFACE_CURVE('',#499,(#504,#511),.PCURVE_S1.);
#499 = CIRCLE('',#500,6.);
#500 = AXIS2_PLACEMENT_3D('',#501,#502,#503);
#501 = CARTESIAN_POINT('',(1.040275119505E+03,73.380961809961,
    -41.00812826931));
#502 = DIRECTION('',(-3.703315511986E-03,4.232908999563E-02,
    0.999096858965));
#503 = DIRECTION('',(5.421010862428E-20,0.999103710116,
    -4.232938026074E-02));
#504 = PCURVE('',#378,#505);
#505 = DEFINITIONAL_REPRESENTATION('',(#506),#510);
#506 = CIRCLE('',#507,6.);
#507 = AXIS2_PLACEMENT_2D('',#508,#509);
#508 = CARTESIAN_POINT('',(0.,0.));
#509 = DIRECTION('',(1.,0.));
#510 = ( GEOMETRIC_REPRESENTATION_CONTEXT(2) 
PARAMETRIC_REPRESENTATION_CONTEXT() REPRESENTATION_CONTEXT('2D SPACE',''
  ) );
#511 = PCURVE('',#79,#512);
#512 = DEFINITIONAL_REPRESENTATION('',(#513),#517);
#513 = LINE('',#514,#515);
#514 = CARTESIAN_POINT('',(0.,0.));
#515 = VECTOR('',#516,1.);
#516 = DIRECTION('',(1.,0.));
#517 = ( GEOMETRIC_REPRESENTATION_CONTEXT(2) 
PARAMETRIC_REPRESENTATION_CONTEXT() REPRESENTATION_CONTEXT('2D SPACE',''
  ) );
#518 = ORIENTED_EDGE('',*,*,#365,.T.);
#519 = ADVANCED_FACE('',(#520),#239,.F.);
#520 = FACE_BOUND('',#521,.F.);
#521 = EDGE_LOOP('',(#522,#523));
#522 = ORIENTED_EDGE('',*,*,#219,.F.);
#523 = ORIENTED_EDGE('',*,*,#524,.T.);
#524 = EDGE_CURVE('',#188,#220,#525,.T.);
#525 = SURFACE_CURVE('',#526,(#531,#538),.PCURVE_S1.);
#526 = CIRCLE('',#527,6.);
#527 = AXIS2_PLACEMENT_3D('',#528,#529,#530);
#528 = CARTESIAN_POINT('',(1.040275119505E+03,73.380961809961,
    -41.00812826931));
#529 = DIRECTION('',(-3.703315511986E-03,4.232908999563E-02,
    0.999096858965));
#530 = DIRECTION('',(5.421010862428E-20,0.999103710116,
    -4.232938026074E-02));
#531 = PCURVE('',#239,#532);
#532 = DEFINITIONAL_REPRESENTATION('',(#533),#537);
#533 = CIRCLE('',#534,6.);
#534 = AXIS2_PLACEMENT_2D('',#535,#536);
#535 = CARTESIAN_POINT('',(0.,0.));
#536 = DIRECTION('',(1.,0.));
#537 = ( GEOMETRIC_REPRESENTATION_CONTEXT(2) 
PARAMETRIC_REPRESENTATION_CONTEXT() REPRESENTATION_CONTEXT('2D SPACE',''
  ) );
#538 = PCURVE('',#79,#539);
#539 = DEFINITIONAL_REPRESENTATION('',(#540),#544);
#540 = LINE('',#541,#542);
#541 = CARTESIAN_POINT('',(0.,0.));
#542 = VECTOR('',#543,1.);
#543 = DIRECTION('',(1.,0.));
#544 = ( GEOMETRIC_REPRESENTATION_CONTEXT(2) 
PARAMETRIC_REPRESENTATION_CONTEXT() REPRESENTATION_CONTEXT('2D SPACE',''
  ) );
#545 = ADVANCED_FACE('',(#546),#79,.T.);
#546 = FACE_BOUND('',#547,.T.);
#547 = EDGE_LOOP('',(#548,#577,#598,#599,#600,#601,#602,#603,#630,#659,
    #684,#685,#686,#687,#688,#689));
#548 = ORIENTED_EDGE('',*,*,#549,.F.);
#549 = EDGE_CURVE('',#550,#550,#552,.T.);
#550 = VERTEX_POINT('',#551);
#551 = CARTESIAN_POINT('',(1.04023808635E+03,79.798874970611,
    -31.27113596122));
#552 = SURFACE_CURVE('',#553,(#558,#565),.PCURVE_S1.);
#553 = CIRCLE('',#554,6.);
#554 = AXIS2_PLACEMENT_3D('',#555,#556,#557);
#555 = CARTESIAN_POINT('',(1.04023808635E+03,73.804252709917,
    -31.01715967965));
#556 = DIRECTION('',(-3.703315511986E-03,4.232908999563E-02,
    0.999096858965));
#557 = DIRECTION('',(5.421010862428E-20,0.999103710116,
    -4.232938026074E-02));
#558 = PCURVE('',#79,#559);
#559 = DEFINITIONAL_REPRESENTATION('',(#560),#564);
#560 = LINE('',#561,#562);
#561 = CARTESIAN_POINT('',(0.,10.));
#562 = VECTOR('',#563,1.);
#563 = DIRECTION('',(1.,0.));
#564 = ( GEOMETRIC_REPRESENTATION_CONTEXT(2) 
PARAMETRIC_REPRESENTATION_CONTEXT() REPRESENTATION_CONTEXT('2D SPACE',''
  ) );
#565 = PCURVE('',#566,#571);
#566 = PLANE('',#567);
#567 = AXIS2_PLACEMENT_3D('',#568,#569,#570);
#568 = CARTESIAN_POINT('',(1.04023808635E+03,73.804252709917,
    -31.01715967965));
#569 = DIRECTION('',(-3.703315511986E-03,4.232908999563E-02,
    0.999096858965));
#570 = DIRECTION('',(0.,0.999103710116,-4.232938026074E-02));
#571 = DEFINITIONAL_REPRESENTATION('',(#572),#576);
#572 = CIRCLE('',#573,6.);
#573 = AXIS2_PLACEMENT_2D('',#574,#575);
#574 = CARTESIAN_POINT('',(-1.40477335016E-14,1.537270744437E-17));
#575 = DIRECTION('',(1.,-2.710505431214E-20));
#576 = ( GEOMETRIC_REPRESENTATION_CONTEXT(2) 
PARAMETRIC_REPRESENTATION_CONTEXT() REPRESENTATION_CONTEXT('2D SPACE',''
  ) );
#577 = ORIENTED_EDGE('',*,*,#578,.F.);
#578 = EDGE_CURVE('',#474,#550,#579,.T.);
#579 = SEAM_CURVE('',#580,(#584,#591),.PCURVE_S1.);
#580 = LINE('',#581,#582);
#581 = CARTESIAN_POINT('',(1.040275119505E+03,79.375584070654,
    -41.26210455087));
#582 = VECTOR('',#583,1.);
#583 = DIRECTION('',(-3.703315511986E-03,4.232908999563E-02,
    0.999096858965));
#584 = PCURVE('',#79,#585);
#585 = DEFINITIONAL_REPRESENTATION('',(#586),#590);
#586 = LINE('',#587,#588);
#587 = CARTESIAN_POINT('',(6.28318530718,-0.));
#588 = VECTOR('',#589,1.);
#589 = DIRECTION('',(0.,1.));
#590 = ( GEOMETRIC_REPRESENTATION_CONTEXT(2) 
PARAMETRIC_REPRESENTATION_CONTEXT() REPRESENTATION_CONTEXT('2D SPACE',''
  ) );
#591 = PCURVE('',#79,#592);
#592 = DEFINITIONAL_REPRESENTATION('',(#593),#597);
#593 = LINE('',#594,#595);
#594 = CARTESIAN_POINT('',(0.,-0.));
#595 = VECTOR('',#596,1.);
#596 = DIRECTION('',(0.,1.));
#597 = ( GEOMETRIC_REPRESENTATION_CONTEXT(2) 
PARAMETRIC_REPRESENTATION_CONTEXT() REPRESENTATION_CONTEXT('2D SPACE',''
  ) );
#598 = ORIENTED_EDGE('',*,*,#497,.T.);
#599 = ORIENTED_EDGE('',*,*,#338,.T.);
#600 = ORIENTED_EDGE('',*,*,#187,.T.);
#601 = ORIENTED_EDGE('',*,*,#524,.T.);
#602 = ORIENTED_EDGE('',*,*,#251,.T.);
#603 = ORIENTED_EDGE('',*,*,#604,.F.);
#604 = EDGE_CURVE('',#605,#24,#607,.T.);
#605 = VERTEX_POINT('',#606);
#606 = CARTESIAN_POINT('',(1.037629812143E+03,68.,-40.78995642043));
#607 = SURFACE_CURVE('',#608,(#613,#623),.PCURVE_S1.);
#608 = ELLIPSE('',#609,141.74649161177,6.);
#609 = AXIS2_PLACEMENT_3D('',#610,#611,#612);
#610 = CARTESIAN_POINT('',(1.040745892663E+03,68.,-168.0153954488));
#611 = DIRECTION('',(0.,1.,0.));
#612 = DIRECTION('',(-3.706637688268E-03,0.,0.999993130395));
#613 = PCURVE('',#79,#614);
#614 = DEFINITIONAL_REPRESENTATION('',(#615),#622);
#615 = B_SPLINE_CURVE_WITH_KNOTS('',5,(#616,#617,#618,#619,#620,#621),
  .UNSPECIFIED.,.F.,.F.,(6,6),(5.826754881137,5.873654310625),
  .PIECEWISE_BEZIER_KNOTS.);
#616 = CARTESIAN_POINT('',(2.685005327871,-5.999996446349E-07));
#617 = CARTESIAN_POINT('',(2.694385213768,0.585476049739));
#618 = CARTESIAN_POINT('',(2.703765099665,1.156972090206));
#619 = CARTESIAN_POINT('',(2.713144985563,1.714380205384));
#620 = CARTESIAN_POINT('',(2.72252487146,2.257598205661));
#621 = CARTESIAN_POINT('',(2.731904757358,2.786529140189));
#622 = ( GEOMETRIC_REPRESENTATION_CONTEXT(2) 
PARAMETRIC_REPRESENTATION_CONTEXT() REPRESENTATION_CONTEXT('2D SPACE',''
  ) );
#623 = PCURVE('',#45,#624);
#624 = DEFINITIONAL_REPRESENTATION('',(#625),#629);
#625 = ELLIPSE('',#626,141.74649161177,6.);
#626 = AXIS2_PLACEMENT_2D('',#627,#628);
#627 = CARTESIAN_POINT('',(-118.0153954488,0.43744331763));
#628 = DIRECTION('',(0.999993130395,-3.706637688268E-03));
#629 = ( GEOMETRIC_REPRESENTATION_CONTEXT(2) 
PARAMETRIC_REPRESENTATION_CONTEXT() REPRESENTATION_CONTEXT('2D SPACE',''
  ) );
#630 = ORIENTED_EDGE('',*,*,#631,.T.);
#631 = EDGE_CURVE('',#605,#632,#634,.T.);
#632 = VERTEX_POINT('',#633);
#633 = CARTESIAN_POINT('',(1.042918736823E+03,68.,-40.77035215821));
#634 = SURFACE_CURVE('',#635,(#640,#647),.PCURVE_S1.);
#635 = CIRCLE('',#636,6.);
#636 = AXIS2_PLACEMENT_3D('',#637,#638,#639);
#637 = CARTESIAN_POINT('',(1.040275119505E+03,73.380961809961,
    -41.00812826931));
#638 = DIRECTION('',(-3.703315511986E-03,4.232908999563E-02,
    0.999096858965));
#639 = DIRECTION('',(5.421010862428E-20,0.999103710116,
    -4.232938026074E-02));
#640 = PCURVE('',#79,#641);
#641 = DEFINITIONAL_REPRESENTATION('',(#642),#646);
#642 = LINE('',#643,#644);
#643 = CARTESIAN_POINT('',(0.,0.));
#644 = VECTOR('',#645,1.);
#645 = DIRECTION('',(1.,0.));
#646 = ( GEOMETRIC_REPRESENTATION_CONTEXT(2) 
PARAMETRIC_REPRESENTATION_CONTEXT() REPRESENTATION_CONTEXT('2D SPACE',''
  ) );
#647 = PCURVE('',#648,#653);
#648 = PLANE('',#649);
#649 = AXIS2_PLACEMENT_3D('',#650,#651,#652);
#650 = CARTESIAN_POINT('',(1.040275119505E+03,73.380961809961,
    -41.00812826931));
#651 = DIRECTION('',(-3.703315511986E-03,4.232908999563E-02,
    0.999096858965));
#652 = DIRECTION('',(2.710505431214E-20,0.999103710116,
    -4.232938026074E-02));
#653 = DEFINITIONAL_REPRESENTATION('',(#654),#658);
#654 = CIRCLE('',#655,6.);
#655 = AXIS2_PLACEMENT_2D('',#656,#657);
#656 = CARTESIAN_POINT('',(0.,0.));
#657 = DIRECTION('',(1.,0.));
#658 = ( GEOMETRIC_REPRESENTATION_CONTEXT(2) 
PARAMETRIC_REPRESENTATION_CONTEXT() REPRESENTATION_CONTEXT('2D SPACE',''
  ) );
#659 = ORIENTED_EDGE('',*,*,#660,.F.);
#660 = EDGE_CURVE('',#22,#632,#661,.T.);
#661 = SURFACE_CURVE('',#662,(#667,#677),.PCURVE_S1.);
#662 = ELLIPSE('',#663,141.74649161177,6.);
#663 = AXIS2_PLACEMENT_3D('',#664,#665,#666);
#664 = CARTESIAN_POINT('',(1.040745892663E+03,68.,-168.0153954488));
#665 = DIRECTION('',(0.,1.,0.));
#666 = DIRECTION('',(-3.706637688268E-03,0.,0.999993130395));
#667 = PCURVE('',#79,#668);
#668 = DEFINITIONAL_REPRESENTATION('',(#669),#676);
#669 = B_SPLINE_CURVE_WITH_KNOTS('',5,(#670,#671,#672,#673,#674,#675),
  .UNSPECIFIED.,.F.,.F.,(6,6),(0.409844795909,0.456430426042),
  .PIECEWISE_BEZIER_KNOTS.);
#670 = CARTESIAN_POINT('',(3.551280549822,2.768827626681));
#671 = CARTESIAN_POINT('',(3.560597675848,2.24305592673));
#672 = CARTESIAN_POINT('',(3.569914801875,1.703189628868));
#673 = CARTESIAN_POINT('',(3.579231927902,1.149323819558));
#674 = CARTESIAN_POINT('',(3.588549053929,0.581558684512));
#675 = CARTESIAN_POINT('',(3.597866179955,-5.999982946037E-07));
#676 = ( GEOMETRIC_REPRESENTATION_CONTEXT(2) 
PARAMETRIC_REPRESENTATION_CONTEXT() REPRESENTATION_CONTEXT('2D SPACE',''
  ) );
#677 = PCURVE('',#45,#678);
#678 = DEFINITIONAL_REPRESENTATION('',(#679),#683);
#679 = ELLIPSE('',#680,141.74649161177,6.);
#680 = AXIS2_PLACEMENT_2D('',#681,#682);
#681 = CARTESIAN_POINT('',(-118.0153954488,0.43744331763));
#682 = DIRECTION('',(0.999993130395,-3.706637688268E-03));
#683 = ( GEOMETRIC_REPRESENTATION_CONTEXT(2) 
PARAMETRIC_REPRESENTATION_CONTEXT() REPRESENTATION_CONTEXT('2D SPACE',''
  ) );
#684 = ORIENTED_EDGE('',*,*,#57,.T.);
#685 = ORIENTED_EDGE('',*,*,#284,.T.);
#686 = ORIENTED_EDGE('',*,*,#126,.T.);
#687 = ORIENTED_EDGE('',*,*,#310,.T.);
#688 = ORIENTED_EDGE('',*,*,#473,.T.);
#689 = ORIENTED_EDGE('',*,*,#578,.T.);
#690 = ADVANCED_FACE('',(#691),#648,.F.);
#691 = FACE_BOUND('',#692,.F.);
#692 = EDGE_LOOP('',(#693,#712));
#693 = ORIENTED_EDGE('',*,*,#694,.F.);
#694 = EDGE_CURVE('',#605,#632,#695,.T.);
#695 = SURFACE_CURVE('',#696,(#700,#706),.PCURVE_S1.);
#696 = LINE('',#697,#698);
#697 = CARTESIAN_POINT('',(1.040274274483E+03,68.,-40.78015428932));
#698 = VECTOR('',#699,1.);
#699 = DIRECTION('',(0.999993130395,-0.,3.706637688268E-03));
#700 = PCURVE('',#648,#701);
#701 = DEFINITIONAL_REPRESENTATION('',(#702),#705);
#702 = B_SPLINE_CURVE_WITH_KNOTS('',1,(#703,#704),.UNSPECIFIED.,.F.,.F.,
  (2,2),(-5.999155045296,6.000845102409),.PIECEWISE_BEZIER_KNOTS.);
#703 = CARTESIAN_POINT('',(-5.384847640126,6.));
#704 = CARTESIAN_POINT('',(-5.386730436264,-6.));
#705 = ( GEOMETRIC_REPRESENTATION_CONTEXT(2) 
PARAMETRIC_REPRESENTATION_CONTEXT() REPRESENTATION_CONTEXT('2D SPACE',''
  ) );
#706 = PCURVE('',#45,#707);
#707 = DEFINITIONAL_REPRESENTATION('',(#708),#711);
#708 = B_SPLINE_CURVE_WITH_KNOTS('',1,(#709,#710),.UNSPECIFIED.,.F.,.F.,
  (2,2),(-5.999155045296,6.000845102409),.PIECEWISE_BEZIER_KNOTS.);
#709 = CARTESIAN_POINT('',(9.197609016486,-6.033288695829));
#710 = CARTESIAN_POINT('',(9.242088669293,5.966629016614));
#711 = ( GEOMETRIC_REPRESENTATION_CONTEXT(2) 
PARAMETRIC_REPRESENTATION_CONTEXT() REPRESENTATION_CONTEXT('2D SPACE',''
  ) );
#712 = ORIENTED_EDGE('',*,*,#631,.T.);
#713 = ADVANCED_FACE('',(#714,#745),#566,.F.);
#714 = FACE_BOUND('',#715,.F.);
#715 = EDGE_LOOP('',(#716));
#716 = ORIENTED_EDGE('',*,*,#717,.T.);
#717 = EDGE_CURVE('',#718,#718,#720,.T.);
#718 = VERTEX_POINT('',#719);
#719 = CARTESIAN_POINT('',(1.04023808635E+03,81.797082390842,
    -31.35579472174));
#720 = SURFACE_CURVE('',#721,(#726,#733),.PCURVE_S1.);
#721 = CIRCLE('',#722,8.);
#722 = AXIS2_PLACEMENT_3D('',#723,#724,#725);
#723 = CARTESIAN_POINT('',(1.04023808635E+03,73.804252709917,
    -31.01715967965));
#724 = DIRECTION('',(-3.703315511986E-03,4.232908999563E-02,
    0.999096858965));
#725 = DIRECTION('',(0.,0.999103710116,-4.232938026074E-02));
#726 = PCURVE('',#566,#727);
#727 = DEFINITIONAL_REPRESENTATION('',(#728),#732);
#728 = CIRCLE('',#729,8.);
#729 = AXIS2_PLACEMENT_2D('',#730,#731);
#730 = CARTESIAN_POINT('',(0.,0.));
#731 = DIRECTION('',(1.,0.));
#732 = ( GEOMETRIC_REPRESENTATION_CONTEXT(2) 
PARAMETRIC_REPRESENTATION_CONTEXT() REPRESENTATION_CONTEXT('2D SPACE',''
  ) );
#733 = PCURVE('',#734,#739);
#734 = CYLINDRICAL_SURFACE('',#735,8.);
#735 = AXIS2_PLACEMENT_3D('',#736,#737,#738);
#736 = CARTESIAN_POINT('',(1.04023808635E+03,73.804252709917,
    -31.01715967965));
#737 = DIRECTION('',(-3.703315511986E-03,4.232908999563E-02,
    0.999096858965));
#738 = DIRECTION('',(0.,0.999103710116,-4.232938026074E-02));
#739 = DEFINITIONAL_REPRESENTATION('',(#740),#744);
#740 = LINE('',#741,#742);
#741 = CARTESIAN_POINT('',(0.,0.));
#742 = VECTOR('',#743,1.);
#743 = DIRECTION('',(1.,0.));
#744 = ( GEOMETRIC_REPRESENTATION_CONTEXT(2) 
PARAMETRIC_REPRESENTATION_CONTEXT() REPRESENTATION_CONTEXT('2D SPACE',''
  ) );
#745 = FACE_BOUND('',#746,.F.);
#746 = EDGE_LOOP('',(#747));
#747 = ORIENTED_EDGE('',*,*,#549,.F.);
#748 = ADVANCED_FACE('',(#749),#734,.T.);
#749 = FACE_BOUND('',#750,.T.);
#750 = EDGE_LOOP('',(#751,#780,#801,#802));
#751 = ORIENTED_EDGE('',*,*,#752,.F.);
#752 = EDGE_CURVE('',#753,#753,#755,.T.);
#753 = VERTEX_POINT('',#754);
#754 = CARTESIAN_POINT('',(1.040186239933E+03,82.389689650781,
    -17.36843869623));
#755 = SURFACE_CURVE('',#756,(#761,#768),.PCURVE_S1.);
#756 = CIRCLE('',#757,8.);
#757 = AXIS2_PLACEMENT_3D('',#758,#759,#760);
#758 = CARTESIAN_POINT('',(1.040186239933E+03,74.396859969856,
    -17.02980365414));
#759 = DIRECTION('',(-3.703315511986E-03,4.232908999563E-02,
    0.999096858965));
#760 = DIRECTION('',(0.,0.999103710116,-4.232938026074E-02));
#761 = PCURVE('',#734,#762);
#762 = DEFINITIONAL_REPRESENTATION('',(#763),#767);
#763 = LINE('',#764,#765);
#764 = CARTESIAN_POINT('',(0.,14.));
#765 = VECTOR('',#766,1.);
#766 = DIRECTION('',(1.,0.));
#767 = ( GEOMETRIC_REPRESENTATION_CONTEXT(2) 
PARAMETRIC_REPRESENTATION_CONTEXT() REPRESENTATION_CONTEXT('2D SPACE',''
  ) );
#768 = PCURVE('',#769,#774);
#769 = PLANE('',#770);
#770 = AXIS2_PLACEMENT_3D('',#771,#772,#773);
#771 = CARTESIAN_POINT('',(1.040186239933E+03,74.396859969856,
    -17.02980365414));
#772 = DIRECTION('',(-3.703315511986E-03,4.232908999563E-02,
    0.999096858965));
#773 = DIRECTION('',(0.,0.999103710116,-4.232938026074E-02));
#774 = DEFINITIONAL_REPRESENTATION('',(#775),#779);
#775 = CIRCLE('',#776,8.);
#776 = AXIS2_PLACEMENT_2D('',#777,#778);
#777 = CARTESIAN_POINT('',(0.,0.));
#778 = DIRECTION('',(1.,0.));
#779 = ( GEOMETRIC_REPRESENTATION_CONTEXT(2) 
PARAMETRIC_REPRESENTATION_CONTEXT() REPRESENTATION_CONTEXT('2D SPACE',''
  ) );
#780 = ORIENTED_EDGE('',*,*,#781,.F.);
#781 = EDGE_CURVE('',#718,#753,#782,.T.);
#782 = SEAM_CURVE('',#783,(#787,#794),.PCURVE_S1.);
#783 = LINE('',#784,#785);
#784 = CARTESIAN_POINT('',(1.04023808635E+03,81.797082390842,
    -31.35579472174));
#785 = VECTOR('',#786,1.);
#786 = DIRECTION('',(-3.703315511986E-03,4.232908999563E-02,
    0.999096858965));
#787 = PCURVE('',#734,#788);
#788 = DEFINITIONAL_REPRESENTATION('',(#789),#793);
#789 = LINE('',#790,#791);
#790 = CARTESIAN_POINT('',(6.28318530718,-0.));
#791 = VECTOR('',#792,1.);
#792 = DIRECTION('',(0.,1.));
#793 = ( GEOMETRIC_REPRESENTATION_CONTEXT(2) 
PARAMETRIC_REPRESENTATION_CONTEXT() REPRESENTATION_CONTEXT('2D SPACE',''
  ) );
#794 = PCURVE('',#734,#795);
#795 = DEFINITIONAL_REPRESENTATION('',(#796),#800);
#796 = LINE('',#797,#798);
#797 = CARTESIAN_POINT('',(0.,-0.));
#798 = VECTOR('',#799,1.);
#799 = DIRECTION('',(0.,1.));
#800 = ( GEOMETRIC_REPRESENTATION_CONTEXT(2) 
PARAMETRIC_REPRESENTATION_CONTEXT() REPRESENTATION_CONTEXT('2D SPACE',''
  ) );
#801 = ORIENTED_EDGE('',*,*,#717,.T.);
#802 = ORIENTED_EDGE('',*,*,#781,.T.);
#803 = ADVANCED_FACE('',(#804,#807),#769,.T.);
#804 = FACE_BOUND('',#805,.T.);
#805 = EDGE_LOOP('',(#806));
#806 = ORIENTED_EDGE('',*,*,#752,.T.);
#807 = FACE_BOUND('',#808,.T.);
#808 = EDGE_LOOP('',(#809));
#809 = ORIENTED_EDGE('',*,*,#810,.F.);
#810 = EDGE_CURVE('',#811,#811,#813,.T.);
#811 = VERTEX_POINT('',#812);
#812 = CARTESIAN_POINT('',(1.040186239933E+03,80.391482230549,
    -17.2837799357));
#813 = SURFACE_CURVE('',#814,(#819,#826),.PCURVE_S1.);
#814 = CIRCLE('',#815,6.);
#815 = AXIS2_PLACEMENT_3D('',#816,#817,#818);
#816 = CARTESIAN_POINT('',(1.040186239933E+03,74.396859969856,
    -17.02980365414));
#817 = DIRECTION('',(-3.703315511986E-03,4.232908999563E-02,
    0.999096858965));
#818 = DIRECTION('',(5.421010862428E-20,0.999103710116,
    -4.232938026074E-02));
#819 = PCURVE('',#769,#820);
#820 = DEFINITIONAL_REPRESENTATION('',(#821),#825);
#821 = CIRCLE('',#822,6.);
#822 = AXIS2_PLACEMENT_2D('',#823,#824);
#823 = CARTESIAN_POINT('',(-1.40477335016E-14,1.537270744437E-17));
#824 = DIRECTION('',(1.,-2.710505431214E-20));
#825 = ( GEOMETRIC_REPRESENTATION_CONTEXT(2) 
PARAMETRIC_REPRESENTATION_CONTEXT() REPRESENTATION_CONTEXT('2D SPACE',''
  ) );
#826 = PCURVE('',#827,#832);
#827 = CYLINDRICAL_SURFACE('',#828,6.);
#828 = AXIS2_PLACEMENT_3D('',#829,#830,#831);
#829 = CARTESIAN_POINT('',(1.040275119505E+03,73.380961809961,
    -41.00812826931));
#830 = DIRECTION('',(-3.703315511986E-03,4.232908999563E-02,
    0.999096858965));
#831 = DIRECTION('',(2.710505431214E-20,0.999103710116,
    -4.232938026074E-02));
#832 = DEFINITIONAL_REPRESENTATION('',(#833),#837);
#833 = LINE('',#834,#835);
#834 = CARTESIAN_POINT('',(0.,24.));
#835 = VECTOR('',#836,1.);
#836 = DIRECTION('',(1.,0.));
#837 = ( GEOMETRIC_REPRESENTATION_CONTEXT(2) 
PARAMETRIC_REPRESENTATION_CONTEXT() REPRESENTATION_CONTEXT('2D SPACE',''
  ) );
#838 = ADVANCED_FACE('',(#839),#827,.T.);
#839 = FACE_BOUND('',#840,.T.);
#840 = EDGE_LOOP('',(#841,#870,#891,#892));
#841 = ORIENTED_EDGE('',*,*,#842,.F.);
#842 = EDGE_CURVE('',#843,#843,#845,.T.);
#843 = VERTEX_POINT('',#844);
#844 = CARTESIAN_POINT('',(1.040175129987E+03,80.518469500536,
    -14.28648935881));
#845 = SURFACE_CURVE('',#846,(#851,#858),.PCURVE_S1.);
#846 = CIRCLE('',#847,6.);
#847 = AXIS2_PLACEMENT_3D('',#848,#849,#850);
#848 = CARTESIAN_POINT('',(1.040175129987E+03,74.523847239843,
    -14.03251307724));
#849 = DIRECTION('',(-3.703315511986E-03,4.232908999563E-02,
    0.999096858965));
#850 = DIRECTION('',(5.421010862428E-20,0.999103710116,
    -4.232938026074E-02));
#851 = PCURVE('',#827,#852);
#852 = DEFINITIONAL_REPRESENTATION('',(#853),#857);
#853 = LINE('',#854,#855);
#854 = CARTESIAN_POINT('',(0.,27.));
#855 = VECTOR('',#856,1.);
#856 = DIRECTION('',(1.,0.));
#857 = ( GEOMETRIC_REPRESENTATION_CONTEXT(2) 
PARAMETRIC_REPRESENTATION_CONTEXT() REPRESENTATION_CONTEXT('2D SPACE',''
  ) );
#858 = PCURVE('',#859,#864);
#859 = PLANE('',#860);
#860 = AXIS2_PLACEMENT_3D('',#861,#862,#863);
#861 = CARTESIAN_POINT('',(1.040175129987E+03,74.523847239843,
    -14.03251307724));
#862 = DIRECTION('',(-3.703315511986E-03,4.232908999563E-02,
    0.999096858965));
#863 = DIRECTION('',(0.,0.999103710116,-4.232938026074E-02));
#864 = DEFINITIONAL_REPRESENTATION('',(#865),#869);
#865 = CIRCLE('',#866,6.);
#866 = AXIS2_PLACEMENT_2D('',#867,#868);
#867 = CARTESIAN_POINT('',(7.519208413374E-17,6.57251367598E-18));
#868 = DIRECTION('',(1.,-2.710505431214E-20));
#869 = ( GEOMETRIC_REPRESENTATION_CONTEXT(2) 
PARAMETRIC_REPRESENTATION_CONTEXT() REPRESENTATION_CONTEXT('2D SPACE',''
  ) );
#870 = ORIENTED_EDGE('',*,*,#871,.F.);
#871 = EDGE_CURVE('',#811,#843,#872,.T.);
#872 = SEAM_CURVE('',#873,(#877,#884),.PCURVE_S1.);
#873 = LINE('',#874,#875);
#874 = CARTESIAN_POINT('',(1.040275119505E+03,79.375584070654,
    -41.26210455087));
#875 = VECTOR('',#876,1.);
#876 = DIRECTION('',(-3.703315511986E-03,4.232908999563E-02,
    0.999096858965));
#877 = PCURVE('',#827,#878);
#878 = DEFINITIONAL_REPRESENTATION('',(#879),#883);
#879 = LINE('',#880,#881);
#880 = CARTESIAN_POINT('',(6.28318530718,-0.));
#881 = VECTOR('',#882,1.);
#882 = DIRECTION('',(0.,1.));
#883 = ( GEOMETRIC_REPRESENTATION_CONTEXT(2) 
PARAMETRIC_REPRESENTATION_CONTEXT() REPRESENTATION_CONTEXT('2D SPACE',''
  ) );
#884 = PCURVE('',#827,#885);
#885 = DEFINITIONAL_REPRESENTATION('',(#886),#890);
#886 = LINE('',#887,#888);
#887 = CARTESIAN_POINT('',(0.,-0.));
#888 = VECTOR('',#889,1.);
#889 = DIRECTION('',(0.,1.));
#890 = ( GEOMETRIC_REPRESENTATION_CONTEXT(2) 
PARAMETRIC_REPRESENTATION_CONTEXT() REPRESENTATION_CONTEXT('2D SPACE',''
  ) );
#891 = ORIENTED_EDGE('',*,*,#810,.T.);
#892 = ORIENTED_EDGE('',*,*,#871,.T.);
#893 = ADVANCED_FACE('',(#894,#925),#859,.F.);
#894 = FACE_BOUND('',#895,.F.);
#895 = EDGE_LOOP('',(#896));
#896 = ORIENTED_EDGE('',*,*,#897,.T.);
#897 = EDGE_CURVE('',#898,#898,#900,.T.);
#898 = VERTEX_POINT('',#899);
#899 = CARTESIAN_POINT('',(1.040175129987E+03,84.015332485941,
    -14.43464218972));
#900 = SURFACE_CURVE('',#901,(#906,#913),.PCURVE_S1.);
#901 = CIRCLE('',#902,9.5);
#902 = AXIS2_PLACEMENT_3D('',#903,#904,#905);
#903 = CARTESIAN_POINT('',(1.040175129987E+03,74.523847239843,
    -14.03251307724));
#904 = DIRECTION('',(-3.703315511986E-03,4.232908999563E-02,
    0.999096858965));
#905 = DIRECTION('',(0.,0.999103710116,-4.232938026074E-02));
#906 = PCURVE('',#859,#907);
#907 = DEFINITIONAL_REPRESENTATION('',(#908),#912);
#908 = CIRCLE('',#909,9.5);
#909 = AXIS2_PLACEMENT_2D('',#910,#911);
#910 = CARTESIAN_POINT('',(0.,0.));
#911 = DIRECTION('',(1.,0.));
#912 = ( GEOMETRIC_REPRESENTATION_CONTEXT(2) 
PARAMETRIC_REPRESENTATION_CONTEXT() REPRESENTATION_CONTEXT('2D SPACE',''
  ) );
#913 = PCURVE('',#914,#919);
#914 = CYLINDRICAL_SURFACE('',#915,9.5);
#915 = AXIS2_PLACEMENT_3D('',#916,#917,#918);
#916 = CARTESIAN_POINT('',(1.040175129987E+03,74.523847239843,
    -14.03251307724));
#917 = DIRECTION('',(-3.703315511986E-03,4.232908999563E-02,
    0.999096858965));
#918 = DIRECTION('',(0.,0.999103710116,-4.232938026074E-02));
#919 = DEFINITIONAL_REPRESENTATION('',(#920),#924);
#920 = LINE('',#921,#922);
#921 = CARTESIAN_POINT('',(0.,0.));
#922 = VECTOR('',#923,1.);
#923 = DIRECTION('',(1.,0.));
#924 = ( GEOMETRIC_REPRESENTATION_CONTEXT(2) 
PARAMETRIC_REPRESENTATION_CONTEXT() REPRESENTATION_CONTEXT('2D SPACE',''
  ) );
#925 = FACE_BOUND('',#926,.F.);
#926 = EDGE_LOOP('',(#927));
#927 = ORIENTED_EDGE('',*,*,#842,.F.);
#928 = ADVANCED_FACE('',(#929),#914,.T.);
#929 = FACE_BOUND('',#930,.T.);
#930 = EDGE_LOOP('',(#931,#960,#981,#982));
#931 = ORIENTED_EDGE('',*,*,#932,.F.);
#932 = EDGE_CURVE('',#933,#933,#935,.T.);
#933 = VERTEX_POINT('',#934);
#934 = CARTESIAN_POINT('',(1.040145503463E+03,84.353965205906,
    -6.441867318003));
#935 = SURFACE_CURVE('',#936,(#941,#948),.PCURVE_S1.);
#936 = CIRCLE('',#937,9.5);
#937 = AXIS2_PLACEMENT_3D('',#938,#939,#940);
#938 = CARTESIAN_POINT('',(1.040145503463E+03,74.862479959808,
    -6.039738205526));
#939 = DIRECTION('',(-3.703315511986E-03,4.232908999563E-02,
    0.999096858965));
#940 = DIRECTION('',(0.,0.999103710116,-4.232938026074E-02));
#941 = PCURVE('',#914,#942);
#942 = DEFINITIONAL_REPRESENTATION('',(#943),#947);
#943 = LINE('',#944,#945);
#944 = CARTESIAN_POINT('',(0.,8.));
#945 = VECTOR('',#946,1.);
#946 = DIRECTION('',(1.,0.));
#947 = ( GEOMETRIC_REPRESENTATION_CONTEXT(2) 
PARAMETRIC_REPRESENTATION_CONTEXT() REPRESENTATION_CONTEXT('2D SPACE',''
  ) );
#948 = PCURVE('',#949,#954);
#949 = PLANE('',#950);
#950 = AXIS2_PLACEMENT_3D('',#951,#952,#953);
#951 = CARTESIAN_POINT('',(1.040145503463E+03,74.862479959808,
    -6.039738205526));
#952 = DIRECTION('',(-3.703315511986E-03,4.232908999563E-02,
    0.999096858965));
#953 = DIRECTION('',(0.,0.999103710116,-4.232938026074E-02));
#954 = DEFINITIONAL_REPRESENTATION('',(#955),#959);
#955 = CIRCLE('',#956,9.5);
#956 = AXIS2_PLACEMENT_2D('',#957,#958);
#957 = CARTESIAN_POINT('',(0.,0.));
#958 = DIRECTION('',(1.,0.));
#959 = ( GEOMETRIC_REPRESENTATION_CONTEXT(2) 
PARAMETRIC_REPRESENTATION_CONTEXT() REPRESENTATION_CONTEXT('2D SPACE',''
  ) );
#960 = ORIENTED_EDGE('',*,*,#961,.F.);
#961 = EDGE_CURVE('',#898,#933,#962,.T.);
#962 = SEAM_CURVE('',#963,(#967,#974),.PCURVE_S1.);
#963 = LINE('',#964,#965);
#964 = CARTESIAN_POINT('',(1.040175129987E+03,84.015332485941,
    -14.43464218972));
#965 = VECTOR('',#966,1.);
#966 = DIRECTION('',(-3.703315511986E-03,4.232908999563E-02,
    0.999096858965));
#967 = PCURVE('',#914,#968);
#968 = DEFINITIONAL_REPRESENTATION('',(#969),#973);
#969 = LINE('',#970,#971);
#970 = CARTESIAN_POINT('',(6.28318530718,-0.));
#971 = VECTOR('',#972,1.);
#972 = DIRECTION('',(0.,1.));
#973 = ( GEOMETRIC_REPRESENTATION_CONTEXT(2) 
PARAMETRIC_REPRESENTATION_CONTEXT() REPRESENTATION_CONTEXT('2D SPACE',''
  ) );
#974 = PCURVE('',#914,#975);
#975 = DEFINITIONAL_REPRESENTATION('',(#976),#980);
#976 = LINE('',#977,#978);
#977 = CARTESIAN_POINT('',(0.,-0.));
#978 = VECTOR('',#979,1.);
#979 = DIRECTION('',(0.,1.));
#980 = ( GEOMETRIC_REPRESENTATION_CONTEXT(2) 
PARAMETRIC_REPRESENTATION_CONTEXT() REPRESENTATION_CONTEXT('2D SPACE',''
  ) );
#981 = ORIENTED_EDGE('',*,*,#897,.T.);
#982 = ORIENTED_EDGE('',*,*,#961,.T.);
#983 = ADVANCED_FACE('',(#984,#987),#949,.T.);
#984 = FACE_BOUND('',#985,.T.);
#985 = EDGE_LOOP('',(#986));
#986 = ORIENTED_EDGE('',*,*,#932,.T.);
#987 = FACE_BOUND('',#988,.T.);
#988 = EDGE_LOOP('',(#989));
#989 = ORIENTED_EDGE('',*,*,#990,.F.);
#990 = EDGE_CURVE('',#991,#991,#993,.T.);
#991 = VERTEX_POINT('',#992);
#992 = CARTESIAN_POINT('',(1.040145503463E+03,80.857102220501,
    -6.293714487091));
#993 = SURFACE_CURVE('',#994,(#999,#1006),.PCURVE_S1.);
#994 = CIRCLE('',#995,6.);
#995 = AXIS2_PLACEMENT_3D('',#996,#997,#998);
#996 = CARTESIAN_POINT('',(1.040145503463E+03,74.862479959808,
    -6.039738205526));
#997 = DIRECTION('',(-3.703315511986E-03,4.232908999563E-02,
    0.999096858965));
#998 = DIRECTION('',(5.421010862428E-20,0.999103710116,
    -4.232938026074E-02));
#999 = PCURVE('',#949,#1000);
#1000 = DEFINITIONAL_REPRESENTATION('',(#1001),#1005);
#1001 = CIRCLE('',#1002,6.);
#1002 = AXIS2_PLACEMENT_2D('',#1003,#1004);
#1003 = CARTESIAN_POINT('',(1.879802103343E-16,1.643128418995E-17));
#1004 = DIRECTION('',(1.,-2.710505431214E-20));
#1005 = ( GEOMETRIC_REPRESENTATION_CONTEXT(2) 
PARAMETRIC_REPRESENTATION_CONTEXT() REPRESENTATION_CONTEXT('2D SPACE',''
  ) );
#1006 = PCURVE('',#1007,#1012);
#1007 = CYLINDRICAL_SURFACE('',#1008,6.);
#1008 = AXIS2_PLACEMENT_3D('',#1009,#1010,#1011);
#1009 = CARTESIAN_POINT('',(1.040275119505E+03,73.380961809961,
    -41.00812826931));
#1010 = DIRECTION('',(-3.703315511986E-03,4.232908999563E-02,
    0.999096858965));
#1011 = DIRECTION('',(2.710505431214E-20,0.999103710116,
    -4.232938026074E-02));
#1012 = DEFINITIONAL_REPRESENTATION('',(#1013),#1017);
#1013 = LINE('',#1014,#1015);
#1014 = CARTESIAN_POINT('',(0.,35.));
#1015 = VECTOR('',#1016,1.);
#1016 = DIRECTION('',(1.,0.));
#1017 = ( GEOMETRIC_REPRESENTATION_CONTEXT(2) 
PARAMETRIC_REPRESENTATION_CONTEXT() REPRESENTATION_CONTEXT('2D SPACE',''
  ) );
#1018 = ADVANCED_FACE('',(#1019),#1007,.T.);
#1019 = FACE_BOUND('',#1020,.T.);
#1020 = EDGE_LOOP('',(#1021,#1050,#1071,#1072));
#1021 = ORIENTED_EDGE('',*,*,#1022,.F.);
#1022 = EDGE_CURVE('',#1023,#1023,#1025,.T.);
#1023 = VERTEX_POINT('',#1024);
#1024 = CARTESIAN_POINT('',(1.038908561629E+03,94.995412077996,
    327.41393127515));
#1025 = SURFACE_CURVE('',#1026,(#1031,#1038),.PCURVE_S1.);
#1026 = CIRCLE('',#1027,6.);
#1027 = AXIS2_PLACEMENT_3D('',#1028,#1029,#1030);
#1028 = CARTESIAN_POINT('',(1.038908561629E+03,89.000789817302,
    327.66790755671));
#1029 = DIRECTION('',(-3.703315511986E-03,4.232908999563E-02,
    0.999096858965));
#1030 = DIRECTION('',(5.421010862428E-20,0.999103710116,
    -4.232938026074E-02));
#1031 = PCURVE('',#1007,#1032);
#1032 = DEFINITIONAL_REPRESENTATION('',(#1033),#1037);
#1033 = LINE('',#1034,#1035);
#1034 = CARTESIAN_POINT('',(0.,369.00930326999));
#1035 = VECTOR('',#1036,1.);
#1036 = DIRECTION('',(1.,0.));
#1037 = ( GEOMETRIC_REPRESENTATION_CONTEXT(2) 
PARAMETRIC_REPRESENTATION_CONTEXT() REPRESENTATION_CONTEXT('2D SPACE',''
  ) );
#1038 = PCURVE('',#1039,#1044);
#1039 = PLANE('',#1040);
#1040 = AXIS2_PLACEMENT_3D('',#1041,#1042,#1043);
#1041 = CARTESIAN_POINT('',(1.038908561629E+03,89.000789817302,
    327.66790755671));
#1042 = DIRECTION('',(-3.703315511986E-03,4.232908999563E-02,
    0.999096858965));
#1043 = DIRECTION('',(0.,0.999103710116,-4.232938026074E-02));
#1044 = DEFINITIONAL_REPRESENTATION('',(#1045),#1049);
#1045 = CIRCLE('',#1046,6.);
#1046 = AXIS2_PLACEMENT_2D('',#1047,#1048);
#1047 = CARTESIAN_POINT('',(0.,0.));
#1048 = DIRECTION('',(1.,-2.710505431214E-20));
#1049 = ( GEOMETRIC_REPRESENTATION_CONTEXT(2) 
PARAMETRIC_REPRESENTATION_CONTEXT() REPRESENTATION_CONTEXT('2D SPACE',''
  ) );
#1050 = ORIENTED_EDGE('',*,*,#1051,.F.);
#1051 = EDGE_CURVE('',#991,#1023,#1052,.T.);
#1052 = SEAM_CURVE('',#1053,(#1057,#1064),.PCURVE_S1.);
#1053 = LINE('',#1054,#1055);
#1054 = CARTESIAN_POINT('',(1.040275119505E+03,79.375584070654,
    -41.26210455087));
#1055 = VECTOR('',#1056,1.);
#1056 = DIRECTION('',(-3.703315511986E-03,4.232908999563E-02,
    0.999096858965));
#1057 = PCURVE('',#1007,#1058);
#1058 = DEFINITIONAL_REPRESENTATION('',(#1059),#1063);
#1059 = LINE('',#1060,#1061);
#1060 = CARTESIAN_POINT('',(6.28318530718,-0.));
#1061 = VECTOR('',#1062,1.);
#1062 = DIRECTION('',(0.,1.));
#1063 = ( GEOMETRIC_REPRESENTATION_CONTEXT(2) 
PARAMETRIC_REPRESENTATION_CONTEXT() REPRESENTATION_CONTEXT('2D SPACE',''
  ) );
#1064 = PCURVE('',#1007,#1065);
#1065 = DEFINITIONAL_REPRESENTATION('',(#1066),#1070);
#1066 = LINE('',#1067,#1068);
#1067 = CARTESIAN_POINT('',(0.,-0.));
#1068 = VECTOR('',#1069,1.);
#1069 = DIRECTION('',(0.,1.));
#1070 = ( GEOMETRIC_REPRESENTATION_CONTEXT(2) 
PARAMETRIC_REPRESENTATION_CONTEXT() REPRESENTATION_CONTEXT('2D SPACE',''
  ) );
#1071 = ORIENTED_EDGE('',*,*,#990,.T.);
#1072 = ORIENTED_EDGE('',*,*,#1051,.T.);
#1073 = ADVANCED_FACE('',(#1074,#1105),#1039,.F.);
#1074 = FACE_BOUND('',#1075,.F.);
#1075 = EDGE_LOOP('',(#1076));
#1076 = ORIENTED_EDGE('',*,*,#1077,.T.);
#1077 = EDGE_CURVE('',#1078,#1078,#1080,.T.);
#1078 = VERTEX_POINT('',#1079);
#1079 = CARTESIAN_POINT('',(1.038908561629E+03,98.4922750634,
    327.26577844423));
#1080 = SURFACE_CURVE('',#1081,(#1086,#1093),.PCURVE_S1.);
#1081 = CIRCLE('',#1082,9.5);
#1082 = AXIS2_PLACEMENT_3D('',#1083,#1084,#1085);
#1083 = CARTESIAN_POINT('',(1.038908561629E+03,89.000789817302,
    327.66790755671));
#1084 = DIRECTION('',(-3.703315511986E-03,4.232908999563E-02,
    0.999096858965));
#1085 = DIRECTION('',(0.,0.999103710116,-4.232938026074E-02));
#1086 = PCURVE('',#1039,#1087);
#1087 = DEFINITIONAL_REPRESENTATION('',(#1088),#1092);
#1088 = CIRCLE('',#1089,9.5);
#1089 = AXIS2_PLACEMENT_2D('',#1090,#1091);
#1090 = CARTESIAN_POINT('',(0.,0.));
#1091 = DIRECTION('',(1.,0.));
#1092 = ( GEOMETRIC_REPRESENTATION_CONTEXT(2) 
PARAMETRIC_REPRESENTATION_CONTEXT() REPRESENTATION_CONTEXT('2D SPACE',''
  ) );
#1093 = PCURVE('',#1094,#1099);
#1094 = CYLINDRICAL_SURFACE('',#1095,9.5);
#1095 = AXIS2_PLACEMENT_3D('',#1096,#1097,#1098);
#1096 = CARTESIAN_POINT('',(1.038908561629E+03,89.000789817302,
    327.66790755671));
#1097 = DIRECTION('',(-3.703315511986E-03,4.232908999563E-02,
    0.999096858965));
#1098 = DIRECTION('',(0.,0.999103710116,-4.232938026074E-02));
#1099 = DEFINITIONAL_REPRESENTATION('',(#1100),#1104);
#1100 = LINE('',#1101,#1102);
#1101 = CARTESIAN_POINT('',(0.,0.));
#1102 = VECTOR('',#1103,1.);
#1103 = DIRECTION('',(1.,0.));
#1104 = ( GEOMETRIC_REPRESENTATION_CONTEXT(2) 
PARAMETRIC_REPRESENTATION_CONTEXT() REPRESENTATION_CONTEXT('2D SPACE',''
  ) );
#1105 = FACE_BOUND('',#1106,.F.);
#1106 = EDGE_LOOP('',(#1107));
#1107 = ORIENTED_EDGE('',*,*,#1022,.F.);
#1108 = ADVANCED_FACE('',(#1109),#1094,.T.);
#1109 = FACE_BOUND('',#1110,.T.);
#1110 = EDGE_LOOP('',(#1111,#1140,#1161,#1162));
#1111 = ORIENTED_EDGE('',*,*,#1112,.F.);
#1112 = EDGE_CURVE('',#1113,#1113,#1115,.T.);
#1113 = VERTEX_POINT('',#1114);
#1114 = CARTESIAN_POINT('',(1.038878935104E+03,98.830907783365,
    335.25855331596));
#1115 = SURFACE_CURVE('',#1116,(#1121,#1128),.PCURVE_S1.);
#1116 = CIRCLE('',#1117,9.5);
#1117 = AXIS2_PLACEMENT_3D('',#1118,#1119,#1120);
#1118 = CARTESIAN_POINT('',(1.038878935104E+03,89.339422537267,
    335.66068242843));
#1119 = DIRECTION('',(-3.703315511986E-03,4.232908999563E-02,
    0.999096858965));
#1120 = DIRECTION('',(0.,0.999103710116,-4.232938026074E-02));
#1121 = PCURVE('',#1094,#1122);
#1122 = DEFINITIONAL_REPRESENTATION('',(#1123),#1127);
#1123 = LINE('',#1124,#1125);
#1124 = CARTESIAN_POINT('',(0.,8.));
#1125 = VECTOR('',#1126,1.);
#1126 = DIRECTION('',(1.,0.));
#1127 = ( GEOMETRIC_REPRESENTATION_CONTEXT(2) 
PARAMETRIC_REPRESENTATION_CONTEXT() REPRESENTATION_CONTEXT('2D SPACE',''
  ) );
#1128 = PCURVE('',#1129,#1134);
#1129 = PLANE('',#1130);
#1130 = AXIS2_PLACEMENT_3D('',#1131,#1132,#1133);
#1131 = CARTESIAN_POINT('',(1.038878935104E+03,89.339422537267,
    335.66068242843));
#1132 = DIRECTION('',(-3.703315511986E-03,4.232908999563E-02,
    0.999096858965));
#1133 = DIRECTION('',(0.,0.999103710116,-4.232938026074E-02));
#1134 = DEFINITIONAL_REPRESENTATION('',(#1135),#1139);
#1135 = CIRCLE('',#1136,9.5);
#1136 = AXIS2_PLACEMENT_2D('',#1137,#1138);
#1137 = CARTESIAN_POINT('',(0.,0.));
#1138 = DIRECTION('',(1.,0.));
#1139 = ( GEOMETRIC_REPRESENTATION_CONTEXT(2) 
PARAMETRIC_REPRESENTATION_CONTEXT() REPRESENTATION_CONTEXT('2D SPACE',''
  ) );
#1140 = ORIENTED_EDGE('',*,*,#1141,.F.);
#1141 = EDGE_CURVE('',#1078,#1113,#1142,.T.);
#1142 = SEAM_CURVE('',#1143,(#1147,#1154),.PCURVE_S1.);
#1143 = LINE('',#1144,#1145);
#1144 = CARTESIAN_POINT('',(1.038908561629E+03,98.4922750634,
    327.26577844423));
#1145 = VECTOR('',#1146,1.);
#1146 = DIRECTION('',(-3.703315511986E-03,4.232908999563E-02,
    0.999096858965));
#1147 = PCURVE('',#1094,#1148);
#1148 = DEFINITIONAL_REPRESENTATION('',(#1149),#1153);
#1149 = LINE('',#1150,#1151);
#1150 = CARTESIAN_POINT('',(6.28318530718,-0.));
#1151 = VECTOR('',#1152,1.);
#1152 = DIRECTION('',(0.,1.));
#1153 = ( GEOMETRIC_REPRESENTATION_CONTEXT(2) 
PARAMETRIC_REPRESENTATION_CONTEXT() REPRESENTATION_CONTEXT('2D SPACE',''
  ) );
#1154 = PCURVE('',#1094,#1155);
#1155 = DEFINITIONAL_REPRESENTATION('',(#1156),#1160);
#1156 = LINE('',#1157,#1158);
#1157 = CARTESIAN_POINT('',(0.,-0.));
#1158 = VECTOR('',#1159,1.);
#1159 = DIRECTION('',(0.,1.));
#1160 = ( GEOMETRIC_REPRESENTATION_CONTEXT(2) 
PARAMETRIC_REPRESENTATION_CONTEXT() REPRESENTATION_CONTEXT('2D SPACE',''
  ) );
#1161 = ORIENTED_EDGE('',*,*,#1077,.T.);
#1162 = ORIENTED_EDGE('',*,*,#1141,.T.);
#1163 = ADVANCED_FACE('',(#1164,#1167),#1129,.T.);
#1164 = FACE_BOUND('',#1165,.T.);
#1165 = EDGE_LOOP('',(#1166));
#1166 = ORIENTED_EDGE('',*,*,#1112,.T.);
#1167 = FACE_BOUND('',#1168,.T.);
#1168 = EDGE_LOOP('',(#1169));
#1169 = ORIENTED_EDGE('',*,*,#1170,.F.);
#1170 = EDGE_CURVE('',#1171,#1171,#1173,.T.);
#1171 = VERTEX_POINT('',#1172);
#1172 = CARTESIAN_POINT('',(1.038878935104E+03,95.334044797961,
    335.40670614687));
#1173 = SURFACE_CURVE('',#1174,(#1179,#1186),.PCURVE_S1.);
#1174 = CIRCLE('',#1175,6.);
#1175 = AXIS2_PLACEMENT_3D('',#1176,#1177,#1178);
#1176 = CARTESIAN_POINT('',(1.038878935104E+03,89.339422537267,
    335.66068242843));
#1177 = DIRECTION('',(-3.703315511986E-03,4.232908999563E-02,
    0.999096858965));
#1178 = DIRECTION('',(5.421010862428E-20,0.999103710116,
    -4.232938026074E-02));
#1179 = PCURVE('',#1129,#1180);
#1180 = DEFINITIONAL_REPRESENTATION('',(#1181),#1185);
#1181 = CIRCLE('',#1182,6.);
#1182 = AXIS2_PLACEMENT_2D('',#1183,#1184);
#1183 = CARTESIAN_POINT('',(2.40614669228E-15,2.103204376314E-16));
#1184 = DIRECTION('',(1.,-2.710505431214E-20));
#1185 = ( GEOMETRIC_REPRESENTATION_CONTEXT(2) 
PARAMETRIC_REPRESENTATION_CONTEXT() REPRESENTATION_CONTEXT('2D SPACE',''
  ) );
#1186 = PCURVE('',#1187,#1192);
#1187 = CYLINDRICAL_SURFACE('',#1188,6.);
#1188 = AXIS2_PLACEMENT_3D('',#1189,#1190,#1191);
#1189 = CARTESIAN_POINT('',(1.040275119505E+03,73.380961809961,
    -41.00812826931));
#1190 = DIRECTION('',(-3.703315511986E-03,4.232908999563E-02,
    0.999096858965));
#1191 = DIRECTION('',(2.710505431214E-20,0.999103710116,
    -4.232938026074E-02));
#1192 = DEFINITIONAL_REPRESENTATION('',(#1193),#1197);
#1193 = LINE('',#1194,#1195);
#1194 = CARTESIAN_POINT('',(0.,377.00930326999));
#1195 = VECTOR('',#1196,1.);
#1196 = DIRECTION('',(1.,0.));
#1197 = ( GEOMETRIC_REPRESENTATION_CONTEXT(2) 
PARAMETRIC_REPRESENTATION_CONTEXT() REPRESENTATION_CONTEXT('2D SPACE',''
  ) );
#1198 = ADVANCED_FACE('',(#1199),#1187,.T.);
#1199 = FACE_BOUND('',#1200,.T.);
#1200 = EDGE_LOOP('',(#1201,#1230,#1251,#1252));
#1201 = ORIENTED_EDGE('',*,*,#1202,.F.);
#1202 = EDGE_CURVE('',#1203,#1203,#1205,.T.);
#1203 = VERTEX_POINT('',#1204);
#1204 = CARTESIAN_POINT('',(1.038867825158E+03,95.461032067948,
    338.40399672377));
#1205 = SURFACE_CURVE('',#1206,(#1211,#1218),.PCURVE_S1.);
#1206 = CIRCLE('',#1207,6.);
#1207 = AXIS2_PLACEMENT_3D('',#1208,#1209,#1210);
#1208 = CARTESIAN_POINT('',(1.038867825158E+03,89.466409807254,
    338.65797300533));
#1209 = DIRECTION('',(-3.703315511986E-03,4.232908999563E-02,
    0.999096858965));
#1210 = DIRECTION('',(5.421010862428E-20,0.999103710116,
    -4.232938026074E-02));
#1211 = PCURVE('',#1187,#1212);
#1212 = DEFINITIONAL_REPRESENTATION('',(#1213),#1217);
#1213 = LINE('',#1214,#1215);
#1214 = CARTESIAN_POINT('',(0.,380.00930326999));
#1215 = VECTOR('',#1216,1.);
#1216 = DIRECTION('',(1.,0.));
#1217 = ( GEOMETRIC_REPRESENTATION_CONTEXT(2) 
PARAMETRIC_REPRESENTATION_CONTEXT() REPRESENTATION_CONTEXT('2D SPACE',''
  ) );
#1218 = PCURVE('',#1219,#1224);
#1219 = PLANE('',#1220);
#1220 = AXIS2_PLACEMENT_3D('',#1221,#1222,#1223);
#1221 = CARTESIAN_POINT('',(1.038867825158E+03,89.466409807254,
    338.65797300533));
#1222 = DIRECTION('',(-3.703315511986E-03,4.232908999563E-02,
    0.999096858965));
#1223 = DIRECTION('',(0.,0.999103710116,-4.232938026074E-02));
#1224 = DEFINITIONAL_REPRESENTATION('',(#1225),#1229);
#1225 = CIRCLE('',#1226,6.);
#1226 = AXIS2_PLACEMENT_2D('',#1227,#1228);
#1227 = CARTESIAN_POINT('',(2.40614669228E-15,2.103204376314E-16));
#1228 = DIRECTION('',(1.,-2.710505431214E-20));
#1229 = ( GEOMETRIC_REPRESENTATION_CONTEXT(2) 
PARAMETRIC_REPRESENTATION_CONTEXT() REPRESENTATION_CONTEXT('2D SPACE',''
  ) );
#1230 = ORIENTED_EDGE('',*,*,#1231,.F.);
#1231 = EDGE_CURVE('',#1171,#1203,#1232,.T.);
#1232 = SEAM_CURVE('',#1233,(#1237,#1244),.PCURVE_S1.);
#1233 = LINE('',#1234,#1235);
#1234 = CARTESIAN_POINT('',(1.040275119505E+03,79.375584070654,
    -41.26210455087));
#1235 = VECTOR('',#1236,1.);
#1236 = DIRECTION('',(-3.703315511986E-03,4.232908999563E-02,
    0.999096858965));
#1237 = PCURVE('',#1187,#1238);
#1238 = DEFINITIONAL_REPRESENTATION('',(#1239),#1243);
#1239 = LINE('',#1240,#1241);
#1240 = CARTESIAN_POINT('',(6.28318530718,-0.));
#1241 = VECTOR('',#1242,1.);
#1242 = DIRECTION('',(0.,1.));
#1243 = ( GEOMETRIC_REPRESENTATION_CONTEXT(2) 
PARAMETRIC_REPRESENTATION_CONTEXT() REPRESENTATION_CONTEXT('2D SPACE',''
  ) );
#1244 = PCURVE('',#1187,#1245);
#1245 = DEFINITIONAL_REPRESENTATION('',(#1246),#1250);
#1246 = LINE('',#1247,#1248);
#1247 = CARTESIAN_POINT('',(0.,-0.));
#1248 = VECTOR('',#1249,1.);
#1249 = DIRECTION('',(0.,1.));
#1250 = ( GEOMETRIC_REPRESENTATION_CONTEXT(2) 
PARAMETRIC_REPRESENTATION_CONTEXT() REPRESENTATION_CONTEXT('2D SPACE',''
  ) );
#1251 = ORIENTED_EDGE('',*,*,#1170,.T.);
#1252 = ORIENTED_EDGE('',*,*,#1231,.T.);
#1253 = ADVANCED_FACE('',(#1254,#1285),#1219,.F.);
#1254 = FACE_BOUND('',#1255,.F.);
#1255 = EDGE_LOOP('',(#1256));
#1256 = ORIENTED_EDGE('',*,*,#1257,.T.);
#1257 = EDGE_CURVE('',#1258,#1258,#1260,.T.);
#1258 = VERTEX_POINT('',#1259);
#1259 = CARTESIAN_POINT('',(1.038867825158E+03,97.459239488179,
    338.31933796324));
#1260 = SURFACE_CURVE('',#1261,(#1266,#1273),.PCURVE_S1.);
#1261 = CIRCLE('',#1262,8.);
#1262 = AXIS2_PLACEMENT_3D('',#1263,#1264,#1265);
#1263 = CARTESIAN_POINT('',(1.038867825158E+03,89.466409807254,
    338.65797300533));
#1264 = DIRECTION('',(-3.703315511986E-03,4.232908999563E-02,
    0.999096858965));
#1265 = DIRECTION('',(0.,0.999103710116,-4.232938026074E-02));
#1266 = PCURVE('',#1219,#1267);
#1267 = DEFINITIONAL_REPRESENTATION('',(#1268),#1272);
#1268 = CIRCLE('',#1269,8.);
#1269 = AXIS2_PLACEMENT_2D('',#1270,#1271);
#1270 = CARTESIAN_POINT('',(0.,0.));
#1271 = DIRECTION('',(1.,0.));
#1272 = ( GEOMETRIC_REPRESENTATION_CONTEXT(2) 
PARAMETRIC_REPRESENTATION_CONTEXT() REPRESENTATION_CONTEXT('2D SPACE',''
  ) );
#1273 = PCURVE('',#1274,#1279);
#1274 = CYLINDRICAL_SURFACE('',#1275,8.);
#1275 = AXIS2_PLACEMENT_3D('',#1276,#1277,#1278);
#1276 = CARTESIAN_POINT('',(1.038867825158E+03,89.466409807254,
    338.65797300533));
#1277 = DIRECTION('',(-3.703315511986E-03,4.232908999563E-02,
    0.999096858965));
#1278 = DIRECTION('',(0.,0.999103710116,-4.232938026074E-02));
#1279 = DEFINITIONAL_REPRESENTATION('',(#1280),#1284);
#1280 = LINE('',#1281,#1282);
#1281 = CARTESIAN_POINT('',(0.,0.));
#1282 = VECTOR('',#1283,1.);
#1283 = DIRECTION('',(1.,0.));
#1284 = ( GEOMETRIC_REPRESENTATION_CONTEXT(2) 
PARAMETRIC_REPRESENTATION_CONTEXT() REPRESENTATION_CONTEXT('2D SPACE',''
  ) );
#1285 = FACE_BOUND('',#1286,.F.);
#1286 = EDGE_LOOP('',(#1287));
#1287 = ORIENTED_EDGE('',*,*,#1202,.F.);
#1288 = ADVANCED_FACE('',(#1289),#1274,.T.);
#1289 = FACE_BOUND('',#1290,.T.);
#1290 = EDGE_LOOP('',(#1291,#1320,#1341,#1342));
#1291 = ORIENTED_EDGE('',*,*,#1292,.F.);
#1292 = EDGE_CURVE('',#1293,#1293,#1295,.T.);
#1293 = VERTEX_POINT('',#1294);
#1294 = CARTESIAN_POINT('',(1.038815978741E+03,98.051846748118,
    352.30669398876));
#1295 = SURFACE_CURVE('',#1296,(#1301,#1308),.PCURVE_S1.);
#1296 = CIRCLE('',#1297,8.);
#1297 = AXIS2_PLACEMENT_3D('',#1298,#1299,#1300);
#1298 = CARTESIAN_POINT('',(1.038815978741E+03,90.059017067193,
    352.64532903084));
#1299 = DIRECTION('',(-3.703315511986E-03,4.232908999563E-02,
    0.999096858965));
#1300 = DIRECTION('',(0.,0.999103710116,-4.232938026074E-02));
#1301 = PCURVE('',#1274,#1302);
#1302 = DEFINITIONAL_REPRESENTATION('',(#1303),#1307);
#1303 = LINE('',#1304,#1305);
#1304 = CARTESIAN_POINT('',(0.,14.));
#1305 = VECTOR('',#1306,1.);
#1306 = DIRECTION('',(1.,0.));
#1307 = ( GEOMETRIC_REPRESENTATION_CONTEXT(2) 
PARAMETRIC_REPRESENTATION_CONTEXT() REPRESENTATION_CONTEXT('2D SPACE',''
  ) );
#1308 = PCURVE('',#1309,#1314);
#1309 = PLANE('',#1310);
#1310 = AXIS2_PLACEMENT_3D('',#1311,#1312,#1313);
#1311 = CARTESIAN_POINT('',(1.038815978741E+03,90.059017067193,
    352.64532903084));
#1312 = DIRECTION('',(-3.703315511986E-03,4.232908999563E-02,
    0.999096858965));
#1313 = DIRECTION('',(0.,0.999103710116,-4.232938026074E-02));
#1314 = DEFINITIONAL_REPRESENTATION('',(#1315),#1319);
#1315 = CIRCLE('',#1316,8.);
#1316 = AXIS2_PLACEMENT_2D('',#1317,#1318);
#1317 = CARTESIAN_POINT('',(0.,0.));
#1318 = DIRECTION('',(1.,0.));
#1319 = ( GEOMETRIC_REPRESENTATION_CONTEXT(2) 
PARAMETRIC_REPRESENTATION_CONTEXT() REPRESENTATION_CONTEXT('2D SPACE',''
  ) );
#1320 = ORIENTED_EDGE('',*,*,#1321,.F.);
#1321 = EDGE_CURVE('',#1258,#1293,#1322,.T.);
#1322 = SEAM_CURVE('',#1323,(#1327,#1334),.PCURVE_S1.);
#1323 = LINE('',#1324,#1325);
#1324 = CARTESIAN_POINT('',(1.038867825158E+03,97.459239488179,
    338.31933796324));
#1325 = VECTOR('',#1326,1.);
#1326 = DIRECTION('',(-3.703315511986E-03,4.232908999563E-02,
    0.999096858965));
#1327 = PCURVE('',#1274,#1328);
#1328 = DEFINITIONAL_REPRESENTATION('',(#1329),#1333);
#1329 = LINE('',#1330,#1331);
#1330 = CARTESIAN_POINT('',(6.28318530718,-0.));
#1331 = VECTOR('',#1332,1.);
#1332 = DIRECTION('',(0.,1.));
#1333 = ( GEOMETRIC_REPRESENTATION_CONTEXT(2) 
PARAMETRIC_REPRESENTATION_CONTEXT() REPRESENTATION_CONTEXT('2D SPACE',''
  ) );
#1334 = PCURVE('',#1274,#1335);
#1335 = DEFINITIONAL_REPRESENTATION('',(#1336),#1340);
#1336 = LINE('',#1337,#1338);
#1337 = CARTESIAN_POINT('',(0.,-0.));
#1338 = VECTOR('',#1339,1.);
#1339 = DIRECTION('',(0.,1.));
#1340 = ( GEOMETRIC_REPRESENTATION_CONTEXT(2) 
PARAMETRIC_REPRESENTATION_CONTEXT() REPRESENTATION_CONTEXT('2D SPACE',''
  ) );
#1341 = ORIENTED_EDGE('',*,*,#1257,.T.);
#1342 = ORIENTED_EDGE('',*,*,#1321,.T.);
#1343 = ADVANCED_FACE('',(#1344,#1347),#1309,.T.);
#1344 = FACE_BOUND('',#1345,.T.);
#1345 = EDGE_LOOP('',(#1346));
#1346 = ORIENTED_EDGE('',*,*,#1292,.T.);
#1347 = FACE_BOUND('',#1348,.T.);
#1348 = EDGE_LOOP('',(#1349));
#1349 = ORIENTED_EDGE('',*,*,#1350,.F.);
#1350 = EDGE_CURVE('',#1351,#1351,#1353,.T.);
#1351 = VERTEX_POINT('',#1352);
#1352 = CARTESIAN_POINT('',(1.038815978741E+03,96.053639327886,
    352.39135274928));
#1353 = SURFACE_CURVE('',#1354,(#1359,#1366),.PCURVE_S1.);
#1354 = CIRCLE('',#1355,6.);
#1355 = AXIS2_PLACEMENT_3D('',#1356,#1357,#1358);
#1356 = CARTESIAN_POINT('',(1.038815978741E+03,90.059017067193,
    352.64532903084));
#1357 = DIRECTION('',(-3.703315511986E-03,4.232908999563E-02,
    0.999096858965));
#1358 = DIRECTION('',(5.421010862428E-20,0.999103710116,
    -4.232938026074E-02));
#1359 = PCURVE('',#1309,#1360);
#1360 = DEFINITIONAL_REPRESENTATION('',(#1361),#1365);
#1361 = CIRCLE('',#1362,6.);
#1362 = AXIS2_PLACEMENT_2D('',#1363,#1364);
#1363 = CARTESIAN_POINT('',(1.419811766987E-14,-2.227680092408E-18));
#1364 = DIRECTION('',(1.,-2.710505431214E-20));
#1365 = ( GEOMETRIC_REPRESENTATION_CONTEXT(2) 
PARAMETRIC_REPRESENTATION_CONTEXT() REPRESENTATION_CONTEXT('2D SPACE',''
  ) );
#1366 = PCURVE('',#1367,#1372);
#1367 = CYLINDRICAL_SURFACE('',#1368,6.);
#1368 = AXIS2_PLACEMENT_3D('',#1369,#1370,#1371);
#1369 = CARTESIAN_POINT('',(1.040275119505E+03,73.380961809961,
    -41.00812826931));
#1370 = DIRECTION('',(-3.703315511986E-03,4.232908999563E-02,
    0.999096858965));
#1371 = DIRECTION('',(2.710505431214E-20,0.999103710116,
    -4.232938026074E-02));
#1372 = DEFINITIONAL_REPRESENTATION('',(#1373),#1377);
#1373 = LINE('',#1374,#1375);
#1374 = CARTESIAN_POINT('',(0.,394.00930326999));
#1375 = VECTOR('',#1376,1.);
#1376 = DIRECTION('',(1.,0.));
#1377 = ( GEOMETRIC_REPRESENTATION_CONTEXT(2) 
PARAMETRIC_REPRESENTATION_CONTEXT() REPRESENTATION_CONTEXT('2D SPACE',''
  ) );
#1378 = ADVANCED_FACE('',(#1379),#1367,.T.);
#1379 = FACE_BOUND('',#1380,.T.);
#1380 = EDGE_LOOP('',(#1381,#1404,#1433,#1465,#1502,#1531,#1563,#1595,
    #1624,#1651,#1683,#1712,#1744,#1771,#1793,#1794));
#1381 = ORIENTED_EDGE('',*,*,#1382,.T.);
#1382 = EDGE_CURVE('',#1351,#1383,#1385,.T.);
#1383 = VERTEX_POINT('',#1384);
#1384 = CARTESIAN_POINT('',(1.038778945586E+03,96.476930227843,
    362.38232133893));
#1385 = SEAM_CURVE('',#1386,(#1390,#1397),.PCURVE_S1.);
#1386 = LINE('',#1387,#1388);
#1387 = CARTESIAN_POINT('',(1.040275119505E+03,79.375584070654,
    -41.26210455087));
#1388 = VECTOR('',#1389,1.);
#1389 = DIRECTION('',(-3.703315511986E-03,4.232908999563E-02,
    0.999096858965));
#1390 = PCURVE('',#1367,#1391);
#1391 = DEFINITIONAL_REPRESENTATION('',(#1392),#1396);
#1392 = LINE('',#1393,#1394);
#1393 = CARTESIAN_POINT('',(6.28318530718,-0.));
#1394 = VECTOR('',#1395,1.);
#1395 = DIRECTION('',(0.,1.));
#1396 = ( GEOMETRIC_REPRESENTATION_CONTEXT(2) 
PARAMETRIC_REPRESENTATION_CONTEXT() REPRESENTATION_CONTEXT('2D SPACE',''
  ) );
#1397 = PCURVE('',#1367,#1398);
#1398 = DEFINITIONAL_REPRESENTATION('',(#1399),#1403);
#1399 = LINE('',#1400,#1401);
#1400 = CARTESIAN_POINT('',(0.,-0.));
#1401 = VECTOR('',#1402,1.);
#1402 = DIRECTION('',(0.,1.));
#1403 = ( GEOMETRIC_REPRESENTATION_CONTEXT(2) 
PARAMETRIC_REPRESENTATION_CONTEXT() REPRESENTATION_CONTEXT('2D SPACE',''
  ) );
#1404 = ORIENTED_EDGE('',*,*,#1405,.F.);
#1405 = EDGE_CURVE('',#1406,#1383,#1408,.T.);
#1406 = VERTEX_POINT('',#1407);
#1407 = CARTESIAN_POINT('',(1.041424252949E+03,95.86326977711,
    362.41812577162));
#1408 = SURFACE_CURVE('',#1409,(#1414,#1421),.PCURVE_S1.);
#1409 = CIRCLE('',#1410,6.);
#1410 = AXIS2_PLACEMENT_3D('',#1411,#1412,#1413);
#1411 = CARTESIAN_POINT('',(1.038778945586E+03,90.482307967149,
    362.6362976205));
#1412 = DIRECTION('',(-3.703315511986E-03,4.232908999563E-02,
    0.999096858965));
#1413 = DIRECTION('',(5.421010862428E-20,0.999103710116,
    -4.232938026074E-02));
#1414 = PCURVE('',#1367,#1415);
#1415 = DEFINITIONAL_REPRESENTATION('',(#1416),#1420);
#1416 = LINE('',#1417,#1418);
#1417 = CARTESIAN_POINT('',(0.,404.00930326999));
#1418 = VECTOR('',#1419,1.);
#1419 = DIRECTION('',(1.,0.));
#1420 = ( GEOMETRIC_REPRESENTATION_CONTEXT(2) 
PARAMETRIC_REPRESENTATION_CONTEXT() REPRESENTATION_CONTEXT('2D SPACE',''
  ) );
#1421 = PCURVE('',#1422,#1427);
#1422 = PLANE('',#1423);
#1423 = AXIS2_PLACEMENT_3D('',#1424,#1425,#1426);
#1424 = CARTESIAN_POINT('',(1.038778945586E+03,90.482307967149,
    362.6362976205));
#1425 = DIRECTION('',(-3.703315511986E-03,4.232908999563E-02,
    0.999096858965));
#1426 = DIRECTION('',(2.710505431214E-20,0.999103710116,
    -4.232938026074E-02));
#1427 = DEFINITIONAL_REPRESENTATION('',(#1428),#1432);
#1428 = CIRCLE('',#1429,6.);
#1429 = AXIS2_PLACEMENT_2D('',#1430,#1431);
#1430 = CARTESIAN_POINT('',(0.,0.));
#1431 = DIRECTION('',(1.,0.));
#1432 = ( GEOMETRIC_REPRESENTATION_CONTEXT(2) 
PARAMETRIC_REPRESENTATION_CONTEXT() REPRESENTATION_CONTEXT('2D SPACE',''
  ) );
#1433 = ORIENTED_EDGE('',*,*,#1434,.T.);
#1434 = EDGE_CURVE('',#1406,#1435,#1437,.T.);
#1435 = VERTEX_POINT('',#1436);
#1436 = CARTESIAN_POINT('',(1.041388083238E+03,95.86326977711,
    361.98361827017));
#1437 = SURFACE_CURVE('',#1438,(#1443,#1453),.PCURVE_S1.);
#1438 = ELLIPSE('',#1439,141.74649161177,6.);
#1439 = AXIS2_PLACEMENT_3D('',#1440,#1441,#1442);
#1440 = CARTESIAN_POINT('',(1.038308172428E+03,95.86326977711,
    489.64356480008));
#1441 = DIRECTION('',(0.,1.,0.));
#1442 = DIRECTION('',(-3.706637688268E-03,0.,0.999993130395));
#1443 = PCURVE('',#1367,#1444);
#1444 = DEFINITIONAL_REPRESENTATION('',(#1445),#1452);
#1445 = B_SPLINE_CURVE_WITH_KNOTS('',5,(#1446,#1447,#1448,#1449,#1450,
    #1451),.UNSPECIFIED.,.F.,.F.,(6,6),(2.685162227547,2.73206165702),
  .PIECEWISE_BEZIER_KNOTS.);
#1446 = CARTESIAN_POINT('',(5.82659798146,404.00930386999));
#1447 = CARTESIAN_POINT('',(5.835977867355,403.42382722043));
#1448 = CARTESIAN_POINT('',(5.845357753249,402.85233118015));
#1449 = CARTESIAN_POINT('',(5.854737639144,402.29492306513));
#1450 = CARTESIAN_POINT('',(5.864117525038,401.75170506502));
#1451 = CARTESIAN_POINT('',(5.873497410933,401.22277413064));
#1452 = ( GEOMETRIC_REPRESENTATION_CONTEXT(2) 
PARAMETRIC_REPRESENTATION_CONTEXT() REPRESENTATION_CONTEXT('2D SPACE',''
  ) );
#1453 = PCURVE('',#1454,#1459);
#1454 = PLANE('',#1455);
#1455 = AXIS2_PLACEMENT_3D('',#1456,#1457,#1458);
#1456 = CARTESIAN_POINT('',(1.038745615746E+03,95.86326977711,
    371.62816935119));
#1457 = DIRECTION('',(0.,1.,0.));
#1458 = DIRECTION('',(0.,-0.,1.));
#1459 = DEFINITIONAL_REPRESENTATION('',(#1460),#1464);
#1460 = ELLIPSE('',#1461,141.74649161177,6.);
#1461 = AXIS2_PLACEMENT_2D('',#1462,#1463);
#1462 = CARTESIAN_POINT('',(118.01539544889,-0.43744331763));
#1463 = DIRECTION('',(0.999993130395,-3.706637688268E-03));
#1464 = ( GEOMETRIC_REPRESENTATION_CONTEXT(2) 
PARAMETRIC_REPRESENTATION_CONTEXT() REPRESENTATION_CONTEXT('2D SPACE',''
  ) );
#1465 = ORIENTED_EDGE('',*,*,#1466,.F.);
#1466 = EDGE_CURVE('',#1467,#1435,#1469,.T.);
#1467 = VERTEX_POINT('',#1468);
#1468 = CARTESIAN_POINT('',(1.04273904014E+03,94.986375402696,
    362.46015093897));
#1469 = SURFACE_CURVE('',#1470,(#1477,#1487),.PCURVE_S1.);
#1470 = B_SPLINE_CURVE_WITH_KNOTS('',5,(#1471,#1472,#1473,#1474,#1475,
    #1476),.UNSPECIFIED.,.F.,.F.,(6,6),(0.,1.),
  .PIECEWISE_BEZIER_KNOTS.);
#1471 = CARTESIAN_POINT('',(1.042739041659E+03,94.986374093035,
    362.46015160063));
#1472 = CARTESIAN_POINT('',(1.042506949189E+03,95.18648236305,
    362.35905623722));
#1473 = CARTESIAN_POINT('',(1.042256533625E+03,95.376163809961,
    362.25871817095));
#1474 = CARTESIAN_POINT('',(1.041987024458E+03,95.5538128828,
    362.16107525632));
#1475 = CARTESIAN_POINT('',(1.041697676397E+03,95.717198182861,
    362.0684422738));
#1476 = CARTESIAN_POINT('',(1.041388081966E+03,95.86327037711,
    361.98361792174));
#1477 = PCURVE('',#1367,#1478);
#1478 = DEFINITIONAL_REPRESENTATION('',(#1479),#1486);
#1479 = B_SPLINE_CURVE_WITH_KNOTS('',5,(#1480,#1481,#1482,#1483,#1484,
    #1485),.UNSPECIFIED.,.F.,.F.,(6,6),(0.,1.),
  .PIECEWISE_BEZIER_KNOTS.);
#1480 = CARTESIAN_POINT('',(5.56233920729,404.00930386999));
#1481 = CARTESIAN_POINT('',(5.613905334687,403.91762972257));
#1482 = CARTESIAN_POINT('',(5.666615853323,403.8263386866));
#1483 = CARTESIAN_POINT('',(5.720667540193,403.73730175836));
#1484 = CARTESIAN_POINT('',(5.77625522142,403.65273993473));
#1485 = CARTESIAN_POINT('',(5.833601005887,403.57532181993));
#1486 = ( GEOMETRIC_REPRESENTATION_CONTEXT(2) 
PARAMETRIC_REPRESENTATION_CONTEXT() REPRESENTATION_CONTEXT('2D SPACE',''
  ) );
#1487 = PCURVE('',#1488,#1493);
#1488 = CYLINDRICAL_SURFACE('',#1489,10.);
#1489 = AXIS2_PLACEMENT_3D('',#1490,#1491,#1492);
#1490 = CARTESIAN_POINT('',(1.038745615746E+03,85.86326977711,
    371.62816935119));
#1491 = DIRECTION('',(-0.,-1.,-0.));
#1492 = DIRECTION('',(0.,-0.,1.));
#1493 = DEFINITIONAL_REPRESENTATION('',(#1494),#1501);
#1494 = B_SPLINE_CURVE_WITH_KNOTS('',5,(#1495,#1496,#1497,#1498,#1499,
    #1500),.UNSPECIFIED.,.F.,.F.,(6,6),(1.308956265431E-06,
    0.999999178464),.PIECEWISE_BEZIER_KNOTS.);
#1495 = CARTESIAN_POINT('',(-9.013978459866,-9.12310562559));
#1496 = CARTESIAN_POINT('',(-9.039293861906,-9.323213414683));
#1497 = CARTESIAN_POINT('',(-9.066258849511,-9.512894418795));
#1498 = CARTESIAN_POINT('',(-9.094900670042,-9.690543095584));
#1499 = CARTESIAN_POINT('',(-9.125254759055,-9.853928060046));
#1500 = CARTESIAN_POINT('',(-9.1573551339,-9.999999999982));
#1501 = ( GEOMETRIC_REPRESENTATION_CONTEXT(2) 
PARAMETRIC_REPRESENTATION_CONTEXT() REPRESENTATION_CONTEXT('2D SPACE',''
  ) );
#1502 = ORIENTED_EDGE('',*,*,#1503,.F.);
#1503 = EDGE_CURVE('',#1504,#1467,#1506,.T.);
#1504 = VERTEX_POINT('',#1505);
#1505 = CARTESIAN_POINT('',(1.043465672901E+03,86.740164151523,
    362.81221447054));
#1506 = SURFACE_CURVE('',#1507,(#1512,#1519),.PCURVE_S1.);
#1507 = CIRCLE('',#1508,6.);
#1508 = AXIS2_PLACEMENT_3D('',#1509,#1510,#1511);
#1509 = CARTESIAN_POINT('',(1.038778945586E+03,90.482307967149,
    362.6362976205));
#1510 = DIRECTION('',(-3.703315511986E-03,4.232908999563E-02,
    0.999096858965));
#1511 = DIRECTION('',(5.421010862428E-20,0.999103710116,
    -4.232938026074E-02));
#1512 = PCURVE('',#1367,#1513);
#1513 = DEFINITIONAL_REPRESENTATION('',(#1514),#1518);
#1514 = LINE('',#1515,#1516);
#1515 = CARTESIAN_POINT('',(0.,404.00930326999));
#1516 = VECTOR('',#1517,1.);
#1517 = DIRECTION('',(1.,0.));
#1518 = ( GEOMETRIC_REPRESENTATION_CONTEXT(2) 
PARAMETRIC_REPRESENTATION_CONTEXT() REPRESENTATION_CONTEXT('2D SPACE',''
  ) );
#1519 = PCURVE('',#1520,#1525);
#1520 = PLANE('',#1521);
#1521 = AXIS2_PLACEMENT_3D('',#1522,#1523,#1524);
#1522 = CARTESIAN_POINT('',(1.038778945586E+03,90.482307967149,
    362.6362976205));
#1523 = DIRECTION('',(-3.703315511986E-03,4.232908999563E-02,
    0.999096858965));
#1524 = DIRECTION('',(2.710505431214E-20,0.999103710116,
    -4.232938026074E-02));
#1525 = DEFINITIONAL_REPRESENTATION('',(#1526),#1530);
#1526 = CIRCLE('',#1527,6.);
#1527 = AXIS2_PLACEMENT_2D('',#1528,#1529);
#1528 = CARTESIAN_POINT('',(0.,0.));
#1529 = DIRECTION('',(1.,0.));
#1530 = ( GEOMETRIC_REPRESENTATION_CONTEXT(2) 
PARAMETRIC_REPRESENTATION_CONTEXT() REPRESENTATION_CONTEXT('2D SPACE',''
  ) );
#1531 = ORIENTED_EDGE('',*,*,#1532,.F.);
#1532 = EDGE_CURVE('',#1533,#1504,#1535,.T.);
#1533 = VERTEX_POINT('',#1534);
#1534 = CARTESIAN_POINT('',(1.042626342534E+03,85.86326977711,
    362.41188161719));
#1535 = SURFACE_CURVE('',#1536,(#1543,#1553),.PCURVE_S1.);
#1536 = B_SPLINE_CURVE_WITH_KNOTS('',5,(#1537,#1538,#1539,#1540,#1541,
    #1542),.UNSPECIFIED.,.F.,.F.,(6,6),(0.,1.),
  .PIECEWISE_BEZIER_KNOTS.);
#1537 = CARTESIAN_POINT('',(1.042626341832E+03,85.86326917711,
    362.41188132171));
#1538 = CARTESIAN_POINT('',(1.042817253554E+03,86.026510915139,
    362.49226901084));
#1539 = CARTESIAN_POINT('',(1.042996097172E+03,86.196562290225,
    362.57339474999));
#1540 = CARTESIAN_POINT('',(1.043163457335E+03,86.372541685531,
    362.65428822788));
#1541 = CARTESIAN_POINT('',(1.043319837294E+03,86.553846419256,
    362.73413414922));
#1542 = CARTESIAN_POINT('',(1.043465673926E+03,86.740165461185,
    362.81221501939));
#1543 = PCURVE('',#1367,#1544);
#1544 = DEFINITIONAL_REPRESENTATION('',(#1545),#1552);
#1545 = B_SPLINE_CURVE_WITH_KNOTS('',5,(#1546,#1547,#1548,#1549,#1550,
    #1551),.UNSPECIFIED.,.F.,.F.,(6,6),(0.,1.),
  .PIECEWISE_BEZIER_KNOTS.);
#1546 = CARTESIAN_POINT('',(3.837353000226,403.57532181993));
#1547 = CARTESIAN_POINT('',(3.878876746539,403.66183977552));
#1548 = CARTESIAN_POINT('',(3.919580639914,403.74942805231));
#1549 = CARTESIAN_POINT('',(3.959598271186,403.83707773215));
#1550 = CARTESIAN_POINT('',(3.999047545769,403.92394688142));
#1551 = CARTESIAN_POINT('',(4.038061046023,404.00930386999));
#1552 = ( GEOMETRIC_REPRESENTATION_CONTEXT(2) 
PARAMETRIC_REPRESENTATION_CONTEXT() REPRESENTATION_CONTEXT('2D SPACE',''
  ) );
#1553 = PCURVE('',#1488,#1554);
#1554 = DEFINITIONAL_REPRESENTATION('',(#1555),#1562);
#1555 = B_SPLINE_CURVE_WITH_KNOTS('',5,(#1556,#1557,#1558,#1559,#1560,
    #1561),.UNSPECIFIED.,.F.,.F.,(6,6),(7.351248859588E-07,0.99999859417
    ),.PIECEWISE_BEZIER_KNOTS.);
#1556 = CARTESIAN_POINT('',(-9.026238503157,-1.535704864498E-11));
#1557 = CARTESIAN_POINT('',(-9.005523950554,-0.163241408575));
#1558 = CARTESIAN_POINT('',(-8.985892969004,-0.333292423089));
#1559 = CARTESIAN_POINT('',(-8.967310903092,-0.509271432792));
#1560 = CARTESIAN_POINT('',(-8.949755791122,-0.690575759579));
#1561 = CARTESIAN_POINT('',(-8.933213467507,-0.87689437441));
#1562 = ( GEOMETRIC_REPRESENTATION_CONTEXT(2) 
PARAMETRIC_REPRESENTATION_CONTEXT() REPRESENTATION_CONTEXT('2D SPACE',''
  ) );
#1563 = ORIENTED_EDGE('',*,*,#1564,.F.);
#1564 = EDGE_CURVE('',#1565,#1533,#1567,.T.);
#1565 = VERTEX_POINT('',#1566);
#1566 = CARTESIAN_POINT('',(1.042602614112E+03,85.86326977711,
    362.84616709644));
#1567 = SURFACE_CURVE('',#1568,(#1573,#1583),.PCURVE_S1.);
#1568 = ELLIPSE('',#1569,141.74649161177,6.);
#1569 = AXIS2_PLACEMENT_3D('',#1570,#1571,#1572);
#1570 = CARTESIAN_POINT('',(1.039183059064E+03,85.86326977711,
    253.61277390229));
#1571 = DIRECTION('',(0.,1.,0.));
#1572 = DIRECTION('',(-3.706637688268E-03,0.,0.999993130395));
#1573 = PCURVE('',#1367,#1574);
#1574 = DEFINITIONAL_REPRESENTATION('',(#1575),#1582);
#1575 = B_SPLINE_CURVE_WITH_KNOTS('',5,(#1576,#1577,#1578,#1579,#1580,
    #1581),.UNSPECIFIED.,.F.,.F.,(6,6),(0.691123605504,0.726018683691),
  .PIECEWISE_BEZIER_KNOTS.);
#1576 = CARTESIAN_POINT('',(3.832559359417,404.00930386999));
#1577 = CARTESIAN_POINT('',(3.839538375055,403.3793171235));
#1578 = CARTESIAN_POINT('',(3.846517390692,402.74268666224));
#1579 = CARTESIAN_POINT('',(3.853496406329,402.09947641232));
#1580 = CARTESIAN_POINT('',(3.860475421967,401.44975164832));
#1581 = CARTESIAN_POINT('',(3.867454437604,400.79357895358));
#1582 = ( GEOMETRIC_REPRESENTATION_CONTEXT(2) 
PARAMETRIC_REPRESENTATION_CONTEXT() REPRESENTATION_CONTEXT('2D SPACE',''
  ) );
#1583 = PCURVE('',#1584,#1589);
#1584 = PLANE('',#1585);
#1585 = AXIS2_PLACEMENT_3D('',#1586,#1587,#1588);
#1586 = CARTESIAN_POINT('',(1.038745615746E+03,85.86326977711,
    371.62816935119));
#1587 = DIRECTION('',(0.,1.,0.));
#1588 = DIRECTION('',(0.,-0.,1.));
#1589 = DEFINITIONAL_REPRESENTATION('',(#1590),#1594);
#1590 = ELLIPSE('',#1591,141.74649161177,6.);
#1591 = AXIS2_PLACEMENT_2D('',#1592,#1593);
#1592 = CARTESIAN_POINT('',(-118.0153954488,0.43744331763));
#1593 = DIRECTION('',(0.999993130395,-3.706637688268E-03));
#1594 = ( GEOMETRIC_REPRESENTATION_CONTEXT(2) 
PARAMETRIC_REPRESENTATION_CONTEXT() REPRESENTATION_CONTEXT('2D SPACE',''
  ) );
#1595 = ORIENTED_EDGE('',*,*,#1596,.F.);
#1596 = EDGE_CURVE('',#1597,#1565,#1599,.T.);
#1597 = VERTEX_POINT('',#1598);
#1598 = CARTESIAN_POINT('',(1.034953826317E+03,85.86326977711,
    362.81781561657));
#1599 = SURFACE_CURVE('',#1600,(#1605,#1612),.PCURVE_S1.);
#1600 = CIRCLE('',#1601,6.);
#1601 = AXIS2_PLACEMENT_3D('',#1602,#1603,#1604);
#1602 = CARTESIAN_POINT('',(1.038778945586E+03,90.482307967149,
    362.6362976205));
#1603 = DIRECTION('',(-3.703315511986E-03,4.232908999563E-02,
    0.999096858965));
#1604 = DIRECTION('',(5.421010862428E-20,0.999103710116,
    -4.232938026074E-02));
#1605 = PCURVE('',#1367,#1606);
#1606 = DEFINITIONAL_REPRESENTATION('',(#1607),#1611);
#1607 = LINE('',#1608,#1609);
#1608 = CARTESIAN_POINT('',(0.,404.00930326999));
#1609 = VECTOR('',#1610,1.);
#1610 = DIRECTION('',(1.,0.));
#1611 = ( GEOMETRIC_REPRESENTATION_CONTEXT(2) 
PARAMETRIC_REPRESENTATION_CONTEXT() REPRESENTATION_CONTEXT('2D SPACE',''
  ) );
#1612 = PCURVE('',#1613,#1618);
#1613 = PLANE('',#1614);
#1614 = AXIS2_PLACEMENT_3D('',#1615,#1616,#1617);
#1615 = CARTESIAN_POINT('',(1.038778945586E+03,90.482307967149,
    362.6362976205));
#1616 = DIRECTION('',(-3.703315511986E-03,4.232908999563E-02,
    0.999096858965));
#1617 = DIRECTION('',(2.710505431214E-20,0.999103710116,
    -4.232938026074E-02));
#1618 = DEFINITIONAL_REPRESENTATION('',(#1619),#1623);
#1619 = CIRCLE('',#1620,6.);
#1620 = AXIS2_PLACEMENT_2D('',#1621,#1622);
#1621 = CARTESIAN_POINT('',(0.,0.));
#1622 = DIRECTION('',(1.,0.));
#1623 = ( GEOMETRIC_REPRESENTATION_CONTEXT(2) 
PARAMETRIC_REPRESENTATION_CONTEXT() REPRESENTATION_CONTEXT('2D SPACE',''
  ) );
#1624 = ORIENTED_EDGE('',*,*,#1625,.F.);
#1625 = EDGE_CURVE('',#1626,#1597,#1628,.T.);
#1626 = VERTEX_POINT('',#1627);
#1627 = CARTESIAN_POINT('',(1.034933318003E+03,85.86326977711,
    362.38336616664));
#1628 = SURFACE_CURVE('',#1629,(#1634,#1644),.PCURVE_S1.);
#1629 = ELLIPSE('',#1630,141.74649161177,6.);
#1630 = AXIS2_PLACEMENT_3D('',#1631,#1632,#1633);
#1631 = CARTESIAN_POINT('',(1.039183059064E+03,85.86326977711,
    253.61277390229));
#1632 = DIRECTION('',(0.,1.,0.));
#1633 = DIRECTION('',(-3.706637688268E-03,0.,0.999993130395));
#1634 = PCURVE('',#1367,#1635);
#1635 = DEFINITIONAL_REPRESENTATION('',(#1636),#1643);
#1636 = B_SPLINE_CURVE_WITH_KNOTS('',5,(#1637,#1638,#1639,#1640,#1641,
    #1642),.UNSPECIFIED.,.F.,.F.,(6,6),(5.557480422842,5.592061701675),
  .PIECEWISE_BEZIER_KNOTS.);
#1637 = CARTESIAN_POINT('',(2.415730869576,400.82307740782));
#1638 = CARTESIAN_POINT('',(2.422647125342,401.47311948644));
#1639 = CARTESIAN_POINT('',(2.429563381109,402.11682731708));
#1640 = CARTESIAN_POINT('',(2.436479636875,402.75413611951));
#1641 = CARTESIAN_POINT('',(2.443395892642,403.38498237614));
#1642 = CARTESIAN_POINT('',(2.450312148408,404.00930386999));
#1643 = ( GEOMETRIC_REPRESENTATION_CONTEXT(2) 
PARAMETRIC_REPRESENTATION_CONTEXT() REPRESENTATION_CONTEXT('2D SPACE',''
  ) );
#1644 = PCURVE('',#1584,#1645);
#1645 = DEFINITIONAL_REPRESENTATION('',(#1646),#1650);
#1646 = ELLIPSE('',#1647,141.74649161177,6.);
#1647 = AXIS2_PLACEMENT_2D('',#1648,#1649);
#1648 = CARTESIAN_POINT('',(-118.0153954488,0.43744331763));
#1649 = DIRECTION('',(0.999993130395,-3.706637688268E-03));
#1650 = ( GEOMETRIC_REPRESENTATION_CONTEXT(2) 
PARAMETRIC_REPRESENTATION_CONTEXT() REPRESENTATION_CONTEXT('2D SPACE',''
  ) );
#1651 = ORIENTED_EDGE('',*,*,#1652,.F.);
#1652 = EDGE_CURVE('',#1653,#1626,#1655,.T.);
#1653 = VERTEX_POINT('',#1654);
#1654 = CARTESIAN_POINT('',(1.034091042943E+03,86.740164151524,
    362.77746587511));
#1655 = SURFACE_CURVE('',#1656,(#1663,#1673),.PCURVE_S1.);
#1656 = B_SPLINE_CURVE_WITH_KNOTS('',5,(#1657,#1658,#1659,#1660,#1661,
    #1662),.UNSPECIFIED.,.F.,.F.,(6,6),(0.,1.),
  .PIECEWISE_BEZIER_KNOTS.);
#1657 = CARTESIAN_POINT('',(1.034091041914E+03,86.740165461185,
    362.77746641635));
#1658 = CARTESIAN_POINT('',(1.034237453501E+03,86.553846251406,
    362.70046874203));
#1659 = CARTESIAN_POINT('',(1.034394421052E+03,86.3725415852,
    362.62178431572));
#1660 = CARTESIAN_POINT('',(1.034562376161E+03,86.196562341023,
    362.54213380822));
#1661 = CARTESIAN_POINT('',(1.034741816179E+03,86.026511018317,
    362.46233613505));
#1662 = CARTESIAN_POINT('',(1.034933318707E+03,85.86326917711,
    362.38336587637));
#1663 = PCURVE('',#1367,#1664);
#1664 = DEFINITIONAL_REPRESENTATION('',(#1665),#1672);
#1665 = B_SPLINE_CURVE_WITH_KNOTS('',5,(#1666,#1667,#1668,#1669,#1670,
    #1671),.UNSPECIFIED.,.F.,.F.,(6,6),(0.,1.),
  .PIECEWISE_BEZIER_KNOTS.);
#1666 = CARTESIAN_POINT('',(2.244810461803,404.00930386999));
#1667 = CARTESIAN_POINT('',(2.283823997203,403.92394680452));
#1668 = CARTESIAN_POINT('',(2.323273260256,403.83707767944));
#1669 = CARTESIAN_POINT('',(2.363290858477,403.74942807556));
#1670 = CARTESIAN_POINT('',(2.403994735042,403.6618398302));
#1671 = CARTESIAN_POINT('',(2.4455185076,403.57532181993));
#1672 = ( GEOMETRIC_REPRESENTATION_CONTEXT(2) 
PARAMETRIC_REPRESENTATION_CONTEXT() REPRESENTATION_CONTEXT('2D SPACE',''
  ) );
#1673 = PCURVE('',#1488,#1674);
#1674 = DEFINITIONAL_REPRESENTATION('',(#1675),#1682);
#1675 = B_SPLINE_CURVE_WITH_KNOTS('',5,(#1676,#1677,#1678,#1679,#1680,
    #1681),.UNSPECIFIED.,.F.,.F.,(6,6),(1.405828540476E-06,
    0.999999264876),.PIECEWISE_BEZIER_KNOTS.);
#1676 = CARTESIAN_POINT('',(-3.6257438545,-0.876894374411));
#1677 = CARTESIAN_POINT('',(-3.609201515983,-0.690575591731));
#1678 = CARTESIAN_POINT('',(-3.591646407427,-0.509271332463));
#1679 = CARTESIAN_POINT('',(-3.573064356771,-0.333292473887));
#1680 = CARTESIAN_POINT('',(-3.553433384546,-0.163241511753));
#1681 = CARTESIAN_POINT('',(-3.53271881885,-1.532425594451E-11));
#1682 = ( GEOMETRIC_REPRESENTATION_CONTEXT(2) 
PARAMETRIC_REPRESENTATION_CONTEXT() REPRESENTATION_CONTEXT('2D SPACE',''
  ) );
#1683 = ORIENTED_EDGE('',*,*,#1684,.F.);
#1684 = EDGE_CURVE('',#1685,#1653,#1687,.T.);
#1685 = VERTEX_POINT('',#1686);
#1686 = CARTESIAN_POINT('',(1.034820265663E+03,94.986375402696,
    362.43079870941));
#1687 = SURFACE_CURVE('',#1688,(#1693,#1700),.PCURVE_S1.);
#1688 = CIRCLE('',#1689,6.);
#1689 = AXIS2_PLACEMENT_3D('',#1690,#1691,#1692);
#1690 = CARTESIAN_POINT('',(1.038778945586E+03,90.482307967149,
    362.6362976205));
#1691 = DIRECTION('',(-3.703315511986E-03,4.232908999563E-02,
    0.999096858965));
#1692 = DIRECTION('',(5.421010862428E-20,0.999103710116,
    -4.232938026074E-02));
#1693 = PCURVE('',#1367,#1694);
#1694 = DEFINITIONAL_REPRESENTATION('',(#1695),#1699);
#1695 = LINE('',#1696,#1697);
#1696 = CARTESIAN_POINT('',(0.,404.00930326999));
#1697 = VECTOR('',#1698,1.);
#1698 = DIRECTION('',(1.,0.));
#1699 = ( GEOMETRIC_REPRESENTATION_CONTEXT(2) 
PARAMETRIC_REPRESENTATION_CONTEXT() REPRESENTATION_CONTEXT('2D SPACE',''
  ) );
#1700 = PCURVE('',#1701,#1706);
#1701 = PLANE('',#1702);
#1702 = AXIS2_PLACEMENT_3D('',#1703,#1704,#1705);
#1703 = CARTESIAN_POINT('',(1.038778945586E+03,90.482307967149,
    362.6362976205));
#1704 = DIRECTION('',(-3.703315511986E-03,4.232908999563E-02,
    0.999096858965));
#1705 = DIRECTION('',(2.710505431214E-20,0.999103710116,
    -4.232938026074E-02));
#1706 = DEFINITIONAL_REPRESENTATION('',(#1707),#1711);
#1707 = CIRCLE('',#1708,6.);
#1708 = AXIS2_PLACEMENT_2D('',#1709,#1710);
#1709 = CARTESIAN_POINT('',(0.,0.));
#1710 = DIRECTION('',(1.,0.));
#1711 = ( GEOMETRIC_REPRESENTATION_CONTEXT(2) 
PARAMETRIC_REPRESENTATION_CONTEXT() REPRESENTATION_CONTEXT('2D SPACE',''
  ) );
#1712 = ORIENTED_EDGE('',*,*,#1713,.F.);
#1713 = EDGE_CURVE('',#1714,#1685,#1716,.T.);
#1714 = VERTEX_POINT('',#1715);
#1715 = CARTESIAN_POINT('',(1.036174718087E+03,95.86326977711,
    361.96429408167));
#1716 = SURFACE_CURVE('',#1717,(#1724,#1734),.PCURVE_S1.);
#1717 = B_SPLINE_CURVE_WITH_KNOTS('',5,(#1718,#1719,#1720,#1721,#1722,
    #1723),.UNSPECIFIED.,.F.,.F.,(6,6),(0.,1.),
  .PIECEWISE_BEZIER_KNOTS.);
#1718 = CARTESIAN_POINT('',(1.036174719361E+03,95.86327037711,
    361.96429374267));
#1719 = CARTESIAN_POINT('',(1.035864504271E+03,95.717198020906,
    362.0468207624));
#1720 = CARTESIAN_POINT('',(1.035574477524E+03,95.553812696216,
    362.13730620935));
#1721 = CARTESIAN_POINT('',(1.035304252276E+03,95.376163811217,
    362.23294839294));
#1722 = CARTESIAN_POINT('',(1.035053100017E+03,95.186482657597,
    362.33142718162));
#1723 = CARTESIAN_POINT('',(1.034820264139E+03,94.986374093035,
    362.43079935979));
#1724 = PCURVE('',#1367,#1725);
#1725 = DEFINITIONAL_REPRESENTATION('',(#1726),#1733);
#1726 = B_SPLINE_CURVE_WITH_KNOTS('',5,(#1727,#1728,#1729,#1730,#1731,
    #1732),.UNSPECIFIED.,.F.,.F.,(6,6),(0.,1.),
  .PIECEWISE_BEZIER_KNOTS.);
#1727 = CARTESIAN_POINT('',(0.449270501938,403.57532181993));
#1728 = CARTESIAN_POINT('',(0.506616349987,403.65274002056));
#1729 = CARTESIAN_POINT('',(0.562204022158,403.73730185482));
#1730 = CARTESIAN_POINT('',(0.616255642669,403.82633867375));
#1731 = CARTESIAN_POINT('',(0.668966097236,403.91762958763));
#1732 = CARTESIAN_POINT('',(0.720532300536,404.00930386999));
#1733 = ( GEOMETRIC_REPRESENTATION_CONTEXT(2) 
PARAMETRIC_REPRESENTATION_CONTEXT() REPRESENTATION_CONTEXT('2D SPACE',''
  ) );
#1734 = PCURVE('',#1488,#1735);
#1735 = DEFINITIONAL_REPRESENTATION('',(#1736),#1743);
#1736 = B_SPLINE_CURVE_WITH_KNOTS('',5,(#1737,#1738,#1739,#1740,#1741,
    #1742),.UNSPECIFIED.,.F.,.F.,(6,6),(8.21534593653E-07,0.999998691046
    ),.PIECEWISE_BEZIER_KNOTS.);
#1737 = CARTESIAN_POINT('',(-3.401602188107,-9.999999999982));
#1738 = CARTESIAN_POINT('',(-3.433702598543,-9.853927898092));
#1739 = CARTESIAN_POINT('',(-3.464056680922,-9.690542909));
#1740 = CARTESIAN_POINT('',(-3.492698463675,-9.51289442005));
#1741 = CARTESIAN_POINT('',(-3.519663422838,-9.323213709226));
#1742 = CARTESIAN_POINT('',(-3.544978862141,-9.123105625589));
#1743 = ( GEOMETRIC_REPRESENTATION_CONTEXT(2) 
PARAMETRIC_REPRESENTATION_CONTEXT() REPRESENTATION_CONTEXT('2D SPACE',''
  ) );
#1744 = ORIENTED_EDGE('',*,*,#1745,.T.);
#1745 = EDGE_CURVE('',#1714,#1746,#1748,.T.);
#1746 = VERTEX_POINT('',#1747);
#1747 = CARTESIAN_POINT('',(1.036135328268E+03,95.86326977711,
    362.3985215094));
#1748 = SURFACE_CURVE('',#1749,(#1754,#1764),.PCURVE_S1.);
#1749 = ELLIPSE('',#1750,141.74649161177,6.);
#1750 = AXIS2_PLACEMENT_3D('',#1751,#1752,#1753);
#1751 = CARTESIAN_POINT('',(1.038308172428E+03,95.86326977711,
    489.64356480008));
#1752 = DIRECTION('',(0.,1.,0.));
#1753 = DIRECTION('',(-3.706637688268E-03,0.,0.999993130395));
#1754 = PCURVE('',#1367,#1755);
#1755 = DEFINITIONAL_REPRESENTATION('',(#1756),#1763);
#1756 = B_SPLINE_CURVE_WITH_KNOTS('',5,(#1757,#1758,#1759,#1760,#1761,
    #1762),.UNSPECIFIED.,.F.,.F.,(6,6),(3.551437449513,3.598023079632),
  .PIECEWISE_BEZIER_KNOTS.);
#1757 = CARTESIAN_POINT('',(0.409687896247,401.24047564415));
#1758 = CARTESIAN_POINT('',(0.41900502227,401.76624734395));
#1759 = CARTESIAN_POINT('',(0.428322148294,402.30611364165));
#1760 = CARTESIAN_POINT('',(0.437639274318,402.85997945079));
#1761 = CARTESIAN_POINT('',(0.446956400342,403.42774458566));
#1762 = CARTESIAN_POINT('',(0.456273526366,404.00930386999));
#1763 = ( GEOMETRIC_REPRESENTATION_CONTEXT(2) 
PARAMETRIC_REPRESENTATION_CONTEXT() REPRESENTATION_CONTEXT('2D SPACE',''
  ) );
#1764 = PCURVE('',#1454,#1765);
#1765 = DEFINITIONAL_REPRESENTATION('',(#1766),#1770);
#1766 = ELLIPSE('',#1767,141.74649161177,6.);
#1767 = AXIS2_PLACEMENT_2D('',#1768,#1769);
#1768 = CARTESIAN_POINT('',(118.01539544889,-0.43744331763));
#1769 = DIRECTION('',(0.999993130395,-3.706637688268E-03));
#1770 = ( GEOMETRIC_REPRESENTATION_CONTEXT(2) 
PARAMETRIC_REPRESENTATION_CONTEXT() REPRESENTATION_CONTEXT('2D SPACE',''
  ) );
#1771 = ORIENTED_EDGE('',*,*,#1772,.F.);
#1772 = EDGE_CURVE('',#1383,#1746,#1773,.T.);
#1773 = SURFACE_CURVE('',#1774,(#1779,#1786),.PCURVE_S1.);
#1774 = CIRCLE('',#1775,6.);
#1775 = AXIS2_PLACEMENT_3D('',#1776,#1777,#1778);
#1776 = CARTESIAN_POINT('',(1.038778945586E+03,90.482307967149,
    362.6362976205));
#1777 = DIRECTION('',(-3.703315511986E-03,4.232908999563E-02,
    0.999096858965));
#1778 = DIRECTION('',(5.421010862428E-20,0.999103710116,
    -4.232938026074E-02));
#1779 = PCURVE('',#1367,#1780);
#1780 = DEFINITIONAL_REPRESENTATION('',(#1781),#1785);
#1781 = LINE('',#1782,#1783);
#1782 = CARTESIAN_POINT('',(0.,404.00930326999));
#1783 = VECTOR('',#1784,1.);
#1784 = DIRECTION('',(1.,0.));
#1785 = ( GEOMETRIC_REPRESENTATION_CONTEXT(2) 
PARAMETRIC_REPRESENTATION_CONTEXT() REPRESENTATION_CONTEXT('2D SPACE',''
  ) );
#1786 = PCURVE('',#1422,#1787);
#1787 = DEFINITIONAL_REPRESENTATION('',(#1788),#1792);
#1788 = CIRCLE('',#1789,6.);
#1789 = AXIS2_PLACEMENT_2D('',#1790,#1791);
#1790 = CARTESIAN_POINT('',(0.,0.));
#1791 = DIRECTION('',(1.,0.));
#1792 = ( GEOMETRIC_REPRESENTATION_CONTEXT(2) 
PARAMETRIC_REPRESENTATION_CONTEXT() REPRESENTATION_CONTEXT('2D SPACE',''
  ) );
#1793 = ORIENTED_EDGE('',*,*,#1382,.F.);
#1794 = ORIENTED_EDGE('',*,*,#1350,.T.);
#1795 = ADVANCED_FACE('',(#1796),#1520,.T.);
#1796 = FACE_BOUND('',#1797,.T.);
#1797 = EDGE_LOOP('',(#1798,#1799));
#1798 = ORIENTED_EDGE('',*,*,#1503,.T.);
#1799 = ORIENTED_EDGE('',*,*,#1800,.F.);
#1800 = EDGE_CURVE('',#1504,#1467,#1801,.T.);
#1801 = SURFACE_CURVE('',#1802,(#1807,#1814),.PCURVE_S1.);
#1802 = ELLIPSE('',#1803,236.24415268628,10.);
#1803 = AXIS2_PLACEMENT_3D('',#1804,#1805,#1806);
#1804 = CARTESIAN_POINT('',(1.038745615746E+03,-121.7564676405,
    371.62816935119));
#1805 = DIRECTION('',(-3.703315511986E-03,4.232908999563E-02,
    0.999096858965));
#1806 = DIRECTION('',(-1.568986002879E-04,-0.999103722413,
    4.23287992115E-02));
#1807 = PCURVE('',#1520,#1808);
#1808 = DEFINITIONAL_REPRESENTATION('',(#1809),#1813);
#1809 = ELLIPSE('',#1810,236.24415268628,10.);
#1810 = AXIS2_PLACEMENT_2D('',#1811,#1812);
#1811 = CARTESIAN_POINT('',(-212.4291684977,3.333006816202E-02));
#1812 = DIRECTION('',(-0.999999987691,1.568996761955E-04));
#1813 = ( GEOMETRIC_REPRESENTATION_CONTEXT(2) 
PARAMETRIC_REPRESENTATION_CONTEXT() REPRESENTATION_CONTEXT('2D SPACE',''
  ) );
#1814 = PCURVE('',#1488,#1815);
#1815 = DEFINITIONAL_REPRESENTATION('',(#1816),#1823);
#1816 = B_SPLINE_CURVE_WITH_KNOTS('',5,(#1817,#1818,#1819,#1820,#1821,
    #1822),.UNSPECIFIED.,.F.,.F.,(6,6),(2.653734806506,2.734499798866),
  .PIECEWISE_BEZIER_KNOTS.);
#1817 = CARTESIAN_POINT('',(-8.93321346751,-0.876894374619));
#1818 = CARTESIAN_POINT('',(-8.949366465982,-2.664006983308));
#1819 = CARTESIAN_POINT('',(-8.965519464454,-4.383118582118));
#1820 = CARTESIAN_POINT('',(-8.981672462926,-6.033257720172));
#1821 = CARTESIAN_POINT('',(-8.997825461398,-7.613526925783));
#1822 = CARTESIAN_POINT('',(-9.01397845987,-9.123105625849));
#1823 = ( GEOMETRIC_REPRESENTATION_CONTEXT(2) 
PARAMETRIC_REPRESENTATION_CONTEXT() REPRESENTATION_CONTEXT('2D SPACE',''
  ) );
#1824 = ADVANCED_FACE('',(#1825),#1613,.T.);
#1825 = FACE_BOUND('',#1826,.T.);
#1826 = EDGE_LOOP('',(#1827,#1846));
#1827 = ORIENTED_EDGE('',*,*,#1828,.F.);
#1828 = EDGE_CURVE('',#1597,#1565,#1829,.T.);
#1829 = SURFACE_CURVE('',#1830,(#1834,#1840),.PCURVE_S1.);
#1830 = LINE('',#1831,#1832);
#1831 = CARTESIAN_POINT('',(1.038778220215E+03,85.86326977711,
    362.8319913565));
#1832 = VECTOR('',#1833,1.);
#1833 = DIRECTION('',(0.999993130395,-0.,3.706637688268E-03));
#1834 = PCURVE('',#1613,#1835);
#1835 = DEFINITIONAL_REPRESENTATION('',(#1836),#1839);
#1836 = B_SPLINE_CURVE_WITH_KNOTS('',1,(#1837,#1838),.UNSPECIFIED.,.F.,
  .F.,(2,2),(-5.999274698109,6.000725449596),.PIECEWISE_BEZIER_KNOTS.);
#1837 = CARTESIAN_POINT('',(-4.622240503142,6.));
#1838 = CARTESIAN_POINT('',(-4.62412329928,-6.));
#1839 = ( GEOMETRIC_REPRESENTATION_CONTEXT(2) 
PARAMETRIC_REPRESENTATION_CONTEXT() REPRESENTATION_CONTEXT('2D SPACE',''
  ) );
#1840 = PCURVE('',#1584,#1841);
#1841 = DEFINITIONAL_REPRESENTATION('',(#1842),#1845);
#1842 = B_SPLINE_CURVE_WITH_KNOTS('',1,(#1843,#1844),.UNSPECIFIED.,.F.,
  .F.,(2,2),(-5.999274698109,6.000725449596),.PIECEWISE_BEZIER_KNOTS.);
#1843 = CARTESIAN_POINT('',(-8.81841513238,-5.966629016614));
#1844 = CARTESIAN_POINT('',(-8.773935479574,6.033288695829));
#1845 = ( GEOMETRIC_REPRESENTATION_CONTEXT(2) 
PARAMETRIC_REPRESENTATION_CONTEXT() REPRESENTATION_CONTEXT('2D SPACE',''
  ) );
#1846 = ORIENTED_EDGE('',*,*,#1596,.T.);
#1847 = ADVANCED_FACE('',(#1848,#1875),#1584,.F.);
#1848 = FACE_BOUND('',#1849,.F.);
#1849 = EDGE_LOOP('',(#1850,#1872,#1873,#1874));
#1850 = ORIENTED_EDGE('',*,*,#1851,.T.);
#1851 = EDGE_CURVE('',#1626,#1533,#1852,.T.);
#1852 = SURFACE_CURVE('',#1853,(#1858,#1865),.PCURVE_S1.);
#1853 = CIRCLE('',#1854,10.);
#1854 = AXIS2_PLACEMENT_3D('',#1855,#1856,#1857);
#1855 = CARTESIAN_POINT('',(1.038745615746E+03,85.86326977711,
    371.62816935119));
#1856 = DIRECTION('',(0.,1.,0.));
#1857 = DIRECTION('',(-0.38122977427,0.,-0.924480318455));
#1858 = PCURVE('',#1584,#1859);
#1859 = DEFINITIONAL_REPRESENTATION('',(#1860),#1864);
#1860 = CIRCLE('',#1861,10.);
#1861 = AXIS2_PLACEMENT_2D('',#1862,#1863);
#1862 = CARTESIAN_POINT('',(0.,0.));
#1863 = DIRECTION('',(-0.924480318455,-0.38122977427));
#1864 = ( GEOMETRIC_REPRESENTATION_CONTEXT(2) 
PARAMETRIC_REPRESENTATION_CONTEXT() REPRESENTATION_CONTEXT('2D SPACE',''
  ) );
#1865 = PCURVE('',#1488,#1866);
#1866 = DEFINITIONAL_REPRESENTATION('',(#1867),#1871);
#1867 = LINE('',#1868,#1869);
#1868 = CARTESIAN_POINT('',(-3.532718818852,0.));
#1869 = VECTOR('',#1870,1.);
#1870 = DIRECTION('',(-1.,0.));
#1871 = ( GEOMETRIC_REPRESENTATION_CONTEXT(2) 
PARAMETRIC_REPRESENTATION_CONTEXT() REPRESENTATION_CONTEXT('2D SPACE',''
  ) );
#1872 = ORIENTED_EDGE('',*,*,#1564,.F.);
#1873 = ORIENTED_EDGE('',*,*,#1828,.F.);
#1874 = ORIENTED_EDGE('',*,*,#1625,.F.);
#1875 = FACE_BOUND('',#1876,.F.);
#1876 = EDGE_LOOP('',(#1877));
#1877 = ORIENTED_EDGE('',*,*,#1878,.F.);
#1878 = EDGE_CURVE('',#1879,#1879,#1881,.T.);
#1879 = VERTEX_POINT('',#1880);
#1880 = CARTESIAN_POINT('',(1.038745615746E+03,85.86326977711,
    375.72816935119));
#1881 = SURFACE_CURVE('',#1882,(#1887,#1894),.PCURVE_S1.);
#1882 = CIRCLE('',#1883,4.1);
#1883 = AXIS2_PLACEMENT_3D('',#1884,#1885,#1886);
#1884 = CARTESIAN_POINT('',(1.038745615746E+03,85.86326977711,
    371.62816935119));
#1885 = DIRECTION('',(0.,1.,0.));
#1886 = DIRECTION('',(0.,-0.,1.));
#1887 = PCURVE('',#1584,#1888);
#1888 = DEFINITIONAL_REPRESENTATION('',(#1889),#1893);
#1889 = CIRCLE('',#1890,4.1);
#1890 = AXIS2_PLACEMENT_2D('',#1891,#1892);
#1891 = CARTESIAN_POINT('',(0.,0.));
#1892 = DIRECTION('',(1.,0.));
#1893 = ( GEOMETRIC_REPRESENTATION_CONTEXT(2) 
PARAMETRIC_REPRESENTATION_CONTEXT() REPRESENTATION_CONTEXT('2D SPACE',''
  ) );
#1894 = PCURVE('',#1895,#1900);
#1895 = CYLINDRICAL_SURFACE('',#1896,4.1);
#1896 = AXIS2_PLACEMENT_3D('',#1897,#1898,#1899);
#1897 = CARTESIAN_POINT('',(1.038745615746E+03,85.86326977711,
    371.62816935119));
#1898 = DIRECTION('',(-0.,-1.,-0.));
#1899 = DIRECTION('',(0.,-0.,1.));
#1900 = DEFINITIONAL_REPRESENTATION('',(#1901),#1905);
#1901 = LINE('',#1902,#1903);
#1902 = CARTESIAN_POINT('',(-0.,0.));
#1903 = VECTOR('',#1904,1.);
#1904 = DIRECTION('',(-1.,0.));
#1905 = ( GEOMETRIC_REPRESENTATION_CONTEXT(2) 
PARAMETRIC_REPRESENTATION_CONTEXT() REPRESENTATION_CONTEXT('2D SPACE',''
  ) );
#1906 = ADVANCED_FACE('',(#1907),#1895,.F.);
#1907 = FACE_BOUND('',#1908,.T.);
#1908 = EDGE_LOOP('',(#1909,#1932,#1954,#1955));
#1909 = ORIENTED_EDGE('',*,*,#1910,.T.);
#1910 = EDGE_CURVE('',#1879,#1911,#1913,.T.);
#1911 = VERTEX_POINT('',#1912);
#1912 = CARTESIAN_POINT('',(1.038745615746E+03,95.86326977711,
    375.72816935119));
#1913 = SEAM_CURVE('',#1914,(#1918,#1925),.PCURVE_S1.);
#1914 = LINE('',#1915,#1916);
#1915 = CARTESIAN_POINT('',(1.038745615746E+03,85.86326977711,
    375.72816935119));
#1916 = VECTOR('',#1917,1.);
#1917 = DIRECTION('',(0.,1.,0.));
#1918 = PCURVE('',#1895,#1919);
#1919 = DEFINITIONAL_REPRESENTATION('',(#1920),#1924);
#1920 = LINE('',#1921,#1922);
#1921 = CARTESIAN_POINT('',(-0.,0.));
#1922 = VECTOR('',#1923,1.);
#1923 = DIRECTION('',(-0.,-1.));
#1924 = ( GEOMETRIC_REPRESENTATION_CONTEXT(2) 
PARAMETRIC_REPRESENTATION_CONTEXT() REPRESENTATION_CONTEXT('2D SPACE',''
  ) );
#1925 = PCURVE('',#1895,#1926);
#1926 = DEFINITIONAL_REPRESENTATION('',(#1927),#1931);
#1927 = LINE('',#1928,#1929);
#1928 = CARTESIAN_POINT('',(-6.28318530718,0.));
#1929 = VECTOR('',#1930,1.);
#1930 = DIRECTION('',(-0.,-1.));
#1931 = ( GEOMETRIC_REPRESENTATION_CONTEXT(2) 
PARAMETRIC_REPRESENTATION_CONTEXT() REPRESENTATION_CONTEXT('2D SPACE',''
  ) );
#1932 = ORIENTED_EDGE('',*,*,#1933,.T.);
#1933 = EDGE_CURVE('',#1911,#1911,#1934,.T.);
#1934 = SURFACE_CURVE('',#1935,(#1940,#1947),.PCURVE_S1.);
#1935 = CIRCLE('',#1936,4.1);
#1936 = AXIS2_PLACEMENT_3D('',#1937,#1938,#1939);
#1937 = CARTESIAN_POINT('',(1.038745615746E+03,95.86326977711,
    371.62816935119));
#1938 = DIRECTION('',(0.,1.,0.));
#1939 = DIRECTION('',(0.,-0.,1.));
#1940 = PCURVE('',#1895,#1941);
#1941 = DEFINITIONAL_REPRESENTATION('',(#1942),#1946);
#1942 = LINE('',#1943,#1944);
#1943 = CARTESIAN_POINT('',(-0.,-10.));
#1944 = VECTOR('',#1945,1.);
#1945 = DIRECTION('',(-1.,0.));
#1946 = ( GEOMETRIC_REPRESENTATION_CONTEXT(2) 
PARAMETRIC_REPRESENTATION_CONTEXT() REPRESENTATION_CONTEXT('2D SPACE',''
  ) );
#1947 = PCURVE('',#1454,#1948);
#1948 = DEFINITIONAL_REPRESENTATION('',(#1949),#1953);
#1949 = CIRCLE('',#1950,4.1);
#1950 = AXIS2_PLACEMENT_2D('',#1951,#1952);
#1951 = CARTESIAN_POINT('',(0.,0.));
#1952 = DIRECTION('',(1.,0.));
#1953 = ( GEOMETRIC_REPRESENTATION_CONTEXT(2) 
PARAMETRIC_REPRESENTATION_CONTEXT() REPRESENTATION_CONTEXT('2D SPACE',''
  ) );
#1954 = ORIENTED_EDGE('',*,*,#1910,.F.);
#1955 = ORIENTED_EDGE('',*,*,#1878,.F.);
#1956 = ADVANCED_FACE('',(#1957),#1701,.T.);
#1957 = FACE_BOUND('',#1958,.T.);
#1958 = EDGE_LOOP('',(#1959,#1984));
#1959 = ORIENTED_EDGE('',*,*,#1960,.F.);
#1960 = EDGE_CURVE('',#1685,#1653,#1961,.T.);
#1961 = SURFACE_CURVE('',#1962,(#1967,#1974),.PCURVE_S1.);
#1962 = ELLIPSE('',#1963,236.24415268628,10.);
#1963 = AXIS2_PLACEMENT_3D('',#1964,#1965,#1966);
#1964 = CARTESIAN_POINT('',(1.038745615746E+03,-121.7564676405,
    371.62816935119));
#1965 = DIRECTION('',(-3.703315511986E-03,4.232908999563E-02,
    0.999096858965));
#1966 = DIRECTION('',(-1.568986002879E-04,-0.999103722413,
    4.23287992115E-02));
#1967 = PCURVE('',#1701,#1968);
#1968 = DEFINITIONAL_REPRESENTATION('',(#1969),#1973);
#1969 = ELLIPSE('',#1970,236.24415268628,10.);
#1970 = AXIS2_PLACEMENT_2D('',#1971,#1972);
#1971 = CARTESIAN_POINT('',(-212.4291684977,3.333006816202E-02));
#1972 = DIRECTION('',(-0.999999987691,1.568996761955E-04));
#1973 = ( GEOMETRIC_REPRESENTATION_CONTEXT(2) 
PARAMETRIC_REPRESENTATION_CONTEXT() REPRESENTATION_CONTEXT('2D SPACE',''
  ) );
#1974 = PCURVE('',#1488,#1975);
#1975 = DEFINITIONAL_REPRESENTATION('',(#1976),#1983);
#1976 = B_SPLINE_CURVE_WITH_KNOTS('',5,(#1977,#1978,#1979,#1980,#1981,
    #1982),.UNSPECIFIED.,.F.,.F.,(6,6),(3.548685508314,3.629450500673),
  .PIECEWISE_BEZIER_KNOTS.);
#1977 = CARTESIAN_POINT('',(-3.544978862138,-9.123105625848));
#1978 = CARTESIAN_POINT('',(-3.561131860609,-7.613526925783));
#1979 = CARTESIAN_POINT('',(-3.577284859081,-6.033257720172));
#1980 = CARTESIAN_POINT('',(-3.593437857553,-4.383118582118));
#1981 = CARTESIAN_POINT('',(-3.609590856025,-2.664006983308));
#1982 = CARTESIAN_POINT('',(-3.625743854497,-0.87689437462));
#1983 = ( GEOMETRIC_REPRESENTATION_CONTEXT(2) 
PARAMETRIC_REPRESENTATION_CONTEXT() REPRESENTATION_CONTEXT('2D SPACE',''
  ) );
#1984 = ORIENTED_EDGE('',*,*,#1684,.T.);
#1985 = ADVANCED_FACE('',(#1986),#1488,.T.);
#1986 = FACE_BOUND('',#1987,.F.);
#1987 = EDGE_LOOP('',(#1988,#2010,#2011,#2012,#2013,#2014,#2015,#2016));
#1988 = ORIENTED_EDGE('',*,*,#1989,.T.);
#1989 = EDGE_CURVE('',#1714,#1435,#1990,.T.);
#1990 = SURFACE_CURVE('',#1991,(#1996,#2003),.PCURVE_S1.);
#1991 = CIRCLE('',#1992,10.);
#1992 = AXIS2_PLACEMENT_3D('',#1993,#1994,#1995);
#1993 = CARTESIAN_POINT('',(1.038745615746E+03,95.86326977711,
    371.62816935119));
#1994 = DIRECTION('',(0.,1.,0.));
#1995 = DIRECTION('',(-0.257089765943,0.,-0.966387526951));
#1996 = PCURVE('',#1488,#1997);
#1997 = DEFINITIONAL_REPRESENTATION('',(#1998),#2002);
#1998 = LINE('',#1999,#2000);
#1999 = CARTESIAN_POINT('',(-3.401602188108,-10.));
#2000 = VECTOR('',#2001,1.);
#2001 = DIRECTION('',(-1.,0.));
#2002 = ( GEOMETRIC_REPRESENTATION_CONTEXT(2) 
PARAMETRIC_REPRESENTATION_CONTEXT() REPRESENTATION_CONTEXT('2D SPACE',''
  ) );
#2003 = PCURVE('',#1454,#2004);
#2004 = DEFINITIONAL_REPRESENTATION('',(#2005),#2009);
#2005 = CIRCLE('',#2006,10.);
#2006 = AXIS2_PLACEMENT_2D('',#2007,#2008);
#2007 = CARTESIAN_POINT('',(0.,0.));
#2008 = DIRECTION('',(-0.966387526951,-0.257089765943));
#2009 = ( GEOMETRIC_REPRESENTATION_CONTEXT(2) 
PARAMETRIC_REPRESENTATION_CONTEXT() REPRESENTATION_CONTEXT('2D SPACE',''
  ) );
#2010 = ORIENTED_EDGE('',*,*,#1466,.F.);
#2011 = ORIENTED_EDGE('',*,*,#1800,.F.);
#2012 = ORIENTED_EDGE('',*,*,#1532,.F.);
#2013 = ORIENTED_EDGE('',*,*,#1851,.F.);
#2014 = ORIENTED_EDGE('',*,*,#1652,.F.);
#2015 = ORIENTED_EDGE('',*,*,#1960,.F.);
#2016 = ORIENTED_EDGE('',*,*,#1713,.F.);
#2017 = ADVANCED_FACE('',(#2018,#2042),#1454,.T.);
#2018 = FACE_BOUND('',#2019,.T.);
#2019 = EDGE_LOOP('',(#2020,#2021,#2022,#2041));
#2020 = ORIENTED_EDGE('',*,*,#1989,.T.);
#2021 = ORIENTED_EDGE('',*,*,#1434,.F.);
#2022 = ORIENTED_EDGE('',*,*,#2023,.F.);
#2023 = EDGE_CURVE('',#1746,#1406,#2024,.T.);
#2024 = SURFACE_CURVE('',#2025,(#2029,#2035),.PCURVE_S1.);
#2025 = LINE('',#2026,#2027);
#2026 = CARTESIAN_POINT('',(1.038779790608E+03,95.86326977711,
    362.40832364051));
#2027 = VECTOR('',#2028,1.);
#2028 = DIRECTION('',(0.999993130395,-0.,3.706637688268E-03));
#2029 = PCURVE('',#1454,#2030);
#2030 = DEFINITIONAL_REPRESENTATION('',(#2031),#2034);
#2031 = B_SPLINE_CURVE_WITH_KNOTS('',1,(#2032,#2033),.UNSPECIFIED.,.F.,
  .F.,(2,2),(-6.000845102409,5.999155045296),.PIECEWISE_BEZIER_KNOTS.);
#2032 = CARTESIAN_POINT('',(-9.242088669293,-5.966629016614));
#2033 = CARTESIAN_POINT('',(-9.197609016486,6.033288695829));
#2034 = ( GEOMETRIC_REPRESENTATION_CONTEXT(2) 
PARAMETRIC_REPRESENTATION_CONTEXT() REPRESENTATION_CONTEXT('2D SPACE',''
  ) );
#2035 = PCURVE('',#1422,#2036);
#2036 = DEFINITIONAL_REPRESENTATION('',(#2037),#2040);
#2037 = B_SPLINE_CURVE_WITH_KNOTS('',1,(#2038,#2039),.UNSPECIFIED.,.F.,
  .F.,(2,2),(-6.000845102409,5.999155045296),.PIECEWISE_BEZIER_KNOTS.);
#2038 = CARTESIAN_POINT('',(5.386730436264,6.));
#2039 = CARTESIAN_POINT('',(5.384847640126,-6.));
#2040 = ( GEOMETRIC_REPRESENTATION_CONTEXT(2) 
PARAMETRIC_REPRESENTATION_CONTEXT() REPRESENTATION_CONTEXT('2D SPACE',''
  ) );
#2041 = ORIENTED_EDGE('',*,*,#1745,.F.);
#2042 = FACE_BOUND('',#2043,.T.);
#2043 = EDGE_LOOP('',(#2044));
#2044 = ORIENTED_EDGE('',*,*,#1933,.F.);
#2045 = ADVANCED_FACE('',(#2046),#1422,.T.);
#2046 = FACE_BOUND('',#2047,.T.);
#2047 = EDGE_LOOP('',(#2048,#2049,#2050));
#2048 = ORIENTED_EDGE('',*,*,#1405,.T.);
#2049 = ORIENTED_EDGE('',*,*,#1772,.T.);
#2050 = ORIENTED_EDGE('',*,*,#2023,.T.);
#2051 = ADVANCED_FACE('',(#2052,#2058),#45,.F.);
#2052 = FACE_BOUND('',#2053,.F.);
#2053 = EDGE_LOOP('',(#2054,#2055,#2056,#2057));
#2054 = ORIENTED_EDGE('',*,*,#660,.F.);
#2055 = ORIENTED_EDGE('',*,*,#21,.T.);
#2056 = ORIENTED_EDGE('',*,*,#604,.F.);
#2057 = ORIENTED_EDGE('',*,*,#694,.T.);
#2058 = FACE_BOUND('',#2059,.F.);
#2059 = EDGE_LOOP('',(#2060));
#2060 = ORIENTED_EDGE('',*,*,#448,.F.);
#2061 = ( GEOMETRIC_REPRESENTATION_CONTEXT(3) 
GLOBAL_UNCERTAINTY_ASSIGNED_CONTEXT((#2065)) 
GLOBAL_UNIT_ASSIGNED_CONTEXT((#2062,#2063,#2064)) REPRESENTATION_CONTEXT
('Context #1','3D Context with UNIT and UNCERTAINTY') );
#2062 = ( LENGTH_UNIT() NAMED_UNIT(*) SI_UNIT(.MILLI.,.METRE.) );
#2063 = ( NAMED_UNIT(*) PLANE_ANGLE_UNIT() SI_UNIT($,.RADIAN.) );
#2064 = ( NAMED_UNIT(*) SI_UNIT($,.STERADIAN.) SOLID_ANGLE_UNIT() );
#2065 = UNCERTAINTY_MEASURE_WITH_UNIT(LENGTH_MEASURE(1.E-07),#2062,
  'distance_accuracy_value','confusion accuracy');
#2066 = PRODUCT_RELATED_PRODUCT_CATEGORY('part',$,(#7));
#2067 = MECHANICAL_DESIGN_GEOMETRIC_PRESENTATION_REPRESENTATION('',(
    #2068),#2061);
#2068 = STYLED_ITEM('color',(#2069),#15);
#2069 = PRESENTATION_STYLE_ASSIGNMENT((#2070));
#2070 = SURFACE_STYLE_USAGE(.BOTH.,#2071);
#2071 = SURFACE_SIDE_STYLE('',(#2072));
#2072 = SURFACE_STYLE_FILL_AREA(#2073);
#2073 = FILL_AREA_STYLE('',(#2074));
#2074 = FILL_AREA_STYLE_COLOUR('',#2075);
#2075 = COLOUR_RGB('',0.88082502109,0.88082502109,0.854305825093);
ENDSEC;
END-ISO-10303-21;
